ISO-10303-21;
HEADER;
/* Generated by software containing ST-Developer
 * from STEP Tools, Inc. (www.steptools.com) 
 */
/* OPTION: using custom renumber hook */

FILE_DESCRIPTION(
/* description */ ('STEP AP242 Edition 2',
'CAx-IF Rec.Pracs.---Representation and Presentation of Product Manufa
cturing Information (PMI)---4.0---2014-10-13',
'CAx-IF Rec.Pracs.---3D Tessellated Geometry---0.4---2014-09-14','2;1',
'CAx-IF Rec.Pracs.---User Defined Attributes---1.5---2016-08-15'),
/* implementation_level */ '2;1');

FILE_NAME(
/* name */ '6a25e1ea00a11d583ce793f0',
/* time_stamp */ '2026-06-07T21:26:02Z',
/* author */ (''),
/* organization */ (''),
/* preprocessor_version */ 'ST-DEVELOPER v20',
/* originating_system */ 'ONSHAPE BY PTC INC, 1.216',
/* authorisation */ '  ');

FILE_SCHEMA (('AP242_MANAGED_MODEL_BASED_3D_ENGINEERING_MIM_LF { 1 0 10303 442 3 1 4 }'));
ENDSEC;

DATA;
#10=B_SPLINE_CURVE_WITH_KNOTS('',3,(#15256,#15257,#15258,#15259,#15260,
#15261,#15262,#15263,#15264,#15265,#15266,#15267,#15268,#15269,#15270,#15271,
#15272,#15273,#15274),.UNSPECIFIED.,.T.,.F.,(1,1,1,1,1,1,1,1,1,1,1,1,1,
1,1,1,1,1,1,1,1,1,1),(-0.00441124527902065,-0.00294083018601377,-0.00147041509300689,
0.,0.00147041509300689,0.00294083018601377,0.00441124527902065,0.00588166037202754,
0.00735207546503443,0.00882249055804131,0.0102929056510482,0.0117633207440551,
0.013233735837062,0.0147041509300689,0.0161745660230757,0.0176449811160826,
0.0191153962090895,0.0205858113020964,0.0220562263951033,0.0235266414881102,
0.024997056581117,0.0264674716741239,0.0279378867671308),.UNSPECIFIED.);
#11=ELLIPSE('',#10188,0.00112092752630786,0.00112092116683623);
#12=ELLIPSE('',#10189,0.0035489466193126,0.00354892648471439);
#13=VERTEX_LOOP('',#7193);
#14=CONICAL_SURFACE('',#9875,0.003175,1.02974425867665);
#15=DRAUGHTING_PRE_DEFINED_COLOUR('black');
#16=CONTEXT_DEPENDENT_SHAPE_REPRESENTATION(#472,#15475);
#17=CONTEXT_DEPENDENT_SHAPE_REPRESENTATION(#473,#15476);
#18=CONTEXT_DEPENDENT_SHAPE_REPRESENTATION(#474,#15478);
#19=CONTEXT_DEPENDENT_SHAPE_REPRESENTATION(#475,#15479);
#20=CONTEXT_DEPENDENT_SHAPE_REPRESENTATION(#476,#15480);
#21=CONTEXT_DEPENDENT_SHAPE_REPRESENTATION(#477,#15481);
#22=CONTEXT_DEPENDENT_SHAPE_REPRESENTATION(#478,#15483);
#23=CONTEXT_DEPENDENT_SHAPE_REPRESENTATION(#479,#15484);
#24=CONTEXT_DEPENDENT_SHAPE_REPRESENTATION(#480,#15485);
#25=CONTEXT_DEPENDENT_SHAPE_REPRESENTATION(#481,#15486);
#26=CONTEXT_DEPENDENT_SHAPE_REPRESENTATION(#482,#15487);
#27=CONTEXT_DEPENDENT_SHAPE_REPRESENTATION(#483,#15488);
#28=CONTEXT_DEPENDENT_SHAPE_REPRESENTATION(#484,#15489);
#29=CONTEXT_DEPENDENT_SHAPE_REPRESENTATION(#485,#15490);
#30=CONTEXT_DEPENDENT_SHAPE_REPRESENTATION(#486,#15491);
#31=CONTEXT_DEPENDENT_SHAPE_REPRESENTATION(#487,#15492);
#32=CONTEXT_DEPENDENT_SHAPE_REPRESENTATION(#488,#15493);
#33=CONTEXT_DEPENDENT_SHAPE_REPRESENTATION(#489,#15494);
#34=CONTEXT_DEPENDENT_SHAPE_REPRESENTATION(#490,#15496);
#35=CONTEXT_DEPENDENT_SHAPE_REPRESENTATION(#491,#15497);
#36=CONTEXT_DEPENDENT_SHAPE_REPRESENTATION(#492,#15498);
#37=CONTEXT_DEPENDENT_SHAPE_REPRESENTATION(#493,#15499);
#38=CONTEXT_DEPENDENT_SHAPE_REPRESENTATION(#494,#15500);
#39=CONTEXT_DEPENDENT_SHAPE_REPRESENTATION(#495,#15501);
#40=CONTEXT_DEPENDENT_SHAPE_REPRESENTATION(#496,#15502);
#41=CONTEXT_DEPENDENT_SHAPE_REPRESENTATION(#497,#15503);
#42=CONTEXT_DEPENDENT_SHAPE_REPRESENTATION(#498,#15504);
#43=CONTEXT_DEPENDENT_SHAPE_REPRESENTATION(#499,#15506);
#44=CONTEXT_DEPENDENT_SHAPE_REPRESENTATION(#500,#15507);
#45=CONTEXT_DEPENDENT_SHAPE_REPRESENTATION(#501,#15508);
#46=CONTEXT_DEPENDENT_SHAPE_REPRESENTATION(#502,#15509);
#47=CONTEXT_DEPENDENT_SHAPE_REPRESENTATION(#503,#15510);
#48=CONTEXT_DEPENDENT_SHAPE_REPRESENTATION(#504,#15511);
#49=CONTEXT_DEPENDENT_SHAPE_REPRESENTATION(#505,#15513);
#50=CONTEXT_DEPENDENT_SHAPE_REPRESENTATION(#506,#15514);
#51=CONTEXT_DEPENDENT_SHAPE_REPRESENTATION(#507,#15516);
#52=CONTEXT_DEPENDENT_SHAPE_REPRESENTATION(#508,#15517);
#53=CONTEXT_DEPENDENT_SHAPE_REPRESENTATION(#509,#15519);
#54=CONTEXT_DEPENDENT_SHAPE_REPRESENTATION(#510,#15520);
#55=CONTEXT_DEPENDENT_SHAPE_REPRESENTATION(#511,#15521);
#56=CONTEXT_DEPENDENT_SHAPE_REPRESENTATION(#512,#15522);
#57=CONTEXT_DEPENDENT_SHAPE_REPRESENTATION(#513,#15523);
#58=CONTEXT_DEPENDENT_SHAPE_REPRESENTATION(#514,#15524);
#59=CONTEXT_DEPENDENT_SHAPE_REPRESENTATION(#515,#15525);
#60=CONTEXT_DEPENDENT_SHAPE_REPRESENTATION(#516,#15526);
#61=CONTEXT_DEPENDENT_SHAPE_REPRESENTATION(#517,#15527);
#62=CONTEXT_DEPENDENT_SHAPE_REPRESENTATION(#518,#15529);
#63=CONTEXT_DEPENDENT_SHAPE_REPRESENTATION(#519,#15530);
#64=CONTEXT_DEPENDENT_SHAPE_REPRESENTATION(#520,#15531);
#65=CONTEXT_DEPENDENT_SHAPE_REPRESENTATION(#521,#15532);
#66=CONTEXT_DEPENDENT_SHAPE_REPRESENTATION(#522,#15533);
#67=CONTEXT_DEPENDENT_SHAPE_REPRESENTATION(#523,#15534);
#68=CONTEXT_DEPENDENT_SHAPE_REPRESENTATION(#524,#15535);
#69=CONTEXT_DEPENDENT_SHAPE_REPRESENTATION(#525,#15536);
#70=CONTEXT_DEPENDENT_SHAPE_REPRESENTATION(#526,#15537);
#71=CONTEXT_DEPENDENT_SHAPE_REPRESENTATION(#527,#15539);
#72=CONTEXT_DEPENDENT_SHAPE_REPRESENTATION(#528,#15540);
#73=CONTEXT_DEPENDENT_SHAPE_REPRESENTATION(#529,#15541);
#74=CONTEXT_DEPENDENT_SHAPE_REPRESENTATION(#530,#15542);
#75=CONTEXT_DEPENDENT_SHAPE_REPRESENTATION(#531,#15544);
#76=CONTEXT_DEPENDENT_SHAPE_REPRESENTATION(#532,#15545);
#77=CONTEXT_DEPENDENT_SHAPE_REPRESENTATION(#533,#15546);
#78=CONTEXT_DEPENDENT_SHAPE_REPRESENTATION(#534,#15547);
#79=CONTEXT_DEPENDENT_SHAPE_REPRESENTATION(#535,#15548);
#80=CONTEXT_DEPENDENT_SHAPE_REPRESENTATION(#536,#15549);
#81=CONTEXT_DEPENDENT_SHAPE_REPRESENTATION(#537,#15550);
#82=CONTEXT_DEPENDENT_SHAPE_REPRESENTATION(#538,#15551);
#83=CONTEXT_DEPENDENT_SHAPE_REPRESENTATION(#539,#15552);
#84=CONTEXT_DEPENDENT_SHAPE_REPRESENTATION(#540,#15553);
#85=CONTEXT_DEPENDENT_SHAPE_REPRESENTATION(#541,#15554);
#86=CONTEXT_DEPENDENT_SHAPE_REPRESENTATION(#542,#15555);
#87=CONTEXT_DEPENDENT_SHAPE_REPRESENTATION(#543,#15557);
#88=CONTEXT_DEPENDENT_SHAPE_REPRESENTATION(#544,#15559);
#89=CONTEXT_DEPENDENT_SHAPE_REPRESENTATION(#545,#15560);
#90=CONTEXT_DEPENDENT_SHAPE_REPRESENTATION(#546,#15561);
#91=CONTEXT_DEPENDENT_SHAPE_REPRESENTATION(#547,#15562);
#92=CONTEXT_DEPENDENT_SHAPE_REPRESENTATION(#548,#15563);
#93=CONTEXT_DEPENDENT_SHAPE_REPRESENTATION(#549,#15564);
#94=CONTEXT_DEPENDENT_SHAPE_REPRESENTATION(#550,#15565);
#95=CONTEXT_DEPENDENT_SHAPE_REPRESENTATION(#551,#15566);
#96=CONTEXT_DEPENDENT_SHAPE_REPRESENTATION(#552,#15567);
#97=CONTEXT_DEPENDENT_SHAPE_REPRESENTATION(#553,#15568);
#98=CONTEXT_DEPENDENT_SHAPE_REPRESENTATION(#554,#15569);
#99=CONTEXT_DEPENDENT_SHAPE_REPRESENTATION(#555,#15570);
#100=CONTEXT_DEPENDENT_SHAPE_REPRESENTATION(#556,#15572);
#101=CONTEXT_DEPENDENT_SHAPE_REPRESENTATION(#557,#15573);
#102=CONTEXT_DEPENDENT_SHAPE_REPRESENTATION(#558,#15574);
#103=CONTEXT_DEPENDENT_SHAPE_REPRESENTATION(#559,#15576);
#104=CONTEXT_DEPENDENT_SHAPE_REPRESENTATION(#560,#15577);
#105=CONTEXT_DEPENDENT_SHAPE_REPRESENTATION(#561,#15578);
#106=CONTEXT_DEPENDENT_SHAPE_REPRESENTATION(#562,#15579);
#107=CONTEXT_DEPENDENT_SHAPE_REPRESENTATION(#563,#15580);
#108=CONTEXT_DEPENDENT_SHAPE_REPRESENTATION(#564,#15581);
#109=CONTEXT_DEPENDENT_SHAPE_REPRESENTATION(#565,#15582);
#110=CONTEXT_DEPENDENT_SHAPE_REPRESENTATION(#566,#15583);
#111=CONTEXT_DEPENDENT_SHAPE_REPRESENTATION(#567,#15584);
#112=CONTEXT_DEPENDENT_SHAPE_REPRESENTATION(#568,#15585);
#113=CONTEXT_DEPENDENT_SHAPE_REPRESENTATION(#569,#15586);
#114=CONTEXT_DEPENDENT_SHAPE_REPRESENTATION(#570,#15587);
#115=CONTEXT_DEPENDENT_SHAPE_REPRESENTATION(#571,#15588);
#116=CONTEXT_DEPENDENT_SHAPE_REPRESENTATION(#572,#15589);
#117=CONTEXT_DEPENDENT_SHAPE_REPRESENTATION(#573,#15590);
#118=CONTEXT_DEPENDENT_SHAPE_REPRESENTATION(#574,#15591);
#119=CONTEXT_DEPENDENT_SHAPE_REPRESENTATION(#575,#15592);
#120=CONTEXT_DEPENDENT_SHAPE_REPRESENTATION(#576,#15593);
#121=CONTEXT_DEPENDENT_SHAPE_REPRESENTATION(#577,#15594);
#122=CONTEXT_DEPENDENT_SHAPE_REPRESENTATION(#578,#15595);
#123=CONTEXT_DEPENDENT_SHAPE_REPRESENTATION(#579,#15597);
#124=CONTEXT_DEPENDENT_SHAPE_REPRESENTATION(#580,#15598);
#125=CONTEXT_DEPENDENT_SHAPE_REPRESENTATION(#581,#15599);
#126=CONTEXT_DEPENDENT_SHAPE_REPRESENTATION(#582,#15600);
#127=CONTEXT_DEPENDENT_SHAPE_REPRESENTATION(#583,#15601);
#128=CONTEXT_DEPENDENT_SHAPE_REPRESENTATION(#584,#15602);
#129=CONTEXT_DEPENDENT_SHAPE_REPRESENTATION(#585,#15603);
#130=CONTEXT_DEPENDENT_SHAPE_REPRESENTATION(#586,#15604);
#131=CONTEXT_DEPENDENT_SHAPE_REPRESENTATION(#587,#15605);
#132=CONTEXT_DEPENDENT_SHAPE_REPRESENTATION(#588,#15606);
#133=CONTEXT_DEPENDENT_SHAPE_REPRESENTATION(#589,#15607);
#134=CONTEXT_DEPENDENT_SHAPE_REPRESENTATION(#590,#15608);
#135=CONTEXT_DEPENDENT_SHAPE_REPRESENTATION(#591,#15609);
#136=CONTEXT_DEPENDENT_SHAPE_REPRESENTATION(#592,#15610);
#137=CONTEXT_DEPENDENT_SHAPE_REPRESENTATION(#593,#15611);
#138=CONTEXT_DEPENDENT_SHAPE_REPRESENTATION(#594,#15612);
#139=CONTEXT_DEPENDENT_SHAPE_REPRESENTATION(#595,#15613);
#140=CONTEXT_DEPENDENT_SHAPE_REPRESENTATION(#596,#15614);
#141=CONTEXT_DEPENDENT_SHAPE_REPRESENTATION(#597,#15615);
#142=CONTEXT_DEPENDENT_SHAPE_REPRESENTATION(#598,#15616);
#143=CONTEXT_DEPENDENT_SHAPE_REPRESENTATION(#599,#15617);
#144=CONTEXT_DEPENDENT_SHAPE_REPRESENTATION(#600,#15618);
#145=CONTEXT_DEPENDENT_SHAPE_REPRESENTATION(#601,#15620);
#146=CONTEXT_DEPENDENT_SHAPE_REPRESENTATION(#602,#15621);
#147=CONTEXT_DEPENDENT_SHAPE_REPRESENTATION(#603,#15622);
#148=CONTEXT_DEPENDENT_SHAPE_REPRESENTATION(#604,#15623);
#149=CONTEXT_DEPENDENT_SHAPE_REPRESENTATION(#605,#15624);
#150=CONTEXT_DEPENDENT_SHAPE_REPRESENTATION(#606,#15625);
#151=CONTEXT_DEPENDENT_SHAPE_REPRESENTATION(#607,#15626);
#152=CONTEXT_DEPENDENT_SHAPE_REPRESENTATION(#608,#15627);
#153=CONTEXT_DEPENDENT_SHAPE_REPRESENTATION(#609,#15628);
#154=CONTEXT_DEPENDENT_SHAPE_REPRESENTATION(#610,#15629);
#155=CONTEXT_DEPENDENT_SHAPE_REPRESENTATION(#611,#15630);
#156=CONTEXT_DEPENDENT_SHAPE_REPRESENTATION(#612,#15631);
#157=CONTEXT_DEPENDENT_SHAPE_REPRESENTATION(#613,#15632);
#158=CONTEXT_DEPENDENT_SHAPE_REPRESENTATION(#614,#15633);
#159=CONTEXT_DEPENDENT_SHAPE_REPRESENTATION(#615,#15634);
#160=CONTEXT_DEPENDENT_SHAPE_REPRESENTATION(#616,#15635);
#161=CONTEXT_DEPENDENT_SHAPE_REPRESENTATION(#617,#15636);
#162=CONTEXT_DEPENDENT_SHAPE_REPRESENTATION(#618,#15637);
#163=CONTEXT_DEPENDENT_SHAPE_REPRESENTATION(#619,#15638);
#164=CONTEXT_DEPENDENT_SHAPE_REPRESENTATION(#620,#15639);
#165=CONTEXT_DEPENDENT_SHAPE_REPRESENTATION(#621,#15640);
#166=CONTEXT_DEPENDENT_SHAPE_REPRESENTATION(#622,#15641);
#167=CONTEXT_DEPENDENT_SHAPE_REPRESENTATION(#623,#15642);
#168=CONTEXT_DEPENDENT_SHAPE_REPRESENTATION(#624,#15643);
#169=CONTEXT_DEPENDENT_SHAPE_REPRESENTATION(#625,#15644);
#170=CONTEXT_DEPENDENT_SHAPE_REPRESENTATION(#626,#15645);
#171=CONTEXT_DEPENDENT_SHAPE_REPRESENTATION(#627,#15646);
#172=CONTEXT_DEPENDENT_SHAPE_REPRESENTATION(#628,#15647);
#173=CONTEXT_DEPENDENT_SHAPE_REPRESENTATION(#629,#15648);
#174=CONTEXT_DEPENDENT_SHAPE_REPRESENTATION(#630,#15649);
#175=CONTEXT_DEPENDENT_SHAPE_REPRESENTATION(#631,#15650);
#176=CONTEXT_DEPENDENT_SHAPE_REPRESENTATION(#632,#15651);
#177=CONTEXT_DEPENDENT_SHAPE_REPRESENTATION(#633,#15652);
#178=CONTEXT_DEPENDENT_SHAPE_REPRESENTATION(#634,#15653);
#179=CONTEXT_DEPENDENT_SHAPE_REPRESENTATION(#635,#15654);
#180=CONTEXT_DEPENDENT_SHAPE_REPRESENTATION(#636,#15655);
#181=CONTEXT_DEPENDENT_SHAPE_REPRESENTATION(#637,#15656);
#182=CONTEXT_DEPENDENT_SHAPE_REPRESENTATION(#638,#15657);
#183=CONTEXT_DEPENDENT_SHAPE_REPRESENTATION(#639,#15658);
#184=CONTEXT_DEPENDENT_SHAPE_REPRESENTATION(#640,#15659);
#185=CONTEXT_DEPENDENT_SHAPE_REPRESENTATION(#641,#15660);
#186=CONTEXT_DEPENDENT_SHAPE_REPRESENTATION(#642,#15661);
#187=CONTEXT_DEPENDENT_SHAPE_REPRESENTATION(#643,#15662);
#188=CONTEXT_DEPENDENT_SHAPE_REPRESENTATION(#644,#15664);
#189=CONTEXT_DEPENDENT_SHAPE_REPRESENTATION(#645,#15665);
#190=CONTEXT_DEPENDENT_SHAPE_REPRESENTATION(#646,#15666);
#191=CONTEXT_DEPENDENT_SHAPE_REPRESENTATION(#647,#15667);
#192=CONTEXT_DEPENDENT_SHAPE_REPRESENTATION(#648,#15668);
#193=CONTEXT_DEPENDENT_SHAPE_REPRESENTATION(#649,#15669);
#194=CONTEXT_DEPENDENT_SHAPE_REPRESENTATION(#650,#15670);
#195=CONTEXT_DEPENDENT_SHAPE_REPRESENTATION(#651,#15671);
#196=CONTEXT_DEPENDENT_SHAPE_REPRESENTATION(#652,#15672);
#197=CONTEXT_DEPENDENT_SHAPE_REPRESENTATION(#653,#15673);
#198=CONTEXT_DEPENDENT_SHAPE_REPRESENTATION(#654,#15674);
#199=CONTEXT_DEPENDENT_SHAPE_REPRESENTATION(#655,#15675);
#200=CONTEXT_DEPENDENT_SHAPE_REPRESENTATION(#656,#15676);
#201=CONTEXT_DEPENDENT_SHAPE_REPRESENTATION(#657,#15677);
#202=CONTEXT_DEPENDENT_SHAPE_REPRESENTATION(#658,#15678);
#203=CONTEXT_DEPENDENT_SHAPE_REPRESENTATION(#659,#15679);
#204=CONTEXT_DEPENDENT_SHAPE_REPRESENTATION(#660,#15680);
#205=CONTEXT_DEPENDENT_SHAPE_REPRESENTATION(#661,#15681);
#206=CONTEXT_DEPENDENT_SHAPE_REPRESENTATION(#662,#15682);
#207=CONTEXT_DEPENDENT_SHAPE_REPRESENTATION(#663,#15683);
#208=CONTEXT_DEPENDENT_SHAPE_REPRESENTATION(#664,#15684);
#209=CONTEXT_DEPENDENT_SHAPE_REPRESENTATION(#665,#15685);
#210=CONTEXT_DEPENDENT_SHAPE_REPRESENTATION(#666,#15686);
#211=CONTEXT_DEPENDENT_SHAPE_REPRESENTATION(#667,#15687);
#212=CONTEXT_DEPENDENT_SHAPE_REPRESENTATION(#668,#15688);
#213=CONTEXT_DEPENDENT_SHAPE_REPRESENTATION(#669,#15689);
#214=CONTEXT_DEPENDENT_SHAPE_REPRESENTATION(#670,#15690);
#215=CONTEXT_DEPENDENT_SHAPE_REPRESENTATION(#671,#15691);
#216=CONTEXT_DEPENDENT_SHAPE_REPRESENTATION(#672,#15692);
#217=CONTEXT_DEPENDENT_SHAPE_REPRESENTATION(#673,#15693);
#218=CONTEXT_DEPENDENT_SHAPE_REPRESENTATION(#674,#15694);
#219=CONTEXT_DEPENDENT_SHAPE_REPRESENTATION(#675,#15695);
#220=CONTEXT_DEPENDENT_SHAPE_REPRESENTATION(#676,#15696);
#221=CONTEXT_DEPENDENT_SHAPE_REPRESENTATION(#677,#15697);
#222=CONTEXT_DEPENDENT_SHAPE_REPRESENTATION(#678,#15698);
#223=CONTEXT_DEPENDENT_SHAPE_REPRESENTATION(#679,#15699);
#224=CONTEXT_DEPENDENT_SHAPE_REPRESENTATION(#680,#15700);
#225=CONTEXT_DEPENDENT_SHAPE_REPRESENTATION(#681,#15701);
#226=CONTEXT_DEPENDENT_SHAPE_REPRESENTATION(#682,#15702);
#227=CONTEXT_DEPENDENT_SHAPE_REPRESENTATION(#683,#15703);
#228=CONTEXT_DEPENDENT_SHAPE_REPRESENTATION(#684,#15704);
#229=CONTEXT_DEPENDENT_SHAPE_REPRESENTATION(#685,#15705);
#230=CONTEXT_DEPENDENT_SHAPE_REPRESENTATION(#686,#15706);
#231=CONTEXT_DEPENDENT_SHAPE_REPRESENTATION(#687,#15707);
#232=CONTEXT_DEPENDENT_SHAPE_REPRESENTATION(#688,#15708);
#233=CONTEXT_DEPENDENT_SHAPE_REPRESENTATION(#689,#15709);
#234=CONTEXT_DEPENDENT_SHAPE_REPRESENTATION(#690,#15710);
#235=CONTEXT_DEPENDENT_SHAPE_REPRESENTATION(#691,#15712);
#236=CONTEXT_DEPENDENT_SHAPE_REPRESENTATION(#692,#15713);
#237=CONTEXT_DEPENDENT_SHAPE_REPRESENTATION(#693,#15714);
#238=CONTEXT_DEPENDENT_SHAPE_REPRESENTATION(#694,#15715);
#239=CONTEXT_DEPENDENT_SHAPE_REPRESENTATION(#695,#15716);
#240=CONTEXT_DEPENDENT_SHAPE_REPRESENTATION(#696,#15717);
#241=CONTEXT_DEPENDENT_SHAPE_REPRESENTATION(#697,#15718);
#242=CONTEXT_DEPENDENT_SHAPE_REPRESENTATION(#698,#15719);
#243=CONTEXT_DEPENDENT_SHAPE_REPRESENTATION(#699,#15720);
#244=NEXT_ASSEMBLY_USAGE_OCCURRENCE('NAUO1','Part 1','Part 1',#15721,#15722,
'');
#245=NEXT_ASSEMBLY_USAGE_OCCURRENCE('NAUO2','Part 1','Part 1',#15721,#15722,
'');
#246=NEXT_ASSEMBLY_USAGE_OCCURRENCE('NAUO3','Part 1','Part 1',#15721,#15723,
'');
#247=NEXT_ASSEMBLY_USAGE_OCCURRENCE('NAUO4','Part 1','Part 1',#15721,#15722,
'');
#248=NEXT_ASSEMBLY_USAGE_OCCURRENCE('NAUO5','Part 1','Part 1',#15721,#15722,
'');
#249=NEXT_ASSEMBLY_USAGE_OCCURRENCE('NAUO6','Part 1','Part 1',#15721,#15722,
'');
#250=NEXT_ASSEMBLY_USAGE_OCCURRENCE('NAUO7','Part 1','Part 1',#15721,#15724,
'');
#251=NEXT_ASSEMBLY_USAGE_OCCURRENCE('NAUO8','Part 1','Part 1',#15721,#15722,
'');
#252=NEXT_ASSEMBLY_USAGE_OCCURRENCE('NAUO9','Part 1','Part 1',#15721,#15722,
'');
#253=NEXT_ASSEMBLY_USAGE_OCCURRENCE('NAUO10','Part 1','Part 1',#15721,#15722,
'');
#254=NEXT_ASSEMBLY_USAGE_OCCURRENCE('NAUO11','Part 1','Part 1',#15721,#15722,
'');
#255=NEXT_ASSEMBLY_USAGE_OCCURRENCE('NAUO12','Part 1','Part 1',#15721,#15722,
'');
#256=NEXT_ASSEMBLY_USAGE_OCCURRENCE('NAUO13','Part 1','Part 1',#15721,#15722,
'');
#257=NEXT_ASSEMBLY_USAGE_OCCURRENCE('NAUO14','Part 1','Part 1',#15721,#15722,
'');
#258=NEXT_ASSEMBLY_USAGE_OCCURRENCE('NAUO15','Part 1','Part 1',#15721,#15722,
'');
#259=NEXT_ASSEMBLY_USAGE_OCCURRENCE('NAUO16','Part 1','Part 1',#15721,#15722,
'');
#260=NEXT_ASSEMBLY_USAGE_OCCURRENCE('NAUO17','Part 1','Part 1',#15721,#15722,
'');
#261=NEXT_ASSEMBLY_USAGE_OCCURRENCE('NAUO18','Part 1','Part 1',#15721,#15722,
'');
#262=NEXT_ASSEMBLY_USAGE_OCCURRENCE('NAUO19','Part 1','Part 1',#15721,#15725,
'');
#263=NEXT_ASSEMBLY_USAGE_OCCURRENCE('NAUO20','Part 1','Part 1',#15721,#15722,
'');
#264=NEXT_ASSEMBLY_USAGE_OCCURRENCE('NAUO21','Part 1','Part 1',#15721,#15725,
'');
#265=NEXT_ASSEMBLY_USAGE_OCCURRENCE('NAUO22','Part 1','Part 1',#15721,#15722,
'');
#266=NEXT_ASSEMBLY_USAGE_OCCURRENCE('NAUO23','Part 1','Part 1',#15721,#15722,
'');
#267=NEXT_ASSEMBLY_USAGE_OCCURRENCE('NAUO24','Part 1','Part 1',#15721,#15722,
'');
#268=NEXT_ASSEMBLY_USAGE_OCCURRENCE('NAUO25','Part 1','Part 1',#15721,#15722,
'');
#269=NEXT_ASSEMBLY_USAGE_OCCURRENCE('NAUO26','Part 1','Part 1',#15721,#15722,
'');
#270=NEXT_ASSEMBLY_USAGE_OCCURRENCE('NAUO27','Part 1','Part 1',#15721,#15722,
'');
#271=NEXT_ASSEMBLY_USAGE_OCCURRENCE('NAUO28','Part 1','Part 1',#15721,#15726,
'');
#272=NEXT_ASSEMBLY_USAGE_OCCURRENCE('NAUO29','Part 1','Part 1',#15721,#15722,
'');
#273=NEXT_ASSEMBLY_USAGE_OCCURRENCE('NAUO30','Part 1','Part 1',#15721,#15722,
'');
#274=NEXT_ASSEMBLY_USAGE_OCCURRENCE('NAUO31','Part 1','Part 1',#15721,#15722,
'');
#275=NEXT_ASSEMBLY_USAGE_OCCURRENCE('NAUO32','Part 1','Part 1',#15721,#15724,
'');
#276=NEXT_ASSEMBLY_USAGE_OCCURRENCE('NAUO33','Part 1','Part 1',#15721,#15722,
'');
#277=NEXT_ASSEMBLY_USAGE_OCCURRENCE('NAUO34','Part 1','Part 1',#15721,#15727,
'');
#278=NEXT_ASSEMBLY_USAGE_OCCURRENCE('NAUO35','Part 1','Part 1',#15721,#15722,
'');
#279=NEXT_ASSEMBLY_USAGE_OCCURRENCE('NAUO36','Part 1','Part 1',#15721,#15728,
'');
#280=NEXT_ASSEMBLY_USAGE_OCCURRENCE('NAUO37','Part 1','Part 1',#15721,#15723,
'');
#281=NEXT_ASSEMBLY_USAGE_OCCURRENCE('NAUO38','Part 1','Part 1',#15721,#15729,
'');
#282=NEXT_ASSEMBLY_USAGE_OCCURRENCE('NAUO39','Part 1','Part 1',#15721,#15723,
'');
#283=NEXT_ASSEMBLY_USAGE_OCCURRENCE('NAUO40','Part 1','Part 1',#15721,#15722,
'');
#284=NEXT_ASSEMBLY_USAGE_OCCURRENCE('NAUO41','Part 1','Part 1',#15721,#15722,
'');
#285=NEXT_ASSEMBLY_USAGE_OCCURRENCE('NAUO42','Part 1','Part 1',#15721,#15722,
'');
#286=NEXT_ASSEMBLY_USAGE_OCCURRENCE('NAUO43','Part 1','Part 1',#15721,#15722,
'');
#287=NEXT_ASSEMBLY_USAGE_OCCURRENCE('NAUO44','Part 1','Part 1',#15721,#15722,
'');
#288=NEXT_ASSEMBLY_USAGE_OCCURRENCE('NAUO45','Part 1','Part 1',#15721,#15722,
'');
#289=NEXT_ASSEMBLY_USAGE_OCCURRENCE('NAUO46','Part 1','Part 1',#15721,#15723,
'');
#290=NEXT_ASSEMBLY_USAGE_OCCURRENCE('NAUO47','Part 1','Part 1',#15721,#15730,
'');
#291=NEXT_ASSEMBLY_USAGE_OCCURRENCE('NAUO48','Part 1','Part 1',#15721,#15722,
'');
#292=NEXT_ASSEMBLY_USAGE_OCCURRENCE('NAUO49','Part 1','Part 1',#15721,#15722,
'');
#293=NEXT_ASSEMBLY_USAGE_OCCURRENCE('NAUO50','Part 1','Part 1',#15721,#15722,
'');
#294=NEXT_ASSEMBLY_USAGE_OCCURRENCE('NAUO51','Part 1','Part 1',#15721,#15722,
'');
#295=NEXT_ASSEMBLY_USAGE_OCCURRENCE('NAUO52','Part 1','Part 1',#15721,#15722,
'');
#296=NEXT_ASSEMBLY_USAGE_OCCURRENCE('NAUO53','Part 1','Part 1',#15721,#15722,
'');
#297=NEXT_ASSEMBLY_USAGE_OCCURRENCE('NAUO54','Part 1','Part 1',#15721,#15722,
'');
#298=NEXT_ASSEMBLY_USAGE_OCCURRENCE('NAUO55','Part 1','Part 1',#15721,#15722,
'');
#299=NEXT_ASSEMBLY_USAGE_OCCURRENCE('NAUO56','Part 1','Part 1',#15721,#15731,
'');
#300=NEXT_ASSEMBLY_USAGE_OCCURRENCE('NAUO57','Part 1','Part 1',#15721,#15722,
'');
#301=NEXT_ASSEMBLY_USAGE_OCCURRENCE('NAUO58','Part 1','Part 1',#15721,#15722,
'');
#302=NEXT_ASSEMBLY_USAGE_OCCURRENCE('NAUO59','Part 1','Part 1',#15721,#15722,
'');
#303=NEXT_ASSEMBLY_USAGE_OCCURRENCE('NAUO60','Part 1','Part 1',#15721,#15732,
'');
#304=NEXT_ASSEMBLY_USAGE_OCCURRENCE('NAUO61','Part 1','Part 1',#15721,#15722,
'');
#305=NEXT_ASSEMBLY_USAGE_OCCURRENCE('NAUO62','Part 1','Part 1',#15721,#15722,
'');
#306=NEXT_ASSEMBLY_USAGE_OCCURRENCE('NAUO63','Part 1','Part 1',#15721,#15722,
'');
#307=NEXT_ASSEMBLY_USAGE_OCCURRENCE('NAUO64','Part 1','Part 1',#15721,#15722,
'');
#308=NEXT_ASSEMBLY_USAGE_OCCURRENCE('NAUO65','Part 1','Part 1',#15721,#15726,
'');
#309=NEXT_ASSEMBLY_USAGE_OCCURRENCE('NAUO66','Part 1','Part 1',#15721,#15722,
'');
#310=NEXT_ASSEMBLY_USAGE_OCCURRENCE('NAUO67','Part 1','Part 1',#15721,#15722,
'');
#311=NEXT_ASSEMBLY_USAGE_OCCURRENCE('NAUO68','Part 1','Part 1',#15721,#15722,
'');
#312=NEXT_ASSEMBLY_USAGE_OCCURRENCE('NAUO69','Part 1','Part 1',#15721,#15722,
'');
#313=NEXT_ASSEMBLY_USAGE_OCCURRENCE('NAUO70','Part 1','Part 1',#15721,#15722,
'');
#314=NEXT_ASSEMBLY_USAGE_OCCURRENCE('NAUO71','Part 1','Part 1',#15721,#15722,
'');
#315=NEXT_ASSEMBLY_USAGE_OCCURRENCE('NAUO72','Part 1','Part 1',#15721,#15733,
'');
#316=NEXT_ASSEMBLY_USAGE_OCCURRENCE('NAUO73','Part 2','Part 2',#15721,#15734,
'');
#317=NEXT_ASSEMBLY_USAGE_OCCURRENCE('NAUO74','Part 1','Part 1',#15721,#15722,
'');
#318=NEXT_ASSEMBLY_USAGE_OCCURRENCE('NAUO75','Part 1','Part 1',#15721,#15722,
'');
#319=NEXT_ASSEMBLY_USAGE_OCCURRENCE('NAUO76','Part 1','Part 1',#15721,#15722,
'');
#320=NEXT_ASSEMBLY_USAGE_OCCURRENCE('NAUO77','Part 1','Part 1',#15721,#15722,
'');
#321=NEXT_ASSEMBLY_USAGE_OCCURRENCE('NAUO78','Part 1','Part 1',#15721,#15722,
'');
#322=NEXT_ASSEMBLY_USAGE_OCCURRENCE('NAUO79','Part 2','Part 2',#15721,#15734,
'');
#323=NEXT_ASSEMBLY_USAGE_OCCURRENCE('NAUO80','Part 1','Part 1',#15721,#15722,
'');
#324=NEXT_ASSEMBLY_USAGE_OCCURRENCE('NAUO81','Part 1','Part 1',#15721,#15722,
'');
#325=NEXT_ASSEMBLY_USAGE_OCCURRENCE('NAUO82','Part 1','Part 1',#15721,#15722,
'');
#326=NEXT_ASSEMBLY_USAGE_OCCURRENCE('NAUO83','Part 1','Part 1',#15721,#15722,
'');
#327=NEXT_ASSEMBLY_USAGE_OCCURRENCE('NAUO84','Part 1','Part 1',#15721,#15722,
'');
#328=NEXT_ASSEMBLY_USAGE_OCCURRENCE('NAUO85','Part 1','Part 1',#15721,#15735,
'');
#329=NEXT_ASSEMBLY_USAGE_OCCURRENCE('NAUO86','Part 1','Part 1',#15721,#15722,
'');
#330=NEXT_ASSEMBLY_USAGE_OCCURRENCE('NAUO87','Part 1','Part 1',#15721,#15722,
'');
#331=NEXT_ASSEMBLY_USAGE_OCCURRENCE('NAUO88','Part 1','Part 1',#15721,#15736,
'');
#332=NEXT_ASSEMBLY_USAGE_OCCURRENCE('NAUO89','Part 1','Part 1',#15721,#15722,
'');
#333=NEXT_ASSEMBLY_USAGE_OCCURRENCE('NAUO90','Part 1','Part 1',#15721,#15736,
'');
#334=NEXT_ASSEMBLY_USAGE_OCCURRENCE('NAUO91','Part 1','Part 1',#15721,#15722,
'');
#335=NEXT_ASSEMBLY_USAGE_OCCURRENCE('NAUO92','Part 1','Part 1',#15721,#15722,
'');
#336=NEXT_ASSEMBLY_USAGE_OCCURRENCE('NAUO93','Part 1','Part 1',#15721,#15722,
'');
#337=NEXT_ASSEMBLY_USAGE_OCCURRENCE('NAUO94','Part 1','Part 1',#15721,#15722,
'');
#338=NEXT_ASSEMBLY_USAGE_OCCURRENCE('NAUO95','Part 1','Part 1',#15721,#15722,
'');
#339=NEXT_ASSEMBLY_USAGE_OCCURRENCE('NAUO96','Part 1','Part 1',#15721,#15722,
'');
#340=NEXT_ASSEMBLY_USAGE_OCCURRENCE('NAUO97','Part 1','Part 1',#15721,#15722,
'');
#341=NEXT_ASSEMBLY_USAGE_OCCURRENCE('NAUO98','Part 1','Part 1',#15721,#15722,
'');
#342=NEXT_ASSEMBLY_USAGE_OCCURRENCE('NAUO99','Part 1','Part 1',#15721,#15732,
'');
#343=NEXT_ASSEMBLY_USAGE_OCCURRENCE('NAUO100','Part 1','Part 1',#15721,
#15722,'');
#344=NEXT_ASSEMBLY_USAGE_OCCURRENCE('NAUO101','Part 1','Part 1',#15721,
#15722,'');
#345=NEXT_ASSEMBLY_USAGE_OCCURRENCE('NAUO102','Part 1','Part 1',#15721,
#15722,'');
#346=NEXT_ASSEMBLY_USAGE_OCCURRENCE('NAUO103','Part 1','Part 1',#15721,
#15722,'');
#347=NEXT_ASSEMBLY_USAGE_OCCURRENCE('NAUO104','Part 1','Part 1',#15721,
#15722,'');
#348=NEXT_ASSEMBLY_USAGE_OCCURRENCE('NAUO105','Part 1','Part 1',#15721,
#15728,'');
#349=NEXT_ASSEMBLY_USAGE_OCCURRENCE('NAUO106','Part 1','Part 1',#15721,
#15722,'');
#350=NEXT_ASSEMBLY_USAGE_OCCURRENCE('NAUO107','Part 1','Part 1',#15721,
#15722,'');
#351=NEXT_ASSEMBLY_USAGE_OCCURRENCE('NAUO108','Part 1','Part 1',#15721,
#15737,'');
#352=NEXT_ASSEMBLY_USAGE_OCCURRENCE('NAUO109','Part 1','Part 1',#15721,
#15722,'');
#353=NEXT_ASSEMBLY_USAGE_OCCURRENCE('NAUO110','Part 1','Part 1',#15721,
#15722,'');
#354=NEXT_ASSEMBLY_USAGE_OCCURRENCE('NAUO111','Part 1','Part 1',#15721,
#15722,'');
#355=NEXT_ASSEMBLY_USAGE_OCCURRENCE('NAUO112','Part 1','Part 1',#15721,
#15722,'');
#356=NEXT_ASSEMBLY_USAGE_OCCURRENCE('NAUO113','Part 1','Part 1',#15721,
#15722,'');
#357=NEXT_ASSEMBLY_USAGE_OCCURRENCE('NAUO114','Part 1','Part 1',#15721,
#15722,'');
#358=NEXT_ASSEMBLY_USAGE_OCCURRENCE('NAUO115','Part 1','Part 1',#15721,
#15722,'');
#359=NEXT_ASSEMBLY_USAGE_OCCURRENCE('NAUO116','Part 1','Part 1',#15721,
#15722,'');
#360=NEXT_ASSEMBLY_USAGE_OCCURRENCE('NAUO117','Part 1','Part 1',#15721,
#15722,'');
#361=NEXT_ASSEMBLY_USAGE_OCCURRENCE('NAUO118','Part 1','Part 1',#15721,
#15722,'');
#362=NEXT_ASSEMBLY_USAGE_OCCURRENCE('NAUO119','Part 1','Part 1',#15721,
#15722,'');
#363=NEXT_ASSEMBLY_USAGE_OCCURRENCE('NAUO120','Part 1','Part 1',#15721,
#15722,'');
#364=NEXT_ASSEMBLY_USAGE_OCCURRENCE('NAUO121','Part 1','Part 1',#15721,
#15722,'');
#365=NEXT_ASSEMBLY_USAGE_OCCURRENCE('NAUO122','Part 1','Part 1',#15721,
#15725,'');
#366=NEXT_ASSEMBLY_USAGE_OCCURRENCE('NAUO123','Part 1','Part 1',#15721,
#15722,'');
#367=NEXT_ASSEMBLY_USAGE_OCCURRENCE('NAUO124','Part 1','Part 1',#15721,
#15722,'');
#368=NEXT_ASSEMBLY_USAGE_OCCURRENCE('NAUO125','Part 1','Part 1',#15721,
#15722,'');
#369=NEXT_ASSEMBLY_USAGE_OCCURRENCE('NAUO126','Part 1','Part 1',#15721,
#15722,'');
#370=NEXT_ASSEMBLY_USAGE_OCCURRENCE('NAUO127','Part 1','Part 1',#15721,
#15722,'');
#371=NEXT_ASSEMBLY_USAGE_OCCURRENCE('NAUO128','Part 1','Part 1',#15721,
#15722,'');
#372=NEXT_ASSEMBLY_USAGE_OCCURRENCE('NAUO129','Part 1','Part 1',#15721,
#15722,'');
#373=NEXT_ASSEMBLY_USAGE_OCCURRENCE('NAUO130','Part 1','Part 1',#15721,
#15738,'');
#374=NEXT_ASSEMBLY_USAGE_OCCURRENCE('NAUO131','Part 1','Part 1',#15721,
#15722,'');
#375=NEXT_ASSEMBLY_USAGE_OCCURRENCE('NAUO132','Part 1','Part 1',#15721,
#15722,'');
#376=NEXT_ASSEMBLY_USAGE_OCCURRENCE('NAUO133','Part 1','Part 1',#15721,
#15722,'');
#377=NEXT_ASSEMBLY_USAGE_OCCURRENCE('NAUO134','Part 1','Part 1',#15721,
#15722,'');
#378=NEXT_ASSEMBLY_USAGE_OCCURRENCE('NAUO135','Part 1','Part 1',#15721,
#15722,'');
#379=NEXT_ASSEMBLY_USAGE_OCCURRENCE('NAUO136','Part 1','Part 1',#15721,
#15722,'');
#380=NEXT_ASSEMBLY_USAGE_OCCURRENCE('NAUO137','Part 1','Part 1',#15721,
#15733,'');
#381=NEXT_ASSEMBLY_USAGE_OCCURRENCE('NAUO138','Part 1','Part 1',#15721,
#15722,'');
#382=NEXT_ASSEMBLY_USAGE_OCCURRENCE('NAUO139','Part 1','Part 1',#15721,
#15722,'');
#383=NEXT_ASSEMBLY_USAGE_OCCURRENCE('NAUO140','Part 1','Part 1',#15721,
#15722,'');
#384=NEXT_ASSEMBLY_USAGE_OCCURRENCE('NAUO141','Part 1','Part 1',#15721,
#15722,'');
#385=NEXT_ASSEMBLY_USAGE_OCCURRENCE('NAUO142','Part 1','Part 1',#15721,
#15722,'');
#386=NEXT_ASSEMBLY_USAGE_OCCURRENCE('NAUO143','Part 1','Part 1',#15721,
#15722,'');
#387=NEXT_ASSEMBLY_USAGE_OCCURRENCE('NAUO144','Part 1','Part 1',#15721,
#15722,'');
#388=NEXT_ASSEMBLY_USAGE_OCCURRENCE('NAUO145','Part 1','Part 1',#15721,
#15722,'');
#389=NEXT_ASSEMBLY_USAGE_OCCURRENCE('NAUO146','Part 1','Part 1',#15721,
#15738,'');
#390=NEXT_ASSEMBLY_USAGE_OCCURRENCE('NAUO147','Part 1','Part 1',#15721,
#15722,'');
#391=NEXT_ASSEMBLY_USAGE_OCCURRENCE('NAUO148','Part 1','Part 1',#15721,
#15728,'');
#392=NEXT_ASSEMBLY_USAGE_OCCURRENCE('NAUO149','Part 1','Part 1',#15721,
#15722,'');
#393=NEXT_ASSEMBLY_USAGE_OCCURRENCE('NAUO150','Part 1','Part 1',#15721,
#15722,'');
#394=NEXT_ASSEMBLY_USAGE_OCCURRENCE('NAUO151','Part 1','Part 1',#15721,
#15722,'');
#395=NEXT_ASSEMBLY_USAGE_OCCURRENCE('NAUO152','Part 1','Part 1',#15721,
#15722,'');
#396=NEXT_ASSEMBLY_USAGE_OCCURRENCE('NAUO153','Part 1','Part 1',#15721,
#15722,'');
#397=NEXT_ASSEMBLY_USAGE_OCCURRENCE('NAUO154','Part 1','Part 1',#15721,
#15722,'');
#398=NEXT_ASSEMBLY_USAGE_OCCURRENCE('NAUO155','Part 1','Part 1',#15721,
#15722,'');
#399=NEXT_ASSEMBLY_USAGE_OCCURRENCE('NAUO156','Part 1','Part 1',#15721,
#15722,'');
#400=NEXT_ASSEMBLY_USAGE_OCCURRENCE('NAUO157','Part 1','Part 1',#15721,
#15722,'');
#401=NEXT_ASSEMBLY_USAGE_OCCURRENCE('NAUO158','Part 1','Part 1',#15721,
#15722,'');
#402=NEXT_ASSEMBLY_USAGE_OCCURRENCE('NAUO159','Part 1','Part 1',#15721,
#15722,'');
#403=NEXT_ASSEMBLY_USAGE_OCCURRENCE('NAUO160','Part 1','Part 1',#15721,
#15730,'');
#404=NEXT_ASSEMBLY_USAGE_OCCURRENCE('NAUO161','Part 1','Part 1',#15721,
#15722,'');
#405=NEXT_ASSEMBLY_USAGE_OCCURRENCE('NAUO162','Part 1','Part 1',#15721,
#15722,'');
#406=NEXT_ASSEMBLY_USAGE_OCCURRENCE('NAUO163','Part 1','Part 1',#15721,
#15722,'');
#407=NEXT_ASSEMBLY_USAGE_OCCURRENCE('NAUO164','Part 1','Part 1',#15721,
#15722,'');
#408=NEXT_ASSEMBLY_USAGE_OCCURRENCE('NAUO165','Part 1','Part 1',#15721,
#15722,'');
#409=NEXT_ASSEMBLY_USAGE_OCCURRENCE('NAUO166','Part 1','Part 1',#15721,
#15722,'');
#410=NEXT_ASSEMBLY_USAGE_OCCURRENCE('NAUO167','Part 2','Part 2',#15721,
#15734,'');
#411=NEXT_ASSEMBLY_USAGE_OCCURRENCE('NAUO168','Part 1','Part 1',#15721,
#15722,'');
#412=NEXT_ASSEMBLY_USAGE_OCCURRENCE('NAUO169','Part 1','Part 1',#15721,
#15722,'');
#413=NEXT_ASSEMBLY_USAGE_OCCURRENCE('NAUO170','Part 1','Part 1',#15721,
#15722,'');
#414=NEXT_ASSEMBLY_USAGE_OCCURRENCE('NAUO171','Part 1','Part 1',#15721,
#15722,'');
#415=NEXT_ASSEMBLY_USAGE_OCCURRENCE('NAUO172','Part 1','Part 1',#15721,
#15722,'');
#416=NEXT_ASSEMBLY_USAGE_OCCURRENCE('NAUO173','Part 1','Part 1',#15721,
#15739,'');
#417=NEXT_ASSEMBLY_USAGE_OCCURRENCE('NAUO174','Part 1','Part 1',#15721,
#15728,'');
#418=NEXT_ASSEMBLY_USAGE_OCCURRENCE('NAUO175','Part 1','Part 1',#15721,
#15722,'');
#419=NEXT_ASSEMBLY_USAGE_OCCURRENCE('NAUO176','Part 1','Part 1',#15721,
#15722,'');
#420=NEXT_ASSEMBLY_USAGE_OCCURRENCE('NAUO177','Part 1','Part 1',#15721,
#15722,'');
#421=NEXT_ASSEMBLY_USAGE_OCCURRENCE('NAUO178','Part 1','Part 1',#15721,
#15723,'');
#422=NEXT_ASSEMBLY_USAGE_OCCURRENCE('NAUO179','Part 1','Part 1',#15721,
#15722,'');
#423=NEXT_ASSEMBLY_USAGE_OCCURRENCE('NAUO180','Part 1','Part 1',#15721,
#15722,'');
#424=NEXT_ASSEMBLY_USAGE_OCCURRENCE('NAUO181','Part 1','Part 1',#15721,
#15722,'');
#425=NEXT_ASSEMBLY_USAGE_OCCURRENCE('NAUO182','Part 1','Part 1',#15721,
#15722,'');
#426=NEXT_ASSEMBLY_USAGE_OCCURRENCE('NAUO183','Part 1','Part 1',#15721,
#15722,'');
#427=NEXT_ASSEMBLY_USAGE_OCCURRENCE('NAUO184','Part 1','Part 1',#15721,
#15722,'');
#428=NEXT_ASSEMBLY_USAGE_OCCURRENCE('NAUO185','Part 1','Part 1',#15721,
#15722,'');
#429=NEXT_ASSEMBLY_USAGE_OCCURRENCE('NAUO186','Part 2','Part 2',#15721,
#15734,'');
#430=NEXT_ASSEMBLY_USAGE_OCCURRENCE('NAUO187','Part 1','Part 1',#15721,
#15722,'');
#431=NEXT_ASSEMBLY_USAGE_OCCURRENCE('NAUO188','Part 1','Part 1',#15721,
#15722,'');
#432=NEXT_ASSEMBLY_USAGE_OCCURRENCE('NAUO189','Part 1','Part 1',#15721,
#15722,'');
#433=NEXT_ASSEMBLY_USAGE_OCCURRENCE('NAUO190','Part 1','Part 1',#15721,
#15722,'');
#434=NEXT_ASSEMBLY_USAGE_OCCURRENCE('NAUO191','Part 1','Part 1',#15721,
#15722,'');
#435=NEXT_ASSEMBLY_USAGE_OCCURRENCE('NAUO192','Part 1','Part 1',#15721,
#15722,'');
#436=NEXT_ASSEMBLY_USAGE_OCCURRENCE('NAUO193','Part 1','Part 1',#15721,
#15722,'');
#437=NEXT_ASSEMBLY_USAGE_OCCURRENCE('NAUO194','Part 1','Part 1',#15721,
#15722,'');
#438=NEXT_ASSEMBLY_USAGE_OCCURRENCE('NAUO195','Part 1','Part 1',#15721,
#15725,'');
#439=NEXT_ASSEMBLY_USAGE_OCCURRENCE('NAUO196','Part 1','Part 1',#15721,
#15723,'');
#440=NEXT_ASSEMBLY_USAGE_OCCURRENCE('NAUO197','Part 1','Part 1',#15721,
#15722,'');
#441=NEXT_ASSEMBLY_USAGE_OCCURRENCE('NAUO198','Part 1','Part 1',#15721,
#15731,'');
#442=NEXT_ASSEMBLY_USAGE_OCCURRENCE('NAUO199','Part 1','Part 1',#15721,
#15737,'');
#443=NEXT_ASSEMBLY_USAGE_OCCURRENCE('NAUO200','Part 1','Part 1',#15721,
#15722,'');
#444=NEXT_ASSEMBLY_USAGE_OCCURRENCE('NAUO201','Part 1','Part 1',#15721,
#15722,'');
#445=NEXT_ASSEMBLY_USAGE_OCCURRENCE('NAUO202','Part 1','Part 1',#15721,
#15722,'');
#446=NEXT_ASSEMBLY_USAGE_OCCURRENCE('NAUO203','Part 2','Part 2',#15721,
#15734,'');
#447=NEXT_ASSEMBLY_USAGE_OCCURRENCE('NAUO204','Part 1','Part 1',#15721,
#15725,'');
#448=NEXT_ASSEMBLY_USAGE_OCCURRENCE('NAUO205','Part 1','Part 1',#15721,
#15722,'');
#449=NEXT_ASSEMBLY_USAGE_OCCURRENCE('NAUO206','Part 1','Part 1',#15721,
#15722,'');
#450=NEXT_ASSEMBLY_USAGE_OCCURRENCE('NAUO207','Part 1','Part 1',#15721,
#15722,'');
#451=NEXT_ASSEMBLY_USAGE_OCCURRENCE('NAUO208','Part 1','Part 1',#15721,
#15732,'');
#452=NEXT_ASSEMBLY_USAGE_OCCURRENCE('NAUO209','Part 1','Part 1',#15721,
#15722,'');
#453=NEXT_ASSEMBLY_USAGE_OCCURRENCE('NAUO210','Part 1','Part 1',#15721,
#15722,'');
#454=NEXT_ASSEMBLY_USAGE_OCCURRENCE('NAUO211','Part 1','Part 1',#15721,
#15722,'');
#455=NEXT_ASSEMBLY_USAGE_OCCURRENCE('NAUO212','Part 1','Part 1',#15721,
#15722,'');
#456=NEXT_ASSEMBLY_USAGE_OCCURRENCE('NAUO213','Part 1','Part 1',#15721,
#15722,'');
#457=NEXT_ASSEMBLY_USAGE_OCCURRENCE('NAUO214','Part 1','Part 1',#15721,
#15729,'');
#458=NEXT_ASSEMBLY_USAGE_OCCURRENCE('NAUO215','Part 1','Part 1',#15721,
#15722,'');
#459=NEXT_ASSEMBLY_USAGE_OCCURRENCE('NAUO216','Part 1','Part 1',#15721,
#15725,'');
#460=NEXT_ASSEMBLY_USAGE_OCCURRENCE('NAUO217','Part 1','Part 1',#15721,
#15722,'');
#461=NEXT_ASSEMBLY_USAGE_OCCURRENCE('NAUO218','Part 1','Part 1',#15721,
#15739,'');
#462=NEXT_ASSEMBLY_USAGE_OCCURRENCE('NAUO219','Part 1','Part 1',#15721,
#15722,'');
#463=NEXT_ASSEMBLY_USAGE_OCCURRENCE('NAUO220','Part 1','Part 1',#15721,
#15740,'');
#464=NEXT_ASSEMBLY_USAGE_OCCURRENCE('NAUO221','Part 1','Part 1',#15721,
#15722,'');
#465=NEXT_ASSEMBLY_USAGE_OCCURRENCE('NAUO222','Part 1','Part 1',#15721,
#15732,'');
#466=NEXT_ASSEMBLY_USAGE_OCCURRENCE('NAUO223','Part 1','Part 1',#15721,
#15722,'');
#467=NEXT_ASSEMBLY_USAGE_OCCURRENCE('NAUO224','Part 1','Part 1',#15721,
#15722,'');
#468=NEXT_ASSEMBLY_USAGE_OCCURRENCE('NAUO225','Part 1','Part 1',#15721,
#15722,'');
#469=NEXT_ASSEMBLY_USAGE_OCCURRENCE('NAUO226','Part 1','Part 1',#15721,
#15740,'');
#470=NEXT_ASSEMBLY_USAGE_OCCURRENCE('NAUO227','Part 1','Part 1',#15721,
#15722,'');
#471=NEXT_ASSEMBLY_USAGE_OCCURRENCE('NAUO228','Part 2','Part 2',#15721,
#15734,'');
#472=(
REPRESENTATION_RELATIONSHIP(' ',' ',#9486,#9485)
REPRESENTATION_RELATIONSHIP_WITH_TRANSFORMATION(#700)
SHAPE_REPRESENTATION_RELATIONSHIP()
);
#473=(
REPRESENTATION_RELATIONSHIP(' ',' ',#9486,#9485)
REPRESENTATION_RELATIONSHIP_WITH_TRANSFORMATION(#701)
SHAPE_REPRESENTATION_RELATIONSHIP()
);
#474=(
REPRESENTATION_RELATIONSHIP(' ',' ',#9487,#9485)
REPRESENTATION_RELATIONSHIP_WITH_TRANSFORMATION(#702)
SHAPE_REPRESENTATION_RELATIONSHIP()
);
#475=(
REPRESENTATION_RELATIONSHIP(' ',' ',#9486,#9485)
REPRESENTATION_RELATIONSHIP_WITH_TRANSFORMATION(#703)
SHAPE_REPRESENTATION_RELATIONSHIP()
);
#476=(
REPRESENTATION_RELATIONSHIP(' ',' ',#9486,#9485)
REPRESENTATION_RELATIONSHIP_WITH_TRANSFORMATION(#704)
SHAPE_REPRESENTATION_RELATIONSHIP()
);
#477=(
REPRESENTATION_RELATIONSHIP(' ',' ',#9486,#9485)
REPRESENTATION_RELATIONSHIP_WITH_TRANSFORMATION(#705)
SHAPE_REPRESENTATION_RELATIONSHIP()
);
#478=(
REPRESENTATION_RELATIONSHIP(' ',' ',#9488,#9485)
REPRESENTATION_RELATIONSHIP_WITH_TRANSFORMATION(#706)
SHAPE_REPRESENTATION_RELATIONSHIP()
);
#479=(
REPRESENTATION_RELATIONSHIP(' ',' ',#9486,#9485)
REPRESENTATION_RELATIONSHIP_WITH_TRANSFORMATION(#707)
SHAPE_REPRESENTATION_RELATIONSHIP()
);
#480=(
REPRESENTATION_RELATIONSHIP(' ',' ',#9486,#9485)
REPRESENTATION_RELATIONSHIP_WITH_TRANSFORMATION(#708)
SHAPE_REPRESENTATION_RELATIONSHIP()
);
#481=(
REPRESENTATION_RELATIONSHIP(' ',' ',#9486,#9485)
REPRESENTATION_RELATIONSHIP_WITH_TRANSFORMATION(#709)
SHAPE_REPRESENTATION_RELATIONSHIP()
);
#482=(
REPRESENTATION_RELATIONSHIP(' ',' ',#9486,#9485)
REPRESENTATION_RELATIONSHIP_WITH_TRANSFORMATION(#710)
SHAPE_REPRESENTATION_RELATIONSHIP()
);
#483=(
REPRESENTATION_RELATIONSHIP(' ',' ',#9486,#9485)
REPRESENTATION_RELATIONSHIP_WITH_TRANSFORMATION(#711)
SHAPE_REPRESENTATION_RELATIONSHIP()
);
#484=(
REPRESENTATION_RELATIONSHIP(' ',' ',#9486,#9485)
REPRESENTATION_RELATIONSHIP_WITH_TRANSFORMATION(#712)
SHAPE_REPRESENTATION_RELATIONSHIP()
);
#485=(
REPRESENTATION_RELATIONSHIP(' ',' ',#9486,#9485)
REPRESENTATION_RELATIONSHIP_WITH_TRANSFORMATION(#713)
SHAPE_REPRESENTATION_RELATIONSHIP()
);
#486=(
REPRESENTATION_RELATIONSHIP(' ',' ',#9486,#9485)
REPRESENTATION_RELATIONSHIP_WITH_TRANSFORMATION(#714)
SHAPE_REPRESENTATION_RELATIONSHIP()
);
#487=(
REPRESENTATION_RELATIONSHIP(' ',' ',#9486,#9485)
REPRESENTATION_RELATIONSHIP_WITH_TRANSFORMATION(#715)
SHAPE_REPRESENTATION_RELATIONSHIP()
);
#488=(
REPRESENTATION_RELATIONSHIP(' ',' ',#9486,#9485)
REPRESENTATION_RELATIONSHIP_WITH_TRANSFORMATION(#716)
SHAPE_REPRESENTATION_RELATIONSHIP()
);
#489=(
REPRESENTATION_RELATIONSHIP(' ',' ',#9486,#9485)
REPRESENTATION_RELATIONSHIP_WITH_TRANSFORMATION(#717)
SHAPE_REPRESENTATION_RELATIONSHIP()
);
#490=(
REPRESENTATION_RELATIONSHIP(' ',' ',#9489,#9485)
REPRESENTATION_RELATIONSHIP_WITH_TRANSFORMATION(#718)
SHAPE_REPRESENTATION_RELATIONSHIP()
);
#491=(
REPRESENTATION_RELATIONSHIP(' ',' ',#9486,#9485)
REPRESENTATION_RELATIONSHIP_WITH_TRANSFORMATION(#719)
SHAPE_REPRESENTATION_RELATIONSHIP()
);
#492=(
REPRESENTATION_RELATIONSHIP(' ',' ',#9489,#9485)
REPRESENTATION_RELATIONSHIP_WITH_TRANSFORMATION(#720)
SHAPE_REPRESENTATION_RELATIONSHIP()
);
#493=(
REPRESENTATION_RELATIONSHIP(' ',' ',#9486,#9485)
REPRESENTATION_RELATIONSHIP_WITH_TRANSFORMATION(#721)
SHAPE_REPRESENTATION_RELATIONSHIP()
);
#494=(
REPRESENTATION_RELATIONSHIP(' ',' ',#9486,#9485)
REPRESENTATION_RELATIONSHIP_WITH_TRANSFORMATION(#722)
SHAPE_REPRESENTATION_RELATIONSHIP()
);
#495=(
REPRESENTATION_RELATIONSHIP(' ',' ',#9486,#9485)
REPRESENTATION_RELATIONSHIP_WITH_TRANSFORMATION(#723)
SHAPE_REPRESENTATION_RELATIONSHIP()
);
#496=(
REPRESENTATION_RELATIONSHIP(' ',' ',#9486,#9485)
REPRESENTATION_RELATIONSHIP_WITH_TRANSFORMATION(#724)
SHAPE_REPRESENTATION_RELATIONSHIP()
);
#497=(
REPRESENTATION_RELATIONSHIP(' ',' ',#9486,#9485)
REPRESENTATION_RELATIONSHIP_WITH_TRANSFORMATION(#725)
SHAPE_REPRESENTATION_RELATIONSHIP()
);
#498=(
REPRESENTATION_RELATIONSHIP(' ',' ',#9486,#9485)
REPRESENTATION_RELATIONSHIP_WITH_TRANSFORMATION(#726)
SHAPE_REPRESENTATION_RELATIONSHIP()
);
#499=(
REPRESENTATION_RELATIONSHIP(' ',' ',#9490,#9485)
REPRESENTATION_RELATIONSHIP_WITH_TRANSFORMATION(#727)
SHAPE_REPRESENTATION_RELATIONSHIP()
);
#500=(
REPRESENTATION_RELATIONSHIP(' ',' ',#9486,#9485)
REPRESENTATION_RELATIONSHIP_WITH_TRANSFORMATION(#728)
SHAPE_REPRESENTATION_RELATIONSHIP()
);
#501=(
REPRESENTATION_RELATIONSHIP(' ',' ',#9486,#9485)
REPRESENTATION_RELATIONSHIP_WITH_TRANSFORMATION(#729)
SHAPE_REPRESENTATION_RELATIONSHIP()
);
#502=(
REPRESENTATION_RELATIONSHIP(' ',' ',#9486,#9485)
REPRESENTATION_RELATIONSHIP_WITH_TRANSFORMATION(#730)
SHAPE_REPRESENTATION_RELATIONSHIP()
);
#503=(
REPRESENTATION_RELATIONSHIP(' ',' ',#9488,#9485)
REPRESENTATION_RELATIONSHIP_WITH_TRANSFORMATION(#731)
SHAPE_REPRESENTATION_RELATIONSHIP()
);
#504=(
REPRESENTATION_RELATIONSHIP(' ',' ',#9486,#9485)
REPRESENTATION_RELATIONSHIP_WITH_TRANSFORMATION(#732)
SHAPE_REPRESENTATION_RELATIONSHIP()
);
#505=(
REPRESENTATION_RELATIONSHIP(' ',' ',#9491,#9485)
REPRESENTATION_RELATIONSHIP_WITH_TRANSFORMATION(#733)
SHAPE_REPRESENTATION_RELATIONSHIP()
);
#506=(
REPRESENTATION_RELATIONSHIP(' ',' ',#9486,#9485)
REPRESENTATION_RELATIONSHIP_WITH_TRANSFORMATION(#734)
SHAPE_REPRESENTATION_RELATIONSHIP()
);
#507=(
REPRESENTATION_RELATIONSHIP(' ',' ',#9492,#9485)
REPRESENTATION_RELATIONSHIP_WITH_TRANSFORMATION(#735)
SHAPE_REPRESENTATION_RELATIONSHIP()
);
#508=(
REPRESENTATION_RELATIONSHIP(' ',' ',#9487,#9485)
REPRESENTATION_RELATIONSHIP_WITH_TRANSFORMATION(#736)
SHAPE_REPRESENTATION_RELATIONSHIP()
);
#509=(
REPRESENTATION_RELATIONSHIP(' ',' ',#9493,#9485)
REPRESENTATION_RELATIONSHIP_WITH_TRANSFORMATION(#737)
SHAPE_REPRESENTATION_RELATIONSHIP()
);
#510=(
REPRESENTATION_RELATIONSHIP(' ',' ',#9487,#9485)
REPRESENTATION_RELATIONSHIP_WITH_TRANSFORMATION(#738)
SHAPE_REPRESENTATION_RELATIONSHIP()
);
#511=(
REPRESENTATION_RELATIONSHIP(' ',' ',#9486,#9485)
REPRESENTATION_RELATIONSHIP_WITH_TRANSFORMATION(#739)
SHAPE_REPRESENTATION_RELATIONSHIP()
);
#512=(
REPRESENTATION_RELATIONSHIP(' ',' ',#9486,#9485)
REPRESENTATION_RELATIONSHIP_WITH_TRANSFORMATION(#740)
SHAPE_REPRESENTATION_RELATIONSHIP()
);
#513=(
REPRESENTATION_RELATIONSHIP(' ',' ',#9486,#9485)
REPRESENTATION_RELATIONSHIP_WITH_TRANSFORMATION(#741)
SHAPE_REPRESENTATION_RELATIONSHIP()
);
#514=(
REPRESENTATION_RELATIONSHIP(' ',' ',#9486,#9485)
REPRESENTATION_RELATIONSHIP_WITH_TRANSFORMATION(#742)
SHAPE_REPRESENTATION_RELATIONSHIP()
);
#515=(
REPRESENTATION_RELATIONSHIP(' ',' ',#9486,#9485)
REPRESENTATION_RELATIONSHIP_WITH_TRANSFORMATION(#743)
SHAPE_REPRESENTATION_RELATIONSHIP()
);
#516=(
REPRESENTATION_RELATIONSHIP(' ',' ',#9486,#9485)
REPRESENTATION_RELATIONSHIP_WITH_TRANSFORMATION(#744)
SHAPE_REPRESENTATION_RELATIONSHIP()
);
#517=(
REPRESENTATION_RELATIONSHIP(' ',' ',#9487,#9485)
REPRESENTATION_RELATIONSHIP_WITH_TRANSFORMATION(#745)
SHAPE_REPRESENTATION_RELATIONSHIP()
);
#518=(
REPRESENTATION_RELATIONSHIP(' ',' ',#9494,#9485)
REPRESENTATION_RELATIONSHIP_WITH_TRANSFORMATION(#746)
SHAPE_REPRESENTATION_RELATIONSHIP()
);
#519=(
REPRESENTATION_RELATIONSHIP(' ',' ',#9486,#9485)
REPRESENTATION_RELATIONSHIP_WITH_TRANSFORMATION(#747)
SHAPE_REPRESENTATION_RELATIONSHIP()
);
#520=(
REPRESENTATION_RELATIONSHIP(' ',' ',#9486,#9485)
REPRESENTATION_RELATIONSHIP_WITH_TRANSFORMATION(#748)
SHAPE_REPRESENTATION_RELATIONSHIP()
);
#521=(
REPRESENTATION_RELATIONSHIP(' ',' ',#9486,#9485)
REPRESENTATION_RELATIONSHIP_WITH_TRANSFORMATION(#749)
SHAPE_REPRESENTATION_RELATIONSHIP()
);
#522=(
REPRESENTATION_RELATIONSHIP(' ',' ',#9486,#9485)
REPRESENTATION_RELATIONSHIP_WITH_TRANSFORMATION(#750)
SHAPE_REPRESENTATION_RELATIONSHIP()
);
#523=(
REPRESENTATION_RELATIONSHIP(' ',' ',#9486,#9485)
REPRESENTATION_RELATIONSHIP_WITH_TRANSFORMATION(#751)
SHAPE_REPRESENTATION_RELATIONSHIP()
);
#524=(
REPRESENTATION_RELATIONSHIP(' ',' ',#9486,#9485)
REPRESENTATION_RELATIONSHIP_WITH_TRANSFORMATION(#752)
SHAPE_REPRESENTATION_RELATIONSHIP()
);
#525=(
REPRESENTATION_RELATIONSHIP(' ',' ',#9486,#9485)
REPRESENTATION_RELATIONSHIP_WITH_TRANSFORMATION(#753)
SHAPE_REPRESENTATION_RELATIONSHIP()
);
#526=(
REPRESENTATION_RELATIONSHIP(' ',' ',#9486,#9485)
REPRESENTATION_RELATIONSHIP_WITH_TRANSFORMATION(#754)
SHAPE_REPRESENTATION_RELATIONSHIP()
);
#527=(
REPRESENTATION_RELATIONSHIP(' ',' ',#9495,#9485)
REPRESENTATION_RELATIONSHIP_WITH_TRANSFORMATION(#755)
SHAPE_REPRESENTATION_RELATIONSHIP()
);
#528=(
REPRESENTATION_RELATIONSHIP(' ',' ',#9486,#9485)
REPRESENTATION_RELATIONSHIP_WITH_TRANSFORMATION(#756)
SHAPE_REPRESENTATION_RELATIONSHIP()
);
#529=(
REPRESENTATION_RELATIONSHIP(' ',' ',#9486,#9485)
REPRESENTATION_RELATIONSHIP_WITH_TRANSFORMATION(#757)
SHAPE_REPRESENTATION_RELATIONSHIP()
);
#530=(
REPRESENTATION_RELATIONSHIP(' ',' ',#9486,#9485)
REPRESENTATION_RELATIONSHIP_WITH_TRANSFORMATION(#758)
SHAPE_REPRESENTATION_RELATIONSHIP()
);
#531=(
REPRESENTATION_RELATIONSHIP(' ',' ',#9496,#9485)
REPRESENTATION_RELATIONSHIP_WITH_TRANSFORMATION(#759)
SHAPE_REPRESENTATION_RELATIONSHIP()
);
#532=(
REPRESENTATION_RELATIONSHIP(' ',' ',#9486,#9485)
REPRESENTATION_RELATIONSHIP_WITH_TRANSFORMATION(#760)
SHAPE_REPRESENTATION_RELATIONSHIP()
);
#533=(
REPRESENTATION_RELATIONSHIP(' ',' ',#9486,#9485)
REPRESENTATION_RELATIONSHIP_WITH_TRANSFORMATION(#761)
SHAPE_REPRESENTATION_RELATIONSHIP()
);
#534=(
REPRESENTATION_RELATIONSHIP(' ',' ',#9486,#9485)
REPRESENTATION_RELATIONSHIP_WITH_TRANSFORMATION(#762)
SHAPE_REPRESENTATION_RELATIONSHIP()
);
#535=(
REPRESENTATION_RELATIONSHIP(' ',' ',#9486,#9485)
REPRESENTATION_RELATIONSHIP_WITH_TRANSFORMATION(#763)
SHAPE_REPRESENTATION_RELATIONSHIP()
);
#536=(
REPRESENTATION_RELATIONSHIP(' ',' ',#9490,#9485)
REPRESENTATION_RELATIONSHIP_WITH_TRANSFORMATION(#764)
SHAPE_REPRESENTATION_RELATIONSHIP()
);
#537=(
REPRESENTATION_RELATIONSHIP(' ',' ',#9486,#9485)
REPRESENTATION_RELATIONSHIP_WITH_TRANSFORMATION(#765)
SHAPE_REPRESENTATION_RELATIONSHIP()
);
#538=(
REPRESENTATION_RELATIONSHIP(' ',' ',#9486,#9485)
REPRESENTATION_RELATIONSHIP_WITH_TRANSFORMATION(#766)
SHAPE_REPRESENTATION_RELATIONSHIP()
);
#539=(
REPRESENTATION_RELATIONSHIP(' ',' ',#9486,#9485)
REPRESENTATION_RELATIONSHIP_WITH_TRANSFORMATION(#767)
SHAPE_REPRESENTATION_RELATIONSHIP()
);
#540=(
REPRESENTATION_RELATIONSHIP(' ',' ',#9486,#9485)
REPRESENTATION_RELATIONSHIP_WITH_TRANSFORMATION(#768)
SHAPE_REPRESENTATION_RELATIONSHIP()
);
#541=(
REPRESENTATION_RELATIONSHIP(' ',' ',#9486,#9485)
REPRESENTATION_RELATIONSHIP_WITH_TRANSFORMATION(#769)
SHAPE_REPRESENTATION_RELATIONSHIP()
);
#542=(
REPRESENTATION_RELATIONSHIP(' ',' ',#9486,#9485)
REPRESENTATION_RELATIONSHIP_WITH_TRANSFORMATION(#770)
SHAPE_REPRESENTATION_RELATIONSHIP()
);
#543=(
REPRESENTATION_RELATIONSHIP(' ',' ',#9497,#9485)
REPRESENTATION_RELATIONSHIP_WITH_TRANSFORMATION(#771)
SHAPE_REPRESENTATION_RELATIONSHIP()
);
#544=(
REPRESENTATION_RELATIONSHIP(' ',' ',#9498,#9485)
REPRESENTATION_RELATIONSHIP_WITH_TRANSFORMATION(#772)
SHAPE_REPRESENTATION_RELATIONSHIP()
);
#545=(
REPRESENTATION_RELATIONSHIP(' ',' ',#9486,#9485)
REPRESENTATION_RELATIONSHIP_WITH_TRANSFORMATION(#773)
SHAPE_REPRESENTATION_RELATIONSHIP()
);
#546=(
REPRESENTATION_RELATIONSHIP(' ',' ',#9486,#9485)
REPRESENTATION_RELATIONSHIP_WITH_TRANSFORMATION(#774)
SHAPE_REPRESENTATION_RELATIONSHIP()
);
#547=(
REPRESENTATION_RELATIONSHIP(' ',' ',#9486,#9485)
REPRESENTATION_RELATIONSHIP_WITH_TRANSFORMATION(#775)
SHAPE_REPRESENTATION_RELATIONSHIP()
);
#548=(
REPRESENTATION_RELATIONSHIP(' ',' ',#9486,#9485)
REPRESENTATION_RELATIONSHIP_WITH_TRANSFORMATION(#776)
SHAPE_REPRESENTATION_RELATIONSHIP()
);
#549=(
REPRESENTATION_RELATIONSHIP(' ',' ',#9486,#9485)
REPRESENTATION_RELATIONSHIP_WITH_TRANSFORMATION(#777)
SHAPE_REPRESENTATION_RELATIONSHIP()
);
#550=(
REPRESENTATION_RELATIONSHIP(' ',' ',#9498,#9485)
REPRESENTATION_RELATIONSHIP_WITH_TRANSFORMATION(#778)
SHAPE_REPRESENTATION_RELATIONSHIP()
);
#551=(
REPRESENTATION_RELATIONSHIP(' ',' ',#9486,#9485)
REPRESENTATION_RELATIONSHIP_WITH_TRANSFORMATION(#779)
SHAPE_REPRESENTATION_RELATIONSHIP()
);
#552=(
REPRESENTATION_RELATIONSHIP(' ',' ',#9486,#9485)
REPRESENTATION_RELATIONSHIP_WITH_TRANSFORMATION(#780)
SHAPE_REPRESENTATION_RELATIONSHIP()
);
#553=(
REPRESENTATION_RELATIONSHIP(' ',' ',#9486,#9485)
REPRESENTATION_RELATIONSHIP_WITH_TRANSFORMATION(#781)
SHAPE_REPRESENTATION_RELATIONSHIP()
);
#554=(
REPRESENTATION_RELATIONSHIP(' ',' ',#9486,#9485)
REPRESENTATION_RELATIONSHIP_WITH_TRANSFORMATION(#782)
SHAPE_REPRESENTATION_RELATIONSHIP()
);
#555=(
REPRESENTATION_RELATIONSHIP(' ',' ',#9486,#9485)
REPRESENTATION_RELATIONSHIP_WITH_TRANSFORMATION(#783)
SHAPE_REPRESENTATION_RELATIONSHIP()
);
#556=(
REPRESENTATION_RELATIONSHIP(' ',' ',#9499,#9485)
REPRESENTATION_RELATIONSHIP_WITH_TRANSFORMATION(#784)
SHAPE_REPRESENTATION_RELATIONSHIP()
);
#557=(
REPRESENTATION_RELATIONSHIP(' ',' ',#9486,#9485)
REPRESENTATION_RELATIONSHIP_WITH_TRANSFORMATION(#785)
SHAPE_REPRESENTATION_RELATIONSHIP()
);
#558=(
REPRESENTATION_RELATIONSHIP(' ',' ',#9486,#9485)
REPRESENTATION_RELATIONSHIP_WITH_TRANSFORMATION(#786)
SHAPE_REPRESENTATION_RELATIONSHIP()
);
#559=(
REPRESENTATION_RELATIONSHIP(' ',' ',#9500,#9485)
REPRESENTATION_RELATIONSHIP_WITH_TRANSFORMATION(#787)
SHAPE_REPRESENTATION_RELATIONSHIP()
);
#560=(
REPRESENTATION_RELATIONSHIP(' ',' ',#9486,#9485)
REPRESENTATION_RELATIONSHIP_WITH_TRANSFORMATION(#788)
SHAPE_REPRESENTATION_RELATIONSHIP()
);
#561=(
REPRESENTATION_RELATIONSHIP(' ',' ',#9500,#9485)
REPRESENTATION_RELATIONSHIP_WITH_TRANSFORMATION(#789)
SHAPE_REPRESENTATION_RELATIONSHIP()
);
#562=(
REPRESENTATION_RELATIONSHIP(' ',' ',#9486,#9485)
REPRESENTATION_RELATIONSHIP_WITH_TRANSFORMATION(#790)
SHAPE_REPRESENTATION_RELATIONSHIP()
);
#563=(
REPRESENTATION_RELATIONSHIP(' ',' ',#9486,#9485)
REPRESENTATION_RELATIONSHIP_WITH_TRANSFORMATION(#791)
SHAPE_REPRESENTATION_RELATIONSHIP()
);
#564=(
REPRESENTATION_RELATIONSHIP(' ',' ',#9486,#9485)
REPRESENTATION_RELATIONSHIP_WITH_TRANSFORMATION(#792)
SHAPE_REPRESENTATION_RELATIONSHIP()
);
#565=(
REPRESENTATION_RELATIONSHIP(' ',' ',#9486,#9485)
REPRESENTATION_RELATIONSHIP_WITH_TRANSFORMATION(#793)
SHAPE_REPRESENTATION_RELATIONSHIP()
);
#566=(
REPRESENTATION_RELATIONSHIP(' ',' ',#9486,#9485)
REPRESENTATION_RELATIONSHIP_WITH_TRANSFORMATION(#794)
SHAPE_REPRESENTATION_RELATIONSHIP()
);
#567=(
REPRESENTATION_RELATIONSHIP(' ',' ',#9486,#9485)
REPRESENTATION_RELATIONSHIP_WITH_TRANSFORMATION(#795)
SHAPE_REPRESENTATION_RELATIONSHIP()
);
#568=(
REPRESENTATION_RELATIONSHIP(' ',' ',#9486,#9485)
REPRESENTATION_RELATIONSHIP_WITH_TRANSFORMATION(#796)
SHAPE_REPRESENTATION_RELATIONSHIP()
);
#569=(
REPRESENTATION_RELATIONSHIP(' ',' ',#9486,#9485)
REPRESENTATION_RELATIONSHIP_WITH_TRANSFORMATION(#797)
SHAPE_REPRESENTATION_RELATIONSHIP()
);
#570=(
REPRESENTATION_RELATIONSHIP(' ',' ',#9496,#9485)
REPRESENTATION_RELATIONSHIP_WITH_TRANSFORMATION(#798)
SHAPE_REPRESENTATION_RELATIONSHIP()
);
#571=(
REPRESENTATION_RELATIONSHIP(' ',' ',#9486,#9485)
REPRESENTATION_RELATIONSHIP_WITH_TRANSFORMATION(#799)
SHAPE_REPRESENTATION_RELATIONSHIP()
);
#572=(
REPRESENTATION_RELATIONSHIP(' ',' ',#9486,#9485)
REPRESENTATION_RELATIONSHIP_WITH_TRANSFORMATION(#800)
SHAPE_REPRESENTATION_RELATIONSHIP()
);
#573=(
REPRESENTATION_RELATIONSHIP(' ',' ',#9486,#9485)
REPRESENTATION_RELATIONSHIP_WITH_TRANSFORMATION(#801)
SHAPE_REPRESENTATION_RELATIONSHIP()
);
#574=(
REPRESENTATION_RELATIONSHIP(' ',' ',#9486,#9485)
REPRESENTATION_RELATIONSHIP_WITH_TRANSFORMATION(#802)
SHAPE_REPRESENTATION_RELATIONSHIP()
);
#575=(
REPRESENTATION_RELATIONSHIP(' ',' ',#9486,#9485)
REPRESENTATION_RELATIONSHIP_WITH_TRANSFORMATION(#803)
SHAPE_REPRESENTATION_RELATIONSHIP()
);
#576=(
REPRESENTATION_RELATIONSHIP(' ',' ',#9492,#9485)
REPRESENTATION_RELATIONSHIP_WITH_TRANSFORMATION(#804)
SHAPE_REPRESENTATION_RELATIONSHIP()
);
#577=(
REPRESENTATION_RELATIONSHIP(' ',' ',#9486,#9485)
REPRESENTATION_RELATIONSHIP_WITH_TRANSFORMATION(#805)
SHAPE_REPRESENTATION_RELATIONSHIP()
);
#578=(
REPRESENTATION_RELATIONSHIP(' ',' ',#9486,#9485)
REPRESENTATION_RELATIONSHIP_WITH_TRANSFORMATION(#806)
SHAPE_REPRESENTATION_RELATIONSHIP()
);
#579=(
REPRESENTATION_RELATIONSHIP(' ',' ',#9501,#9485)
REPRESENTATION_RELATIONSHIP_WITH_TRANSFORMATION(#807)
SHAPE_REPRESENTATION_RELATIONSHIP()
);
#580=(
REPRESENTATION_RELATIONSHIP(' ',' ',#9486,#9485)
REPRESENTATION_RELATIONSHIP_WITH_TRANSFORMATION(#808)
SHAPE_REPRESENTATION_RELATIONSHIP()
);
#581=(
REPRESENTATION_RELATIONSHIP(' ',' ',#9486,#9485)
REPRESENTATION_RELATIONSHIP_WITH_TRANSFORMATION(#809)
SHAPE_REPRESENTATION_RELATIONSHIP()
);
#582=(
REPRESENTATION_RELATIONSHIP(' ',' ',#9486,#9485)
REPRESENTATION_RELATIONSHIP_WITH_TRANSFORMATION(#810)
SHAPE_REPRESENTATION_RELATIONSHIP()
);
#583=(
REPRESENTATION_RELATIONSHIP(' ',' ',#9486,#9485)
REPRESENTATION_RELATIONSHIP_WITH_TRANSFORMATION(#811)
SHAPE_REPRESENTATION_RELATIONSHIP()
);
#584=(
REPRESENTATION_RELATIONSHIP(' ',' ',#9486,#9485)
REPRESENTATION_RELATIONSHIP_WITH_TRANSFORMATION(#812)
SHAPE_REPRESENTATION_RELATIONSHIP()
);
#585=(
REPRESENTATION_RELATIONSHIP(' ',' ',#9486,#9485)
REPRESENTATION_RELATIONSHIP_WITH_TRANSFORMATION(#813)
SHAPE_REPRESENTATION_RELATIONSHIP()
);
#586=(
REPRESENTATION_RELATIONSHIP(' ',' ',#9486,#9485)
REPRESENTATION_RELATIONSHIP_WITH_TRANSFORMATION(#814)
SHAPE_REPRESENTATION_RELATIONSHIP()
);
#587=(
REPRESENTATION_RELATIONSHIP(' ',' ',#9486,#9485)
REPRESENTATION_RELATIONSHIP_WITH_TRANSFORMATION(#815)
SHAPE_REPRESENTATION_RELATIONSHIP()
);
#588=(
REPRESENTATION_RELATIONSHIP(' ',' ',#9486,#9485)
REPRESENTATION_RELATIONSHIP_WITH_TRANSFORMATION(#816)
SHAPE_REPRESENTATION_RELATIONSHIP()
);
#589=(
REPRESENTATION_RELATIONSHIP(' ',' ',#9486,#9485)
REPRESENTATION_RELATIONSHIP_WITH_TRANSFORMATION(#817)
SHAPE_REPRESENTATION_RELATIONSHIP()
);
#590=(
REPRESENTATION_RELATIONSHIP(' ',' ',#9486,#9485)
REPRESENTATION_RELATIONSHIP_WITH_TRANSFORMATION(#818)
SHAPE_REPRESENTATION_RELATIONSHIP()
);
#591=(
REPRESENTATION_RELATIONSHIP(' ',' ',#9486,#9485)
REPRESENTATION_RELATIONSHIP_WITH_TRANSFORMATION(#819)
SHAPE_REPRESENTATION_RELATIONSHIP()
);
#592=(
REPRESENTATION_RELATIONSHIP(' ',' ',#9486,#9485)
REPRESENTATION_RELATIONSHIP_WITH_TRANSFORMATION(#820)
SHAPE_REPRESENTATION_RELATIONSHIP()
);
#593=(
REPRESENTATION_RELATIONSHIP(' ',' ',#9489,#9485)
REPRESENTATION_RELATIONSHIP_WITH_TRANSFORMATION(#821)
SHAPE_REPRESENTATION_RELATIONSHIP()
);
#594=(
REPRESENTATION_RELATIONSHIP(' ',' ',#9486,#9485)
REPRESENTATION_RELATIONSHIP_WITH_TRANSFORMATION(#822)
SHAPE_REPRESENTATION_RELATIONSHIP()
);
#595=(
REPRESENTATION_RELATIONSHIP(' ',' ',#9486,#9485)
REPRESENTATION_RELATIONSHIP_WITH_TRANSFORMATION(#823)
SHAPE_REPRESENTATION_RELATIONSHIP()
);
#596=(
REPRESENTATION_RELATIONSHIP(' ',' ',#9486,#9485)
REPRESENTATION_RELATIONSHIP_WITH_TRANSFORMATION(#824)
SHAPE_REPRESENTATION_RELATIONSHIP()
);
#597=(
REPRESENTATION_RELATIONSHIP(' ',' ',#9486,#9485)
REPRESENTATION_RELATIONSHIP_WITH_TRANSFORMATION(#825)
SHAPE_REPRESENTATION_RELATIONSHIP()
);
#598=(
REPRESENTATION_RELATIONSHIP(' ',' ',#9486,#9485)
REPRESENTATION_RELATIONSHIP_WITH_TRANSFORMATION(#826)
SHAPE_REPRESENTATION_RELATIONSHIP()
);
#599=(
REPRESENTATION_RELATIONSHIP(' ',' ',#9486,#9485)
REPRESENTATION_RELATIONSHIP_WITH_TRANSFORMATION(#827)
SHAPE_REPRESENTATION_RELATIONSHIP()
);
#600=(
REPRESENTATION_RELATIONSHIP(' ',' ',#9486,#9485)
REPRESENTATION_RELATIONSHIP_WITH_TRANSFORMATION(#828)
SHAPE_REPRESENTATION_RELATIONSHIP()
);
#601=(
REPRESENTATION_RELATIONSHIP(' ',' ',#9502,#9485)
REPRESENTATION_RELATIONSHIP_WITH_TRANSFORMATION(#829)
SHAPE_REPRESENTATION_RELATIONSHIP()
);
#602=(
REPRESENTATION_RELATIONSHIP(' ',' ',#9486,#9485)
REPRESENTATION_RELATIONSHIP_WITH_TRANSFORMATION(#830)
SHAPE_REPRESENTATION_RELATIONSHIP()
);
#603=(
REPRESENTATION_RELATIONSHIP(' ',' ',#9486,#9485)
REPRESENTATION_RELATIONSHIP_WITH_TRANSFORMATION(#831)
SHAPE_REPRESENTATION_RELATIONSHIP()
);
#604=(
REPRESENTATION_RELATIONSHIP(' ',' ',#9486,#9485)
REPRESENTATION_RELATIONSHIP_WITH_TRANSFORMATION(#832)
SHAPE_REPRESENTATION_RELATIONSHIP()
);
#605=(
REPRESENTATION_RELATIONSHIP(' ',' ',#9486,#9485)
REPRESENTATION_RELATIONSHIP_WITH_TRANSFORMATION(#833)
SHAPE_REPRESENTATION_RELATIONSHIP()
);
#606=(
REPRESENTATION_RELATIONSHIP(' ',' ',#9486,#9485)
REPRESENTATION_RELATIONSHIP_WITH_TRANSFORMATION(#834)
SHAPE_REPRESENTATION_RELATIONSHIP()
);
#607=(
REPRESENTATION_RELATIONSHIP(' ',' ',#9486,#9485)
REPRESENTATION_RELATIONSHIP_WITH_TRANSFORMATION(#835)
SHAPE_REPRESENTATION_RELATIONSHIP()
);
#608=(
REPRESENTATION_RELATIONSHIP(' ',' ',#9497,#9485)
REPRESENTATION_RELATIONSHIP_WITH_TRANSFORMATION(#836)
SHAPE_REPRESENTATION_RELATIONSHIP()
);
#609=(
REPRESENTATION_RELATIONSHIP(' ',' ',#9486,#9485)
REPRESENTATION_RELATIONSHIP_WITH_TRANSFORMATION(#837)
SHAPE_REPRESENTATION_RELATIONSHIP()
);
#610=(
REPRESENTATION_RELATIONSHIP(' ',' ',#9486,#9485)
REPRESENTATION_RELATIONSHIP_WITH_TRANSFORMATION(#838)
SHAPE_REPRESENTATION_RELATIONSHIP()
);
#611=(
REPRESENTATION_RELATIONSHIP(' ',' ',#9486,#9485)
REPRESENTATION_RELATIONSHIP_WITH_TRANSFORMATION(#839)
SHAPE_REPRESENTATION_RELATIONSHIP()
);
#612=(
REPRESENTATION_RELATIONSHIP(' ',' ',#9486,#9485)
REPRESENTATION_RELATIONSHIP_WITH_TRANSFORMATION(#840)
SHAPE_REPRESENTATION_RELATIONSHIP()
);
#613=(
REPRESENTATION_RELATIONSHIP(' ',' ',#9486,#9485)
REPRESENTATION_RELATIONSHIP_WITH_TRANSFORMATION(#841)
SHAPE_REPRESENTATION_RELATIONSHIP()
);
#614=(
REPRESENTATION_RELATIONSHIP(' ',' ',#9486,#9485)
REPRESENTATION_RELATIONSHIP_WITH_TRANSFORMATION(#842)
SHAPE_REPRESENTATION_RELATIONSHIP()
);
#615=(
REPRESENTATION_RELATIONSHIP(' ',' ',#9486,#9485)
REPRESENTATION_RELATIONSHIP_WITH_TRANSFORMATION(#843)
SHAPE_REPRESENTATION_RELATIONSHIP()
);
#616=(
REPRESENTATION_RELATIONSHIP(' ',' ',#9486,#9485)
REPRESENTATION_RELATIONSHIP_WITH_TRANSFORMATION(#844)
SHAPE_REPRESENTATION_RELATIONSHIP()
);
#617=(
REPRESENTATION_RELATIONSHIP(' ',' ',#9502,#9485)
REPRESENTATION_RELATIONSHIP_WITH_TRANSFORMATION(#845)
SHAPE_REPRESENTATION_RELATIONSHIP()
);
#618=(
REPRESENTATION_RELATIONSHIP(' ',' ',#9486,#9485)
REPRESENTATION_RELATIONSHIP_WITH_TRANSFORMATION(#846)
SHAPE_REPRESENTATION_RELATIONSHIP()
);
#619=(
REPRESENTATION_RELATIONSHIP(' ',' ',#9492,#9485)
REPRESENTATION_RELATIONSHIP_WITH_TRANSFORMATION(#847)
SHAPE_REPRESENTATION_RELATIONSHIP()
);
#620=(
REPRESENTATION_RELATIONSHIP(' ',' ',#9486,#9485)
REPRESENTATION_RELATIONSHIP_WITH_TRANSFORMATION(#848)
SHAPE_REPRESENTATION_RELATIONSHIP()
);
#621=(
REPRESENTATION_RELATIONSHIP(' ',' ',#9486,#9485)
REPRESENTATION_RELATIONSHIP_WITH_TRANSFORMATION(#849)
SHAPE_REPRESENTATION_RELATIONSHIP()
);
#622=(
REPRESENTATION_RELATIONSHIP(' ',' ',#9486,#9485)
REPRESENTATION_RELATIONSHIP_WITH_TRANSFORMATION(#850)
SHAPE_REPRESENTATION_RELATIONSHIP()
);
#623=(
REPRESENTATION_RELATIONSHIP(' ',' ',#9486,#9485)
REPRESENTATION_RELATIONSHIP_WITH_TRANSFORMATION(#851)
SHAPE_REPRESENTATION_RELATIONSHIP()
);
#624=(
REPRESENTATION_RELATIONSHIP(' ',' ',#9486,#9485)
REPRESENTATION_RELATIONSHIP_WITH_TRANSFORMATION(#852)
SHAPE_REPRESENTATION_RELATIONSHIP()
);
#625=(
REPRESENTATION_RELATIONSHIP(' ',' ',#9486,#9485)
REPRESENTATION_RELATIONSHIP_WITH_TRANSFORMATION(#853)
SHAPE_REPRESENTATION_RELATIONSHIP()
);
#626=(
REPRESENTATION_RELATIONSHIP(' ',' ',#9486,#9485)
REPRESENTATION_RELATIONSHIP_WITH_TRANSFORMATION(#854)
SHAPE_REPRESENTATION_RELATIONSHIP()
);
#627=(
REPRESENTATION_RELATIONSHIP(' ',' ',#9486,#9485)
REPRESENTATION_RELATIONSHIP_WITH_TRANSFORMATION(#855)
SHAPE_REPRESENTATION_RELATIONSHIP()
);
#628=(
REPRESENTATION_RELATIONSHIP(' ',' ',#9486,#9485)
REPRESENTATION_RELATIONSHIP_WITH_TRANSFORMATION(#856)
SHAPE_REPRESENTATION_RELATIONSHIP()
);
#629=(
REPRESENTATION_RELATIONSHIP(' ',' ',#9486,#9485)
REPRESENTATION_RELATIONSHIP_WITH_TRANSFORMATION(#857)
SHAPE_REPRESENTATION_RELATIONSHIP()
);
#630=(
REPRESENTATION_RELATIONSHIP(' ',' ',#9486,#9485)
REPRESENTATION_RELATIONSHIP_WITH_TRANSFORMATION(#858)
SHAPE_REPRESENTATION_RELATIONSHIP()
);
#631=(
REPRESENTATION_RELATIONSHIP(' ',' ',#9494,#9485)
REPRESENTATION_RELATIONSHIP_WITH_TRANSFORMATION(#859)
SHAPE_REPRESENTATION_RELATIONSHIP()
);
#632=(
REPRESENTATION_RELATIONSHIP(' ',' ',#9486,#9485)
REPRESENTATION_RELATIONSHIP_WITH_TRANSFORMATION(#860)
SHAPE_REPRESENTATION_RELATIONSHIP()
);
#633=(
REPRESENTATION_RELATIONSHIP(' ',' ',#9486,#9485)
REPRESENTATION_RELATIONSHIP_WITH_TRANSFORMATION(#861)
SHAPE_REPRESENTATION_RELATIONSHIP()
);
#634=(
REPRESENTATION_RELATIONSHIP(' ',' ',#9486,#9485)
REPRESENTATION_RELATIONSHIP_WITH_TRANSFORMATION(#862)
SHAPE_REPRESENTATION_RELATIONSHIP()
);
#635=(
REPRESENTATION_RELATIONSHIP(' ',' ',#9486,#9485)
REPRESENTATION_RELATIONSHIP_WITH_TRANSFORMATION(#863)
SHAPE_REPRESENTATION_RELATIONSHIP()
);
#636=(
REPRESENTATION_RELATIONSHIP(' ',' ',#9486,#9485)
REPRESENTATION_RELATIONSHIP_WITH_TRANSFORMATION(#864)
SHAPE_REPRESENTATION_RELATIONSHIP()
);
#637=(
REPRESENTATION_RELATIONSHIP(' ',' ',#9486,#9485)
REPRESENTATION_RELATIONSHIP_WITH_TRANSFORMATION(#865)
SHAPE_REPRESENTATION_RELATIONSHIP()
);
#638=(
REPRESENTATION_RELATIONSHIP(' ',' ',#9498,#9485)
REPRESENTATION_RELATIONSHIP_WITH_TRANSFORMATION(#866)
SHAPE_REPRESENTATION_RELATIONSHIP()
);
#639=(
REPRESENTATION_RELATIONSHIP(' ',' ',#9486,#9485)
REPRESENTATION_RELATIONSHIP_WITH_TRANSFORMATION(#867)
SHAPE_REPRESENTATION_RELATIONSHIP()
);
#640=(
REPRESENTATION_RELATIONSHIP(' ',' ',#9486,#9485)
REPRESENTATION_RELATIONSHIP_WITH_TRANSFORMATION(#868)
SHAPE_REPRESENTATION_RELATIONSHIP()
);
#641=(
REPRESENTATION_RELATIONSHIP(' ',' ',#9486,#9485)
REPRESENTATION_RELATIONSHIP_WITH_TRANSFORMATION(#869)
SHAPE_REPRESENTATION_RELATIONSHIP()
);
#642=(
REPRESENTATION_RELATIONSHIP(' ',' ',#9486,#9485)
REPRESENTATION_RELATIONSHIP_WITH_TRANSFORMATION(#870)
SHAPE_REPRESENTATION_RELATIONSHIP()
);
#643=(
REPRESENTATION_RELATIONSHIP(' ',' ',#9486,#9485)
REPRESENTATION_RELATIONSHIP_WITH_TRANSFORMATION(#871)
SHAPE_REPRESENTATION_RELATIONSHIP()
);
#644=(
REPRESENTATION_RELATIONSHIP(' ',' ',#9503,#9485)
REPRESENTATION_RELATIONSHIP_WITH_TRANSFORMATION(#872)
SHAPE_REPRESENTATION_RELATIONSHIP()
);
#645=(
REPRESENTATION_RELATIONSHIP(' ',' ',#9492,#9485)
REPRESENTATION_RELATIONSHIP_WITH_TRANSFORMATION(#873)
SHAPE_REPRESENTATION_RELATIONSHIP()
);
#646=(
REPRESENTATION_RELATIONSHIP(' ',' ',#9486,#9485)
REPRESENTATION_RELATIONSHIP_WITH_TRANSFORMATION(#874)
SHAPE_REPRESENTATION_RELATIONSHIP()
);
#647=(
REPRESENTATION_RELATIONSHIP(' ',' ',#9486,#9485)
REPRESENTATION_RELATIONSHIP_WITH_TRANSFORMATION(#875)
SHAPE_REPRESENTATION_RELATIONSHIP()
);
#648=(
REPRESENTATION_RELATIONSHIP(' ',' ',#9486,#9485)
REPRESENTATION_RELATIONSHIP_WITH_TRANSFORMATION(#876)
SHAPE_REPRESENTATION_RELATIONSHIP()
);
#649=(
REPRESENTATION_RELATIONSHIP(' ',' ',#9487,#9485)
REPRESENTATION_RELATIONSHIP_WITH_TRANSFORMATION(#877)
SHAPE_REPRESENTATION_RELATIONSHIP()
);
#650=(
REPRESENTATION_RELATIONSHIP(' ',' ',#9486,#9485)
REPRESENTATION_RELATIONSHIP_WITH_TRANSFORMATION(#878)
SHAPE_REPRESENTATION_RELATIONSHIP()
);
#651=(
REPRESENTATION_RELATIONSHIP(' ',' ',#9486,#9485)
REPRESENTATION_RELATIONSHIP_WITH_TRANSFORMATION(#879)
SHAPE_REPRESENTATION_RELATIONSHIP()
);
#652=(
REPRESENTATION_RELATIONSHIP(' ',' ',#9486,#9485)
REPRESENTATION_RELATIONSHIP_WITH_TRANSFORMATION(#880)
SHAPE_REPRESENTATION_RELATIONSHIP()
);
#653=(
REPRESENTATION_RELATIONSHIP(' ',' ',#9486,#9485)
REPRESENTATION_RELATIONSHIP_WITH_TRANSFORMATION(#881)
SHAPE_REPRESENTATION_RELATIONSHIP()
);
#654=(
REPRESENTATION_RELATIONSHIP(' ',' ',#9486,#9485)
REPRESENTATION_RELATIONSHIP_WITH_TRANSFORMATION(#882)
SHAPE_REPRESENTATION_RELATIONSHIP()
);
#655=(
REPRESENTATION_RELATIONSHIP(' ',' ',#9486,#9485)
REPRESENTATION_RELATIONSHIP_WITH_TRANSFORMATION(#883)
SHAPE_REPRESENTATION_RELATIONSHIP()
);
#656=(
REPRESENTATION_RELATIONSHIP(' ',' ',#9486,#9485)
REPRESENTATION_RELATIONSHIP_WITH_TRANSFORMATION(#884)
SHAPE_REPRESENTATION_RELATIONSHIP()
);
#657=(
REPRESENTATION_RELATIONSHIP(' ',' ',#9498,#9485)
REPRESENTATION_RELATIONSHIP_WITH_TRANSFORMATION(#885)
SHAPE_REPRESENTATION_RELATIONSHIP()
);
#658=(
REPRESENTATION_RELATIONSHIP(' ',' ',#9486,#9485)
REPRESENTATION_RELATIONSHIP_WITH_TRANSFORMATION(#886)
SHAPE_REPRESENTATION_RELATIONSHIP()
);
#659=(
REPRESENTATION_RELATIONSHIP(' ',' ',#9486,#9485)
REPRESENTATION_RELATIONSHIP_WITH_TRANSFORMATION(#887)
SHAPE_REPRESENTATION_RELATIONSHIP()
);
#660=(
REPRESENTATION_RELATIONSHIP(' ',' ',#9486,#9485)
REPRESENTATION_RELATIONSHIP_WITH_TRANSFORMATION(#888)
SHAPE_REPRESENTATION_RELATIONSHIP()
);
#661=(
REPRESENTATION_RELATIONSHIP(' ',' ',#9486,#9485)
REPRESENTATION_RELATIONSHIP_WITH_TRANSFORMATION(#889)
SHAPE_REPRESENTATION_RELATIONSHIP()
);
#662=(
REPRESENTATION_RELATIONSHIP(' ',' ',#9486,#9485)
REPRESENTATION_RELATIONSHIP_WITH_TRANSFORMATION(#890)
SHAPE_REPRESENTATION_RELATIONSHIP()
);
#663=(
REPRESENTATION_RELATIONSHIP(' ',' ',#9486,#9485)
REPRESENTATION_RELATIONSHIP_WITH_TRANSFORMATION(#891)
SHAPE_REPRESENTATION_RELATIONSHIP()
);
#664=(
REPRESENTATION_RELATIONSHIP(' ',' ',#9486,#9485)
REPRESENTATION_RELATIONSHIP_WITH_TRANSFORMATION(#892)
SHAPE_REPRESENTATION_RELATIONSHIP()
);
#665=(
REPRESENTATION_RELATIONSHIP(' ',' ',#9486,#9485)
REPRESENTATION_RELATIONSHIP_WITH_TRANSFORMATION(#893)
SHAPE_REPRESENTATION_RELATIONSHIP()
);
#666=(
REPRESENTATION_RELATIONSHIP(' ',' ',#9489,#9485)
REPRESENTATION_RELATIONSHIP_WITH_TRANSFORMATION(#894)
SHAPE_REPRESENTATION_RELATIONSHIP()
);
#667=(
REPRESENTATION_RELATIONSHIP(' ',' ',#9487,#9485)
REPRESENTATION_RELATIONSHIP_WITH_TRANSFORMATION(#895)
SHAPE_REPRESENTATION_RELATIONSHIP()
);
#668=(
REPRESENTATION_RELATIONSHIP(' ',' ',#9486,#9485)
REPRESENTATION_RELATIONSHIP_WITH_TRANSFORMATION(#896)
SHAPE_REPRESENTATION_RELATIONSHIP()
);
#669=(
REPRESENTATION_RELATIONSHIP(' ',' ',#9495,#9485)
REPRESENTATION_RELATIONSHIP_WITH_TRANSFORMATION(#897)
SHAPE_REPRESENTATION_RELATIONSHIP()
);
#670=(
REPRESENTATION_RELATIONSHIP(' ',' ',#9501,#9485)
REPRESENTATION_RELATIONSHIP_WITH_TRANSFORMATION(#898)
SHAPE_REPRESENTATION_RELATIONSHIP()
);
#671=(
REPRESENTATION_RELATIONSHIP(' ',' ',#9486,#9485)
REPRESENTATION_RELATIONSHIP_WITH_TRANSFORMATION(#899)
SHAPE_REPRESENTATION_RELATIONSHIP()
);
#672=(
REPRESENTATION_RELATIONSHIP(' ',' ',#9486,#9485)
REPRESENTATION_RELATIONSHIP_WITH_TRANSFORMATION(#900)
SHAPE_REPRESENTATION_RELATIONSHIP()
);
#673=(
REPRESENTATION_RELATIONSHIP(' ',' ',#9486,#9485)
REPRESENTATION_RELATIONSHIP_WITH_TRANSFORMATION(#901)
SHAPE_REPRESENTATION_RELATIONSHIP()
);
#674=(
REPRESENTATION_RELATIONSHIP(' ',' ',#9498,#9485)
REPRESENTATION_RELATIONSHIP_WITH_TRANSFORMATION(#902)
SHAPE_REPRESENTATION_RELATIONSHIP()
);
#675=(
REPRESENTATION_RELATIONSHIP(' ',' ',#9489,#9485)
REPRESENTATION_RELATIONSHIP_WITH_TRANSFORMATION(#903)
SHAPE_REPRESENTATION_RELATIONSHIP()
);
#676=(
REPRESENTATION_RELATIONSHIP(' ',' ',#9486,#9485)
REPRESENTATION_RELATIONSHIP_WITH_TRANSFORMATION(#904)
SHAPE_REPRESENTATION_RELATIONSHIP()
);
#677=(
REPRESENTATION_RELATIONSHIP(' ',' ',#9486,#9485)
REPRESENTATION_RELATIONSHIP_WITH_TRANSFORMATION(#905)
SHAPE_REPRESENTATION_RELATIONSHIP()
);
#678=(
REPRESENTATION_RELATIONSHIP(' ',' ',#9486,#9485)
REPRESENTATION_RELATIONSHIP_WITH_TRANSFORMATION(#906)
SHAPE_REPRESENTATION_RELATIONSHIP()
);
#679=(
REPRESENTATION_RELATIONSHIP(' ',' ',#9496,#9485)
REPRESENTATION_RELATIONSHIP_WITH_TRANSFORMATION(#907)
SHAPE_REPRESENTATION_RELATIONSHIP()
);
#680=(
REPRESENTATION_RELATIONSHIP(' ',' ',#9486,#9485)
REPRESENTATION_RELATIONSHIP_WITH_TRANSFORMATION(#908)
SHAPE_REPRESENTATION_RELATIONSHIP()
);
#681=(
REPRESENTATION_RELATIONSHIP(' ',' ',#9486,#9485)
REPRESENTATION_RELATIONSHIP_WITH_TRANSFORMATION(#909)
SHAPE_REPRESENTATION_RELATIONSHIP()
);
#682=(
REPRESENTATION_RELATIONSHIP(' ',' ',#9486,#9485)
REPRESENTATION_RELATIONSHIP_WITH_TRANSFORMATION(#910)
SHAPE_REPRESENTATION_RELATIONSHIP()
);
#683=(
REPRESENTATION_RELATIONSHIP(' ',' ',#9486,#9485)
REPRESENTATION_RELATIONSHIP_WITH_TRANSFORMATION(#911)
SHAPE_REPRESENTATION_RELATIONSHIP()
);
#684=(
REPRESENTATION_RELATIONSHIP(' ',' ',#9486,#9485)
REPRESENTATION_RELATIONSHIP_WITH_TRANSFORMATION(#912)
SHAPE_REPRESENTATION_RELATIONSHIP()
);
#685=(
REPRESENTATION_RELATIONSHIP(' ',' ',#9493,#9485)
REPRESENTATION_RELATIONSHIP_WITH_TRANSFORMATION(#913)
SHAPE_REPRESENTATION_RELATIONSHIP()
);
#686=(
REPRESENTATION_RELATIONSHIP(' ',' ',#9486,#9485)
REPRESENTATION_RELATIONSHIP_WITH_TRANSFORMATION(#914)
SHAPE_REPRESENTATION_RELATIONSHIP()
);
#687=(
REPRESENTATION_RELATIONSHIP(' ',' ',#9489,#9485)
REPRESENTATION_RELATIONSHIP_WITH_TRANSFORMATION(#915)
SHAPE_REPRESENTATION_RELATIONSHIP()
);
#688=(
REPRESENTATION_RELATIONSHIP(' ',' ',#9486,#9485)
REPRESENTATION_RELATIONSHIP_WITH_TRANSFORMATION(#916)
SHAPE_REPRESENTATION_RELATIONSHIP()
);
#689=(
REPRESENTATION_RELATIONSHIP(' ',' ',#9503,#9485)
REPRESENTATION_RELATIONSHIP_WITH_TRANSFORMATION(#917)
SHAPE_REPRESENTATION_RELATIONSHIP()
);
#690=(
REPRESENTATION_RELATIONSHIP(' ',' ',#9486,#9485)
REPRESENTATION_RELATIONSHIP_WITH_TRANSFORMATION(#918)
SHAPE_REPRESENTATION_RELATIONSHIP()
);
#691=(
REPRESENTATION_RELATIONSHIP(' ',' ',#9504,#9485)
REPRESENTATION_RELATIONSHIP_WITH_TRANSFORMATION(#919)
SHAPE_REPRESENTATION_RELATIONSHIP()
);
#692=(
REPRESENTATION_RELATIONSHIP(' ',' ',#9486,#9485)
REPRESENTATION_RELATIONSHIP_WITH_TRANSFORMATION(#920)
SHAPE_REPRESENTATION_RELATIONSHIP()
);
#693=(
REPRESENTATION_RELATIONSHIP(' ',' ',#9496,#9485)
REPRESENTATION_RELATIONSHIP_WITH_TRANSFORMATION(#921)
SHAPE_REPRESENTATION_RELATIONSHIP()
);
#694=(
REPRESENTATION_RELATIONSHIP(' ',' ',#9486,#9485)
REPRESENTATION_RELATIONSHIP_WITH_TRANSFORMATION(#922)
SHAPE_REPRESENTATION_RELATIONSHIP()
);
#695=(
REPRESENTATION_RELATIONSHIP(' ',' ',#9486,#9485)
REPRESENTATION_RELATIONSHIP_WITH_TRANSFORMATION(#923)
SHAPE_REPRESENTATION_RELATIONSHIP()
);
#696=(
REPRESENTATION_RELATIONSHIP(' ',' ',#9486,#9485)
REPRESENTATION_RELATIONSHIP_WITH_TRANSFORMATION(#924)
SHAPE_REPRESENTATION_RELATIONSHIP()
);
#697=(
REPRESENTATION_RELATIONSHIP(' ',' ',#9504,#9485)
REPRESENTATION_RELATIONSHIP_WITH_TRANSFORMATION(#925)
SHAPE_REPRESENTATION_RELATIONSHIP()
);
#698=(
REPRESENTATION_RELATIONSHIP(' ',' ',#9486,#9485)
REPRESENTATION_RELATIONSHIP_WITH_TRANSFORMATION(#926)
SHAPE_REPRESENTATION_RELATIONSHIP()
);
#699=(
REPRESENTATION_RELATIONSHIP(' ',' ',#9498,#9485)
REPRESENTATION_RELATIONSHIP_WITH_TRANSFORMATION(#927)
SHAPE_REPRESENTATION_RELATIONSHIP()
);
#700=ITEM_DEFINED_TRANSFORMATION(' ',' ',#9505,#9533);
#701=ITEM_DEFINED_TRANSFORMATION(' ',' ',#9505,#9534);
#702=ITEM_DEFINED_TRANSFORMATION(' ',' ',#9505,#9541);
#703=ITEM_DEFINED_TRANSFORMATION(' ',' ',#9505,#9542);
#704=ITEM_DEFINED_TRANSFORMATION(' ',' ',#9505,#9543);
#705=ITEM_DEFINED_TRANSFORMATION(' ',' ',#9505,#9544);
#706=ITEM_DEFINED_TRANSFORMATION(' ',' ',#9505,#9560);
#707=ITEM_DEFINED_TRANSFORMATION(' ',' ',#9505,#9561);
#708=ITEM_DEFINED_TRANSFORMATION(' ',' ',#9505,#9562);
#709=ITEM_DEFINED_TRANSFORMATION(' ',' ',#9505,#9563);
#710=ITEM_DEFINED_TRANSFORMATION(' ',' ',#9505,#9564);
#711=ITEM_DEFINED_TRANSFORMATION(' ',' ',#9505,#9565);
#712=ITEM_DEFINED_TRANSFORMATION(' ',' ',#9505,#9566);
#713=ITEM_DEFINED_TRANSFORMATION(' ',' ',#9505,#9567);
#714=ITEM_DEFINED_TRANSFORMATION(' ',' ',#9505,#9568);
#715=ITEM_DEFINED_TRANSFORMATION(' ',' ',#9505,#9569);
#716=ITEM_DEFINED_TRANSFORMATION(' ',' ',#9505,#9570);
#717=ITEM_DEFINED_TRANSFORMATION(' ',' ',#9505,#9571);
#718=ITEM_DEFINED_TRANSFORMATION(' ',' ',#9505,#9577);
#719=ITEM_DEFINED_TRANSFORMATION(' ',' ',#9505,#9578);
#720=ITEM_DEFINED_TRANSFORMATION(' ',' ',#9505,#9579);
#721=ITEM_DEFINED_TRANSFORMATION(' ',' ',#9505,#9580);
#722=ITEM_DEFINED_TRANSFORMATION(' ',' ',#9505,#9581);
#723=ITEM_DEFINED_TRANSFORMATION(' ',' ',#9505,#9582);
#724=ITEM_DEFINED_TRANSFORMATION(' ',' ',#9505,#9583);
#725=ITEM_DEFINED_TRANSFORMATION(' ',' ',#9505,#9584);
#726=ITEM_DEFINED_TRANSFORMATION(' ',' ',#9505,#9585);
#727=ITEM_DEFINED_TRANSFORMATION(' ',' ',#9505,#9592);
#728=ITEM_DEFINED_TRANSFORMATION(' ',' ',#9505,#9593);
#729=ITEM_DEFINED_TRANSFORMATION(' ',' ',#9505,#9594);
#730=ITEM_DEFINED_TRANSFORMATION(' ',' ',#9505,#9595);
#731=ITEM_DEFINED_TRANSFORMATION(' ',' ',#9505,#9596);
#732=ITEM_DEFINED_TRANSFORMATION(' ',' ',#9505,#9597);
#733=ITEM_DEFINED_TRANSFORMATION(' ',' ',#9505,#9641);
#734=ITEM_DEFINED_TRANSFORMATION(' ',' ',#9505,#9642);
#735=ITEM_DEFINED_TRANSFORMATION(' ',' ',#9505,#9653);
#736=ITEM_DEFINED_TRANSFORMATION(' ',' ',#9505,#9654);
#737=ITEM_DEFINED_TRANSFORMATION(' ',' ',#9505,#9729);
#738=ITEM_DEFINED_TRANSFORMATION(' ',' ',#9505,#9730);
#739=ITEM_DEFINED_TRANSFORMATION(' ',' ',#9505,#9731);
#740=ITEM_DEFINED_TRANSFORMATION(' ',' ',#9505,#9732);
#741=ITEM_DEFINED_TRANSFORMATION(' ',' ',#9505,#9733);
#742=ITEM_DEFINED_TRANSFORMATION(' ',' ',#9505,#9734);
#743=ITEM_DEFINED_TRANSFORMATION(' ',' ',#9505,#9735);
#744=ITEM_DEFINED_TRANSFORMATION(' ',' ',#9505,#9736);
#745=ITEM_DEFINED_TRANSFORMATION(' ',' ',#9505,#9737);
#746=ITEM_DEFINED_TRANSFORMATION(' ',' ',#9505,#9746);
#747=ITEM_DEFINED_TRANSFORMATION(' ',' ',#9505,#9747);
#748=ITEM_DEFINED_TRANSFORMATION(' ',' ',#9505,#9748);
#749=ITEM_DEFINED_TRANSFORMATION(' ',' ',#9505,#9749);
#750=ITEM_DEFINED_TRANSFORMATION(' ',' ',#9505,#9750);
#751=ITEM_DEFINED_TRANSFORMATION(' ',' ',#9505,#9751);
#752=ITEM_DEFINED_TRANSFORMATION(' ',' ',#9505,#9752);
#753=ITEM_DEFINED_TRANSFORMATION(' ',' ',#9505,#9753);
#754=ITEM_DEFINED_TRANSFORMATION(' ',' ',#9505,#9754);
#755=ITEM_DEFINED_TRANSFORMATION(' ',' ',#9505,#9779);
#756=ITEM_DEFINED_TRANSFORMATION(' ',' ',#9505,#9780);
#757=ITEM_DEFINED_TRANSFORMATION(' ',' ',#9505,#9781);
#758=ITEM_DEFINED_TRANSFORMATION(' ',' ',#9505,#9782);
#759=ITEM_DEFINED_TRANSFORMATION(' ',' ',#9505,#9839);
#760=ITEM_DEFINED_TRANSFORMATION(' ',' ',#9505,#9840);
#761=ITEM_DEFINED_TRANSFORMATION(' ',' ',#9505,#9841);
#762=ITEM_DEFINED_TRANSFORMATION(' ',' ',#9505,#9842);
#763=ITEM_DEFINED_TRANSFORMATION(' ',' ',#9505,#9843);
#764=ITEM_DEFINED_TRANSFORMATION(' ',' ',#9505,#9844);
#765=ITEM_DEFINED_TRANSFORMATION(' ',' ',#9505,#9845);
#766=ITEM_DEFINED_TRANSFORMATION(' ',' ',#9505,#9846);
#767=ITEM_DEFINED_TRANSFORMATION(' ',' ',#9505,#9847);
#768=ITEM_DEFINED_TRANSFORMATION(' ',' ',#9505,#9848);
#769=ITEM_DEFINED_TRANSFORMATION(' ',' ',#9505,#9849);
#770=ITEM_DEFINED_TRANSFORMATION(' ',' ',#9505,#9850);
#771=ITEM_DEFINED_TRANSFORMATION(' ',' ',#9505,#9865);
#772=ITEM_DEFINED_TRANSFORMATION(' ',' ',#9505,#9887);
#773=ITEM_DEFINED_TRANSFORMATION(' ',' ',#9505,#9888);
#774=ITEM_DEFINED_TRANSFORMATION(' ',' ',#9505,#9889);
#775=ITEM_DEFINED_TRANSFORMATION(' ',' ',#9505,#9890);
#776=ITEM_DEFINED_TRANSFORMATION(' ',' ',#9505,#9891);
#777=ITEM_DEFINED_TRANSFORMATION(' ',' ',#9505,#9892);
#778=ITEM_DEFINED_TRANSFORMATION(' ',' ',#9505,#9893);
#779=ITEM_DEFINED_TRANSFORMATION(' ',' ',#9505,#9894);
#780=ITEM_DEFINED_TRANSFORMATION(' ',' ',#9505,#9895);
#781=ITEM_DEFINED_TRANSFORMATION(' ',' ',#9505,#9896);
#782=ITEM_DEFINED_TRANSFORMATION(' ',' ',#9505,#9897);
#783=ITEM_DEFINED_TRANSFORMATION(' ',' ',#9505,#9898);
#784=ITEM_DEFINED_TRANSFORMATION(' ',' ',#9505,#9965);
#785=ITEM_DEFINED_TRANSFORMATION(' ',' ',#9505,#9966);
#786=ITEM_DEFINED_TRANSFORMATION(' ',' ',#9505,#9967);
#787=ITEM_DEFINED_TRANSFORMATION(' ',' ',#9505,#9976);
#788=ITEM_DEFINED_TRANSFORMATION(' ',' ',#9505,#9977);
#789=ITEM_DEFINED_TRANSFORMATION(' ',' ',#9505,#9978);
#790=ITEM_DEFINED_TRANSFORMATION(' ',' ',#9505,#9979);
#791=ITEM_DEFINED_TRANSFORMATION(' ',' ',#9505,#9980);
#792=ITEM_DEFINED_TRANSFORMATION(' ',' ',#9505,#9981);
#793=ITEM_DEFINED_TRANSFORMATION(' ',' ',#9505,#9982);
#794=ITEM_DEFINED_TRANSFORMATION(' ',' ',#9505,#9983);
#795=ITEM_DEFINED_TRANSFORMATION(' ',' ',#9505,#9984);
#796=ITEM_DEFINED_TRANSFORMATION(' ',' ',#9505,#9985);
#797=ITEM_DEFINED_TRANSFORMATION(' ',' ',#9505,#9986);
#798=ITEM_DEFINED_TRANSFORMATION(' ',' ',#9505,#9987);
#799=ITEM_DEFINED_TRANSFORMATION(' ',' ',#9505,#9988);
#800=ITEM_DEFINED_TRANSFORMATION(' ',' ',#9505,#9989);
#801=ITEM_DEFINED_TRANSFORMATION(' ',' ',#9505,#9990);
#802=ITEM_DEFINED_TRANSFORMATION(' ',' ',#9505,#9991);
#803=ITEM_DEFINED_TRANSFORMATION(' ',' ',#9505,#9992);
#804=ITEM_DEFINED_TRANSFORMATION(' ',' ',#9505,#9993);
#805=ITEM_DEFINED_TRANSFORMATION(' ',' ',#9505,#9994);
#806=ITEM_DEFINED_TRANSFORMATION(' ',' ',#9505,#9995);
#807=ITEM_DEFINED_TRANSFORMATION(' ',' ',#9505,#10102);
#808=ITEM_DEFINED_TRANSFORMATION(' ',' ',#9505,#10103);
#809=ITEM_DEFINED_TRANSFORMATION(' ',' ',#9505,#10104);
#810=ITEM_DEFINED_TRANSFORMATION(' ',' ',#9505,#10105);
#811=ITEM_DEFINED_TRANSFORMATION(' ',' ',#9505,#10106);
#812=ITEM_DEFINED_TRANSFORMATION(' ',' ',#9505,#10107);
#813=ITEM_DEFINED_TRANSFORMATION(' ',' ',#9505,#10108);
#814=ITEM_DEFINED_TRANSFORMATION(' ',' ',#9505,#10109);
#815=ITEM_DEFINED_TRANSFORMATION(' ',' ',#9505,#10110);
#816=ITEM_DEFINED_TRANSFORMATION(' ',' ',#9505,#10111);
#817=ITEM_DEFINED_TRANSFORMATION(' ',' ',#9505,#10112);
#818=ITEM_DEFINED_TRANSFORMATION(' ',' ',#9505,#10113);
#819=ITEM_DEFINED_TRANSFORMATION(' ',' ',#9505,#10114);
#820=ITEM_DEFINED_TRANSFORMATION(' ',' ',#9505,#10115);
#821=ITEM_DEFINED_TRANSFORMATION(' ',' ',#9505,#10116);
#822=ITEM_DEFINED_TRANSFORMATION(' ',' ',#9505,#10117);
#823=ITEM_DEFINED_TRANSFORMATION(' ',' ',#9505,#10118);
#824=ITEM_DEFINED_TRANSFORMATION(' ',' ',#9505,#10119);
#825=ITEM_DEFINED_TRANSFORMATION(' ',' ',#9505,#10120);
#826=ITEM_DEFINED_TRANSFORMATION(' ',' ',#9505,#10121);
#827=ITEM_DEFINED_TRANSFORMATION(' ',' ',#9505,#10122);
#828=ITEM_DEFINED_TRANSFORMATION(' ',' ',#9505,#10123);
#829=ITEM_DEFINED_TRANSFORMATION(' ',' ',#9505,#10144);
#830=ITEM_DEFINED_TRANSFORMATION(' ',' ',#9505,#10145);
#831=ITEM_DEFINED_TRANSFORMATION(' ',' ',#9505,#10146);
#832=ITEM_DEFINED_TRANSFORMATION(' ',' ',#9505,#10147);
#833=ITEM_DEFINED_TRANSFORMATION(' ',' ',#9505,#10148);
#834=ITEM_DEFINED_TRANSFORMATION(' ',' ',#9505,#10149);
#835=ITEM_DEFINED_TRANSFORMATION(' ',' ',#9505,#10150);
#836=ITEM_DEFINED_TRANSFORMATION(' ',' ',#9505,#10151);
#837=ITEM_DEFINED_TRANSFORMATION(' ',' ',#9505,#10152);
#838=ITEM_DEFINED_TRANSFORMATION(' ',' ',#9505,#10153);
#839=ITEM_DEFINED_TRANSFORMATION(' ',' ',#9505,#10154);
#840=ITEM_DEFINED_TRANSFORMATION(' ',' ',#9505,#10155);
#841=ITEM_DEFINED_TRANSFORMATION(' ',' ',#9505,#10156);
#842=ITEM_DEFINED_TRANSFORMATION(' ',' ',#9505,#10157);
#843=ITEM_DEFINED_TRANSFORMATION(' ',' ',#9505,#10158);
#844=ITEM_DEFINED_TRANSFORMATION(' ',' ',#9505,#10159);
#845=ITEM_DEFINED_TRANSFORMATION(' ',' ',#9505,#10160);
#846=ITEM_DEFINED_TRANSFORMATION(' ',' ',#9505,#10161);
#847=ITEM_DEFINED_TRANSFORMATION(' ',' ',#9505,#10162);
#848=ITEM_DEFINED_TRANSFORMATION(' ',' ',#9505,#10163);
#849=ITEM_DEFINED_TRANSFORMATION(' ',' ',#9505,#10164);
#850=ITEM_DEFINED_TRANSFORMATION(' ',' ',#9505,#10165);
#851=ITEM_DEFINED_TRANSFORMATION(' ',' ',#9505,#10166);
#852=ITEM_DEFINED_TRANSFORMATION(' ',' ',#9505,#10167);
#853=ITEM_DEFINED_TRANSFORMATION(' ',' ',#9505,#10168);
#854=ITEM_DEFINED_TRANSFORMATION(' ',' ',#9505,#10169);
#855=ITEM_DEFINED_TRANSFORMATION(' ',' ',#9505,#10170);
#856=ITEM_DEFINED_TRANSFORMATION(' ',' ',#9505,#10171);
#857=ITEM_DEFINED_TRANSFORMATION(' ',' ',#9505,#10172);
#858=ITEM_DEFINED_TRANSFORMATION(' ',' ',#9505,#10173);
#859=ITEM_DEFINED_TRANSFORMATION(' ',' ',#9505,#10174);
#860=ITEM_DEFINED_TRANSFORMATION(' ',' ',#9505,#10175);
#861=ITEM_DEFINED_TRANSFORMATION(' ',' ',#9505,#10176);
#862=ITEM_DEFINED_TRANSFORMATION(' ',' ',#9505,#10177);
#863=ITEM_DEFINED_TRANSFORMATION(' ',' ',#9505,#10178);
#864=ITEM_DEFINED_TRANSFORMATION(' ',' ',#9505,#10179);
#865=ITEM_DEFINED_TRANSFORMATION(' ',' ',#9505,#10180);
#866=ITEM_DEFINED_TRANSFORMATION(' ',' ',#9505,#10181);
#867=ITEM_DEFINED_TRANSFORMATION(' ',' ',#9505,#10182);
#868=ITEM_DEFINED_TRANSFORMATION(' ',' ',#9505,#10183);
#869=ITEM_DEFINED_TRANSFORMATION(' ',' ',#9505,#10184);
#870=ITEM_DEFINED_TRANSFORMATION(' ',' ',#9505,#10185);
#871=ITEM_DEFINED_TRANSFORMATION(' ',' ',#9505,#10186);
#872=ITEM_DEFINED_TRANSFORMATION(' ',' ',#9505,#10200);
#873=ITEM_DEFINED_TRANSFORMATION(' ',' ',#9505,#10201);
#874=ITEM_DEFINED_TRANSFORMATION(' ',' ',#9505,#10202);
#875=ITEM_DEFINED_TRANSFORMATION(' ',' ',#9505,#10203);
#876=ITEM_DEFINED_TRANSFORMATION(' ',' ',#9505,#10204);
#877=ITEM_DEFINED_TRANSFORMATION(' ',' ',#9505,#10205);
#878=ITEM_DEFINED_TRANSFORMATION(' ',' ',#9505,#10206);
#879=ITEM_DEFINED_TRANSFORMATION(' ',' ',#9505,#10207);
#880=ITEM_DEFINED_TRANSFORMATION(' ',' ',#9505,#10208);
#881=ITEM_DEFINED_TRANSFORMATION(' ',' ',#9505,#10209);
#882=ITEM_DEFINED_TRANSFORMATION(' ',' ',#9505,#10210);
#883=ITEM_DEFINED_TRANSFORMATION(' ',' ',#9505,#10211);
#884=ITEM_DEFINED_TRANSFORMATION(' ',' ',#9505,#10212);
#885=ITEM_DEFINED_TRANSFORMATION(' ',' ',#9505,#10213);
#886=ITEM_DEFINED_TRANSFORMATION(' ',' ',#9505,#10214);
#887=ITEM_DEFINED_TRANSFORMATION(' ',' ',#9505,#10215);
#888=ITEM_DEFINED_TRANSFORMATION(' ',' ',#9505,#10216);
#889=ITEM_DEFINED_TRANSFORMATION(' ',' ',#9505,#10217);
#890=ITEM_DEFINED_TRANSFORMATION(' ',' ',#9505,#10218);
#891=ITEM_DEFINED_TRANSFORMATION(' ',' ',#9505,#10219);
#892=ITEM_DEFINED_TRANSFORMATION(' ',' ',#9505,#10220);
#893=ITEM_DEFINED_TRANSFORMATION(' ',' ',#9505,#10221);
#894=ITEM_DEFINED_TRANSFORMATION(' ',' ',#9505,#10222);
#895=ITEM_DEFINED_TRANSFORMATION(' ',' ',#9505,#10223);
#896=ITEM_DEFINED_TRANSFORMATION(' ',' ',#9505,#10224);
#897=ITEM_DEFINED_TRANSFORMATION(' ',' ',#9505,#10225);
#898=ITEM_DEFINED_TRANSFORMATION(' ',' ',#9505,#10226);
#899=ITEM_DEFINED_TRANSFORMATION(' ',' ',#9505,#10227);
#900=ITEM_DEFINED_TRANSFORMATION(' ',' ',#9505,#10228);
#901=ITEM_DEFINED_TRANSFORMATION(' ',' ',#9505,#10229);
#902=ITEM_DEFINED_TRANSFORMATION(' ',' ',#9505,#10230);
#903=ITEM_DEFINED_TRANSFORMATION(' ',' ',#9505,#10231);
#904=ITEM_DEFINED_TRANSFORMATION(' ',' ',#9505,#10232);
#905=ITEM_DEFINED_TRANSFORMATION(' ',' ',#9505,#10233);
#906=ITEM_DEFINED_TRANSFORMATION(' ',' ',#9505,#10234);
#907=ITEM_DEFINED_TRANSFORMATION(' ',' ',#9505,#10235);
#908=ITEM_DEFINED_TRANSFORMATION(' ',' ',#9505,#10236);
#909=ITEM_DEFINED_TRANSFORMATION(' ',' ',#9505,#10237);
#910=ITEM_DEFINED_TRANSFORMATION(' ',' ',#9505,#10238);
#911=ITEM_DEFINED_TRANSFORMATION(' ',' ',#9505,#10239);
#912=ITEM_DEFINED_TRANSFORMATION(' ',' ',#9505,#10240);
#913=ITEM_DEFINED_TRANSFORMATION(' ',' ',#9505,#10241);
#914=ITEM_DEFINED_TRANSFORMATION(' ',' ',#9505,#10242);
#915=ITEM_DEFINED_TRANSFORMATION(' ',' ',#9505,#10243);
#916=ITEM_DEFINED_TRANSFORMATION(' ',' ',#9505,#10244);
#917=ITEM_DEFINED_TRANSFORMATION(' ',' ',#9505,#10245);
#918=ITEM_DEFINED_TRANSFORMATION(' ',' ',#9505,#10246);
#919=ITEM_DEFINED_TRANSFORMATION(' ',' ',#9505,#10270);
#920=ITEM_DEFINED_TRANSFORMATION(' ',' ',#9505,#10271);
#921=ITEM_DEFINED_TRANSFORMATION(' ',' ',#9505,#10272);
#922=ITEM_DEFINED_TRANSFORMATION(' ',' ',#9505,#10273);
#923=ITEM_DEFINED_TRANSFORMATION(' ',' ',#9505,#10274);
#924=ITEM_DEFINED_TRANSFORMATION(' ',' ',#9505,#10275);
#925=ITEM_DEFINED_TRANSFORMATION(' ',' ',#9505,#10276);
#926=ITEM_DEFINED_TRANSFORMATION(' ',' ',#9505,#10277);
#927=ITEM_DEFINED_TRANSFORMATION(' ',' ',#9505,#10278);
#928=SHAPE_REPRESENTATION_RELATIONSHIP('','',#9486,#947);
#929=SHAPE_REPRESENTATION_RELATIONSHIP('','',#9487,#948);
#930=SHAPE_REPRESENTATION_RELATIONSHIP('','',#9488,#949);
#931=SHAPE_REPRESENTATION_RELATIONSHIP('','',#9489,#950);
#932=SHAPE_REPRESENTATION_RELATIONSHIP('','',#9490,#951);
#933=SHAPE_REPRESENTATION_RELATIONSHIP('','',#9491,#952);
#934=SHAPE_REPRESENTATION_RELATIONSHIP('','',#9492,#953);
#935=SHAPE_REPRESENTATION_RELATIONSHIP('','',#9493,#954);
#936=SHAPE_REPRESENTATION_RELATIONSHIP('','',#9494,#955);
#937=SHAPE_REPRESENTATION_RELATIONSHIP('','',#9495,#956);
#938=SHAPE_REPRESENTATION_RELATIONSHIP('','',#9496,#957);
#939=SHAPE_REPRESENTATION_RELATIONSHIP('','',#9497,#958);
#940=SHAPE_REPRESENTATION_RELATIONSHIP('','',#9498,#959);
#941=SHAPE_REPRESENTATION_RELATIONSHIP('','',#9499,#960);
#942=SHAPE_REPRESENTATION_RELATIONSHIP('','',#9500,#961);
#943=SHAPE_REPRESENTATION_RELATIONSHIP('','',#9501,#962);
#944=SHAPE_REPRESENTATION_RELATIONSHIP('','',#9502,#963);
#945=SHAPE_REPRESENTATION_RELATIONSHIP('','',#9503,#964);
#946=SHAPE_REPRESENTATION_RELATIONSHIP('','',#9504,#965);
#947=ADVANCED_BREP_SHAPE_REPRESENTATION('',(#9446),#15431);
#948=ADVANCED_BREP_SHAPE_REPRESENTATION('',(#9447),#15432);
#949=ADVANCED_BREP_SHAPE_REPRESENTATION('',(#9448),#15433);
#950=ADVANCED_BREP_SHAPE_REPRESENTATION('',(#9449),#15434);
#951=ADVANCED_BREP_SHAPE_REPRESENTATION('',(#9450),#15435);
#952=ADVANCED_BREP_SHAPE_REPRESENTATION('',(#9451),#15436);
#953=ADVANCED_BREP_SHAPE_REPRESENTATION('',(#9452),#15437);
#954=ADVANCED_BREP_SHAPE_REPRESENTATION('',(#9453),#15438);
#955=ADVANCED_BREP_SHAPE_REPRESENTATION('',(#9454),#15439);
#956=ADVANCED_BREP_SHAPE_REPRESENTATION('',(#9455),#15440);
#957=ADVANCED_BREP_SHAPE_REPRESENTATION('',(#9456),#15441);
#958=ADVANCED_BREP_SHAPE_REPRESENTATION('',(#9457),#15442);
#959=ADVANCED_BREP_SHAPE_REPRESENTATION('',(#9458),#15443);
#960=ADVANCED_BREP_SHAPE_REPRESENTATION('',(#9459),#15444);
#961=ADVANCED_BREP_SHAPE_REPRESENTATION('',(#9460),#15445);
#962=ADVANCED_BREP_SHAPE_REPRESENTATION('',(#9461),#15446);
#963=ADVANCED_BREP_SHAPE_REPRESENTATION('',(#9462),#15447);
#964=ADVANCED_BREP_SHAPE_REPRESENTATION('',(#9463),#15448);
#965=ADVANCED_BREP_SHAPE_REPRESENTATION('',(#9464),#15449);
#966=PLANE('',#9515);
#967=PLANE('',#9516);
#968=PLANE('',#9517);
#969=PLANE('',#9518);
#970=PLANE('',#9519);
#971=PLANE('',#9520);
#972=PLANE('',#9521);
#973=PLANE('',#9522);
#974=PLANE('',#9523);
#975=PLANE('',#9524);
#976=PLANE('',#9525);
#977=PLANE('',#9526);
#978=PLANE('',#9527);
#979=PLANE('',#9528);
#980=PLANE('',#9529);
#981=PLANE('',#9530);
#982=PLANE('',#9531);
#983=PLANE('',#9532);
#984=PLANE('',#9535);
#985=PLANE('',#9536);
#986=PLANE('',#9537);
#987=PLANE('',#9538);
#988=PLANE('',#9539);
#989=PLANE('',#9540);
#990=PLANE('',#9548);
#991=PLANE('',#9549);
#992=PLANE('',#9550);
#993=PLANE('',#9551);
#994=PLANE('',#9552);
#995=PLANE('',#9553);
#996=PLANE('',#9554);
#997=PLANE('',#9555);
#998=PLANE('',#9556);
#999=PLANE('',#9557);
#1000=PLANE('',#9558);
#1001=PLANE('',#9559);
#1002=PLANE('',#9575);
#1003=PLANE('',#9576);
#1004=PLANE('',#9586);
#1005=PLANE('',#9587);
#1006=PLANE('',#9588);
#1007=PLANE('',#9589);
#1008=PLANE('',#9590);
#1009=PLANE('',#9591);
#1010=PLANE('',#9598);
#1011=PLANE('',#9599);
#1012=PLANE('',#9600);
#1013=PLANE('',#9601);
#1014=PLANE('',#9602);
#1015=PLANE('',#9603);
#1016=PLANE('',#9604);
#1017=PLANE('',#9605);
#1018=PLANE('',#9606);
#1019=PLANE('',#9607);
#1020=PLANE('',#9608);
#1021=PLANE('',#9609);
#1022=PLANE('',#9610);
#1023=PLANE('',#9611);
#1024=PLANE('',#9612);
#1025=PLANE('',#9613);
#1026=PLANE('',#9614);
#1027=PLANE('',#9615);
#1028=PLANE('',#9616);
#1029=PLANE('',#9617);
#1030=PLANE('',#9618);
#1031=PLANE('',#9619);
#1032=PLANE('',#9620);
#1033=PLANE('',#9621);
#1034=PLANE('',#9622);
#1035=PLANE('',#9623);
#1036=PLANE('',#9624);
#1037=PLANE('',#9625);
#1038=PLANE('',#9626);
#1039=PLANE('',#9627);
#1040=PLANE('',#9628);
#1041=PLANE('',#9629);
#1042=PLANE('',#9630);
#1043=PLANE('',#9631);
#1044=PLANE('',#9632);
#1045=PLANE('',#9633);
#1046=PLANE('',#9634);
#1047=PLANE('',#9635);
#1048=PLANE('',#9636);
#1049=PLANE('',#9637);
#1050=PLANE('',#9638);
#1051=PLANE('',#9639);
#1052=PLANE('',#9640);
#1053=PLANE('',#9643);
#1054=PLANE('',#9644);
#1055=PLANE('',#9646);
#1056=PLANE('',#9647);
#1057=PLANE('',#9648);
#1058=PLANE('',#9649);
#1059=PLANE('',#9652);
#1060=PLANE('',#9655);
#1061=PLANE('',#9656);
#1062=PLANE('',#9657);
#1063=PLANE('',#9658);
#1064=PLANE('',#9659);
#1065=PLANE('',#9660);
#1066=PLANE('',#9661);
#1067=PLANE('',#9662);
#1068=PLANE('',#9663);
#1069=PLANE('',#9664);
#1070=PLANE('',#9665);
#1071=PLANE('',#9666);
#1072=PLANE('',#9667);
#1073=PLANE('',#9668);
#1074=PLANE('',#9669);
#1075=PLANE('',#9670);
#1076=PLANE('',#9671);
#1077=PLANE('',#9672);
#1078=PLANE('',#9673);
#1079=PLANE('',#9674);
#1080=PLANE('',#9675);
#1081=PLANE('',#9676);
#1082=PLANE('',#9677);
#1083=PLANE('',#9678);
#1084=PLANE('',#9679);
#1085=PLANE('',#9680);
#1086=PLANE('',#9681);
#1087=PLANE('',#9682);
#1088=PLANE('',#9683);
#1089=PLANE('',#9685);
#1090=PLANE('',#9686);
#1091=PLANE('',#9687);
#1092=PLANE('',#9688);
#1093=PLANE('',#9689);
#1094=PLANE('',#9690);
#1095=PLANE('',#9691);
#1096=PLANE('',#9692);
#1097=PLANE('',#9693);
#1098=PLANE('',#9694);
#1099=PLANE('',#9695);
#1100=PLANE('',#9696);
#1101=PLANE('',#9697);
#1102=PLANE('',#9698);
#1103=PLANE('',#9699);
#1104=PLANE('',#9700);
#1105=PLANE('',#9701);
#1106=PLANE('',#9702);
#1107=PLANE('',#9703);
#1108=PLANE('',#9704);
#1109=PLANE('',#9707);
#1110=PLANE('',#9708);
#1111=PLANE('',#9709);
#1112=PLANE('',#9710);
#1113=PLANE('',#9711);
#1114=PLANE('',#9712);
#1115=PLANE('',#9713);
#1116=PLANE('',#9714);
#1117=PLANE('',#9715);
#1118=PLANE('',#9716);
#1119=PLANE('',#9717);
#1120=PLANE('',#9718);
#1121=PLANE('',#9719);
#1122=PLANE('',#9720);
#1123=PLANE('',#9721);
#1124=PLANE('',#9722);
#1125=PLANE('',#9723);
#1126=PLANE('',#9724);
#1127=PLANE('',#9725);
#1128=PLANE('',#9726);
#1129=PLANE('',#9727);
#1130=PLANE('',#9728);
#1131=PLANE('',#9738);
#1132=PLANE('',#9739);
#1133=PLANE('',#9740);
#1134=PLANE('',#9741);
#1135=PLANE('',#9742);
#1136=PLANE('',#9743);
#1137=PLANE('',#9744);
#1138=PLANE('',#9745);
#1139=PLANE('',#9758);
#1140=PLANE('',#9759);
#1141=PLANE('',#9761);
#1142=PLANE('',#9762);
#1143=PLANE('',#9763);
#1144=PLANE('',#9764);
#1145=PLANE('',#9765);
#1146=PLANE('',#9766);
#1147=PLANE('',#9767);
#1148=PLANE('',#9768);
#1149=PLANE('',#9769);
#1150=PLANE('',#9770);
#1151=PLANE('',#9771);
#1152=PLANE('',#9772);
#1153=PLANE('',#9773);
#1154=PLANE('',#9774);
#1155=PLANE('',#9775);
#1156=PLANE('',#9778);
#1157=PLANE('',#9783);
#1158=PLANE('',#9784);
#1159=PLANE('',#9785);
#1160=PLANE('',#9786);
#1161=PLANE('',#9787);
#1162=PLANE('',#9788);
#1163=PLANE('',#9789);
#1164=PLANE('',#9790);
#1165=PLANE('',#9791);
#1166=PLANE('',#9792);
#1167=PLANE('',#9793);
#1168=PLANE('',#9794);
#1169=PLANE('',#9795);
#1170=PLANE('',#9796);
#1171=PLANE('',#9797);
#1172=PLANE('',#9798);
#1173=PLANE('',#9799);
#1174=PLANE('',#9800);
#1175=PLANE('',#9801);
#1176=PLANE('',#9802);
#1177=PLANE('',#9803);
#1178=PLANE('',#9804);
#1179=PLANE('',#9805);
#1180=PLANE('',#9806);
#1181=PLANE('',#9807);
#1182=PLANE('',#9808);
#1183=PLANE('',#9809);
#1184=PLANE('',#9810);
#1185=PLANE('',#9811);
#1186=PLANE('',#9812);
#1187=PLANE('',#9813);
#1188=PLANE('',#9814);
#1189=PLANE('',#9815);
#1190=PLANE('',#9816);
#1191=PLANE('',#9817);
#1192=PLANE('',#9818);
#1193=PLANE('',#9819);
#1194=PLANE('',#9820);
#1195=PLANE('',#9821);
#1196=PLANE('',#9822);
#1197=PLANE('',#9823);
#1198=PLANE('',#9824);
#1199=PLANE('',#9825);
#1200=PLANE('',#9826);
#1201=PLANE('',#9827);
#1202=PLANE('',#9828);
#1203=PLANE('',#9829);
#1204=PLANE('',#9830);
#1205=PLANE('',#9831);
#1206=PLANE('',#9832);
#1207=PLANE('',#9833);
#1208=PLANE('',#9834);
#1209=PLANE('',#9835);
#1210=PLANE('',#9836);
#1211=PLANE('',#9837);
#1212=PLANE('',#9838);
#1213=PLANE('',#9851);
#1214=PLANE('',#9852);
#1215=PLANE('',#9853);
#1216=PLANE('',#9854);
#1217=PLANE('',#9855);
#1218=PLANE('',#9858);
#1219=PLANE('',#9861);
#1220=PLANE('',#9864);
#1221=PLANE('',#9866);
#1222=PLANE('',#9867);
#1223=PLANE('',#9868);
#1224=PLANE('',#9870);
#1225=PLANE('',#9871);
#1226=PLANE('',#9873);
#1227=PLANE('',#9879);
#1228=PLANE('',#9884);
#1229=PLANE('',#9899);
#1230=PLANE('',#9900);
#1231=PLANE('',#9901);
#1232=PLANE('',#9902);
#1233=PLANE('',#9903);
#1234=PLANE('',#9904);
#1235=PLANE('',#9905);
#1236=PLANE('',#9906);
#1237=PLANE('',#9907);
#1238=PLANE('',#9908);
#1239=PLANE('',#9909);
#1240=PLANE('',#9910);
#1241=PLANE('',#9911);
#1242=PLANE('',#9918);
#1243=PLANE('',#9927);
#1244=PLANE('',#9932);
#1245=PLANE('',#9937);
#1246=PLANE('',#9942);
#1247=PLANE('',#9947);
#1248=PLANE('',#9952);
#1249=PLANE('',#9955);
#1250=PLANE('',#9956);
#1251=PLANE('',#9957);
#1252=PLANE('',#9958);
#1253=PLANE('',#9959);
#1254=PLANE('',#9960);
#1255=PLANE('',#9961);
#1256=PLANE('',#9962);
#1257=PLANE('',#9963);
#1258=PLANE('',#9964);
#1259=PLANE('',#9968);
#1260=PLANE('',#9969);
#1261=PLANE('',#9970);
#1262=PLANE('',#9971);
#1263=PLANE('',#9972);
#1264=PLANE('',#9973);
#1265=PLANE('',#9974);
#1266=PLANE('',#9975);
#1267=PLANE('',#9996);
#1268=PLANE('',#9997);
#1269=PLANE('',#9998);
#1270=PLANE('',#9999);
#1271=PLANE('',#10000);
#1272=PLANE('',#10001);
#1273=PLANE('',#10002);
#1274=PLANE('',#10003);
#1275=PLANE('',#10004);
#1276=PLANE('',#10005);
#1277=PLANE('',#10006);
#1278=PLANE('',#10007);
#1279=PLANE('',#10008);
#1280=PLANE('',#10009);
#1281=PLANE('',#10010);
#1282=PLANE('',#10011);
#1283=PLANE('',#10012);
#1284=PLANE('',#10013);
#1285=PLANE('',#10014);
#1286=PLANE('',#10015);
#1287=PLANE('',#10016);
#1288=PLANE('',#10017);
#1289=PLANE('',#10018);
#1290=PLANE('',#10019);
#1291=PLANE('',#10020);
#1292=PLANE('',#10021);
#1293=PLANE('',#10022);
#1294=PLANE('',#10023);
#1295=PLANE('',#10024);
#1296=PLANE('',#10025);
#1297=PLANE('',#10026);
#1298=PLANE('',#10027);
#1299=PLANE('',#10028);
#1300=PLANE('',#10029);
#1301=PLANE('',#10030);
#1302=PLANE('',#10031);
#1303=PLANE('',#10032);
#1304=PLANE('',#10033);
#1305=PLANE('',#10034);
#1306=PLANE('',#10035);
#1307=PLANE('',#10036);
#1308=PLANE('',#10037);
#1309=PLANE('',#10038);
#1310=PLANE('',#10039);
#1311=PLANE('',#10040);
#1312=PLANE('',#10041);
#1313=PLANE('',#10042);
#1314=PLANE('',#10043);
#1315=PLANE('',#10044);
#1316=PLANE('',#10045);
#1317=PLANE('',#10046);
#1318=PLANE('',#10047);
#1319=PLANE('',#10048);
#1320=PLANE('',#10049);
#1321=PLANE('',#10050);
#1322=PLANE('',#10051);
#1323=PLANE('',#10052);
#1324=PLANE('',#10053);
#1325=PLANE('',#10054);
#1326=PLANE('',#10055);
#1327=PLANE('',#10056);
#1328=PLANE('',#10057);
#1329=PLANE('',#10058);
#1330=PLANE('',#10059);
#1331=PLANE('',#10060);
#1332=PLANE('',#10061);
#1333=PLANE('',#10062);
#1334=PLANE('',#10063);
#1335=PLANE('',#10064);
#1336=PLANE('',#10065);
#1337=PLANE('',#10066);
#1338=PLANE('',#10067);
#1339=PLANE('',#10068);
#1340=PLANE('',#10069);
#1341=PLANE('',#10070);
#1342=PLANE('',#10071);
#1343=PLANE('',#10072);
#1344=PLANE('',#10073);
#1345=PLANE('',#10074);
#1346=PLANE('',#10075);
#1347=PLANE('',#10076);
#1348=PLANE('',#10077);
#1349=PLANE('',#10078);
#1350=PLANE('',#10079);
#1351=PLANE('',#10080);
#1352=PLANE('',#10081);
#1353=PLANE('',#10082);
#1354=PLANE('',#10083);
#1355=PLANE('',#10084);
#1356=PLANE('',#10085);
#1357=PLANE('',#10086);
#1358=PLANE('',#10087);
#1359=PLANE('',#10088);
#1360=PLANE('',#10089);
#1361=PLANE('',#10090);
#1362=PLANE('',#10091);
#1363=PLANE('',#10092);
#1364=PLANE('',#10093);
#1365=PLANE('',#10094);
#1366=PLANE('',#10095);
#1367=PLANE('',#10096);
#1368=PLANE('',#10097);
#1369=PLANE('',#10098);
#1370=PLANE('',#10099);
#1371=PLANE('',#10100);
#1372=PLANE('',#10101);
#1373=PLANE('',#10124);
#1374=PLANE('',#10126);
#1375=PLANE('',#10128);
#1376=PLANE('',#10130);
#1377=PLANE('',#10132);
#1378=PLANE('',#10133);
#1379=PLANE('',#10134);
#1380=PLANE('',#10136);
#1381=PLANE('',#10137);
#1382=PLANE('',#10139);
#1383=PLANE('',#10140);
#1384=PLANE('',#10141);
#1385=PLANE('',#10142);
#1386=PLANE('',#10143);
#1387=PLANE('',#10187);
#1388=PLANE('',#10190);
#1389=PLANE('',#10191);
#1390=PLANE('',#10192);
#1391=PLANE('',#10193);
#1392=PLANE('',#10194);
#1393=PLANE('',#10196);
#1394=PLANE('',#10247);
#1395=PLANE('',#10248);
#1396=PLANE('',#10249);
#1397=PLANE('',#10250);
#1398=PLANE('',#10251);
#1399=PLANE('',#10252);
#1400=PLANE('',#10254);
#1401=PLANE('',#10256);
#1402=PLANE('',#10257);
#1403=PLANE('',#10258);
#1404=PLANE('',#10260);
#1405=PLANE('',#10261);
#1406=PLANE('',#10265);
#1407=PLANE('',#10268);
#1408=PLANE('',#10269);
#1409=LINE('',#12869,#2438);
#1410=LINE('',#12875,#2439);
#1411=LINE('',#12879,#2440);
#1412=LINE('',#12881,#2441);
#1413=LINE('',#12883,#2442);
#1414=LINE('',#12885,#2443);
#1415=LINE('',#12887,#2444);
#1416=LINE('',#12889,#2445);
#1417=LINE('',#12891,#2446);
#1418=LINE('',#12893,#2447);
#1419=LINE('',#12895,#2448);
#1420=LINE('',#12897,#2449);
#1421=LINE('',#12899,#2450);
#1422=LINE('',#12901,#2451);
#1423=LINE('',#12903,#2452);
#1424=LINE('',#12905,#2453);
#1425=LINE('',#12907,#2454);
#1426=LINE('',#12909,#2455);
#1427=LINE('',#12912,#2456);
#1428=LINE('',#12914,#2457);
#1429=LINE('',#12916,#2458);
#1430=LINE('',#12918,#2459);
#1431=LINE('',#12920,#2460);
#1432=LINE('',#12922,#2461);
#1433=LINE('',#12924,#2462);
#1434=LINE('',#12926,#2463);
#1435=LINE('',#12928,#2464);
#1436=LINE('',#12930,#2465);
#1437=LINE('',#12932,#2466);
#1438=LINE('',#12933,#2467);
#1439=LINE('',#12935,#2468);
#1440=LINE('',#12937,#2469);
#1441=LINE('',#12939,#2470);
#1442=LINE('',#12941,#2471);
#1443=LINE('',#12947,#2472);
#1444=LINE('',#12950,#2473);
#1445=LINE('',#12952,#2474);
#1446=LINE('',#12954,#2475);
#1447=LINE('',#12956,#2476);
#1448=LINE('',#12958,#2477);
#1449=LINE('',#12960,#2478);
#1450=LINE('',#12962,#2479);
#1451=LINE('',#12964,#2480);
#1452=LINE('',#12966,#2481);
#1453=LINE('',#12968,#2482);
#1454=LINE('',#12969,#2483);
#1455=LINE('',#12982,#2484);
#1456=LINE('',#12985,#2485);
#1457=LINE('',#12987,#2486);
#1458=LINE('',#12989,#2487);
#1459=LINE('',#12991,#2488);
#1460=LINE('',#12993,#2489);
#1461=LINE('',#12995,#2490);
#1462=LINE('',#12997,#2491);
#1463=LINE('',#12999,#2492);
#1464=LINE('',#13001,#2493);
#1465=LINE('',#13003,#2494);
#1466=LINE('',#13004,#2495);
#1467=LINE('',#13008,#2496);
#1468=LINE('',#13011,#2497);
#1469=LINE('',#13013,#2498);
#1470=LINE('',#13015,#2499);
#1471=LINE('',#13017,#2500);
#1472=LINE('',#13019,#2501);
#1473=LINE('',#13021,#2502);
#1474=LINE('',#13023,#2503);
#1475=LINE('',#13025,#2504);
#1476=LINE('',#13027,#2505);
#1477=LINE('',#13029,#2506);
#1478=LINE('',#13030,#2507);
#1479=LINE('',#13062,#2508);
#1480=LINE('',#13065,#2509);
#1481=LINE('',#13067,#2510);
#1482=LINE('',#13069,#2511);
#1483=LINE('',#13071,#2512);
#1484=LINE('',#13073,#2513);
#1485=LINE('',#13075,#2514);
#1486=LINE('',#13077,#2515);
#1487=LINE('',#13079,#2516);
#1488=LINE('',#13081,#2517);
#1489=LINE('',#13083,#2518);
#1490=LINE('',#13084,#2519);
#1491=LINE('',#13094,#2520);
#1492=LINE('',#13097,#2521);
#1493=LINE('',#13099,#2522);
#1494=LINE('',#13101,#2523);
#1495=LINE('',#13102,#2524);
#1496=LINE('',#13105,#2525);
#1497=LINE('',#13107,#2526);
#1498=LINE('',#13109,#2527);
#1499=LINE('',#13110,#2528);
#1500=LINE('',#13113,#2529);
#1501=LINE('',#13115,#2530);
#1502=LINE('',#13117,#2531);
#1503=LINE('',#13119,#2532);
#1504=LINE('',#13122,#2533);
#1505=LINE('',#13124,#2534);
#1506=LINE('',#13126,#2535);
#1507=LINE('',#13127,#2536);
#1508=LINE('',#13130,#2537);
#1509=LINE('',#13132,#2538);
#1510=LINE('',#13134,#2539);
#1511=LINE('',#13135,#2540);
#1512=LINE('',#13138,#2541);
#1513=LINE('',#13140,#2542);
#1514=LINE('',#13142,#2543);
#1515=LINE('',#13144,#2544);
#1516=LINE('',#13147,#2545);
#1517=LINE('',#13149,#2546);
#1518=LINE('',#13151,#2547);
#1519=LINE('',#13152,#2548);
#1520=LINE('',#13155,#2549);
#1521=LINE('',#13157,#2550);
#1522=LINE('',#13159,#2551);
#1523=LINE('',#13160,#2552);
#1524=LINE('',#13163,#2553);
#1525=LINE('',#13165,#2554);
#1526=LINE('',#13167,#2555);
#1527=LINE('',#13168,#2556);
#1528=LINE('',#13171,#2557);
#1529=LINE('',#13173,#2558);
#1530=LINE('',#13175,#2559);
#1531=LINE('',#13177,#2560);
#1532=LINE('',#13180,#2561);
#1533=LINE('',#13182,#2562);
#1534=LINE('',#13184,#2563);
#1535=LINE('',#13185,#2564);
#1536=LINE('',#13188,#2565);
#1537=LINE('',#13190,#2566);
#1538=LINE('',#13192,#2567);
#1539=LINE('',#13193,#2568);
#1540=LINE('',#13196,#2569);
#1541=LINE('',#13198,#2570);
#1542=LINE('',#13200,#2571);
#1543=LINE('',#13201,#2572);
#1544=LINE('',#13204,#2573);
#1545=LINE('',#13206,#2574);
#1546=LINE('',#13208,#2575);
#1547=LINE('',#13210,#2576);
#1548=LINE('',#13211,#2577);
#1549=LINE('',#13212,#2578);
#1550=LINE('',#13213,#2579);
#1551=LINE('',#13215,#2580);
#1552=LINE('',#13217,#2581);
#1553=LINE('',#13220,#2582);
#1554=LINE('',#13222,#2583);
#1555=LINE('',#13225,#2584);
#1556=LINE('',#13227,#2585);
#1557=LINE('',#13229,#2586);
#1558=LINE('',#13231,#2587);
#1559=LINE('',#13233,#2588);
#1560=LINE('',#13235,#2589);
#1561=LINE('',#13237,#2590);
#1562=LINE('',#13239,#2591);
#1563=LINE('',#13242,#2592);
#1564=LINE('',#13244,#2593);
#1565=LINE('',#13246,#2594);
#1566=LINE('',#13248,#2595);
#1567=LINE('',#13250,#2596);
#1568=LINE('',#13252,#2597);
#1569=LINE('',#13254,#2598);
#1570=LINE('',#13256,#2599);
#1571=LINE('',#13259,#2600);
#1572=LINE('',#13261,#2601);
#1573=LINE('',#13263,#2602);
#1574=LINE('',#13265,#2603);
#1575=LINE('',#13267,#2604);
#1576=LINE('',#13269,#2605);
#1577=LINE('',#13271,#2606);
#1578=LINE('',#13273,#2607);
#1579=LINE('',#13276,#2608);
#1580=LINE('',#13278,#2609);
#1581=LINE('',#13280,#2610);
#1582=LINE('',#13282,#2611);
#1583=LINE('',#13284,#2612);
#1584=LINE('',#13286,#2613);
#1585=LINE('',#13288,#2614);
#1586=LINE('',#13290,#2615);
#1587=LINE('',#13293,#2616);
#1588=LINE('',#13294,#2617);
#1589=LINE('',#13296,#2618);
#1590=LINE('',#13298,#2619);
#1591=LINE('',#13301,#2620);
#1592=LINE('',#13302,#2621);
#1593=LINE('',#13304,#2622);
#1594=LINE('',#13306,#2623);
#1595=LINE('',#13309,#2624);
#1596=LINE('',#13310,#2625);
#1597=LINE('',#13312,#2626);
#1598=LINE('',#13314,#2627);
#1599=LINE('',#13319,#2628);
#1600=LINE('',#13322,#2629);
#1601=LINE('',#13324,#2630);
#1602=LINE('',#13326,#2631);
#1603=LINE('',#13330,#2632);
#1604=LINE('',#13332,#2633);
#1605=LINE('',#13334,#2634);
#1606=LINE('',#13336,#2635);
#1607=LINE('',#13338,#2636);
#1608=LINE('',#13340,#2637);
#1609=LINE('',#13342,#2638);
#1610=LINE('',#13343,#2639);
#1611=LINE('',#13353,#2640);
#1612=LINE('',#13356,#2641);
#1613=LINE('',#13358,#2642);
#1614=LINE('',#13360,#2643);
#1615=LINE('',#13362,#2644);
#1616=LINE('',#13364,#2645);
#1617=LINE('',#13366,#2646);
#1618=LINE('',#13369,#2647);
#1619=LINE('',#13371,#2648);
#1620=LINE('',#13373,#2649);
#1621=LINE('',#13375,#2650);
#1622=LINE('',#13377,#2651);
#1623=LINE('',#13379,#2652);
#1624=LINE('',#13382,#2653);
#1625=LINE('',#13384,#2654);
#1626=LINE('',#13386,#2655);
#1627=LINE('',#13388,#2656);
#1628=LINE('',#13390,#2657);
#1629=LINE('',#13392,#2658);
#1630=LINE('',#13395,#2659);
#1631=LINE('',#13397,#2660);
#1632=LINE('',#13399,#2661);
#1633=LINE('',#13401,#2662);
#1634=LINE('',#13403,#2663);
#1635=LINE('',#13405,#2664);
#1636=LINE('',#13407,#2665);
#1637=LINE('',#13409,#2666);
#1638=LINE('',#13411,#2667);
#1639=LINE('',#13413,#2668);
#1640=LINE('',#13415,#2669);
#1641=LINE('',#13417,#2670);
#1642=LINE('',#13419,#2671);
#1643=LINE('',#13421,#2672);
#1644=LINE('',#13422,#2673);
#1645=LINE('',#13424,#2674);
#1646=LINE('',#13426,#2675);
#1647=LINE('',#13428,#2676);
#1648=LINE('',#13430,#2677);
#1649=LINE('',#13432,#2678);
#1650=LINE('',#13434,#2679);
#1651=LINE('',#13436,#2680);
#1652=LINE('',#13437,#2681);
#1653=LINE('',#13439,#2682);
#1654=LINE('',#13441,#2683);
#1655=LINE('',#13443,#2684);
#1656=LINE('',#13445,#2685);
#1657=LINE('',#13447,#2686);
#1658=LINE('',#13449,#2687);
#1659=LINE('',#13451,#2688);
#1660=LINE('',#13453,#2689);
#1661=LINE('',#13455,#2690);
#1662=LINE('',#13456,#2691);
#1663=LINE('',#13458,#2692);
#1664=LINE('',#13460,#2693);
#1665=LINE('',#13462,#2694);
#1666=LINE('',#13464,#2695);
#1667=LINE('',#13466,#2696);
#1668=LINE('',#13468,#2697);
#1669=LINE('',#13470,#2698);
#1670=LINE('',#13472,#2699);
#1671=LINE('',#13474,#2700);
#1672=LINE('',#13476,#2701);
#1673=LINE('',#13478,#2702);
#1674=LINE('',#13479,#2703);
#1675=LINE('',#13481,#2704);
#1676=LINE('',#13484,#2705);
#1677=LINE('',#13486,#2706);
#1678=LINE('',#13488,#2707);
#1679=LINE('',#13490,#2708);
#1680=LINE('',#13492,#2709);
#1681=LINE('',#13494,#2710);
#1682=LINE('',#13497,#2711);
#1683=LINE('',#13499,#2712);
#1684=LINE('',#13501,#2713);
#1685=LINE('',#13503,#2714);
#1686=LINE('',#13505,#2715);
#1687=LINE('',#13507,#2716);
#1688=LINE('',#13508,#2717);
#1689=LINE('',#13510,#2718);
#1690=LINE('',#13511,#2719);
#1691=LINE('',#13513,#2720);
#1692=LINE('',#13515,#2721);
#1693=LINE('',#13516,#2722);
#1694=LINE('',#13518,#2723);
#1695=LINE('',#13520,#2724);
#1696=LINE('',#13522,#2725);
#1697=LINE('',#13524,#2726);
#1698=LINE('',#13525,#2727);
#1699=LINE('',#13526,#2728);
#1700=LINE('',#13527,#2729);
#1701=LINE('',#13529,#2730);
#1702=LINE('',#13531,#2731);
#1703=LINE('',#13534,#2732);
#1704=LINE('',#13536,#2733);
#1705=LINE('',#13538,#2734);
#1706=LINE('',#13539,#2735);
#1707=LINE('',#13542,#2736);
#1708=LINE('',#13544,#2737);
#1709=LINE('',#13546,#2738);
#1710=LINE('',#13547,#2739);
#1711=LINE('',#13548,#2740);
#1712=LINE('',#13550,#2741);
#1713=LINE('',#13552,#2742);
#1714=LINE('',#13553,#2743);
#1715=LINE('',#13554,#2744);
#1716=LINE('',#13555,#2745);
#1717=LINE('',#13557,#2746);
#1718=LINE('',#13560,#2747);
#1719=LINE('',#13562,#2748);
#1720=LINE('',#13564,#2749);
#1721=LINE('',#13565,#2750);
#1722=LINE('',#13567,#2751);
#1723=LINE('',#13569,#2752);
#1724=LINE('',#13572,#2753);
#1725=LINE('',#13574,#2754);
#1726=LINE('',#13576,#2755);
#1727=LINE('',#13578,#2756);
#1728=LINE('',#13580,#2757);
#1729=LINE('',#13581,#2758);
#1730=LINE('',#13583,#2759);
#1731=LINE('',#13585,#2760);
#1732=LINE('',#13587,#2761);
#1733=LINE('',#13589,#2762);
#1734=LINE('',#13591,#2763);
#1735=LINE('',#13593,#2764);
#1736=LINE('',#13595,#2765);
#1737=LINE('',#13597,#2766);
#1738=LINE('',#13599,#2767);
#1739=LINE('',#13601,#2768);
#1740=LINE('',#13603,#2769);
#1741=LINE('',#13605,#2770);
#1742=LINE('',#13607,#2771);
#1743=LINE('',#13609,#2772);
#1744=LINE('',#13611,#2773);
#1745=LINE('',#13613,#2774);
#1746=LINE('',#13615,#2775);
#1747=LINE('',#13617,#2776);
#1748=LINE('',#13619,#2777);
#1749=LINE('',#13621,#2778);
#1750=LINE('',#13623,#2779);
#1751=LINE('',#13625,#2780);
#1752=LINE('',#13627,#2781);
#1753=LINE('',#13629,#2782);
#1754=LINE('',#13630,#2783);
#1755=LINE('',#13632,#2784);
#1756=LINE('',#13633,#2785);
#1757=LINE('',#13634,#2786);
#1758=LINE('',#13636,#2787);
#1759=LINE('',#13638,#2788);
#1760=LINE('',#13640,#2789);
#1761=LINE('',#13642,#2790);
#1762=LINE('',#13643,#2791);
#1763=LINE('',#13645,#2792);
#1764=LINE('',#13646,#2793);
#1765=LINE('',#13648,#2794);
#1766=LINE('',#13653,#2795);
#1767=LINE('',#13655,#2796);
#1768=LINE('',#13657,#2797);
#1769=LINE('',#13660,#2798);
#1770=LINE('',#13662,#2799);
#1771=LINE('',#13664,#2800);
#1772=LINE('',#13666,#2801);
#1773=LINE('',#13668,#2802);
#1774=LINE('',#13671,#2803);
#1775=LINE('',#13673,#2804);
#1776=LINE('',#13675,#2805);
#1777=LINE('',#13677,#2806);
#1778=LINE('',#13679,#2807);
#1779=LINE('',#13682,#2808);
#1780=LINE('',#13684,#2809);
#1781=LINE('',#13686,#2810);
#1782=LINE('',#13689,#2811);
#1783=LINE('',#13691,#2812);
#1784=LINE('',#13693,#2813);
#1785=LINE('',#13695,#2814);
#1786=LINE('',#13697,#2815);
#1787=LINE('',#13699,#2816);
#1788=LINE('',#13701,#2817);
#1789=LINE('',#13703,#2818);
#1790=LINE('',#13705,#2819);
#1791=LINE('',#13711,#2820);
#1792=LINE('',#13713,#2821);
#1793=LINE('',#13725,#2822);
#1794=LINE('',#13727,#2823);
#1795=LINE('',#13729,#2824);
#1796=LINE('',#13731,#2825);
#1797=LINE('',#13733,#2826);
#1798=LINE('',#13735,#2827);
#1799=LINE('',#13737,#2828);
#1800=LINE('',#13739,#2829);
#1801=LINE('',#13742,#2830);
#1802=LINE('',#13744,#2831);
#1803=LINE('',#13746,#2832);
#1804=LINE('',#13748,#2833);
#1805=LINE('',#13750,#2834);
#1806=LINE('',#13752,#2835);
#1807=LINE('',#13754,#2836);
#1808=LINE('',#13756,#2837);
#1809=LINE('',#13768,#2838);
#1810=LINE('',#13771,#2839);
#1811=LINE('',#13773,#2840);
#1812=LINE('',#13775,#2841);
#1813=LINE('',#13777,#2842);
#1814=LINE('',#13779,#2843);
#1815=LINE('',#13781,#2844);
#1816=LINE('',#13783,#2845);
#1817=LINE('',#13785,#2846);
#1818=LINE('',#13787,#2847);
#1819=LINE('',#13789,#2848);
#1820=LINE('',#13791,#2849);
#1821=LINE('',#13793,#2850);
#1822=LINE('',#13795,#2851);
#1823=LINE('',#13797,#2852);
#1824=LINE('',#13799,#2853);
#1825=LINE('',#13801,#2854);
#1826=LINE('',#13802,#2855);
#1827=LINE('',#13820,#2856);
#1828=LINE('',#13823,#2857);
#1829=LINE('',#13825,#2858);
#1830=LINE('',#13827,#2859);
#1831=LINE('',#13828,#2860);
#1832=LINE('',#13831,#2861);
#1833=LINE('',#13833,#2862);
#1834=LINE('',#13835,#2863);
#1835=LINE('',#13836,#2864);
#1836=LINE('',#13839,#2865);
#1837=LINE('',#13841,#2866);
#1838=LINE('',#13843,#2867);
#1839=LINE('',#13848,#2868);
#1840=LINE('',#13850,#2869);
#1841=LINE('',#13852,#2870);
#1842=LINE('',#13854,#2871);
#1843=LINE('',#13856,#2872);
#1844=LINE('',#13858,#2873);
#1845=LINE('',#13860,#2874);
#1846=LINE('',#13862,#2875);
#1847=LINE('',#13865,#2876);
#1848=LINE('',#13867,#2877);
#1849=LINE('',#13869,#2878);
#1850=LINE('',#13871,#2879);
#1851=LINE('',#13873,#2880);
#1852=LINE('',#13875,#2881);
#1853=LINE('',#13877,#2882);
#1854=LINE('',#13879,#2883);
#1855=LINE('',#13882,#2884);
#1856=LINE('',#13884,#2885);
#1857=LINE('',#13886,#2886);
#1858=LINE('',#13888,#2887);
#1859=LINE('',#13890,#2888);
#1860=LINE('',#13892,#2889);
#1861=LINE('',#13894,#2890);
#1862=LINE('',#13896,#2891);
#1863=LINE('',#13907,#2892);
#1864=LINE('',#13910,#2893);
#1865=LINE('',#13912,#2894);
#1866=LINE('',#13914,#2895);
#1867=LINE('',#13915,#2896);
#1868=LINE('',#13918,#2897);
#1869=LINE('',#13920,#2898);
#1870=LINE('',#13922,#2899);
#1871=LINE('',#13923,#2900);
#1872=LINE('',#13926,#2901);
#1873=LINE('',#13928,#2902);
#1874=LINE('',#13930,#2903);
#1875=LINE('',#13931,#2904);
#1876=LINE('',#13934,#2905);
#1877=LINE('',#13936,#2906);
#1878=LINE('',#13938,#2907);
#1879=LINE('',#13939,#2908);
#1880=LINE('',#13942,#2909);
#1881=LINE('',#13944,#2910);
#1882=LINE('',#13946,#2911);
#1883=LINE('',#13947,#2912);
#1884=LINE('',#13950,#2913);
#1885=LINE('',#13952,#2914);
#1886=LINE('',#13954,#2915);
#1887=LINE('',#13956,#2916);
#1888=LINE('',#13959,#2917);
#1889=LINE('',#13961,#2918);
#1890=LINE('',#13963,#2919);
#1891=LINE('',#13964,#2920);
#1892=LINE('',#13967,#2921);
#1893=LINE('',#13969,#2922);
#1894=LINE('',#13971,#2923);
#1895=LINE('',#13972,#2924);
#1896=LINE('',#13975,#2925);
#1897=LINE('',#13977,#2926);
#1898=LINE('',#13979,#2927);
#1899=LINE('',#13980,#2928);
#1900=LINE('',#13983,#2929);
#1901=LINE('',#13985,#2930);
#1902=LINE('',#13987,#2931);
#1903=LINE('',#13988,#2932);
#1904=LINE('',#13991,#2933);
#1905=LINE('',#13993,#2934);
#1906=LINE('',#13995,#2935);
#1907=LINE('',#13996,#2936);
#1908=LINE('',#13999,#2937);
#1909=LINE('',#14001,#2938);
#1910=LINE('',#14003,#2939);
#1911=LINE('',#14005,#2940);
#1912=LINE('',#14006,#2941);
#1913=LINE('',#14008,#2942);
#1914=LINE('',#14010,#2943);
#1915=LINE('',#14013,#2944);
#1916=LINE('',#14015,#2945);
#1917=LINE('',#14017,#2946);
#1918=LINE('',#14019,#2947);
#1919=LINE('',#14021,#2948);
#1920=LINE('',#14023,#2949);
#1921=LINE('',#14025,#2950);
#1922=LINE('',#14027,#2951);
#1923=LINE('',#14030,#2952);
#1924=LINE('',#14032,#2953);
#1925=LINE('',#14034,#2954);
#1926=LINE('',#14036,#2955);
#1927=LINE('',#14038,#2956);
#1928=LINE('',#14040,#2957);
#1929=LINE('',#14042,#2958);
#1930=LINE('',#14044,#2959);
#1931=LINE('',#14047,#2960);
#1932=LINE('',#14049,#2961);
#1933=LINE('',#14051,#2962);
#1934=LINE('',#14053,#2963);
#1935=LINE('',#14055,#2964);
#1936=LINE('',#14057,#2965);
#1937=LINE('',#14059,#2966);
#1938=LINE('',#14061,#2967);
#1939=LINE('',#14064,#2968);
#1940=LINE('',#14066,#2969);
#1941=LINE('',#14068,#2970);
#1942=LINE('',#14070,#2971);
#1943=LINE('',#14072,#2972);
#1944=LINE('',#14074,#2973);
#1945=LINE('',#14076,#2974);
#1946=LINE('',#14078,#2975);
#1947=LINE('',#14081,#2976);
#1948=LINE('',#14083,#2977);
#1949=LINE('',#14085,#2978);
#1950=LINE('',#14087,#2979);
#1951=LINE('',#14089,#2980);
#1952=LINE('',#14091,#2981);
#1953=LINE('',#14093,#2982);
#1954=LINE('',#14095,#2983);
#1955=LINE('',#14098,#2984);
#1956=LINE('',#14100,#2985);
#1957=LINE('',#14102,#2986);
#1958=LINE('',#14104,#2987);
#1959=LINE('',#14106,#2988);
#1960=LINE('',#14108,#2989);
#1961=LINE('',#14110,#2990);
#1962=LINE('',#14112,#2991);
#1963=LINE('',#14115,#2992);
#1964=LINE('',#14117,#2993);
#1965=LINE('',#14119,#2994);
#1966=LINE('',#14121,#2995);
#1967=LINE('',#14123,#2996);
#1968=LINE('',#14125,#2997);
#1969=LINE('',#14127,#2998);
#1970=LINE('',#14129,#2999);
#1971=LINE('',#14132,#3000);
#1972=LINE('',#14134,#3001);
#1973=LINE('',#14136,#3002);
#1974=LINE('',#14138,#3003);
#1975=LINE('',#14140,#3004);
#1976=LINE('',#14142,#3005);
#1977=LINE('',#14144,#3006);
#1978=LINE('',#14146,#3007);
#1979=LINE('',#14149,#3008);
#1980=LINE('',#14151,#3009);
#1981=LINE('',#14153,#3010);
#1982=LINE('',#14155,#3011);
#1983=LINE('',#14157,#3012);
#1984=LINE('',#14159,#3013);
#1985=LINE('',#14161,#3014);
#1986=LINE('',#14163,#3015);
#1987=LINE('',#14166,#3016);
#1988=LINE('',#14168,#3017);
#1989=LINE('',#14170,#3018);
#1990=LINE('',#14172,#3019);
#1991=LINE('',#14174,#3020);
#1992=LINE('',#14176,#3021);
#1993=LINE('',#14178,#3022);
#1994=LINE('',#14180,#3023);
#1995=LINE('',#14195,#3024);
#1996=LINE('',#14198,#3025);
#1997=LINE('',#14200,#3026);
#1998=LINE('',#14202,#3027);
#1999=LINE('',#14204,#3028);
#2000=LINE('',#14206,#3029);
#2001=LINE('',#14208,#3030);
#2002=LINE('',#14210,#3031);
#2003=LINE('',#14212,#3032);
#2004=LINE('',#14214,#3033);
#2005=LINE('',#14216,#3034);
#2006=LINE('',#14217,#3035);
#2007=LINE('',#14234,#3036);
#2008=LINE('',#14237,#3037);
#2009=LINE('',#14239,#3038);
#2010=LINE('',#14241,#3039);
#2011=LINE('',#14243,#3040);
#2012=LINE('',#14245,#3041);
#2013=LINE('',#14247,#3042);
#2014=LINE('',#14251,#3043);
#2015=LINE('',#14253,#3044);
#2016=LINE('',#14255,#3045);
#2017=LINE('',#14257,#3046);
#2018=LINE('',#14258,#3047);
#2019=LINE('',#14296,#3048);
#2020=LINE('',#14299,#3049);
#2021=LINE('',#14301,#3050);
#2022=LINE('',#14303,#3051);
#2023=LINE('',#14305,#3052);
#2024=LINE('',#14307,#3053);
#2025=LINE('',#14309,#3054);
#2026=LINE('',#14311,#3055);
#2027=LINE('',#14313,#3056);
#2028=LINE('',#14315,#3057);
#2029=LINE('',#14317,#3058);
#2030=LINE('',#14320,#3059);
#2031=LINE('',#14322,#3060);
#2032=LINE('',#14324,#3061);
#2033=LINE('',#14326,#3062);
#2034=LINE('',#14328,#3063);
#2035=LINE('',#14330,#3064);
#2036=LINE('',#14332,#3065);
#2037=LINE('',#14334,#3066);
#2038=LINE('',#14336,#3067);
#2039=LINE('',#14338,#3068);
#2040=LINE('',#14340,#3069);
#2041=LINE('',#14342,#3070);
#2042=LINE('',#14344,#3071);
#2043=LINE('',#14346,#3072);
#2044=LINE('',#14348,#3073);
#2045=LINE('',#14350,#3074);
#2046=LINE('',#14352,#3075);
#2047=LINE('',#14354,#3076);
#2048=LINE('',#14356,#3077);
#2049=LINE('',#14358,#3078);
#2050=LINE('',#14360,#3079);
#2051=LINE('',#14362,#3080);
#2052=LINE('',#14363,#3081);
#2053=LINE('',#14365,#3082);
#2054=LINE('',#14366,#3083);
#2055=LINE('',#14368,#3084);
#2056=LINE('',#14371,#3085);
#2057=LINE('',#14373,#3086);
#2058=LINE('',#14375,#3087);
#2059=LINE('',#14376,#3088);
#2060=LINE('',#14379,#3089);
#2061=LINE('',#14381,#3090);
#2062=LINE('',#14383,#3091);
#2063=LINE('',#14452,#3092);
#2064=LINE('',#14454,#3093);
#2065=LINE('',#14456,#3094);
#2066=LINE('',#14458,#3095);
#2067=LINE('',#14460,#3096);
#2068=LINE('',#14462,#3097);
#2069=LINE('',#14464,#3098);
#2070=LINE('',#14466,#3099);
#2071=LINE('',#14469,#3100);
#2072=LINE('',#14471,#3101);
#2073=LINE('',#14473,#3102);
#2074=LINE('',#14475,#3103);
#2075=LINE('',#14477,#3104);
#2076=LINE('',#14479,#3105);
#2077=LINE('',#14481,#3106);
#2078=LINE('',#14483,#3107);
#2079=LINE('',#14489,#3108);
#2080=LINE('',#14492,#3109);
#2081=LINE('',#14494,#3110);
#2082=LINE('',#14496,#3111);
#2083=LINE('',#14498,#3112);
#2084=LINE('',#14500,#3113);
#2085=LINE('',#14502,#3114);
#2086=LINE('',#14504,#3115);
#2087=LINE('',#14506,#3116);
#2088=LINE('',#14508,#3117);
#2089=LINE('',#14510,#3118);
#2090=LINE('',#14512,#3119);
#2091=LINE('',#14514,#3120);
#2092=LINE('',#14516,#3121);
#2093=LINE('',#14518,#3122);
#2094=LINE('',#14520,#3123);
#2095=LINE('',#14522,#3124);
#2096=LINE('',#14523,#3125);
#2097=LINE('',#14547,#3126);
#2098=LINE('',#14550,#3127);
#2099=LINE('',#14552,#3128);
#2100=LINE('',#14554,#3129);
#2101=LINE('',#14555,#3130);
#2102=LINE('',#14558,#3131);
#2103=LINE('',#14560,#3132);
#2104=LINE('',#14562,#3133);
#2105=LINE('',#14563,#3134);
#2106=LINE('',#14566,#3135);
#2107=LINE('',#14568,#3136);
#2108=LINE('',#14570,#3137);
#2109=LINE('',#14571,#3138);
#2110=LINE('',#14574,#3139);
#2111=LINE('',#14576,#3140);
#2112=LINE('',#14578,#3141);
#2113=LINE('',#14579,#3142);
#2114=LINE('',#14582,#3143);
#2115=LINE('',#14584,#3144);
#2116=LINE('',#14586,#3145);
#2117=LINE('',#14587,#3146);
#2118=LINE('',#14590,#3147);
#2119=LINE('',#14592,#3148);
#2120=LINE('',#14594,#3149);
#2121=LINE('',#14596,#3150);
#2122=LINE('',#14599,#3151);
#2123=LINE('',#14601,#3152);
#2124=LINE('',#14603,#3153);
#2125=LINE('',#14604,#3154);
#2126=LINE('',#14607,#3155);
#2127=LINE('',#14609,#3156);
#2128=LINE('',#14611,#3157);
#2129=LINE('',#14612,#3158);
#2130=LINE('',#14615,#3159);
#2131=LINE('',#14617,#3160);
#2132=LINE('',#14619,#3161);
#2133=LINE('',#14620,#3162);
#2134=LINE('',#14623,#3163);
#2135=LINE('',#14625,#3164);
#2136=LINE('',#14627,#3165);
#2137=LINE('',#14628,#3166);
#2138=LINE('',#14631,#3167);
#2139=LINE('',#14633,#3168);
#2140=LINE('',#14635,#3169);
#2141=LINE('',#14636,#3170);
#2142=LINE('',#14639,#3171);
#2143=LINE('',#14641,#3172);
#2144=LINE('',#14643,#3173);
#2145=LINE('',#14644,#3174);
#2146=LINE('',#14647,#3175);
#2147=LINE('',#14649,#3176);
#2148=LINE('',#14651,#3177);
#2149=LINE('',#14652,#3178);
#2150=LINE('',#14655,#3179);
#2151=LINE('',#14657,#3180);
#2152=LINE('',#14659,#3181);
#2153=LINE('',#14660,#3182);
#2154=LINE('',#14663,#3183);
#2155=LINE('',#14665,#3184);
#2156=LINE('',#14667,#3185);
#2157=LINE('',#14668,#3186);
#2158=LINE('',#14671,#3187);
#2159=LINE('',#14673,#3188);
#2160=LINE('',#14675,#3189);
#2161=LINE('',#14676,#3190);
#2162=LINE('',#14679,#3191);
#2163=LINE('',#14681,#3192);
#2164=LINE('',#14683,#3193);
#2165=LINE('',#14684,#3194);
#2166=LINE('',#14687,#3195);
#2167=LINE('',#14689,#3196);
#2168=LINE('',#14691,#3197);
#2169=LINE('',#14693,#3198);
#2170=LINE('',#14694,#3199);
#2171=LINE('',#14695,#3200);
#2172=LINE('',#14698,#3201);
#2173=LINE('',#14700,#3202);
#2174=LINE('',#14702,#3203);
#2175=LINE('',#14703,#3204);
#2176=LINE('',#14706,#3205);
#2177=LINE('',#14708,#3206);
#2178=LINE('',#14710,#3207);
#2179=LINE('',#14712,#3208);
#2180=LINE('',#14715,#3209);
#2181=LINE('',#14717,#3210);
#2182=LINE('',#14719,#3211);
#2183=LINE('',#14720,#3212);
#2184=LINE('',#14721,#3213);
#2185=LINE('',#14722,#3214);
#2186=LINE('',#14725,#3215);
#2187=LINE('',#14727,#3216);
#2188=LINE('',#14729,#3217);
#2189=LINE('',#14733,#3218);
#2190=LINE('',#14735,#3219);
#2191=LINE('',#14737,#3220);
#2192=LINE('',#14739,#3221);
#2193=LINE('',#14741,#3222);
#2194=LINE('',#14743,#3223);
#2195=LINE('',#14745,#3224);
#2196=LINE('',#14747,#3225);
#2197=LINE('',#14750,#3226);
#2198=LINE('',#14752,#3227);
#2199=LINE('',#14754,#3228);
#2200=LINE('',#14756,#3229);
#2201=LINE('',#14758,#3230);
#2202=LINE('',#14760,#3231);
#2203=LINE('',#14762,#3232);
#2204=LINE('',#14764,#3233);
#2205=LINE('',#14767,#3234);
#2206=LINE('',#14769,#3235);
#2207=LINE('',#14771,#3236);
#2208=LINE('',#14773,#3237);
#2209=LINE('',#14775,#3238);
#2210=LINE('',#14777,#3239);
#2211=LINE('',#14779,#3240);
#2212=LINE('',#14781,#3241);
#2213=LINE('',#14784,#3242);
#2214=LINE('',#14786,#3243);
#2215=LINE('',#14788,#3244);
#2216=LINE('',#14790,#3245);
#2217=LINE('',#14792,#3246);
#2218=LINE('',#14794,#3247);
#2219=LINE('',#14796,#3248);
#2220=LINE('',#14798,#3249);
#2221=LINE('',#14801,#3250);
#2222=LINE('',#14803,#3251);
#2223=LINE('',#14805,#3252);
#2224=LINE('',#14807,#3253);
#2225=LINE('',#14809,#3254);
#2226=LINE('',#14811,#3255);
#2227=LINE('',#14813,#3256);
#2228=LINE('',#14815,#3257);
#2229=LINE('',#14818,#3258);
#2230=LINE('',#14820,#3259);
#2231=LINE('',#14822,#3260);
#2232=LINE('',#14824,#3261);
#2233=LINE('',#14826,#3262);
#2234=LINE('',#14828,#3263);
#2235=LINE('',#14830,#3264);
#2236=LINE('',#14832,#3265);
#2237=LINE('',#14835,#3266);
#2238=LINE('',#14838,#3267);
#2239=LINE('',#14840,#3268);
#2240=LINE('',#14842,#3269);
#2241=LINE('',#14844,#3270);
#2242=LINE('',#14845,#3271);
#2243=LINE('',#14847,#3272);
#2244=LINE('',#14848,#3273);
#2245=LINE('',#14851,#3274);
#2246=LINE('',#14854,#3275);
#2247=LINE('',#14856,#3276);
#2248=LINE('',#14858,#3277);
#2249=LINE('',#14860,#3278);
#2250=LINE('',#14861,#3279);
#2251=LINE('',#14863,#3280);
#2252=LINE('',#14864,#3281);
#2253=LINE('',#14868,#3282);
#2254=LINE('',#14870,#3283);
#2255=LINE('',#14872,#3284);
#2256=LINE('',#14874,#3285);
#2257=LINE('',#14876,#3286);
#2258=LINE('',#14878,#3287);
#2259=LINE('',#14880,#3288);
#2260=LINE('',#14882,#3289);
#2261=LINE('',#14885,#3290);
#2262=LINE('',#14887,#3291);
#2263=LINE('',#14889,#3292);
#2264=LINE('',#14891,#3293);
#2265=LINE('',#14893,#3294);
#2266=LINE('',#14895,#3295);
#2267=LINE('',#14897,#3296);
#2268=LINE('',#14899,#3297);
#2269=LINE('',#14902,#3298);
#2270=LINE('',#14904,#3299);
#2271=LINE('',#14906,#3300);
#2272=LINE('',#14908,#3301);
#2273=LINE('',#14910,#3302);
#2274=LINE('',#14912,#3303);
#2275=LINE('',#14914,#3304);
#2276=LINE('',#14916,#3305);
#2277=LINE('',#14919,#3306);
#2278=LINE('',#14921,#3307);
#2279=LINE('',#14923,#3308);
#2280=LINE('',#14925,#3309);
#2281=LINE('',#14927,#3310);
#2282=LINE('',#14929,#3311);
#2283=LINE('',#14931,#3312);
#2284=LINE('',#14933,#3313);
#2285=LINE('',#14936,#3314);
#2286=LINE('',#14938,#3315);
#2287=LINE('',#14940,#3316);
#2288=LINE('',#14942,#3317);
#2289=LINE('',#14944,#3318);
#2290=LINE('',#14946,#3319);
#2291=LINE('',#14948,#3320);
#2292=LINE('',#14950,#3321);
#2293=LINE('',#14953,#3322);
#2294=LINE('',#14955,#3323);
#2295=LINE('',#14957,#3324);
#2296=LINE('',#14959,#3325);
#2297=LINE('',#14961,#3326);
#2298=LINE('',#14963,#3327);
#2299=LINE('',#14965,#3328);
#2300=LINE('',#14967,#3329);
#2301=LINE('',#14971,#3330);
#2302=LINE('',#14973,#3331);
#2303=LINE('',#14975,#3332);
#2304=LINE('',#14977,#3333);
#2305=LINE('',#14979,#3334);
#2306=LINE('',#14981,#3335);
#2307=LINE('',#14983,#3336);
#2308=LINE('',#14985,#3337);
#2309=LINE('',#14988,#3338);
#2310=LINE('',#14990,#3339);
#2311=LINE('',#14992,#3340);
#2312=LINE('',#14994,#3341);
#2313=LINE('',#14996,#3342);
#2314=LINE('',#14998,#3343);
#2315=LINE('',#15000,#3344);
#2316=LINE('',#15002,#3345);
#2317=LINE('',#15005,#3346);
#2318=LINE('',#15007,#3347);
#2319=LINE('',#15009,#3348);
#2320=LINE('',#15011,#3349);
#2321=LINE('',#15013,#3350);
#2322=LINE('',#15015,#3351);
#2323=LINE('',#15017,#3352);
#2324=LINE('',#15019,#3353);
#2325=LINE('',#15022,#3354);
#2326=LINE('',#15024,#3355);
#2327=LINE('',#15026,#3356);
#2328=LINE('',#15028,#3357);
#2329=LINE('',#15030,#3358);
#2330=LINE('',#15032,#3359);
#2331=LINE('',#15034,#3360);
#2332=LINE('',#15036,#3361);
#2333=LINE('',#15039,#3362);
#2334=LINE('',#15041,#3363);
#2335=LINE('',#15043,#3364);
#2336=LINE('',#15045,#3365);
#2337=LINE('',#15047,#3366);
#2338=LINE('',#15049,#3367);
#2339=LINE('',#15051,#3368);
#2340=LINE('',#15053,#3369);
#2341=LINE('',#15056,#3370);
#2342=LINE('',#15058,#3371);
#2343=LINE('',#15060,#3372);
#2344=LINE('',#15062,#3373);
#2345=LINE('',#15064,#3374);
#2346=LINE('',#15066,#3375);
#2347=LINE('',#15068,#3376);
#2348=LINE('',#15070,#3377);
#2349=LINE('',#15097,#3378);
#2350=LINE('',#15100,#3379);
#2351=LINE('',#15102,#3380);
#2352=LINE('',#15104,#3381);
#2353=LINE('',#15106,#3382);
#2354=LINE('',#15108,#3383);
#2355=LINE('',#15112,#3384);
#2356=LINE('',#15115,#3385);
#2357=LINE('',#15117,#3386);
#2358=LINE('',#15119,#3387);
#2359=LINE('',#15121,#3388);
#2360=LINE('',#15123,#3389);
#2361=LINE('',#15127,#3390);
#2362=LINE('',#15130,#3391);
#2363=LINE('',#15132,#3392);
#2364=LINE('',#15134,#3393);
#2365=LINE('',#15136,#3394);
#2366=LINE('',#15138,#3395);
#2367=LINE('',#15142,#3396);
#2368=LINE('',#15145,#3397);
#2369=LINE('',#15147,#3398);
#2370=LINE('',#15149,#3399);
#2371=LINE('',#15151,#3400);
#2372=LINE('',#15153,#3401);
#2373=LINE('',#15155,#3402);
#2374=LINE('',#15156,#3403);
#2375=LINE('',#15158,#3404);
#2376=LINE('',#15159,#3405);
#2377=LINE('',#15161,#3406);
#2378=LINE('',#15162,#3407);
#2379=LINE('',#15163,#3408);
#2380=LINE('',#15164,#3409);
#2381=LINE('',#15167,#3410);
#2382=LINE('',#15171,#3411);
#2383=LINE('',#15174,#3412);
#2384=LINE('',#15176,#3413);
#2385=LINE('',#15227,#3414);
#2386=LINE('',#15230,#3415);
#2387=LINE('',#15232,#3416);
#2388=LINE('',#15234,#3417);
#2389=LINE('',#15236,#3418);
#2390=LINE('',#15238,#3419);
#2391=LINE('',#15240,#3420);
#2392=LINE('',#15242,#3421);
#2393=LINE('',#15244,#3422);
#2394=LINE('',#15246,#3423);
#2395=LINE('',#15248,#3424);
#2396=LINE('',#15249,#3425);
#2397=LINE('',#15325,#3426);
#2398=LINE('',#15328,#3427);
#2399=LINE('',#15330,#3428);
#2400=LINE('',#15332,#3429);
#2401=LINE('',#15334,#3430);
#2402=LINE('',#15336,#3431);
#2403=LINE('',#15338,#3432);
#2404=LINE('',#15340,#3433);
#2405=LINE('',#15342,#3434);
#2406=LINE('',#15345,#3435);
#2407=LINE('',#15347,#3436);
#2408=LINE('',#15349,#3437);
#2409=LINE('',#15351,#3438);
#2410=LINE('',#15353,#3439);
#2411=LINE('',#15355,#3440);
#2412=LINE('',#15358,#3441);
#2413=LINE('',#15360,#3442);
#2414=LINE('',#15362,#3443);
#2415=LINE('',#15364,#3444);
#2416=LINE('',#15366,#3445);
#2417=LINE('',#15368,#3446);
#2418=LINE('',#15370,#3447);
#2419=LINE('',#15372,#3448);
#2420=LINE('',#15374,#3449);
#2421=LINE('',#15375,#3450);
#2422=LINE('',#15377,#3451);
#2423=LINE('',#15379,#3452);
#2424=LINE('',#15381,#3453);
#2425=LINE('',#15383,#3454);
#2426=LINE('',#15386,#3455);
#2427=LINE('',#15387,#3456);
#2428=LINE('',#15391,#3457);
#2429=LINE('',#15395,#3458);
#2430=LINE('',#15398,#3459);
#2431=LINE('',#15401,#3460);
#2432=LINE('',#15402,#3461);
#2433=LINE('',#15403,#3462);
#2434=LINE('',#15406,#3463);
#2435=LINE('',#15407,#3464);
#2436=LINE('',#15409,#3465);
#2437=LINE('',#15418,#3466);
#2438=VECTOR('',#10293,1.);
#2439=VECTOR('',#10298,1.);
#2440=VECTOR('',#10303,1.);
#2441=VECTOR('',#10304,1.);
#2442=VECTOR('',#10307,1.);
#2443=VECTOR('',#10308,1.);
#2444=VECTOR('',#10311,1.);
#2445=VECTOR('',#10312,1.);
#2446=VECTOR('',#10315,1.);
#2447=VECTOR('',#10316,1.);
#2448=VECTOR('',#10319,1.);
#2449=VECTOR('',#10320,1.);
#2450=VECTOR('',#10321,1.);
#2451=VECTOR('',#10324,1.);
#2452=VECTOR('',#10325,1.);
#2453=VECTOR('',#10328,1.);
#2454=VECTOR('',#10329,1.);
#2455=VECTOR('',#10332,1.);
#2456=VECTOR('',#10337,1.);
#2457=VECTOR('',#10338,1.);
#2458=VECTOR('',#10341,1.);
#2459=VECTOR('',#10342,1.);
#2460=VECTOR('',#10345,1.);
#2461=VECTOR('',#10346,1.);
#2462=VECTOR('',#10349,1.);
#2463=VECTOR('',#10350,1.);
#2464=VECTOR('',#10351,1.);
#2465=VECTOR('',#10352,1.);
#2466=VECTOR('',#10355,1.);
#2467=VECTOR('',#10356,1.);
#2468=VECTOR('',#10357,1.);
#2469=VECTOR('',#10360,1.);
#2470=VECTOR('',#10361,1.);
#2471=VECTOR('',#10364,1.);
#2472=VECTOR('',#10375,1.);
#2473=VECTOR('',#10376,1.);
#2474=VECTOR('',#10377,1.);
#2475=VECTOR('',#10378,1.);
#2476=VECTOR('',#10381,1.);
#2477=VECTOR('',#10382,1.);
#2478=VECTOR('',#10383,1.);
#2479=VECTOR('',#10386,1.);
#2480=VECTOR('',#10387,1.);
#2481=VECTOR('',#10388,1.);
#2482=VECTOR('',#10391,1.);
#2483=VECTOR('',#10392,1.);
#2484=VECTOR('',#10413,1.);
#2485=VECTOR('',#10414,1.);
#2486=VECTOR('',#10415,1.);
#2487=VECTOR('',#10416,1.);
#2488=VECTOR('',#10419,1.);
#2489=VECTOR('',#10420,1.);
#2490=VECTOR('',#10421,1.);
#2491=VECTOR('',#10424,1.);
#2492=VECTOR('',#10425,1.);
#2493=VECTOR('',#10426,1.);
#2494=VECTOR('',#10429,1.);
#2495=VECTOR('',#10430,1.);
#2496=VECTOR('',#10437,1.);
#2497=VECTOR('',#10438,1.);
#2498=VECTOR('',#10439,1.);
#2499=VECTOR('',#10440,1.);
#2500=VECTOR('',#10443,1.);
#2501=VECTOR('',#10444,1.);
#2502=VECTOR('',#10445,1.);
#2503=VECTOR('',#10448,1.);
#2504=VECTOR('',#10449,1.);
#2505=VECTOR('',#10450,1.);
#2506=VECTOR('',#10453,1.);
#2507=VECTOR('',#10454,1.);
#2508=VECTOR('',#10513,1.);
#2509=VECTOR('',#10514,1.);
#2510=VECTOR('',#10515,1.);
#2511=VECTOR('',#10516,1.);
#2512=VECTOR('',#10519,1.);
#2513=VECTOR('',#10520,1.);
#2514=VECTOR('',#10521,1.);
#2515=VECTOR('',#10524,1.);
#2516=VECTOR('',#10525,1.);
#2517=VECTOR('',#10526,1.);
#2518=VECTOR('',#10529,1.);
#2519=VECTOR('',#10530,1.);
#2520=VECTOR('',#10549,1.);
#2521=VECTOR('',#10550,1.);
#2522=VECTOR('',#10551,1.);
#2523=VECTOR('',#10552,1.);
#2524=VECTOR('',#10553,1.);
#2525=VECTOR('',#10554,1.);
#2526=VECTOR('',#10555,1.);
#2527=VECTOR('',#10556,1.);
#2528=VECTOR('',#10557,1.);
#2529=VECTOR('',#10558,1.);
#2530=VECTOR('',#10559,1.);
#2531=VECTOR('',#10560,1.);
#2532=VECTOR('',#10563,1.);
#2533=VECTOR('',#10564,1.);
#2534=VECTOR('',#10565,1.);
#2535=VECTOR('',#10566,1.);
#2536=VECTOR('',#10567,1.);
#2537=VECTOR('',#10568,1.);
#2538=VECTOR('',#10569,1.);
#2539=VECTOR('',#10570,1.);
#2540=VECTOR('',#10571,1.);
#2541=VECTOR('',#10572,1.);
#2542=VECTOR('',#10573,1.);
#2543=VECTOR('',#10574,1.);
#2544=VECTOR('',#10577,1.);
#2545=VECTOR('',#10578,1.);
#2546=VECTOR('',#10579,1.);
#2547=VECTOR('',#10580,1.);
#2548=VECTOR('',#10581,1.);
#2549=VECTOR('',#10582,1.);
#2550=VECTOR('',#10583,1.);
#2551=VECTOR('',#10584,1.);
#2552=VECTOR('',#10585,1.);
#2553=VECTOR('',#10586,1.);
#2554=VECTOR('',#10587,1.);
#2555=VECTOR('',#10588,1.);
#2556=VECTOR('',#10589,1.);
#2557=VECTOR('',#10590,1.);
#2558=VECTOR('',#10591,1.);
#2559=VECTOR('',#10592,1.);
#2560=VECTOR('',#10595,1.);
#2561=VECTOR('',#10596,1.);
#2562=VECTOR('',#10597,1.);
#2563=VECTOR('',#10598,1.);
#2564=VECTOR('',#10599,1.);
#2565=VECTOR('',#10600,1.);
#2566=VECTOR('',#10601,1.);
#2567=VECTOR('',#10602,1.);
#2568=VECTOR('',#10603,1.);
#2569=VECTOR('',#10604,1.);
#2570=VECTOR('',#10605,1.);
#2571=VECTOR('',#10606,1.);
#2572=VECTOR('',#10607,1.);
#2573=VECTOR('',#10608,1.);
#2574=VECTOR('',#10609,1.);
#2575=VECTOR('',#10610,1.);
#2576=VECTOR('',#10613,1.);
#2577=VECTOR('',#10614,1.);
#2578=VECTOR('',#10615,1.);
#2579=VECTOR('',#10616,1.);
#2580=VECTOR('',#10619,1.);
#2581=VECTOR('',#10622,1.);
#2582=VECTOR('',#10627,1.);
#2583=VECTOR('',#10630,1.);
#2584=VECTOR('',#10635,1.);
#2585=VECTOR('',#10636,1.);
#2586=VECTOR('',#10637,1.);
#2587=VECTOR('',#10640,1.);
#2588=VECTOR('',#10641,1.);
#2589=VECTOR('',#10644,1.);
#2590=VECTOR('',#10645,1.);
#2591=VECTOR('',#10648,1.);
#2592=VECTOR('',#10653,1.);
#2593=VECTOR('',#10654,1.);
#2594=VECTOR('',#10655,1.);
#2595=VECTOR('',#10658,1.);
#2596=VECTOR('',#10659,1.);
#2597=VECTOR('',#10662,1.);
#2598=VECTOR('',#10663,1.);
#2599=VECTOR('',#10666,1.);
#2600=VECTOR('',#10671,1.);
#2601=VECTOR('',#10672,1.);
#2602=VECTOR('',#10673,1.);
#2603=VECTOR('',#10676,1.);
#2604=VECTOR('',#10677,1.);
#2605=VECTOR('',#10680,1.);
#2606=VECTOR('',#10681,1.);
#2607=VECTOR('',#10684,1.);
#2608=VECTOR('',#10689,1.);
#2609=VECTOR('',#10690,1.);
#2610=VECTOR('',#10691,1.);
#2611=VECTOR('',#10694,1.);
#2612=VECTOR('',#10695,1.);
#2613=VECTOR('',#10698,1.);
#2614=VECTOR('',#10699,1.);
#2615=VECTOR('',#10702,1.);
#2616=VECTOR('',#10707,1.);
#2617=VECTOR('',#10708,1.);
#2618=VECTOR('',#10711,1.);
#2619=VECTOR('',#10714,1.);
#2620=VECTOR('',#10719,1.);
#2621=VECTOR('',#10720,1.);
#2622=VECTOR('',#10723,1.);
#2623=VECTOR('',#10726,1.);
#2624=VECTOR('',#10731,1.);
#2625=VECTOR('',#10732,1.);
#2626=VECTOR('',#10735,1.);
#2627=VECTOR('',#10738,1.);
#2628=VECTOR('',#10747,1.);
#2629=VECTOR('',#10748,1.);
#2630=VECTOR('',#10749,1.);
#2631=VECTOR('',#10750,1.);
#2632=VECTOR('',#10755,1.);
#2633=VECTOR('',#10756,1.);
#2634=VECTOR('',#10757,1.);
#2635=VECTOR('',#10760,1.);
#2636=VECTOR('',#10761,1.);
#2637=VECTOR('',#10762,1.);
#2638=VECTOR('',#10765,1.);
#2639=VECTOR('',#10766,1.);
#2640=VECTOR('',#10783,1.);
#2641=VECTOR('',#10784,1.);
#2642=VECTOR('',#10785,1.);
#2643=VECTOR('',#10786,1.);
#2644=VECTOR('',#10787,1.);
#2645=VECTOR('',#10788,1.);
#2646=VECTOR('',#10791,1.);
#2647=VECTOR('',#10792,1.);
#2648=VECTOR('',#10793,1.);
#2649=VECTOR('',#10794,1.);
#2650=VECTOR('',#10795,1.);
#2651=VECTOR('',#10796,1.);
#2652=VECTOR('',#10799,1.);
#2653=VECTOR('',#10800,1.);
#2654=VECTOR('',#10801,1.);
#2655=VECTOR('',#10802,1.);
#2656=VECTOR('',#10803,1.);
#2657=VECTOR('',#10804,1.);
#2658=VECTOR('',#10807,1.);
#2659=VECTOR('',#10808,1.);
#2660=VECTOR('',#10809,1.);
#2661=VECTOR('',#10810,1.);
#2662=VECTOR('',#10811,1.);
#2663=VECTOR('',#10812,1.);
#2664=VECTOR('',#10815,1.);
#2665=VECTOR('',#10816,1.);
#2666=VECTOR('',#10817,1.);
#2667=VECTOR('',#10818,1.);
#2668=VECTOR('',#10819,1.);
#2669=VECTOR('',#10822,1.);
#2670=VECTOR('',#10823,1.);
#2671=VECTOR('',#10824,1.);
#2672=VECTOR('',#10827,1.);
#2673=VECTOR('',#10828,1.);
#2674=VECTOR('',#10831,1.);
#2675=VECTOR('',#10832,1.);
#2676=VECTOR('',#10833,1.);
#2677=VECTOR('',#10836,1.);
#2678=VECTOR('',#10837,1.);
#2679=VECTOR('',#10838,1.);
#2680=VECTOR('',#10841,1.);
#2681=VECTOR('',#10842,1.);
#2682=VECTOR('',#10843,1.);
#2683=VECTOR('',#10844,1.);
#2684=VECTOR('',#10847,1.);
#2685=VECTOR('',#10848,1.);
#2686=VECTOR('',#10849,1.);
#2687=VECTOR('',#10852,1.);
#2688=VECTOR('',#10853,1.);
#2689=VECTOR('',#10854,1.);
#2690=VECTOR('',#10857,1.);
#2691=VECTOR('',#10858,1.);
#2692=VECTOR('',#10859,1.);
#2693=VECTOR('',#10860,1.);
#2694=VECTOR('',#10863,1.);
#2695=VECTOR('',#10864,1.);
#2696=VECTOR('',#10865,1.);
#2697=VECTOR('',#10866,1.);
#2698=VECTOR('',#10867,1.);
#2699=VECTOR('',#10870,1.);
#2700=VECTOR('',#10871,1.);
#2701=VECTOR('',#10872,1.);
#2702=VECTOR('',#10875,1.);
#2703=VECTOR('',#10876,1.);
#2704=VECTOR('',#10879,1.);
#2705=VECTOR('',#10880,1.);
#2706=VECTOR('',#10881,1.);
#2707=VECTOR('',#10882,1.);
#2708=VECTOR('',#10883,1.);
#2709=VECTOR('',#10884,1.);
#2710=VECTOR('',#10887,1.);
#2711=VECTOR('',#10888,1.);
#2712=VECTOR('',#10889,1.);
#2713=VECTOR('',#10890,1.);
#2714=VECTOR('',#10891,1.);
#2715=VECTOR('',#10892,1.);
#2716=VECTOR('',#10895,1.);
#2717=VECTOR('',#10896,1.);
#2718=VECTOR('',#10899,1.);
#2719=VECTOR('',#10900,1.);
#2720=VECTOR('',#10903,1.);
#2721=VECTOR('',#10904,1.);
#2722=VECTOR('',#10905,1.);
#2723=VECTOR('',#10906,1.);
#2724=VECTOR('',#10907,1.);
#2725=VECTOR('',#10908,1.);
#2726=VECTOR('',#10911,1.);
#2727=VECTOR('',#10912,1.);
#2728=VECTOR('',#10913,1.);
#2729=VECTOR('',#10914,1.);
#2730=VECTOR('',#10915,1.);
#2731=VECTOR('',#10918,1.);
#2732=VECTOR('',#10919,1.);
#2733=VECTOR('',#10920,1.);
#2734=VECTOR('',#10921,1.);
#2735=VECTOR('',#10922,1.);
#2736=VECTOR('',#10923,1.);
#2737=VECTOR('',#10924,1.);
#2738=VECTOR('',#10925,1.);
#2739=VECTOR('',#10926,1.);
#2740=VECTOR('',#10927,1.);
#2741=VECTOR('',#10928,1.);
#2742=VECTOR('',#10929,1.);
#2743=VECTOR('',#10930,1.);
#2744=VECTOR('',#10931,1.);
#2745=VECTOR('',#10932,1.);
#2746=VECTOR('',#10935,1.);
#2747=VECTOR('',#10936,1.);
#2748=VECTOR('',#10937,1.);
#2749=VECTOR('',#10938,1.);
#2750=VECTOR('',#10939,1.);
#2751=VECTOR('',#10940,1.);
#2752=VECTOR('',#10943,1.);
#2753=VECTOR('',#10944,1.);
#2754=VECTOR('',#10945,1.);
#2755=VECTOR('',#10946,1.);
#2756=VECTOR('',#10947,1.);
#2757=VECTOR('',#10948,1.);
#2758=VECTOR('',#10949,1.);
#2759=VECTOR('',#10950,1.);
#2760=VECTOR('',#10951,1.);
#2761=VECTOR('',#10954,1.);
#2762=VECTOR('',#10955,1.);
#2763=VECTOR('',#10956,1.);
#2764=VECTOR('',#10957,1.);
#2765=VECTOR('',#10958,1.);
#2766=VECTOR('',#10959,1.);
#2767=VECTOR('',#10960,1.);
#2768=VECTOR('',#10961,1.);
#2769=VECTOR('',#10962,1.);
#2770=VECTOR('',#10963,1.);
#2771=VECTOR('',#10964,1.);
#2772=VECTOR('',#10965,1.);
#2773=VECTOR('',#10966,1.);
#2774=VECTOR('',#10967,1.);
#2775=VECTOR('',#10970,1.);
#2776=VECTOR('',#10971,1.);
#2777=VECTOR('',#10972,1.);
#2778=VECTOR('',#10973,1.);
#2779=VECTOR('',#10976,1.);
#2780=VECTOR('',#10977,1.);
#2781=VECTOR('',#10978,1.);
#2782=VECTOR('',#10979,1.);
#2783=VECTOR('',#10980,1.);
#2784=VECTOR('',#10981,1.);
#2785=VECTOR('',#10982,1.);
#2786=VECTOR('',#10983,1.);
#2787=VECTOR('',#10984,1.);
#2788=VECTOR('',#10985,1.);
#2789=VECTOR('',#10986,1.);
#2790=VECTOR('',#10987,1.);
#2791=VECTOR('',#10988,1.);
#2792=VECTOR('',#10989,1.);
#2793=VECTOR('',#10990,1.);
#2794=VECTOR('',#10991,1.);
#2795=VECTOR('',#10998,1.);
#2796=VECTOR('',#10999,1.);
#2797=VECTOR('',#11002,1.);
#2798=VECTOR('',#11007,1.);
#2799=VECTOR('',#11008,1.);
#2800=VECTOR('',#11011,1.);
#2801=VECTOR('',#11012,1.);
#2802=VECTOR('',#11015,1.);
#2803=VECTOR('',#11020,1.);
#2804=VECTOR('',#11021,1.);
#2805=VECTOR('',#11024,1.);
#2806=VECTOR('',#11025,1.);
#2807=VECTOR('',#11028,1.);
#2808=VECTOR('',#11033,1.);
#2809=VECTOR('',#11034,1.);
#2810=VECTOR('',#11037,1.);
#2811=VECTOR('',#11042,1.);
#2812=VECTOR('',#11043,1.);
#2813=VECTOR('',#11046,1.);
#2814=VECTOR('',#11047,1.);
#2815=VECTOR('',#11048,1.);
#2816=VECTOR('',#11049,1.);
#2817=VECTOR('',#11052,1.);
#2818=VECTOR('',#11055,1.);
#2819=VECTOR('',#11058,1.);
#2820=VECTOR('',#11067,1.);
#2821=VECTOR('',#11070,1.);
#2822=VECTOR('',#11093,1.);
#2823=VECTOR('',#11094,1.);
#2824=VECTOR('',#11095,1.);
#2825=VECTOR('',#11098,1.);
#2826=VECTOR('',#11099,1.);
#2827=VECTOR('',#11102,1.);
#2828=VECTOR('',#11103,1.);
#2829=VECTOR('',#11106,1.);
#2830=VECTOR('',#11111,1.);
#2831=VECTOR('',#11112,1.);
#2832=VECTOR('',#11113,1.);
#2833=VECTOR('',#11116,1.);
#2834=VECTOR('',#11117,1.);
#2835=VECTOR('',#11120,1.);
#2836=VECTOR('',#11121,1.);
#2837=VECTOR('',#11124,1.);
#2838=VECTOR('',#11147,1.);
#2839=VECTOR('',#11148,1.);
#2840=VECTOR('',#11149,1.);
#2841=VECTOR('',#11150,1.);
#2842=VECTOR('',#11153,1.);
#2843=VECTOR('',#11154,1.);
#2844=VECTOR('',#11155,1.);
#2845=VECTOR('',#11158,1.);
#2846=VECTOR('',#11159,1.);
#2847=VECTOR('',#11160,1.);
#2848=VECTOR('',#11163,1.);
#2849=VECTOR('',#11164,1.);
#2850=VECTOR('',#11165,1.);
#2851=VECTOR('',#11168,1.);
#2852=VECTOR('',#11169,1.);
#2853=VECTOR('',#11170,1.);
#2854=VECTOR('',#11173,1.);
#2855=VECTOR('',#11174,1.);
#2856=VECTOR('',#11205,1.);
#2857=VECTOR('',#11206,1.);
#2858=VECTOR('',#11207,1.);
#2859=VECTOR('',#11208,1.);
#2860=VECTOR('',#11209,1.);
#2861=VECTOR('',#11210,1.);
#2862=VECTOR('',#11211,1.);
#2863=VECTOR('',#11212,1.);
#2864=VECTOR('',#11213,1.);
#2865=VECTOR('',#11214,1.);
#2866=VECTOR('',#11215,1.);
#2867=VECTOR('',#11216,1.);
#2868=VECTOR('',#11223,1.);
#2869=VECTOR('',#11224,1.);
#2870=VECTOR('',#11225,1.);
#2871=VECTOR('',#11228,1.);
#2872=VECTOR('',#11229,1.);
#2873=VECTOR('',#11232,1.);
#2874=VECTOR('',#11233,1.);
#2875=VECTOR('',#11236,1.);
#2876=VECTOR('',#11241,1.);
#2877=VECTOR('',#11242,1.);
#2878=VECTOR('',#11243,1.);
#2879=VECTOR('',#11246,1.);
#2880=VECTOR('',#11247,1.);
#2881=VECTOR('',#11250,1.);
#2882=VECTOR('',#11251,1.);
#2883=VECTOR('',#11254,1.);
#2884=VECTOR('',#11259,1.);
#2885=VECTOR('',#11260,1.);
#2886=VECTOR('',#11261,1.);
#2887=VECTOR('',#11264,1.);
#2888=VECTOR('',#11265,1.);
#2889=VECTOR('',#11268,1.);
#2890=VECTOR('',#11269,1.);
#2891=VECTOR('',#11272,1.);
#2892=VECTOR('',#11291,1.);
#2893=VECTOR('',#11292,1.);
#2894=VECTOR('',#11293,1.);
#2895=VECTOR('',#11294,1.);
#2896=VECTOR('',#11295,1.);
#2897=VECTOR('',#11296,1.);
#2898=VECTOR('',#11297,1.);
#2899=VECTOR('',#11298,1.);
#2900=VECTOR('',#11299,1.);
#2901=VECTOR('',#11300,1.);
#2902=VECTOR('',#11301,1.);
#2903=VECTOR('',#11302,1.);
#2904=VECTOR('',#11303,1.);
#2905=VECTOR('',#11304,1.);
#2906=VECTOR('',#11305,1.);
#2907=VECTOR('',#11306,1.);
#2908=VECTOR('',#11307,1.);
#2909=VECTOR('',#11308,1.);
#2910=VECTOR('',#11309,1.);
#2911=VECTOR('',#11310,1.);
#2912=VECTOR('',#11311,1.);
#2913=VECTOR('',#11312,1.);
#2914=VECTOR('',#11313,1.);
#2915=VECTOR('',#11314,1.);
#2916=VECTOR('',#11317,1.);
#2917=VECTOR('',#11318,1.);
#2918=VECTOR('',#11319,1.);
#2919=VECTOR('',#11320,1.);
#2920=VECTOR('',#11321,1.);
#2921=VECTOR('',#11322,1.);
#2922=VECTOR('',#11323,1.);
#2923=VECTOR('',#11324,1.);
#2924=VECTOR('',#11325,1.);
#2925=VECTOR('',#11326,1.);
#2926=VECTOR('',#11327,1.);
#2927=VECTOR('',#11328,1.);
#2928=VECTOR('',#11329,1.);
#2929=VECTOR('',#11330,1.);
#2930=VECTOR('',#11331,1.);
#2931=VECTOR('',#11332,1.);
#2932=VECTOR('',#11333,1.);
#2933=VECTOR('',#11334,1.);
#2934=VECTOR('',#11335,1.);
#2935=VECTOR('',#11336,1.);
#2936=VECTOR('',#11337,1.);
#2937=VECTOR('',#11338,1.);
#2938=VECTOR('',#11339,1.);
#2939=VECTOR('',#11340,1.);
#2940=VECTOR('',#11343,1.);
#2941=VECTOR('',#11344,1.);
#2942=VECTOR('',#11347,1.);
#2943=VECTOR('',#11350,1.);
#2944=VECTOR('',#11355,1.);
#2945=VECTOR('',#11356,1.);
#2946=VECTOR('',#11357,1.);
#2947=VECTOR('',#11360,1.);
#2948=VECTOR('',#11361,1.);
#2949=VECTOR('',#11364,1.);
#2950=VECTOR('',#11365,1.);
#2951=VECTOR('',#11368,1.);
#2952=VECTOR('',#11373,1.);
#2953=VECTOR('',#11374,1.);
#2954=VECTOR('',#11375,1.);
#2955=VECTOR('',#11378,1.);
#2956=VECTOR('',#11379,1.);
#2957=VECTOR('',#11382,1.);
#2958=VECTOR('',#11383,1.);
#2959=VECTOR('',#11386,1.);
#2960=VECTOR('',#11391,1.);
#2961=VECTOR('',#11392,1.);
#2962=VECTOR('',#11393,1.);
#2963=VECTOR('',#11396,1.);
#2964=VECTOR('',#11397,1.);
#2965=VECTOR('',#11400,1.);
#2966=VECTOR('',#11401,1.);
#2967=VECTOR('',#11404,1.);
#2968=VECTOR('',#11409,1.);
#2969=VECTOR('',#11410,1.);
#2970=VECTOR('',#11411,1.);
#2971=VECTOR('',#11414,1.);
#2972=VECTOR('',#11415,1.);
#2973=VECTOR('',#11418,1.);
#2974=VECTOR('',#11419,1.);
#2975=VECTOR('',#11422,1.);
#2976=VECTOR('',#11427,1.);
#2977=VECTOR('',#11428,1.);
#2978=VECTOR('',#11429,1.);
#2979=VECTOR('',#11432,1.);
#2980=VECTOR('',#11433,1.);
#2981=VECTOR('',#11436,1.);
#2982=VECTOR('',#11437,1.);
#2983=VECTOR('',#11440,1.);
#2984=VECTOR('',#11445,1.);
#2985=VECTOR('',#11446,1.);
#2986=VECTOR('',#11447,1.);
#2987=VECTOR('',#11450,1.);
#2988=VECTOR('',#11451,1.);
#2989=VECTOR('',#11454,1.);
#2990=VECTOR('',#11455,1.);
#2991=VECTOR('',#11458,1.);
#2992=VECTOR('',#11463,1.);
#2993=VECTOR('',#11464,1.);
#2994=VECTOR('',#11465,1.);
#2995=VECTOR('',#11468,1.);
#2996=VECTOR('',#11469,1.);
#2997=VECTOR('',#11472,1.);
#2998=VECTOR('',#11473,1.);
#2999=VECTOR('',#11476,1.);
#3000=VECTOR('',#11481,1.);
#3001=VECTOR('',#11482,1.);
#3002=VECTOR('',#11483,1.);
#3003=VECTOR('',#11486,1.);
#3004=VECTOR('',#11487,1.);
#3005=VECTOR('',#11490,1.);
#3006=VECTOR('',#11491,1.);
#3007=VECTOR('',#11494,1.);
#3008=VECTOR('',#11499,1.);
#3009=VECTOR('',#11500,1.);
#3010=VECTOR('',#11501,1.);
#3011=VECTOR('',#11504,1.);
#3012=VECTOR('',#11505,1.);
#3013=VECTOR('',#11508,1.);
#3014=VECTOR('',#11509,1.);
#3015=VECTOR('',#11512,1.);
#3016=VECTOR('',#11517,1.);
#3017=VECTOR('',#11518,1.);
#3018=VECTOR('',#11519,1.);
#3019=VECTOR('',#11522,1.);
#3020=VECTOR('',#11523,1.);
#3021=VECTOR('',#11526,1.);
#3022=VECTOR('',#11527,1.);
#3023=VECTOR('',#11530,1.);
#3024=VECTOR('',#11559,1.);
#3025=VECTOR('',#11560,1.);
#3026=VECTOR('',#11561,1.);
#3027=VECTOR('',#11562,1.);
#3028=VECTOR('',#11565,1.);
#3029=VECTOR('',#11566,1.);
#3030=VECTOR('',#11567,1.);
#3031=VECTOR('',#11570,1.);
#3032=VECTOR('',#11571,1.);
#3033=VECTOR('',#11572,1.);
#3034=VECTOR('',#11575,1.);
#3035=VECTOR('',#11576,1.);
#3036=VECTOR('',#11601,1.);
#3037=VECTOR('',#11602,1.);
#3038=VECTOR('',#11603,1.);
#3039=VECTOR('',#11604,1.);
#3040=VECTOR('',#11607,1.);
#3041=VECTOR('',#11608,1.);
#3042=VECTOR('',#11609,1.);
#3043=VECTOR('',#11614,1.);
#3044=VECTOR('',#11615,1.);
#3045=VECTOR('',#11616,1.);
#3046=VECTOR('',#11619,1.);
#3047=VECTOR('',#11620,1.);
#3048=VECTOR('',#11679,1.);
#3049=VECTOR('',#11680,1.);
#3050=VECTOR('',#11681,1.);
#3051=VECTOR('',#11682,1.);
#3052=VECTOR('',#11685,1.);
#3053=VECTOR('',#11686,1.);
#3054=VECTOR('',#11687,1.);
#3055=VECTOR('',#11690,1.);
#3056=VECTOR('',#11691,1.);
#3057=VECTOR('',#11692,1.);
#3058=VECTOR('',#11695,1.);
#3059=VECTOR('',#11696,1.);
#3060=VECTOR('',#11697,1.);
#3061=VECTOR('',#11698,1.);
#3062=VECTOR('',#11701,1.);
#3063=VECTOR('',#11702,1.);
#3064=VECTOR('',#11703,1.);
#3065=VECTOR('',#11706,1.);
#3066=VECTOR('',#11707,1.);
#3067=VECTOR('',#11708,1.);
#3068=VECTOR('',#11711,1.);
#3069=VECTOR('',#11712,1.);
#3070=VECTOR('',#11713,1.);
#3071=VECTOR('',#11716,1.);
#3072=VECTOR('',#11717,1.);
#3073=VECTOR('',#11718,1.);
#3074=VECTOR('',#11721,1.);
#3075=VECTOR('',#11722,1.);
#3076=VECTOR('',#11723,1.);
#3077=VECTOR('',#11726,1.);
#3078=VECTOR('',#11727,1.);
#3079=VECTOR('',#11728,1.);
#3080=VECTOR('',#11731,1.);
#3081=VECTOR('',#11732,1.);
#3082=VECTOR('',#11735,1.);
#3083=VECTOR('',#11736,1.);
#3084=VECTOR('',#11739,1.);
#3085=VECTOR('',#11740,1.);
#3086=VECTOR('',#11741,1.);
#3087=VECTOR('',#11742,1.);
#3088=VECTOR('',#11743,1.);
#3089=VECTOR('',#11744,1.);
#3090=VECTOR('',#11745,1.);
#3091=VECTOR('',#11746,1.);
#3092=VECTOR('',#11835,1.);
#3093=VECTOR('',#11836,1.);
#3094=VECTOR('',#11837,1.);
#3095=VECTOR('',#11840,1.);
#3096=VECTOR('',#11841,1.);
#3097=VECTOR('',#11844,1.);
#3098=VECTOR('',#11845,1.);
#3099=VECTOR('',#11848,1.);
#3100=VECTOR('',#11853,1.);
#3101=VECTOR('',#11854,1.);
#3102=VECTOR('',#11855,1.);
#3103=VECTOR('',#11858,1.);
#3104=VECTOR('',#11859,1.);
#3105=VECTOR('',#11862,1.);
#3106=VECTOR('',#11863,1.);
#3107=VECTOR('',#11866,1.);
#3108=VECTOR('',#11877,1.);
#3109=VECTOR('',#11878,1.);
#3110=VECTOR('',#11879,1.);
#3111=VECTOR('',#11880,1.);
#3112=VECTOR('',#11883,1.);
#3113=VECTOR('',#11884,1.);
#3114=VECTOR('',#11885,1.);
#3115=VECTOR('',#11888,1.);
#3116=VECTOR('',#11889,1.);
#3117=VECTOR('',#11890,1.);
#3118=VECTOR('',#11893,1.);
#3119=VECTOR('',#11894,1.);
#3120=VECTOR('',#11895,1.);
#3121=VECTOR('',#11898,1.);
#3122=VECTOR('',#11899,1.);
#3123=VECTOR('',#11900,1.);
#3124=VECTOR('',#11903,1.);
#3125=VECTOR('',#11904,1.);
#3126=VECTOR('',#11951,1.);
#3127=VECTOR('',#11952,1.);
#3128=VECTOR('',#11953,1.);
#3129=VECTOR('',#11954,1.);
#3130=VECTOR('',#11955,1.);
#3131=VECTOR('',#11956,1.);
#3132=VECTOR('',#11957,1.);
#3133=VECTOR('',#11958,1.);
#3134=VECTOR('',#11959,1.);
#3135=VECTOR('',#11960,1.);
#3136=VECTOR('',#11961,1.);
#3137=VECTOR('',#11962,1.);
#3138=VECTOR('',#11963,1.);
#3139=VECTOR('',#11964,1.);
#3140=VECTOR('',#11965,1.);
#3141=VECTOR('',#11966,1.);
#3142=VECTOR('',#11967,1.);
#3143=VECTOR('',#11968,1.);
#3144=VECTOR('',#11969,1.);
#3145=VECTOR('',#11970,1.);
#3146=VECTOR('',#11971,1.);
#3147=VECTOR('',#11972,1.);
#3148=VECTOR('',#11973,1.);
#3149=VECTOR('',#11974,1.);
#3150=VECTOR('',#11977,1.);
#3151=VECTOR('',#11978,1.);
#3152=VECTOR('',#11979,1.);
#3153=VECTOR('',#11980,1.);
#3154=VECTOR('',#11981,1.);
#3155=VECTOR('',#11982,1.);
#3156=VECTOR('',#11983,1.);
#3157=VECTOR('',#11984,1.);
#3158=VECTOR('',#11985,1.);
#3159=VECTOR('',#11986,1.);
#3160=VECTOR('',#11987,1.);
#3161=VECTOR('',#11988,1.);
#3162=VECTOR('',#11989,1.);
#3163=VECTOR('',#11990,1.);
#3164=VECTOR('',#11991,1.);
#3165=VECTOR('',#11992,1.);
#3166=VECTOR('',#11993,1.);
#3167=VECTOR('',#11994,1.);
#3168=VECTOR('',#11995,1.);
#3169=VECTOR('',#11996,1.);
#3170=VECTOR('',#11997,1.);
#3171=VECTOR('',#11998,1.);
#3172=VECTOR('',#11999,1.);
#3173=VECTOR('',#12000,1.);
#3174=VECTOR('',#12001,1.);
#3175=VECTOR('',#12002,1.);
#3176=VECTOR('',#12003,1.);
#3177=VECTOR('',#12004,1.);
#3178=VECTOR('',#12005,1.);
#3179=VECTOR('',#12006,1.);
#3180=VECTOR('',#12007,1.);
#3181=VECTOR('',#12008,1.);
#3182=VECTOR('',#12009,1.);
#3183=VECTOR('',#12010,1.);
#3184=VECTOR('',#12011,1.);
#3185=VECTOR('',#12012,1.);
#3186=VECTOR('',#12013,1.);
#3187=VECTOR('',#12014,1.);
#3188=VECTOR('',#12015,1.);
#3189=VECTOR('',#12016,1.);
#3190=VECTOR('',#12017,1.);
#3191=VECTOR('',#12018,1.);
#3192=VECTOR('',#12019,1.);
#3193=VECTOR('',#12020,1.);
#3194=VECTOR('',#12021,1.);
#3195=VECTOR('',#12022,1.);
#3196=VECTOR('',#12023,1.);
#3197=VECTOR('',#12024,1.);
#3198=VECTOR('',#12027,1.);
#3199=VECTOR('',#12028,1.);
#3200=VECTOR('',#12029,1.);
#3201=VECTOR('',#12030,1.);
#3202=VECTOR('',#12031,1.);
#3203=VECTOR('',#12032,1.);
#3204=VECTOR('',#12033,1.);
#3205=VECTOR('',#12034,1.);
#3206=VECTOR('',#12035,1.);
#3207=VECTOR('',#12036,1.);
#3208=VECTOR('',#12039,1.);
#3209=VECTOR('',#12040,1.);
#3210=VECTOR('',#12041,1.);
#3211=VECTOR('',#12042,1.);
#3212=VECTOR('',#12043,1.);
#3213=VECTOR('',#12044,1.);
#3214=VECTOR('',#12045,1.);
#3215=VECTOR('',#12046,1.);
#3216=VECTOR('',#12047,1.);
#3217=VECTOR('',#12048,1.);
#3218=VECTOR('',#12055,1.);
#3219=VECTOR('',#12056,1.);
#3220=VECTOR('',#12057,1.);
#3221=VECTOR('',#12060,1.);
#3222=VECTOR('',#12061,1.);
#3223=VECTOR('',#12064,1.);
#3224=VECTOR('',#12065,1.);
#3225=VECTOR('',#12068,1.);
#3226=VECTOR('',#12073,1.);
#3227=VECTOR('',#12074,1.);
#3228=VECTOR('',#12075,1.);
#3229=VECTOR('',#12078,1.);
#3230=VECTOR('',#12079,1.);
#3231=VECTOR('',#12082,1.);
#3232=VECTOR('',#12083,1.);
#3233=VECTOR('',#12086,1.);
#3234=VECTOR('',#12091,1.);
#3235=VECTOR('',#12092,1.);
#3236=VECTOR('',#12093,1.);
#3237=VECTOR('',#12096,1.);
#3238=VECTOR('',#12097,1.);
#3239=VECTOR('',#12100,1.);
#3240=VECTOR('',#12101,1.);
#3241=VECTOR('',#12104,1.);
#3242=VECTOR('',#12109,1.);
#3243=VECTOR('',#12110,1.);
#3244=VECTOR('',#12111,1.);
#3245=VECTOR('',#12114,1.);
#3246=VECTOR('',#12115,1.);
#3247=VECTOR('',#12118,1.);
#3248=VECTOR('',#12119,1.);
#3249=VECTOR('',#12122,1.);
#3250=VECTOR('',#12127,1.);
#3251=VECTOR('',#12128,1.);
#3252=VECTOR('',#12129,1.);
#3253=VECTOR('',#12132,1.);
#3254=VECTOR('',#12133,1.);
#3255=VECTOR('',#12136,1.);
#3256=VECTOR('',#12137,1.);
#3257=VECTOR('',#12140,1.);
#3258=VECTOR('',#12145,1.);
#3259=VECTOR('',#12146,1.);
#3260=VECTOR('',#12147,1.);
#3261=VECTOR('',#12150,1.);
#3262=VECTOR('',#12151,1.);
#3263=VECTOR('',#12154,1.);
#3264=VECTOR('',#12155,1.);
#3265=VECTOR('',#12158,1.);
#3266=VECTOR('',#12163,1.);
#3267=VECTOR('',#12164,1.);
#3268=VECTOR('',#12165,1.);
#3269=VECTOR('',#12166,1.);
#3270=VECTOR('',#12169,1.);
#3271=VECTOR('',#12170,1.);
#3272=VECTOR('',#12173,1.);
#3273=VECTOR('',#12174,1.);
#3274=VECTOR('',#12179,1.);
#3275=VECTOR('',#12180,1.);
#3276=VECTOR('',#12181,1.);
#3277=VECTOR('',#12182,1.);
#3278=VECTOR('',#12185,1.);
#3279=VECTOR('',#12186,1.);
#3280=VECTOR('',#12189,1.);
#3281=VECTOR('',#12190,1.);
#3282=VECTOR('',#12197,1.);
#3283=VECTOR('',#12198,1.);
#3284=VECTOR('',#12199,1.);
#3285=VECTOR('',#12202,1.);
#3286=VECTOR('',#12203,1.);
#3287=VECTOR('',#12206,1.);
#3288=VECTOR('',#12207,1.);
#3289=VECTOR('',#12210,1.);
#3290=VECTOR('',#12215,1.);
#3291=VECTOR('',#12216,1.);
#3292=VECTOR('',#12217,1.);
#3293=VECTOR('',#12220,1.);
#3294=VECTOR('',#12221,1.);
#3295=VECTOR('',#12224,1.);
#3296=VECTOR('',#12225,1.);
#3297=VECTOR('',#12228,1.);
#3298=VECTOR('',#12233,1.);
#3299=VECTOR('',#12234,1.);
#3300=VECTOR('',#12235,1.);
#3301=VECTOR('',#12238,1.);
#3302=VECTOR('',#12239,1.);
#3303=VECTOR('',#12242,1.);
#3304=VECTOR('',#12243,1.);
#3305=VECTOR('',#12246,1.);
#3306=VECTOR('',#12251,1.);
#3307=VECTOR('',#12252,1.);
#3308=VECTOR('',#12253,1.);
#3309=VECTOR('',#12256,1.);
#3310=VECTOR('',#12257,1.);
#3311=VECTOR('',#12260,1.);
#3312=VECTOR('',#12261,1.);
#3313=VECTOR('',#12264,1.);
#3314=VECTOR('',#12269,1.);
#3315=VECTOR('',#12270,1.);
#3316=VECTOR('',#12271,1.);
#3317=VECTOR('',#12274,1.);
#3318=VECTOR('',#12275,1.);
#3319=VECTOR('',#12278,1.);
#3320=VECTOR('',#12279,1.);
#3321=VECTOR('',#12282,1.);
#3322=VECTOR('',#12287,1.);
#3323=VECTOR('',#12288,1.);
#3324=VECTOR('',#12289,1.);
#3325=VECTOR('',#12292,1.);
#3326=VECTOR('',#12293,1.);
#3327=VECTOR('',#12296,1.);
#3328=VECTOR('',#12297,1.);
#3329=VECTOR('',#12300,1.);
#3330=VECTOR('',#12307,1.);
#3331=VECTOR('',#12308,1.);
#3332=VECTOR('',#12309,1.);
#3333=VECTOR('',#12312,1.);
#3334=VECTOR('',#12313,1.);
#3335=VECTOR('',#12316,1.);
#3336=VECTOR('',#12317,1.);
#3337=VECTOR('',#12320,1.);
#3338=VECTOR('',#12325,1.);
#3339=VECTOR('',#12326,1.);
#3340=VECTOR('',#12327,1.);
#3341=VECTOR('',#12330,1.);
#3342=VECTOR('',#12331,1.);
#3343=VECTOR('',#12334,1.);
#3344=VECTOR('',#12335,1.);
#3345=VECTOR('',#12338,1.);
#3346=VECTOR('',#12343,1.);
#3347=VECTOR('',#12344,1.);
#3348=VECTOR('',#12345,1.);
#3349=VECTOR('',#12348,1.);
#3350=VECTOR('',#12349,1.);
#3351=VECTOR('',#12352,1.);
#3352=VECTOR('',#12353,1.);
#3353=VECTOR('',#12356,1.);
#3354=VECTOR('',#12361,1.);
#3355=VECTOR('',#12362,1.);
#3356=VECTOR('',#12363,1.);
#3357=VECTOR('',#12366,1.);
#3358=VECTOR('',#12367,1.);
#3359=VECTOR('',#12370,1.);
#3360=VECTOR('',#12371,1.);
#3361=VECTOR('',#12374,1.);
#3362=VECTOR('',#12379,1.);
#3363=VECTOR('',#12380,1.);
#3364=VECTOR('',#12381,1.);
#3365=VECTOR('',#12384,1.);
#3366=VECTOR('',#12385,1.);
#3367=VECTOR('',#12388,1.);
#3368=VECTOR('',#12389,1.);
#3369=VECTOR('',#12392,1.);
#3370=VECTOR('',#12397,1.);
#3371=VECTOR('',#12398,1.);
#3372=VECTOR('',#12399,1.);
#3373=VECTOR('',#12402,1.);
#3374=VECTOR('',#12403,1.);
#3375=VECTOR('',#12406,1.);
#3376=VECTOR('',#12407,1.);
#3377=VECTOR('',#12410,1.);
#3378=VECTOR('',#12461,1.);
#3379=VECTOR('',#12462,1.);
#3380=VECTOR('',#12463,1.);
#3381=VECTOR('',#12464,1.);
#3382=VECTOR('',#12465,1.);
#3383=VECTOR('',#12466,1.);
#3384=VECTOR('',#12471,1.);
#3385=VECTOR('',#12472,1.);
#3386=VECTOR('',#12473,1.);
#3387=VECTOR('',#12474,1.);
#3388=VECTOR('',#12475,1.);
#3389=VECTOR('',#12476,1.);
#3390=VECTOR('',#12481,1.);
#3391=VECTOR('',#12482,1.);
#3392=VECTOR('',#12483,1.);
#3393=VECTOR('',#12484,1.);
#3394=VECTOR('',#12485,1.);
#3395=VECTOR('',#12486,1.);
#3396=VECTOR('',#12491,1.);
#3397=VECTOR('',#12492,1.);
#3398=VECTOR('',#12493,1.);
#3399=VECTOR('',#12494,1.);
#3400=VECTOR('',#12495,1.);
#3401=VECTOR('',#12496,1.);
#3402=VECTOR('',#12499,1.);
#3403=VECTOR('',#12500,1.);
#3404=VECTOR('',#12503,1.);
#3405=VECTOR('',#12504,1.);
#3406=VECTOR('',#12507,1.);
#3407=VECTOR('',#12508,1.);
#3408=VECTOR('',#12509,1.);
#3409=VECTOR('',#12510,1.);
#3410=VECTOR('',#12515,1.);
#3411=VECTOR('',#12522,1.);
#3412=VECTOR('',#12527,1.);
#3413=VECTOR('',#12530,1.);
#3414=VECTOR('',#12627,1.);
#3415=VECTOR('',#12628,1.);
#3416=VECTOR('',#12629,1.);
#3417=VECTOR('',#12630,1.);
#3418=VECTOR('',#12633,1.);
#3419=VECTOR('',#12634,1.);
#3420=VECTOR('',#12635,1.);
#3421=VECTOR('',#12638,1.);
#3422=VECTOR('',#12639,1.);
#3423=VECTOR('',#12640,1.);
#3424=VECTOR('',#12643,1.);
#3425=VECTOR('',#12644,1.);
#3426=VECTOR('',#12753,1.);
#3427=VECTOR('',#12754,1.);
#3428=VECTOR('',#12755,1.);
#3429=VECTOR('',#12756,1.);
#3430=VECTOR('',#12757,1.);
#3431=VECTOR('',#12758,1.);
#3432=VECTOR('',#12759,1.);
#3433=VECTOR('',#12760,1.);
#3434=VECTOR('',#12763,1.);
#3435=VECTOR('',#12764,1.);
#3436=VECTOR('',#12765,1.);
#3437=VECTOR('',#12766,1.);
#3438=VECTOR('',#12767,1.);
#3439=VECTOR('',#12768,1.);
#3440=VECTOR('',#12771,1.);
#3441=VECTOR('',#12772,1.);
#3442=VECTOR('',#12773,1.);
#3443=VECTOR('',#12774,1.);
#3444=VECTOR('',#12775,1.);
#3445=VECTOR('',#12776,1.);
#3446=VECTOR('',#12779,1.);
#3447=VECTOR('',#12780,1.);
#3448=VECTOR('',#12781,1.);
#3449=VECTOR('',#12782,1.);
#3450=VECTOR('',#12783,1.);
#3451=VECTOR('',#12784,1.);
#3452=VECTOR('',#12785,1.);
#3453=VECTOR('',#12786,1.);
#3454=VECTOR('',#12789,1.);
#3455=VECTOR('',#12790,1.);
#3456=VECTOR('',#12791,1.);
#3457=VECTOR('',#12796,1.);
#3458=VECTOR('',#12801,1.);
#3459=VECTOR('',#12806,1.);
#3460=VECTOR('',#12807,1.);
#3461=VECTOR('',#12808,1.);
#3462=VECTOR('',#12809,1.);
#3463=VECTOR('',#12814,1.);
#3464=VECTOR('',#12815,1.);
#3465=VECTOR('',#12818,1.);
#3466=VECTOR('',#12835,1.);
#3467=ORIENTED_EDGE('',*,*,#5665,.F.);
#3468=ORIENTED_EDGE('',*,*,#5666,.F.);
#3469=ORIENTED_EDGE('',*,*,#5667,.F.);
#3470=ORIENTED_EDGE('',*,*,#5668,.F.);
#3471=ORIENTED_EDGE('',*,*,#5669,.T.);
#3472=ORIENTED_EDGE('',*,*,#5670,.T.);
#3473=ORIENTED_EDGE('',*,*,#5671,.T.);
#3474=ORIENTED_EDGE('',*,*,#5672,.T.);
#3475=ORIENTED_EDGE('',*,*,#5673,.F.);
#3476=ORIENTED_EDGE('',*,*,#5674,.T.);
#3477=ORIENTED_EDGE('',*,*,#5675,.T.);
#3478=ORIENTED_EDGE('',*,*,#5668,.T.);
#3479=ORIENTED_EDGE('',*,*,#5676,.T.);
#3480=ORIENTED_EDGE('',*,*,#5677,.F.);
#3481=ORIENTED_EDGE('',*,*,#5665,.T.);
#3482=ORIENTED_EDGE('',*,*,#5678,.T.);
#3483=ORIENTED_EDGE('',*,*,#5679,.F.);
#3484=ORIENTED_EDGE('',*,*,#5666,.T.);
#3485=ORIENTED_EDGE('',*,*,#5680,.F.);
#3486=ORIENTED_EDGE('',*,*,#5681,.T.);
#3487=ORIENTED_EDGE('',*,*,#5667,.T.);
#3488=ORIENTED_EDGE('',*,*,#5682,.F.);
#3489=ORIENTED_EDGE('',*,*,#5681,.F.);
#3490=ORIENTED_EDGE('',*,*,#5683,.F.);
#3491=ORIENTED_EDGE('',*,*,#5684,.T.);
#3492=ORIENTED_EDGE('',*,*,#5685,.T.);
#3493=ORIENTED_EDGE('',*,*,#5676,.F.);
#3494=ORIENTED_EDGE('',*,*,#5682,.T.);
#3495=ORIENTED_EDGE('',*,*,#5679,.T.);
#3496=ORIENTED_EDGE('',*,*,#5686,.F.);
#3497=ORIENTED_EDGE('',*,*,#5687,.F.);
#3498=ORIENTED_EDGE('',*,*,#5683,.T.);
#3499=ORIENTED_EDGE('',*,*,#5680,.T.);
#3500=ORIENTED_EDGE('',*,*,#5677,.T.);
#3501=ORIENTED_EDGE('',*,*,#5688,.F.);
#3502=ORIENTED_EDGE('',*,*,#5689,.F.);
#3503=ORIENTED_EDGE('',*,*,#5686,.T.);
#3504=ORIENTED_EDGE('',*,*,#5675,.F.);
#3505=ORIENTED_EDGE('',*,*,#5685,.F.);
#3506=ORIENTED_EDGE('',*,*,#5690,.T.);
#3507=ORIENTED_EDGE('',*,*,#5688,.T.);
#3508=ORIENTED_EDGE('',*,*,#5678,.F.);
#3509=ORIENTED_EDGE('',*,*,#5684,.F.);
#3510=ORIENTED_EDGE('',*,*,#5687,.T.);
#3511=ORIENTED_EDGE('',*,*,#5689,.T.);
#3512=ORIENTED_EDGE('',*,*,#5690,.F.);
#3513=ORIENTED_EDGE('',*,*,#5672,.F.);
#3514=ORIENTED_EDGE('',*,*,#5691,.F.);
#3515=ORIENTED_EDGE('',*,*,#5692,.F.);
#3516=ORIENTED_EDGE('',*,*,#5671,.F.);
#3517=ORIENTED_EDGE('',*,*,#5693,.T.);
#3518=ORIENTED_EDGE('',*,*,#5694,.F.);
#3519=ORIENTED_EDGE('',*,*,#5669,.F.);
#3520=ORIENTED_EDGE('',*,*,#5695,.T.);
#3521=ORIENTED_EDGE('',*,*,#5696,.T.);
#3522=ORIENTED_EDGE('',*,*,#5697,.F.);
#3523=ORIENTED_EDGE('',*,*,#5698,.F.);
#3524=ORIENTED_EDGE('',*,*,#5699,.T.);
#3525=ORIENTED_EDGE('',*,*,#5700,.T.);
#3526=ORIENTED_EDGE('',*,*,#5695,.F.);
#3527=ORIENTED_EDGE('',*,*,#5701,.T.);
#3528=ORIENTED_EDGE('',*,*,#5673,.T.);
#3529=ORIENTED_EDGE('',*,*,#5692,.T.);
#3530=ORIENTED_EDGE('',*,*,#5702,.F.);
#3531=ORIENTED_EDGE('',*,*,#5703,.F.);
#3532=ORIENTED_EDGE('',*,*,#5698,.T.);
#3533=ORIENTED_EDGE('',*,*,#5691,.T.);
#3534=ORIENTED_EDGE('',*,*,#5694,.T.);
#3535=ORIENTED_EDGE('',*,*,#5704,.F.);
#3536=ORIENTED_EDGE('',*,*,#5705,.F.);
#3537=ORIENTED_EDGE('',*,*,#5702,.T.);
#3538=ORIENTED_EDGE('',*,*,#5696,.F.);
#3539=ORIENTED_EDGE('',*,*,#5700,.F.);
#3540=ORIENTED_EDGE('',*,*,#5706,.T.);
#3541=ORIENTED_EDGE('',*,*,#5704,.T.);
#3542=ORIENTED_EDGE('',*,*,#5693,.F.);
#3543=ORIENTED_EDGE('',*,*,#5670,.F.);
#3544=ORIENTED_EDGE('',*,*,#5699,.F.);
#3545=ORIENTED_EDGE('',*,*,#5703,.T.);
#3546=ORIENTED_EDGE('',*,*,#5705,.T.);
#3547=ORIENTED_EDGE('',*,*,#5706,.F.);
#3548=ORIENTED_EDGE('',*,*,#5674,.F.);
#3549=ORIENTED_EDGE('',*,*,#5701,.F.);
#3550=ORIENTED_EDGE('',*,*,#5697,.T.);
#3551=ORIENTED_EDGE('',*,*,#5707,.F.);
#3552=ORIENTED_EDGE('',*,*,#5708,.F.);
#3553=ORIENTED_EDGE('',*,*,#5709,.T.);
#3554=ORIENTED_EDGE('',*,*,#5710,.T.);
#3555=ORIENTED_EDGE('',*,*,#5711,.T.);
#3556=ORIENTED_EDGE('',*,*,#5712,.F.);
#3557=ORIENTED_EDGE('',*,*,#5713,.F.);
#3558=ORIENTED_EDGE('',*,*,#5708,.T.);
#3559=ORIENTED_EDGE('',*,*,#5714,.T.);
#3560=ORIENTED_EDGE('',*,*,#5715,.F.);
#3561=ORIENTED_EDGE('',*,*,#5716,.F.);
#3562=ORIENTED_EDGE('',*,*,#5712,.T.);
#3563=ORIENTED_EDGE('',*,*,#5717,.F.);
#3564=ORIENTED_EDGE('',*,*,#5710,.F.);
#3565=ORIENTED_EDGE('',*,*,#5718,.T.);
#3566=ORIENTED_EDGE('',*,*,#5715,.T.);
#3567=ORIENTED_EDGE('',*,*,#5709,.F.);
#3568=ORIENTED_EDGE('',*,*,#5713,.T.);
#3569=ORIENTED_EDGE('',*,*,#5716,.T.);
#3570=ORIENTED_EDGE('',*,*,#5718,.F.);
#3571=ORIENTED_EDGE('',*,*,#5707,.T.);
#3572=ORIENTED_EDGE('',*,*,#5717,.T.);
#3573=ORIENTED_EDGE('',*,*,#5714,.F.);
#3574=ORIENTED_EDGE('',*,*,#5711,.F.);
#3575=ORIENTED_EDGE('',*,*,#5719,.F.);
#3576=ORIENTED_EDGE('',*,*,#5720,.T.);
#3577=ORIENTED_EDGE('',*,*,#5721,.F.);
#3578=ORIENTED_EDGE('',*,*,#5722,.F.);
#3579=ORIENTED_EDGE('',*,*,#5723,.T.);
#3580=ORIENTED_EDGE('',*,*,#5724,.T.);
#3581=ORIENTED_EDGE('',*,*,#5725,.T.);
#3582=ORIENTED_EDGE('',*,*,#5726,.F.);
#3583=ORIENTED_EDGE('',*,*,#5727,.F.);
#3584=ORIENTED_EDGE('',*,*,#5722,.T.);
#3585=ORIENTED_EDGE('',*,*,#5728,.T.);
#3586=ORIENTED_EDGE('',*,*,#5729,.F.);
#3587=ORIENTED_EDGE('',*,*,#5730,.F.);
#3588=ORIENTED_EDGE('',*,*,#5726,.T.);
#3589=ORIENTED_EDGE('',*,*,#5731,.F.);
#3590=ORIENTED_EDGE('',*,*,#5724,.F.);
#3591=ORIENTED_EDGE('',*,*,#5732,.T.);
#3592=ORIENTED_EDGE('',*,*,#5729,.T.);
#3593=ORIENTED_EDGE('',*,*,#5723,.F.);
#3594=ORIENTED_EDGE('',*,*,#5727,.T.);
#3595=ORIENTED_EDGE('',*,*,#5730,.T.);
#3596=ORIENTED_EDGE('',*,*,#5732,.F.);
#3597=ORIENTED_EDGE('',*,*,#5719,.T.);
#3598=ORIENTED_EDGE('',*,*,#5721,.T.);
#3599=ORIENTED_EDGE('',*,*,#5731,.T.);
#3600=ORIENTED_EDGE('',*,*,#5728,.F.);
#3601=ORIENTED_EDGE('',*,*,#5725,.F.);
#3602=ORIENTED_EDGE('',*,*,#5733,.F.);
#3603=ORIENTED_EDGE('',*,*,#5734,.F.);
#3604=ORIENTED_EDGE('',*,*,#5735,.T.);
#3605=ORIENTED_EDGE('',*,*,#5736,.T.);
#3606=ORIENTED_EDGE('',*,*,#5737,.T.);
#3607=ORIENTED_EDGE('',*,*,#5738,.F.);
#3608=ORIENTED_EDGE('',*,*,#5739,.F.);
#3609=ORIENTED_EDGE('',*,*,#5734,.T.);
#3610=ORIENTED_EDGE('',*,*,#5740,.T.);
#3611=ORIENTED_EDGE('',*,*,#5741,.F.);
#3612=ORIENTED_EDGE('',*,*,#5742,.F.);
#3613=ORIENTED_EDGE('',*,*,#5738,.T.);
#3614=ORIENTED_EDGE('',*,*,#5743,.F.);
#3615=ORIENTED_EDGE('',*,*,#5736,.F.);
#3616=ORIENTED_EDGE('',*,*,#5744,.T.);
#3617=ORIENTED_EDGE('',*,*,#5741,.T.);
#3618=ORIENTED_EDGE('',*,*,#5735,.F.);
#3619=ORIENTED_EDGE('',*,*,#5739,.T.);
#3620=ORIENTED_EDGE('',*,*,#5742,.T.);
#3621=ORIENTED_EDGE('',*,*,#5744,.F.);
#3622=ORIENTED_EDGE('',*,*,#5720,.F.);
#3623=ORIENTED_EDGE('',*,*,#5733,.T.);
#3624=ORIENTED_EDGE('',*,*,#5743,.T.);
#3625=ORIENTED_EDGE('',*,*,#5740,.F.);
#3626=ORIENTED_EDGE('',*,*,#5737,.F.);
#3627=ORIENTED_EDGE('',*,*,#5745,.F.);
#3628=ORIENTED_EDGE('',*,*,#5746,.T.);
#3629=ORIENTED_EDGE('',*,*,#5745,.T.);
#3630=ORIENTED_EDGE('',*,*,#5746,.F.);
#3631=ORIENTED_EDGE('',*,*,#5747,.F.);
#3632=ORIENTED_EDGE('',*,*,#5748,.F.);
#3633=ORIENTED_EDGE('',*,*,#5749,.T.);
#3634=ORIENTED_EDGE('',*,*,#5750,.T.);
#3635=ORIENTED_EDGE('',*,*,#5751,.T.);
#3636=ORIENTED_EDGE('',*,*,#5752,.F.);
#3637=ORIENTED_EDGE('',*,*,#5753,.F.);
#3638=ORIENTED_EDGE('',*,*,#5748,.T.);
#3639=ORIENTED_EDGE('',*,*,#5754,.T.);
#3640=ORIENTED_EDGE('',*,*,#5755,.F.);
#3641=ORIENTED_EDGE('',*,*,#5756,.F.);
#3642=ORIENTED_EDGE('',*,*,#5752,.T.);
#3643=ORIENTED_EDGE('',*,*,#5757,.F.);
#3644=ORIENTED_EDGE('',*,*,#5750,.F.);
#3645=ORIENTED_EDGE('',*,*,#5758,.T.);
#3646=ORIENTED_EDGE('',*,*,#5755,.T.);
#3647=ORIENTED_EDGE('',*,*,#5749,.F.);
#3648=ORIENTED_EDGE('',*,*,#5753,.T.);
#3649=ORIENTED_EDGE('',*,*,#5756,.T.);
#3650=ORIENTED_EDGE('',*,*,#5758,.F.);
#3651=ORIENTED_EDGE('',*,*,#5747,.T.);
#3652=ORIENTED_EDGE('',*,*,#5757,.T.);
#3653=ORIENTED_EDGE('',*,*,#5754,.F.);
#3654=ORIENTED_EDGE('',*,*,#5751,.F.);
#3655=ORIENTED_EDGE('',*,*,#5759,.F.);
#3656=ORIENTED_EDGE('',*,*,#5760,.F.);
#3657=ORIENTED_EDGE('',*,*,#5761,.T.);
#3658=ORIENTED_EDGE('',*,*,#5762,.T.);
#3659=ORIENTED_EDGE('',*,*,#5763,.F.);
#3660=ORIENTED_EDGE('',*,*,#5764,.T.);
#3661=ORIENTED_EDGE('',*,*,#5765,.T.);
#3662=ORIENTED_EDGE('',*,*,#5766,.F.);
#3663=ORIENTED_EDGE('',*,*,#5767,.F.);
#3664=ORIENTED_EDGE('',*,*,#5768,.T.);
#3665=ORIENTED_EDGE('',*,*,#5769,.T.);
#3666=ORIENTED_EDGE('',*,*,#5770,.F.);
#3667=ORIENTED_EDGE('',*,*,#5771,.F.);
#3668=ORIENTED_EDGE('',*,*,#5772,.F.);
#3669=ORIENTED_EDGE('',*,*,#5773,.T.);
#3670=ORIENTED_EDGE('',*,*,#5774,.T.);
#3671=ORIENTED_EDGE('',*,*,#5775,.T.);
#3672=ORIENTED_EDGE('',*,*,#5776,.T.);
#3673=ORIENTED_EDGE('',*,*,#5777,.F.);
#3674=ORIENTED_EDGE('',*,*,#5778,.F.);
#3675=ORIENTED_EDGE('',*,*,#5779,.T.);
#3676=ORIENTED_EDGE('',*,*,#5780,.T.);
#3677=ORIENTED_EDGE('',*,*,#5781,.F.);
#3678=ORIENTED_EDGE('',*,*,#5782,.F.);
#3679=ORIENTED_EDGE('',*,*,#5783,.T.);
#3680=ORIENTED_EDGE('',*,*,#5784,.F.);
#3681=ORIENTED_EDGE('',*,*,#5785,.F.);
#3682=ORIENTED_EDGE('',*,*,#5786,.T.);
#3683=ORIENTED_EDGE('',*,*,#5787,.F.);
#3684=ORIENTED_EDGE('',*,*,#5788,.T.);
#3685=ORIENTED_EDGE('',*,*,#5789,.T.);
#3686=ORIENTED_EDGE('',*,*,#5790,.F.);
#3687=ORIENTED_EDGE('',*,*,#5791,.F.);
#3688=ORIENTED_EDGE('',*,*,#5792,.T.);
#3689=ORIENTED_EDGE('',*,*,#5793,.T.);
#3690=ORIENTED_EDGE('',*,*,#5794,.F.);
#3691=ORIENTED_EDGE('',*,*,#5795,.T.);
#3692=ORIENTED_EDGE('',*,*,#5796,.T.);
#3693=ORIENTED_EDGE('',*,*,#5797,.F.);
#3694=ORIENTED_EDGE('',*,*,#5798,.F.);
#3695=ORIENTED_EDGE('',*,*,#5799,.T.);
#3696=ORIENTED_EDGE('',*,*,#5800,.F.);
#3697=ORIENTED_EDGE('',*,*,#5801,.F.);
#3698=ORIENTED_EDGE('',*,*,#5802,.T.);
#3699=ORIENTED_EDGE('',*,*,#5803,.F.);
#3700=ORIENTED_EDGE('',*,*,#5804,.T.);
#3701=ORIENTED_EDGE('',*,*,#5805,.T.);
#3702=ORIENTED_EDGE('',*,*,#5806,.F.);
#3703=ORIENTED_EDGE('',*,*,#5807,.F.);
#3704=ORIENTED_EDGE('',*,*,#5808,.T.);
#3705=ORIENTED_EDGE('',*,*,#5809,.T.);
#3706=ORIENTED_EDGE('',*,*,#5810,.F.);
#3707=ORIENTED_EDGE('',*,*,#5811,.F.);
#3708=ORIENTED_EDGE('',*,*,#5812,.T.);
#3709=ORIENTED_EDGE('',*,*,#5813,.T.);
#3710=ORIENTED_EDGE('',*,*,#5814,.F.);
#3711=ORIENTED_EDGE('',*,*,#5761,.F.);
#3712=ORIENTED_EDGE('',*,*,#5815,.T.);
#3713=ORIENTED_EDGE('',*,*,#5785,.T.);
#3714=ORIENTED_EDGE('',*,*,#5816,.F.);
#3715=ORIENTED_EDGE('',*,*,#5817,.F.);
#3716=ORIENTED_EDGE('',*,*,#5771,.T.);
#3717=ORIENTED_EDGE('',*,*,#5818,.T.);
#3718=ORIENTED_EDGE('',*,*,#5799,.F.);
#3719=ORIENTED_EDGE('',*,*,#5819,.T.);
#3720=ORIENTED_EDGE('',*,*,#5786,.F.);
#3721=ORIENTED_EDGE('',*,*,#5815,.F.);
#3722=ORIENTED_EDGE('',*,*,#5760,.T.);
#3723=ORIENTED_EDGE('',*,*,#5820,.F.);
#3724=ORIENTED_EDGE('',*,*,#5762,.F.);
#3725=ORIENTED_EDGE('',*,*,#5816,.T.);
#3726=ORIENTED_EDGE('',*,*,#5784,.T.);
#3727=ORIENTED_EDGE('',*,*,#5759,.T.);
#3728=ORIENTED_EDGE('',*,*,#5820,.T.);
#3729=ORIENTED_EDGE('',*,*,#5783,.F.);
#3730=ORIENTED_EDGE('',*,*,#5819,.F.);
#3731=ORIENTED_EDGE('',*,*,#5817,.T.);
#3732=ORIENTED_EDGE('',*,*,#5802,.F.);
#3733=ORIENTED_EDGE('',*,*,#5821,.F.);
#3734=ORIENTED_EDGE('',*,*,#5772,.T.);
#3735=ORIENTED_EDGE('',*,*,#5818,.F.);
#3736=ORIENTED_EDGE('',*,*,#5774,.F.);
#3737=ORIENTED_EDGE('',*,*,#5822,.T.);
#3738=ORIENTED_EDGE('',*,*,#5800,.T.);
#3739=ORIENTED_EDGE('',*,*,#5773,.F.);
#3740=ORIENTED_EDGE('',*,*,#5821,.T.);
#3741=ORIENTED_EDGE('',*,*,#5801,.T.);
#3742=ORIENTED_EDGE('',*,*,#5822,.F.);
#3743=ORIENTED_EDGE('',*,*,#5788,.F.);
#3744=ORIENTED_EDGE('',*,*,#5823,.F.);
#3745=ORIENTED_EDGE('',*,*,#5824,.T.);
#3746=ORIENTED_EDGE('',*,*,#5825,.T.);
#3747=ORIENTED_EDGE('',*,*,#5787,.T.);
#3748=ORIENTED_EDGE('',*,*,#5826,.F.);
#3749=ORIENTED_EDGE('',*,*,#5827,.F.);
#3750=ORIENTED_EDGE('',*,*,#5823,.T.);
#3751=ORIENTED_EDGE('',*,*,#5790,.T.);
#3752=ORIENTED_EDGE('',*,*,#5828,.F.);
#3753=ORIENTED_EDGE('',*,*,#5829,.F.);
#3754=ORIENTED_EDGE('',*,*,#5826,.T.);
#3755=ORIENTED_EDGE('',*,*,#5789,.F.);
#3756=ORIENTED_EDGE('',*,*,#5825,.F.);
#3757=ORIENTED_EDGE('',*,*,#5830,.T.);
#3758=ORIENTED_EDGE('',*,*,#5828,.T.);
#3759=ORIENTED_EDGE('',*,*,#5824,.F.);
#3760=ORIENTED_EDGE('',*,*,#5827,.T.);
#3761=ORIENTED_EDGE('',*,*,#5829,.T.);
#3762=ORIENTED_EDGE('',*,*,#5830,.F.);
#3763=ORIENTED_EDGE('',*,*,#5792,.F.);
#3764=ORIENTED_EDGE('',*,*,#5831,.F.);
#3765=ORIENTED_EDGE('',*,*,#5832,.T.);
#3766=ORIENTED_EDGE('',*,*,#5833,.T.);
#3767=ORIENTED_EDGE('',*,*,#5791,.T.);
#3768=ORIENTED_EDGE('',*,*,#5834,.F.);
#3769=ORIENTED_EDGE('',*,*,#5835,.F.);
#3770=ORIENTED_EDGE('',*,*,#5831,.T.);
#3771=ORIENTED_EDGE('',*,*,#5794,.T.);
#3772=ORIENTED_EDGE('',*,*,#5836,.F.);
#3773=ORIENTED_EDGE('',*,*,#5837,.F.);
#3774=ORIENTED_EDGE('',*,*,#5834,.T.);
#3775=ORIENTED_EDGE('',*,*,#5793,.F.);
#3776=ORIENTED_EDGE('',*,*,#5833,.F.);
#3777=ORIENTED_EDGE('',*,*,#5838,.T.);
#3778=ORIENTED_EDGE('',*,*,#5836,.T.);
#3779=ORIENTED_EDGE('',*,*,#5832,.F.);
#3780=ORIENTED_EDGE('',*,*,#5835,.T.);
#3781=ORIENTED_EDGE('',*,*,#5837,.T.);
#3782=ORIENTED_EDGE('',*,*,#5838,.F.);
#3783=ORIENTED_EDGE('',*,*,#5804,.F.);
#3784=ORIENTED_EDGE('',*,*,#5839,.F.);
#3785=ORIENTED_EDGE('',*,*,#5840,.T.);
#3786=ORIENTED_EDGE('',*,*,#5841,.T.);
#3787=ORIENTED_EDGE('',*,*,#5803,.T.);
#3788=ORIENTED_EDGE('',*,*,#5842,.F.);
#3789=ORIENTED_EDGE('',*,*,#5843,.F.);
#3790=ORIENTED_EDGE('',*,*,#5839,.T.);
#3791=ORIENTED_EDGE('',*,*,#5806,.T.);
#3792=ORIENTED_EDGE('',*,*,#5844,.F.);
#3793=ORIENTED_EDGE('',*,*,#5845,.F.);
#3794=ORIENTED_EDGE('',*,*,#5842,.T.);
#3795=ORIENTED_EDGE('',*,*,#5805,.F.);
#3796=ORIENTED_EDGE('',*,*,#5841,.F.);
#3797=ORIENTED_EDGE('',*,*,#5846,.T.);
#3798=ORIENTED_EDGE('',*,*,#5844,.T.);
#3799=ORIENTED_EDGE('',*,*,#5840,.F.);
#3800=ORIENTED_EDGE('',*,*,#5843,.T.);
#3801=ORIENTED_EDGE('',*,*,#5845,.T.);
#3802=ORIENTED_EDGE('',*,*,#5846,.F.);
#3803=ORIENTED_EDGE('',*,*,#5808,.F.);
#3804=ORIENTED_EDGE('',*,*,#5847,.F.);
#3805=ORIENTED_EDGE('',*,*,#5848,.T.);
#3806=ORIENTED_EDGE('',*,*,#5849,.T.);
#3807=ORIENTED_EDGE('',*,*,#5807,.T.);
#3808=ORIENTED_EDGE('',*,*,#5850,.F.);
#3809=ORIENTED_EDGE('',*,*,#5851,.F.);
#3810=ORIENTED_EDGE('',*,*,#5847,.T.);
#3811=ORIENTED_EDGE('',*,*,#5810,.T.);
#3812=ORIENTED_EDGE('',*,*,#5852,.F.);
#3813=ORIENTED_EDGE('',*,*,#5853,.F.);
#3814=ORIENTED_EDGE('',*,*,#5850,.T.);
#3815=ORIENTED_EDGE('',*,*,#5809,.F.);
#3816=ORIENTED_EDGE('',*,*,#5849,.F.);
#3817=ORIENTED_EDGE('',*,*,#5854,.T.);
#3818=ORIENTED_EDGE('',*,*,#5852,.T.);
#3819=ORIENTED_EDGE('',*,*,#5848,.F.);
#3820=ORIENTED_EDGE('',*,*,#5851,.T.);
#3821=ORIENTED_EDGE('',*,*,#5853,.T.);
#3822=ORIENTED_EDGE('',*,*,#5854,.F.);
#3823=ORIENTED_EDGE('',*,*,#5811,.T.);
#3824=ORIENTED_EDGE('',*,*,#5855,.T.);
#3825=ORIENTED_EDGE('',*,*,#5795,.F.);
#3826=ORIENTED_EDGE('',*,*,#5856,.F.);
#3827=ORIENTED_EDGE('',*,*,#5856,.T.);
#3828=ORIENTED_EDGE('',*,*,#5798,.T.);
#3829=ORIENTED_EDGE('',*,*,#5857,.F.);
#3830=ORIENTED_EDGE('',*,*,#5812,.F.);
#3831=ORIENTED_EDGE('',*,*,#5857,.T.);
#3832=ORIENTED_EDGE('',*,*,#5797,.T.);
#3833=ORIENTED_EDGE('',*,*,#5858,.F.);
#3834=ORIENTED_EDGE('',*,*,#5813,.F.);
#3835=ORIENTED_EDGE('',*,*,#5814,.T.);
#3836=ORIENTED_EDGE('',*,*,#5858,.T.);
#3837=ORIENTED_EDGE('',*,*,#5796,.F.);
#3838=ORIENTED_EDGE('',*,*,#5855,.F.);
#3839=ORIENTED_EDGE('',*,*,#5859,.T.);
#3840=ORIENTED_EDGE('',*,*,#5764,.F.);
#3841=ORIENTED_EDGE('',*,*,#5860,.F.);
#3842=ORIENTED_EDGE('',*,*,#5776,.F.);
#3843=ORIENTED_EDGE('',*,*,#5777,.T.);
#3844=ORIENTED_EDGE('',*,*,#5860,.T.);
#3845=ORIENTED_EDGE('',*,*,#5763,.T.);
#3846=ORIENTED_EDGE('',*,*,#5861,.F.);
#3847=ORIENTED_EDGE('',*,*,#5778,.T.);
#3848=ORIENTED_EDGE('',*,*,#5861,.T.);
#3849=ORIENTED_EDGE('',*,*,#5766,.T.);
#3850=ORIENTED_EDGE('',*,*,#5862,.F.);
#3851=ORIENTED_EDGE('',*,*,#5862,.T.);
#3852=ORIENTED_EDGE('',*,*,#5765,.F.);
#3853=ORIENTED_EDGE('',*,*,#5859,.F.);
#3854=ORIENTED_EDGE('',*,*,#5775,.F.);
#3855=ORIENTED_EDGE('',*,*,#5863,.T.);
#3856=ORIENTED_EDGE('',*,*,#5768,.F.);
#3857=ORIENTED_EDGE('',*,*,#5864,.F.);
#3858=ORIENTED_EDGE('',*,*,#5780,.F.);
#3859=ORIENTED_EDGE('',*,*,#5781,.T.);
#3860=ORIENTED_EDGE('',*,*,#5864,.T.);
#3861=ORIENTED_EDGE('',*,*,#5767,.T.);
#3862=ORIENTED_EDGE('',*,*,#5865,.F.);
#3863=ORIENTED_EDGE('',*,*,#5782,.T.);
#3864=ORIENTED_EDGE('',*,*,#5865,.T.);
#3865=ORIENTED_EDGE('',*,*,#5770,.T.);
#3866=ORIENTED_EDGE('',*,*,#5866,.F.);
#3867=ORIENTED_EDGE('',*,*,#5866,.T.);
#3868=ORIENTED_EDGE('',*,*,#5769,.F.);
#3869=ORIENTED_EDGE('',*,*,#5863,.F.);
#3870=ORIENTED_EDGE('',*,*,#5779,.F.);
#3871=ORIENTED_EDGE('',*,*,#5867,.T.);
#3872=ORIENTED_EDGE('',*,*,#5868,.F.);
#3873=ORIENTED_EDGE('',*,*,#5869,.F.);
#3874=ORIENTED_EDGE('',*,*,#5870,.T.);
#3875=ORIENTED_EDGE('',*,*,#5871,.F.);
#3876=ORIENTED_EDGE('',*,*,#5872,.F.);
#3877=ORIENTED_EDGE('',*,*,#5870,.F.);
#3878=ORIENTED_EDGE('',*,*,#5873,.T.);
#3879=ORIENTED_EDGE('',*,*,#5874,.T.);
#3880=ORIENTED_EDGE('',*,*,#5875,.F.);
#3881=ORIENTED_EDGE('',*,*,#5874,.F.);
#3882=ORIENTED_EDGE('',*,*,#5876,.T.);
#3883=ORIENTED_EDGE('',*,*,#5877,.T.);
#3884=ORIENTED_EDGE('',*,*,#5878,.T.);
#3885=ORIENTED_EDGE('',*,*,#5877,.F.);
#3886=ORIENTED_EDGE('',*,*,#5879,.F.);
#3887=ORIENTED_EDGE('',*,*,#5868,.T.);
#3888=ORIENTED_EDGE('',*,*,#5869,.T.);
#3889=ORIENTED_EDGE('',*,*,#5879,.T.);
#3890=ORIENTED_EDGE('',*,*,#5876,.F.);
#3891=ORIENTED_EDGE('',*,*,#5873,.F.);
#3892=ORIENTED_EDGE('',*,*,#5867,.F.);
#3893=ORIENTED_EDGE('',*,*,#5872,.T.);
#3894=ORIENTED_EDGE('',*,*,#5875,.T.);
#3895=ORIENTED_EDGE('',*,*,#5878,.F.);
#3896=ORIENTED_EDGE('',*,*,#5880,.F.);
#3897=ORIENTED_EDGE('',*,*,#5871,.T.);
#3898=ORIENTED_EDGE('',*,*,#5880,.T.);
#3899=ORIENTED_EDGE('',*,*,#5881,.F.);
#3900=ORIENTED_EDGE('',*,*,#5882,.T.);
#3901=ORIENTED_EDGE('',*,*,#5883,.F.);
#3902=ORIENTED_EDGE('',*,*,#5884,.F.);
#3903=ORIENTED_EDGE('',*,*,#5885,.T.);
#3904=ORIENTED_EDGE('',*,*,#5886,.F.);
#3905=ORIENTED_EDGE('',*,*,#5887,.F.);
#3906=ORIENTED_EDGE('',*,*,#5888,.T.);
#3907=ORIENTED_EDGE('',*,*,#5889,.F.);
#3908=ORIENTED_EDGE('',*,*,#5890,.F.);
#3909=ORIENTED_EDGE('',*,*,#5891,.T.);
#3910=ORIENTED_EDGE('',*,*,#5892,.F.);
#3911=ORIENTED_EDGE('',*,*,#5893,.F.);
#3912=ORIENTED_EDGE('',*,*,#5894,.T.);
#3913=ORIENTED_EDGE('',*,*,#5895,.F.);
#3914=ORIENTED_EDGE('',*,*,#5896,.F.);
#3915=ORIENTED_EDGE('',*,*,#5897,.T.);
#3916=ORIENTED_EDGE('',*,*,#5898,.F.);
#3917=ORIENTED_EDGE('',*,*,#5899,.F.);
#3918=ORIENTED_EDGE('',*,*,#5900,.T.);
#3919=ORIENTED_EDGE('',*,*,#5901,.F.);
#3920=ORIENTED_EDGE('',*,*,#5902,.F.);
#3921=ORIENTED_EDGE('',*,*,#5903,.T.);
#3922=ORIENTED_EDGE('',*,*,#5904,.F.);
#3923=ORIENTED_EDGE('',*,*,#5894,.F.);
#3924=ORIENTED_EDGE('',*,*,#5905,.T.);
#3925=ORIENTED_EDGE('',*,*,#5906,.T.);
#3926=ORIENTED_EDGE('',*,*,#5907,.F.);
#3927=ORIENTED_EDGE('',*,*,#5908,.T.);
#3928=ORIENTED_EDGE('',*,*,#5909,.T.);
#3929=ORIENTED_EDGE('',*,*,#5910,.F.);
#3930=ORIENTED_EDGE('',*,*,#5898,.T.);
#3931=ORIENTED_EDGE('',*,*,#5911,.T.);
#3932=ORIENTED_EDGE('',*,*,#5912,.F.);
#3933=ORIENTED_EDGE('',*,*,#5906,.F.);
#3934=ORIENTED_EDGE('',*,*,#5913,.T.);
#3935=ORIENTED_EDGE('',*,*,#5912,.T.);
#3936=ORIENTED_EDGE('',*,*,#5914,.F.);
#3937=ORIENTED_EDGE('',*,*,#5882,.F.);
#3938=ORIENTED_EDGE('',*,*,#5915,.T.);
#3939=ORIENTED_EDGE('',*,*,#5916,.T.);
#3940=ORIENTED_EDGE('',*,*,#5917,.T.);
#3941=ORIENTED_EDGE('',*,*,#5918,.F.);
#3942=ORIENTED_EDGE('',*,*,#5886,.T.);
#3943=ORIENTED_EDGE('',*,*,#5919,.T.);
#3944=ORIENTED_EDGE('',*,*,#5920,.F.);
#3945=ORIENTED_EDGE('',*,*,#5916,.F.);
#3946=ORIENTED_EDGE('',*,*,#5921,.T.);
#3947=ORIENTED_EDGE('',*,*,#5920,.T.);
#3948=ORIENTED_EDGE('',*,*,#5922,.F.);
#3949=ORIENTED_EDGE('',*,*,#5923,.T.);
#3950=ORIENTED_EDGE('',*,*,#5924,.T.);
#3951=ORIENTED_EDGE('',*,*,#5888,.F.);
#3952=ORIENTED_EDGE('',*,*,#5925,.T.);
#3953=ORIENTED_EDGE('',*,*,#5926,.T.);
#3954=ORIENTED_EDGE('',*,*,#5927,.T.);
#3955=ORIENTED_EDGE('',*,*,#5928,.F.);
#3956=ORIENTED_EDGE('',*,*,#5892,.T.);
#3957=ORIENTED_EDGE('',*,*,#5929,.T.);
#3958=ORIENTED_EDGE('',*,*,#5930,.F.);
#3959=ORIENTED_EDGE('',*,*,#5926,.F.);
#3960=ORIENTED_EDGE('',*,*,#5931,.T.);
#3961=ORIENTED_EDGE('',*,*,#5930,.T.);
#3962=ORIENTED_EDGE('',*,*,#5932,.F.);
#3963=ORIENTED_EDGE('',*,*,#5933,.T.);
#3964=ORIENTED_EDGE('',*,*,#5934,.T.);
#3965=ORIENTED_EDGE('',*,*,#5900,.F.);
#3966=ORIENTED_EDGE('',*,*,#5935,.T.);
#3967=ORIENTED_EDGE('',*,*,#5936,.T.);
#3968=ORIENTED_EDGE('',*,*,#5937,.F.);
#3969=ORIENTED_EDGE('',*,*,#5938,.T.);
#3970=ORIENTED_EDGE('',*,*,#5939,.T.);
#3971=ORIENTED_EDGE('',*,*,#5940,.F.);
#3972=ORIENTED_EDGE('',*,*,#5904,.T.);
#3973=ORIENTED_EDGE('',*,*,#5941,.T.);
#3974=ORIENTED_EDGE('',*,*,#5942,.F.);
#3975=ORIENTED_EDGE('',*,*,#5936,.F.);
#3976=ORIENTED_EDGE('',*,*,#5943,.T.);
#3977=ORIENTED_EDGE('',*,*,#5942,.T.);
#3978=ORIENTED_EDGE('',*,*,#5944,.F.);
#3979=ORIENTED_EDGE('',*,*,#5945,.F.);
#3980=ORIENTED_EDGE('',*,*,#5946,.T.);
#3981=ORIENTED_EDGE('',*,*,#5947,.F.);
#3982=ORIENTED_EDGE('',*,*,#5948,.F.);
#3983=ORIENTED_EDGE('',*,*,#5949,.T.);
#3984=ORIENTED_EDGE('',*,*,#5950,.F.);
#3985=ORIENTED_EDGE('',*,*,#5951,.F.);
#3986=ORIENTED_EDGE('',*,*,#5952,.T.);
#3987=ORIENTED_EDGE('',*,*,#5953,.T.);
#3988=ORIENTED_EDGE('',*,*,#5954,.F.);
#3989=ORIENTED_EDGE('',*,*,#5955,.T.);
#3990=ORIENTED_EDGE('',*,*,#5956,.T.);
#3991=ORIENTED_EDGE('',*,*,#5957,.F.);
#3992=ORIENTED_EDGE('',*,*,#5951,.T.);
#3993=ORIENTED_EDGE('',*,*,#5958,.F.);
#3994=ORIENTED_EDGE('',*,*,#5946,.F.);
#3995=ORIENTED_EDGE('',*,*,#5953,.F.);
#3996=ORIENTED_EDGE('',*,*,#5959,.T.);
#3997=ORIENTED_EDGE('',*,*,#5950,.T.);
#3998=ORIENTED_EDGE('',*,*,#5960,.F.);
#3999=ORIENTED_EDGE('',*,*,#5956,.F.);
#4000=ORIENTED_EDGE('',*,*,#5961,.T.);
#4001=ORIENTED_EDGE('',*,*,#5962,.T.);
#4002=ORIENTED_EDGE('',*,*,#5896,.T.);
#4003=ORIENTED_EDGE('',*,*,#5963,.T.);
#4004=ORIENTED_EDGE('',*,*,#5964,.F.);
#4005=ORIENTED_EDGE('',*,*,#5965,.F.);
#4006=ORIENTED_EDGE('',*,*,#5966,.T.);
#4007=ORIENTED_EDGE('',*,*,#5947,.T.);
#4008=ORIENTED_EDGE('',*,*,#5958,.T.);
#4009=ORIENTED_EDGE('',*,*,#5963,.F.);
#4010=ORIENTED_EDGE('',*,*,#5895,.T.);
#4011=ORIENTED_EDGE('',*,*,#5909,.F.);
#4012=ORIENTED_EDGE('',*,*,#5967,.T.);
#4013=ORIENTED_EDGE('',*,*,#5883,.T.);
#4014=ORIENTED_EDGE('',*,*,#5917,.F.);
#4015=ORIENTED_EDGE('',*,*,#5924,.F.);
#4016=ORIENTED_EDGE('',*,*,#5968,.T.);
#4017=ORIENTED_EDGE('',*,*,#5889,.T.);
#4018=ORIENTED_EDGE('',*,*,#5927,.F.);
#4019=ORIENTED_EDGE('',*,*,#5934,.F.);
#4020=ORIENTED_EDGE('',*,*,#5969,.T.);
#4021=ORIENTED_EDGE('',*,*,#5901,.T.);
#4022=ORIENTED_EDGE('',*,*,#5939,.F.);
#4023=ORIENTED_EDGE('',*,*,#5970,.T.);
#4024=ORIENTED_EDGE('',*,*,#5971,.F.);
#4025=ORIENTED_EDGE('',*,*,#5972,.T.);
#4026=ORIENTED_EDGE('',*,*,#5973,.T.);
#4027=ORIENTED_EDGE('',*,*,#5974,.F.);
#4028=ORIENTED_EDGE('',*,*,#5975,.F.);
#4029=ORIENTED_EDGE('',*,*,#5976,.T.);
#4030=ORIENTED_EDGE('',*,*,#5977,.T.);
#4031=ORIENTED_EDGE('',*,*,#5978,.F.);
#4032=ORIENTED_EDGE('',*,*,#5979,.F.);
#4033=ORIENTED_EDGE('',*,*,#5961,.F.);
#4034=ORIENTED_EDGE('',*,*,#5955,.F.);
#4035=ORIENTED_EDGE('',*,*,#5980,.T.);
#4036=ORIENTED_EDGE('',*,*,#5948,.T.);
#4037=ORIENTED_EDGE('',*,*,#5966,.F.);
#4038=ORIENTED_EDGE('',*,*,#5981,.T.);
#4039=ORIENTED_EDGE('',*,*,#5982,.T.);
#4040=ORIENTED_EDGE('',*,*,#5983,.T.);
#4041=ORIENTED_EDGE('',*,*,#5902,.T.);
#4042=ORIENTED_EDGE('',*,*,#5969,.F.);
#4043=ORIENTED_EDGE('',*,*,#5933,.F.);
#4044=ORIENTED_EDGE('',*,*,#5984,.T.);
#4045=ORIENTED_EDGE('',*,*,#5890,.T.);
#4046=ORIENTED_EDGE('',*,*,#5968,.F.);
#4047=ORIENTED_EDGE('',*,*,#5923,.F.);
#4048=ORIENTED_EDGE('',*,*,#5985,.T.);
#4049=ORIENTED_EDGE('',*,*,#5884,.T.);
#4050=ORIENTED_EDGE('',*,*,#5967,.F.);
#4051=ORIENTED_EDGE('',*,*,#5908,.F.);
#4052=ORIENTED_EDGE('',*,*,#5986,.T.);
#4053=ORIENTED_EDGE('',*,*,#5987,.F.);
#4054=ORIENTED_EDGE('',*,*,#5988,.F.);
#4055=ORIENTED_EDGE('',*,*,#5989,.T.);
#4056=ORIENTED_EDGE('',*,*,#5990,.T.);
#4057=ORIENTED_EDGE('',*,*,#5991,.F.);
#4058=ORIENTED_EDGE('',*,*,#5964,.T.);
#4059=ORIENTED_EDGE('',*,*,#5971,.T.);
#4060=ORIENTED_EDGE('',*,*,#5992,.F.);
#4061=ORIENTED_EDGE('',*,*,#5993,.T.);
#4062=ORIENTED_EDGE('',*,*,#5994,.T.);
#4063=ORIENTED_EDGE('',*,*,#5995,.F.);
#4064=ORIENTED_EDGE('',*,*,#5996,.F.);
#4065=ORIENTED_EDGE('',*,*,#5997,.T.);
#4066=ORIENTED_EDGE('',*,*,#5998,.F.);
#4067=ORIENTED_EDGE('',*,*,#5990,.F.);
#4068=ORIENTED_EDGE('',*,*,#5999,.T.);
#4069=ORIENTED_EDGE('',*,*,#6000,.F.);
#4070=ORIENTED_EDGE('',*,*,#6001,.T.);
#4071=ORIENTED_EDGE('',*,*,#6002,.T.);
#4072=ORIENTED_EDGE('',*,*,#6003,.T.);
#4073=ORIENTED_EDGE('',*,*,#6004,.F.);
#4074=ORIENTED_EDGE('',*,*,#6005,.T.);
#4075=ORIENTED_EDGE('',*,*,#6006,.T.);
#4076=ORIENTED_EDGE('',*,*,#6007,.T.);
#4077=ORIENTED_EDGE('',*,*,#6008,.F.);
#4078=ORIENTED_EDGE('',*,*,#6009,.T.);
#4079=ORIENTED_EDGE('',*,*,#6010,.T.);
#4080=ORIENTED_EDGE('',*,*,#6011,.T.);
#4081=ORIENTED_EDGE('',*,*,#6012,.F.);
#4082=ORIENTED_EDGE('',*,*,#6013,.T.);
#4083=ORIENTED_EDGE('',*,*,#6014,.T.);
#4084=ORIENTED_EDGE('',*,*,#6015,.T.);
#4085=ORIENTED_EDGE('',*,*,#5999,.F.);
#4086=ORIENTED_EDGE('',*,*,#5989,.F.);
#4087=ORIENTED_EDGE('',*,*,#6016,.T.);
#4088=ORIENTED_EDGE('',*,*,#6002,.F.);
#4089=ORIENTED_EDGE('',*,*,#5988,.T.);
#4090=ORIENTED_EDGE('',*,*,#6017,.T.);
#4091=ORIENTED_EDGE('',*,*,#6018,.F.);
#4092=ORIENTED_EDGE('',*,*,#6019,.F.);
#4093=ORIENTED_EDGE('',*,*,#6020,.T.);
#4094=ORIENTED_EDGE('',*,*,#6009,.F.);
#4095=ORIENTED_EDGE('',*,*,#6021,.F.);
#4096=ORIENTED_EDGE('',*,*,#6022,.F.);
#4097=ORIENTED_EDGE('',*,*,#6023,.T.);
#4098=ORIENTED_EDGE('',*,*,#6005,.F.);
#4099=ORIENTED_EDGE('',*,*,#6024,.F.);
#4100=ORIENTED_EDGE('',*,*,#6025,.F.);
#4101=ORIENTED_EDGE('',*,*,#6018,.T.);
#4102=ORIENTED_EDGE('',*,*,#6026,.T.);
#4103=ORIENTED_EDGE('',*,*,#5997,.F.);
#4104=ORIENTED_EDGE('',*,*,#6027,.F.);
#4105=ORIENTED_EDGE('',*,*,#6028,.F.);
#4106=ORIENTED_EDGE('',*,*,#6029,.T.);
#4107=ORIENTED_EDGE('',*,*,#6030,.T.);
#4108=ORIENTED_EDGE('',*,*,#6031,.T.);
#4109=ORIENTED_EDGE('',*,*,#5993,.F.);
#4110=ORIENTED_EDGE('',*,*,#6032,.F.);
#4111=ORIENTED_EDGE('',*,*,#6033,.T.);
#4112=ORIENTED_EDGE('',*,*,#6013,.F.);
#4113=ORIENTED_EDGE('',*,*,#6034,.F.);
#4114=ORIENTED_EDGE('',*,*,#6035,.F.);
#4115=ORIENTED_EDGE('',*,*,#6036,.T.);
#4116=ORIENTED_EDGE('',*,*,#5987,.T.);
#4117=ORIENTED_EDGE('',*,*,#5998,.T.);
#4118=ORIENTED_EDGE('',*,*,#6026,.F.);
#4119=ORIENTED_EDGE('',*,*,#6017,.F.);
#4120=ORIENTED_EDGE('',*,*,#6015,.F.);
#4121=ORIENTED_EDGE('',*,*,#6037,.F.);
#4122=ORIENTED_EDGE('',*,*,#6038,.T.);
#4123=ORIENTED_EDGE('',*,*,#6000,.T.);
#4124=ORIENTED_EDGE('',*,*,#6014,.F.);
#4125=ORIENTED_EDGE('',*,*,#6033,.F.);
#4126=ORIENTED_EDGE('',*,*,#6039,.T.);
#4127=ORIENTED_EDGE('',*,*,#6037,.T.);
#4128=ORIENTED_EDGE('',*,*,#6038,.F.);
#4129=ORIENTED_EDGE('',*,*,#6039,.F.);
#4130=ORIENTED_EDGE('',*,*,#6032,.T.);
#4131=ORIENTED_EDGE('',*,*,#6001,.F.);
#4132=ORIENTED_EDGE('',*,*,#6010,.F.);
#4133=ORIENTED_EDGE('',*,*,#6020,.F.);
#4134=ORIENTED_EDGE('',*,*,#6040,.T.);
#4135=ORIENTED_EDGE('',*,*,#6041,.T.);
#4136=ORIENTED_EDGE('',*,*,#6012,.T.);
#4137=ORIENTED_EDGE('',*,*,#6042,.F.);
#4138=ORIENTED_EDGE('',*,*,#6043,.F.);
#4139=ORIENTED_EDGE('',*,*,#6034,.T.);
#4140=ORIENTED_EDGE('',*,*,#6042,.T.);
#4141=ORIENTED_EDGE('',*,*,#6011,.F.);
#4142=ORIENTED_EDGE('',*,*,#6041,.F.);
#4143=ORIENTED_EDGE('',*,*,#6044,.T.);
#4144=ORIENTED_EDGE('',*,*,#6040,.F.);
#4145=ORIENTED_EDGE('',*,*,#6035,.T.);
#4146=ORIENTED_EDGE('',*,*,#6043,.T.);
#4147=ORIENTED_EDGE('',*,*,#6044,.F.);
#4148=ORIENTED_EDGE('',*,*,#6006,.F.);
#4149=ORIENTED_EDGE('',*,*,#6023,.F.);
#4150=ORIENTED_EDGE('',*,*,#6045,.T.);
#4151=ORIENTED_EDGE('',*,*,#6046,.T.);
#4152=ORIENTED_EDGE('',*,*,#6008,.T.);
#4153=ORIENTED_EDGE('',*,*,#6047,.F.);
#4154=ORIENTED_EDGE('',*,*,#6048,.F.);
#4155=ORIENTED_EDGE('',*,*,#6021,.T.);
#4156=ORIENTED_EDGE('',*,*,#6047,.T.);
#4157=ORIENTED_EDGE('',*,*,#6007,.F.);
#4158=ORIENTED_EDGE('',*,*,#6046,.F.);
#4159=ORIENTED_EDGE('',*,*,#6049,.T.);
#4160=ORIENTED_EDGE('',*,*,#6045,.F.);
#4161=ORIENTED_EDGE('',*,*,#6022,.T.);
#4162=ORIENTED_EDGE('',*,*,#6048,.T.);
#4163=ORIENTED_EDGE('',*,*,#6049,.F.);
#4164=ORIENTED_EDGE('',*,*,#6050,.T.);
#4165=ORIENTED_EDGE('',*,*,#6003,.F.);
#4166=ORIENTED_EDGE('',*,*,#6016,.F.);
#4167=ORIENTED_EDGE('',*,*,#6051,.T.);
#4168=ORIENTED_EDGE('',*,*,#6024,.T.);
#4169=ORIENTED_EDGE('',*,*,#6004,.T.);
#4170=ORIENTED_EDGE('',*,*,#6050,.F.);
#4171=ORIENTED_EDGE('',*,*,#6052,.F.);
#4172=ORIENTED_EDGE('',*,*,#6051,.F.);
#4173=ORIENTED_EDGE('',*,*,#6019,.T.);
#4174=ORIENTED_EDGE('',*,*,#6025,.T.);
#4175=ORIENTED_EDGE('',*,*,#6052,.T.);
#4176=ORIENTED_EDGE('',*,*,#5996,.T.);
#4177=ORIENTED_EDGE('',*,*,#6053,.F.);
#4178=ORIENTED_EDGE('',*,*,#6054,.F.);
#4179=ORIENTED_EDGE('',*,*,#6027,.T.);
#4180=ORIENTED_EDGE('',*,*,#5995,.T.);
#4181=ORIENTED_EDGE('',*,*,#6055,.F.);
#4182=ORIENTED_EDGE('',*,*,#6056,.F.);
#4183=ORIENTED_EDGE('',*,*,#6057,.F.);
#4184=ORIENTED_EDGE('',*,*,#6058,.F.);
#4185=ORIENTED_EDGE('',*,*,#6053,.T.);
#4186=ORIENTED_EDGE('',*,*,#6059,.F.);
#4187=ORIENTED_EDGE('',*,*,#6055,.T.);
#4188=ORIENTED_EDGE('',*,*,#5994,.F.);
#4189=ORIENTED_EDGE('',*,*,#6031,.F.);
#4190=ORIENTED_EDGE('',*,*,#6028,.T.);
#4191=ORIENTED_EDGE('',*,*,#6054,.T.);
#4192=ORIENTED_EDGE('',*,*,#6058,.T.);
#4193=ORIENTED_EDGE('',*,*,#6060,.F.);
#4194=ORIENTED_EDGE('',*,*,#6059,.T.);
#4195=ORIENTED_EDGE('',*,*,#6030,.F.);
#4196=ORIENTED_EDGE('',*,*,#6061,.F.);
#4197=ORIENTED_EDGE('',*,*,#6056,.T.);
#4198=ORIENTED_EDGE('',*,*,#6057,.T.);
#4199=ORIENTED_EDGE('',*,*,#6061,.T.);
#4200=ORIENTED_EDGE('',*,*,#6029,.F.);
#4201=ORIENTED_EDGE('',*,*,#6060,.T.);
#4202=ORIENTED_EDGE('',*,*,#6062,.F.);
#4203=ORIENTED_EDGE('',*,*,#6036,.F.);
#4204=ORIENTED_EDGE('',*,*,#6062,.T.);
#4205=ORIENTED_EDGE('',*,*,#5991,.T.);
#4206=ORIENTED_EDGE('',*,*,#6063,.F.);
#4207=ORIENTED_EDGE('',*,*,#5981,.F.);
#4208=ORIENTED_EDGE('',*,*,#5965,.T.);
#4209=ORIENTED_EDGE('',*,*,#5970,.F.);
#4210=ORIENTED_EDGE('',*,*,#5938,.F.);
#4211=ORIENTED_EDGE('',*,*,#6064,.F.);
#4212=ORIENTED_EDGE('',*,*,#5982,.F.);
#4213=ORIENTED_EDGE('',*,*,#6063,.T.);
#4214=ORIENTED_EDGE('',*,*,#5992,.T.);
#4215=ORIENTED_EDGE('',*,*,#6064,.T.);
#4216=ORIENTED_EDGE('',*,*,#5937,.T.);
#4217=ORIENTED_EDGE('',*,*,#5944,.T.);
#4218=ORIENTED_EDGE('',*,*,#5941,.F.);
#4219=ORIENTED_EDGE('',*,*,#5903,.F.);
#4220=ORIENTED_EDGE('',*,*,#5983,.F.);
#4221=ORIENTED_EDGE('',*,*,#5932,.T.);
#4222=ORIENTED_EDGE('',*,*,#5929,.F.);
#4223=ORIENTED_EDGE('',*,*,#5891,.F.);
#4224=ORIENTED_EDGE('',*,*,#5984,.F.);
#4225=ORIENTED_EDGE('',*,*,#5922,.T.);
#4226=ORIENTED_EDGE('',*,*,#5919,.F.);
#4227=ORIENTED_EDGE('',*,*,#5885,.F.);
#4228=ORIENTED_EDGE('',*,*,#5985,.F.);
#4229=ORIENTED_EDGE('',*,*,#5986,.F.);
#4230=ORIENTED_EDGE('',*,*,#5907,.T.);
#4231=ORIENTED_EDGE('',*,*,#5914,.T.);
#4232=ORIENTED_EDGE('',*,*,#5911,.F.);
#4233=ORIENTED_EDGE('',*,*,#5897,.F.);
#4234=ORIENTED_EDGE('',*,*,#5962,.F.);
#4235=ORIENTED_EDGE('',*,*,#5954,.T.);
#4236=ORIENTED_EDGE('',*,*,#5960,.T.);
#4237=ORIENTED_EDGE('',*,*,#5949,.F.);
#4238=ORIENTED_EDGE('',*,*,#5980,.F.);
#4239=ORIENTED_EDGE('',*,*,#5957,.T.);
#4240=ORIENTED_EDGE('',*,*,#5945,.T.);
#4241=ORIENTED_EDGE('',*,*,#5959,.F.);
#4242=ORIENTED_EDGE('',*,*,#5952,.F.);
#4243=ORIENTED_EDGE('',*,*,#5935,.F.);
#4244=ORIENTED_EDGE('',*,*,#5899,.T.);
#4245=ORIENTED_EDGE('',*,*,#5940,.T.);
#4246=ORIENTED_EDGE('',*,*,#5943,.F.);
#4247=ORIENTED_EDGE('',*,*,#5925,.F.);
#4248=ORIENTED_EDGE('',*,*,#5887,.T.);
#4249=ORIENTED_EDGE('',*,*,#5928,.T.);
#4250=ORIENTED_EDGE('',*,*,#5931,.F.);
#4251=ORIENTED_EDGE('',*,*,#5915,.F.);
#4252=ORIENTED_EDGE('',*,*,#5881,.T.);
#4253=ORIENTED_EDGE('',*,*,#5918,.T.);
#4254=ORIENTED_EDGE('',*,*,#5921,.F.);
#4255=ORIENTED_EDGE('',*,*,#5905,.F.);
#4256=ORIENTED_EDGE('',*,*,#5893,.T.);
#4257=ORIENTED_EDGE('',*,*,#5910,.T.);
#4258=ORIENTED_EDGE('',*,*,#5913,.F.);
#4259=ORIENTED_EDGE('',*,*,#5976,.F.);
#4260=ORIENTED_EDGE('',*,*,#6065,.F.);
#4261=ORIENTED_EDGE('',*,*,#6066,.T.);
#4262=ORIENTED_EDGE('',*,*,#6067,.T.);
#4263=ORIENTED_EDGE('',*,*,#5979,.T.);
#4264=ORIENTED_EDGE('',*,*,#6068,.F.);
#4265=ORIENTED_EDGE('',*,*,#6069,.F.);
#4266=ORIENTED_EDGE('',*,*,#6065,.T.);
#4267=ORIENTED_EDGE('',*,*,#5978,.T.);
#4268=ORIENTED_EDGE('',*,*,#6070,.F.);
#4269=ORIENTED_EDGE('',*,*,#6071,.F.);
#4270=ORIENTED_EDGE('',*,*,#6068,.T.);
#4271=ORIENTED_EDGE('',*,*,#5977,.F.);
#4272=ORIENTED_EDGE('',*,*,#6067,.F.);
#4273=ORIENTED_EDGE('',*,*,#6072,.T.);
#4274=ORIENTED_EDGE('',*,*,#6070,.T.);
#4275=ORIENTED_EDGE('',*,*,#6066,.F.);
#4276=ORIENTED_EDGE('',*,*,#6069,.T.);
#4277=ORIENTED_EDGE('',*,*,#6071,.T.);
#4278=ORIENTED_EDGE('',*,*,#6072,.F.);
#4279=ORIENTED_EDGE('',*,*,#5972,.F.);
#4280=ORIENTED_EDGE('',*,*,#6073,.F.);
#4281=ORIENTED_EDGE('',*,*,#6074,.T.);
#4282=ORIENTED_EDGE('',*,*,#6075,.T.);
#4283=ORIENTED_EDGE('',*,*,#5975,.T.);
#4284=ORIENTED_EDGE('',*,*,#6076,.F.);
#4285=ORIENTED_EDGE('',*,*,#6077,.F.);
#4286=ORIENTED_EDGE('',*,*,#6073,.T.);
#4287=ORIENTED_EDGE('',*,*,#5974,.T.);
#4288=ORIENTED_EDGE('',*,*,#6078,.F.);
#4289=ORIENTED_EDGE('',*,*,#6079,.F.);
#4290=ORIENTED_EDGE('',*,*,#6076,.T.);
#4291=ORIENTED_EDGE('',*,*,#5973,.F.);
#4292=ORIENTED_EDGE('',*,*,#6075,.F.);
#4293=ORIENTED_EDGE('',*,*,#6080,.T.);
#4294=ORIENTED_EDGE('',*,*,#6078,.T.);
#4295=ORIENTED_EDGE('',*,*,#6074,.F.);
#4296=ORIENTED_EDGE('',*,*,#6077,.T.);
#4297=ORIENTED_EDGE('',*,*,#6079,.T.);
#4298=ORIENTED_EDGE('',*,*,#6080,.F.);
#4299=ORIENTED_EDGE('',*,*,#6081,.F.);
#4300=ORIENTED_EDGE('',*,*,#6082,.F.);
#4301=ORIENTED_EDGE('',*,*,#6083,.T.);
#4302=ORIENTED_EDGE('',*,*,#6084,.T.);
#4303=ORIENTED_EDGE('',*,*,#6085,.T.);
#4304=ORIENTED_EDGE('',*,*,#6086,.F.);
#4305=ORIENTED_EDGE('',*,*,#6087,.F.);
#4306=ORIENTED_EDGE('',*,*,#6082,.T.);
#4307=ORIENTED_EDGE('',*,*,#6088,.T.);
#4308=ORIENTED_EDGE('',*,*,#6089,.F.);
#4309=ORIENTED_EDGE('',*,*,#6090,.F.);
#4310=ORIENTED_EDGE('',*,*,#6086,.T.);
#4311=ORIENTED_EDGE('',*,*,#6091,.F.);
#4312=ORIENTED_EDGE('',*,*,#6092,.F.);
#4313=ORIENTED_EDGE('',*,*,#6093,.T.);
#4314=ORIENTED_EDGE('',*,*,#6089,.T.);
#4315=ORIENTED_EDGE('',*,*,#6094,.T.);
#4316=ORIENTED_EDGE('',*,*,#6095,.F.);
#4317=ORIENTED_EDGE('',*,*,#6096,.F.);
#4318=ORIENTED_EDGE('',*,*,#6092,.T.);
#4319=ORIENTED_EDGE('',*,*,#6097,.T.);
#4320=ORIENTED_EDGE('',*,*,#6084,.F.);
#4321=ORIENTED_EDGE('',*,*,#6098,.F.);
#4322=ORIENTED_EDGE('',*,*,#6095,.T.);
#4323=ORIENTED_EDGE('',*,*,#6083,.F.);
#4324=ORIENTED_EDGE('',*,*,#6087,.T.);
#4325=ORIENTED_EDGE('',*,*,#6090,.T.);
#4326=ORIENTED_EDGE('',*,*,#6093,.F.);
#4327=ORIENTED_EDGE('',*,*,#6096,.T.);
#4328=ORIENTED_EDGE('',*,*,#6098,.T.);
#4329=ORIENTED_EDGE('',*,*,#6081,.T.);
#4330=ORIENTED_EDGE('',*,*,#6097,.F.);
#4331=ORIENTED_EDGE('',*,*,#6094,.F.);
#4332=ORIENTED_EDGE('',*,*,#6091,.T.);
#4333=ORIENTED_EDGE('',*,*,#6088,.F.);
#4334=ORIENTED_EDGE('',*,*,#6085,.F.);
#4335=ORIENTED_EDGE('',*,*,#6099,.F.);
#4336=ORIENTED_EDGE('',*,*,#6100,.T.);
#4337=ORIENTED_EDGE('',*,*,#6101,.F.);
#4338=ORIENTED_EDGE('',*,*,#6102,.F.);
#4339=ORIENTED_EDGE('',*,*,#6103,.T.);
#4340=ORIENTED_EDGE('',*,*,#6104,.T.);
#4341=ORIENTED_EDGE('',*,*,#6105,.F.);
#4342=ORIENTED_EDGE('',*,*,#6106,.F.);
#4343=ORIENTED_EDGE('',*,*,#6107,.T.);
#4344=ORIENTED_EDGE('',*,*,#6108,.T.);
#4345=ORIENTED_EDGE('',*,*,#6109,.F.);
#4346=ORIENTED_EDGE('',*,*,#6110,.F.);
#4347=ORIENTED_EDGE('',*,*,#6111,.T.);
#4348=ORIENTED_EDGE('',*,*,#6112,.T.);
#4349=ORIENTED_EDGE('',*,*,#6099,.T.);
#4350=ORIENTED_EDGE('',*,*,#6113,.F.);
#4351=ORIENTED_EDGE('',*,*,#6100,.F.);
#4352=ORIENTED_EDGE('',*,*,#6114,.T.);
#4353=ORIENTED_EDGE('',*,*,#6109,.T.);
#4354=ORIENTED_EDGE('',*,*,#6115,.F.);
#4355=ORIENTED_EDGE('',*,*,#6116,.T.);
#4356=ORIENTED_EDGE('',*,*,#6112,.F.);
#4357=ORIENTED_EDGE('',*,*,#6117,.F.);
#4358=ORIENTED_EDGE('',*,*,#6118,.F.);
#4359=ORIENTED_EDGE('',*,*,#6115,.T.);
#4360=ORIENTED_EDGE('',*,*,#6111,.F.);
#4361=ORIENTED_EDGE('',*,*,#6119,.F.);
#4362=ORIENTED_EDGE('',*,*,#6120,.F.);
#4363=ORIENTED_EDGE('',*,*,#6117,.T.);
#4364=ORIENTED_EDGE('',*,*,#6119,.T.);
#4365=ORIENTED_EDGE('',*,*,#6110,.T.);
#4366=ORIENTED_EDGE('',*,*,#6114,.F.);
#4367=ORIENTED_EDGE('',*,*,#6121,.T.);
#4368=ORIENTED_EDGE('',*,*,#6116,.F.);
#4369=ORIENTED_EDGE('',*,*,#6118,.T.);
#4370=ORIENTED_EDGE('',*,*,#6120,.T.);
#4371=ORIENTED_EDGE('',*,*,#6121,.F.);
#4372=ORIENTED_EDGE('',*,*,#6122,.T.);
#4373=ORIENTED_EDGE('',*,*,#6105,.T.);
#4374=ORIENTED_EDGE('',*,*,#6123,.F.);
#4375=ORIENTED_EDGE('',*,*,#6124,.T.);
#4376=ORIENTED_EDGE('',*,*,#6108,.F.);
#4377=ORIENTED_EDGE('',*,*,#6125,.F.);
#4378=ORIENTED_EDGE('',*,*,#6126,.F.);
#4379=ORIENTED_EDGE('',*,*,#6123,.T.);
#4380=ORIENTED_EDGE('',*,*,#6107,.F.);
#4381=ORIENTED_EDGE('',*,*,#6127,.F.);
#4382=ORIENTED_EDGE('',*,*,#6128,.F.);
#4383=ORIENTED_EDGE('',*,*,#6125,.T.);
#4384=ORIENTED_EDGE('',*,*,#6127,.T.);
#4385=ORIENTED_EDGE('',*,*,#6106,.T.);
#4386=ORIENTED_EDGE('',*,*,#6122,.F.);
#4387=ORIENTED_EDGE('',*,*,#6129,.T.);
#4388=ORIENTED_EDGE('',*,*,#6124,.F.);
#4389=ORIENTED_EDGE('',*,*,#6126,.T.);
#4390=ORIENTED_EDGE('',*,*,#6128,.T.);
#4391=ORIENTED_EDGE('',*,*,#6129,.F.);
#4392=ORIENTED_EDGE('',*,*,#6130,.T.);
#4393=ORIENTED_EDGE('',*,*,#6101,.T.);
#4394=ORIENTED_EDGE('',*,*,#6131,.F.);
#4395=ORIENTED_EDGE('',*,*,#6132,.T.);
#4396=ORIENTED_EDGE('',*,*,#6104,.F.);
#4397=ORIENTED_EDGE('',*,*,#6133,.F.);
#4398=ORIENTED_EDGE('',*,*,#6134,.F.);
#4399=ORIENTED_EDGE('',*,*,#6131,.T.);
#4400=ORIENTED_EDGE('',*,*,#6103,.F.);
#4401=ORIENTED_EDGE('',*,*,#6135,.F.);
#4402=ORIENTED_EDGE('',*,*,#6136,.F.);
#4403=ORIENTED_EDGE('',*,*,#6133,.T.);
#4404=ORIENTED_EDGE('',*,*,#6135,.T.);
#4405=ORIENTED_EDGE('',*,*,#6102,.T.);
#4406=ORIENTED_EDGE('',*,*,#6130,.F.);
#4407=ORIENTED_EDGE('',*,*,#6137,.T.);
#4408=ORIENTED_EDGE('',*,*,#6132,.F.);
#4409=ORIENTED_EDGE('',*,*,#6134,.T.);
#4410=ORIENTED_EDGE('',*,*,#6136,.T.);
#4411=ORIENTED_EDGE('',*,*,#6137,.F.);
#4412=ORIENTED_EDGE('',*,*,#6138,.F.);
#4413=ORIENTED_EDGE('',*,*,#6113,.T.);
#4414=ORIENTED_EDGE('',*,*,#6138,.T.);
#4415=ORIENTED_EDGE('',*,*,#6139,.F.);
#4416=ORIENTED_EDGE('',*,*,#6140,.T.);
#4417=ORIENTED_EDGE('',*,*,#6141,.T.);
#4418=ORIENTED_EDGE('',*,*,#6142,.F.);
#4419=ORIENTED_EDGE('',*,*,#6143,.F.);
#4420=ORIENTED_EDGE('',*,*,#6144,.T.);
#4421=ORIENTED_EDGE('',*,*,#6145,.T.);
#4422=ORIENTED_EDGE('',*,*,#6146,.F.);
#4423=ORIENTED_EDGE('',*,*,#6147,.T.);
#4424=ORIENTED_EDGE('',*,*,#6148,.T.);
#4425=ORIENTED_EDGE('',*,*,#6149,.F.);
#4426=ORIENTED_EDGE('',*,*,#6150,.F.);
#4427=ORIENTED_EDGE('',*,*,#6151,.F.);
#4428=ORIENTED_EDGE('',*,*,#6152,.T.);
#4429=ORIENTED_EDGE('',*,*,#6153,.T.);
#4430=ORIENTED_EDGE('',*,*,#6154,.F.);
#4431=ORIENTED_EDGE('',*,*,#6155,.F.);
#4432=ORIENTED_EDGE('',*,*,#6156,.T.);
#4433=ORIENTED_EDGE('',*,*,#6157,.T.);
#4434=ORIENTED_EDGE('',*,*,#6158,.F.);
#4435=ORIENTED_EDGE('',*,*,#6159,.F.);
#4436=ORIENTED_EDGE('',*,*,#6160,.T.);
#4437=ORIENTED_EDGE('',*,*,#6161,.T.);
#4438=ORIENTED_EDGE('',*,*,#6162,.F.);
#4439=ORIENTED_EDGE('',*,*,#6163,.F.);
#4440=ORIENTED_EDGE('',*,*,#6164,.T.);
#4441=ORIENTED_EDGE('',*,*,#6165,.T.);
#4442=ORIENTED_EDGE('',*,*,#6166,.F.);
#4443=ORIENTED_EDGE('',*,*,#6167,.F.);
#4444=ORIENTED_EDGE('',*,*,#6168,.T.);
#4445=ORIENTED_EDGE('',*,*,#6169,.T.);
#4446=ORIENTED_EDGE('',*,*,#6170,.F.);
#4447=ORIENTED_EDGE('',*,*,#6171,.F.);
#4448=ORIENTED_EDGE('',*,*,#6172,.T.);
#4449=ORIENTED_EDGE('',*,*,#6173,.T.);
#4450=ORIENTED_EDGE('',*,*,#6174,.F.);
#4451=ORIENTED_EDGE('',*,*,#6175,.F.);
#4452=ORIENTED_EDGE('',*,*,#6176,.T.);
#4453=ORIENTED_EDGE('',*,*,#6177,.T.);
#4454=ORIENTED_EDGE('',*,*,#6178,.F.);
#4455=ORIENTED_EDGE('',*,*,#6179,.F.);
#4456=ORIENTED_EDGE('',*,*,#6180,.T.);
#4457=ORIENTED_EDGE('',*,*,#6181,.T.);
#4458=ORIENTED_EDGE('',*,*,#6182,.F.);
#4459=ORIENTED_EDGE('',*,*,#6183,.F.);
#4460=ORIENTED_EDGE('',*,*,#6184,.T.);
#4461=ORIENTED_EDGE('',*,*,#6185,.T.);
#4462=ORIENTED_EDGE('',*,*,#6186,.F.);
#4463=ORIENTED_EDGE('',*,*,#6147,.F.);
#4464=ORIENTED_EDGE('',*,*,#6187,.F.);
#4465=ORIENTED_EDGE('',*,*,#6163,.T.);
#4466=ORIENTED_EDGE('',*,*,#6188,.T.);
#4467=ORIENTED_EDGE('',*,*,#6150,.T.);
#4468=ORIENTED_EDGE('',*,*,#6189,.F.);
#4469=ORIENTED_EDGE('',*,*,#6164,.F.);
#4470=ORIENTED_EDGE('',*,*,#6187,.T.);
#4471=ORIENTED_EDGE('',*,*,#6149,.T.);
#4472=ORIENTED_EDGE('',*,*,#6190,.F.);
#4473=ORIENTED_EDGE('',*,*,#6165,.F.);
#4474=ORIENTED_EDGE('',*,*,#6189,.T.);
#4475=ORIENTED_EDGE('',*,*,#6148,.F.);
#4476=ORIENTED_EDGE('',*,*,#6188,.F.);
#4477=ORIENTED_EDGE('',*,*,#6166,.T.);
#4478=ORIENTED_EDGE('',*,*,#6190,.T.);
#4479=ORIENTED_EDGE('',*,*,#6168,.F.);
#4480=ORIENTED_EDGE('',*,*,#6191,.F.);
#4481=ORIENTED_EDGE('',*,*,#6192,.T.);
#4482=ORIENTED_EDGE('',*,*,#6193,.T.);
#4483=ORIENTED_EDGE('',*,*,#6167,.T.);
#4484=ORIENTED_EDGE('',*,*,#6194,.F.);
#4485=ORIENTED_EDGE('',*,*,#6195,.F.);
#4486=ORIENTED_EDGE('',*,*,#6191,.T.);
#4487=ORIENTED_EDGE('',*,*,#6170,.T.);
#4488=ORIENTED_EDGE('',*,*,#6196,.F.);
#4489=ORIENTED_EDGE('',*,*,#6197,.F.);
#4490=ORIENTED_EDGE('',*,*,#6194,.T.);
#4491=ORIENTED_EDGE('',*,*,#6169,.F.);
#4492=ORIENTED_EDGE('',*,*,#6193,.F.);
#4493=ORIENTED_EDGE('',*,*,#6198,.T.);
#4494=ORIENTED_EDGE('',*,*,#6196,.T.);
#4495=ORIENTED_EDGE('',*,*,#6192,.F.);
#4496=ORIENTED_EDGE('',*,*,#6195,.T.);
#4497=ORIENTED_EDGE('',*,*,#6197,.T.);
#4498=ORIENTED_EDGE('',*,*,#6198,.F.);
#4499=ORIENTED_EDGE('',*,*,#6172,.F.);
#4500=ORIENTED_EDGE('',*,*,#6199,.F.);
#4501=ORIENTED_EDGE('',*,*,#6200,.T.);
#4502=ORIENTED_EDGE('',*,*,#6201,.T.);
#4503=ORIENTED_EDGE('',*,*,#6171,.T.);
#4504=ORIENTED_EDGE('',*,*,#6202,.F.);
#4505=ORIENTED_EDGE('',*,*,#6203,.F.);
#4506=ORIENTED_EDGE('',*,*,#6199,.T.);
#4507=ORIENTED_EDGE('',*,*,#6174,.T.);
#4508=ORIENTED_EDGE('',*,*,#6204,.F.);
#4509=ORIENTED_EDGE('',*,*,#6205,.F.);
#4510=ORIENTED_EDGE('',*,*,#6202,.T.);
#4511=ORIENTED_EDGE('',*,*,#6173,.F.);
#4512=ORIENTED_EDGE('',*,*,#6201,.F.);
#4513=ORIENTED_EDGE('',*,*,#6206,.T.);
#4514=ORIENTED_EDGE('',*,*,#6204,.T.);
#4515=ORIENTED_EDGE('',*,*,#6200,.F.);
#4516=ORIENTED_EDGE('',*,*,#6203,.T.);
#4517=ORIENTED_EDGE('',*,*,#6205,.T.);
#4518=ORIENTED_EDGE('',*,*,#6206,.F.);
#4519=ORIENTED_EDGE('',*,*,#6176,.F.);
#4520=ORIENTED_EDGE('',*,*,#6207,.F.);
#4521=ORIENTED_EDGE('',*,*,#6208,.T.);
#4522=ORIENTED_EDGE('',*,*,#6209,.T.);
#4523=ORIENTED_EDGE('',*,*,#6175,.T.);
#4524=ORIENTED_EDGE('',*,*,#6210,.F.);
#4525=ORIENTED_EDGE('',*,*,#6211,.F.);
#4526=ORIENTED_EDGE('',*,*,#6207,.T.);
#4527=ORIENTED_EDGE('',*,*,#6178,.T.);
#4528=ORIENTED_EDGE('',*,*,#6212,.F.);
#4529=ORIENTED_EDGE('',*,*,#6213,.F.);
#4530=ORIENTED_EDGE('',*,*,#6210,.T.);
#4531=ORIENTED_EDGE('',*,*,#6177,.F.);
#4532=ORIENTED_EDGE('',*,*,#6209,.F.);
#4533=ORIENTED_EDGE('',*,*,#6214,.T.);
#4534=ORIENTED_EDGE('',*,*,#6212,.T.);
#4535=ORIENTED_EDGE('',*,*,#6208,.F.);
#4536=ORIENTED_EDGE('',*,*,#6211,.T.);
#4537=ORIENTED_EDGE('',*,*,#6213,.T.);
#4538=ORIENTED_EDGE('',*,*,#6214,.F.);
#4539=ORIENTED_EDGE('',*,*,#6180,.F.);
#4540=ORIENTED_EDGE('',*,*,#6215,.F.);
#4541=ORIENTED_EDGE('',*,*,#6216,.T.);
#4542=ORIENTED_EDGE('',*,*,#6217,.T.);
#4543=ORIENTED_EDGE('',*,*,#6179,.T.);
#4544=ORIENTED_EDGE('',*,*,#6218,.F.);
#4545=ORIENTED_EDGE('',*,*,#6219,.F.);
#4546=ORIENTED_EDGE('',*,*,#6215,.T.);
#4547=ORIENTED_EDGE('',*,*,#6182,.T.);
#4548=ORIENTED_EDGE('',*,*,#6220,.F.);
#4549=ORIENTED_EDGE('',*,*,#6221,.F.);
#4550=ORIENTED_EDGE('',*,*,#6218,.T.);
#4551=ORIENTED_EDGE('',*,*,#6181,.F.);
#4552=ORIENTED_EDGE('',*,*,#6217,.F.);
#4553=ORIENTED_EDGE('',*,*,#6222,.T.);
#4554=ORIENTED_EDGE('',*,*,#6220,.T.);
#4555=ORIENTED_EDGE('',*,*,#6216,.F.);
#4556=ORIENTED_EDGE('',*,*,#6219,.T.);
#4557=ORIENTED_EDGE('',*,*,#6221,.T.);
#4558=ORIENTED_EDGE('',*,*,#6222,.F.);
#4559=ORIENTED_EDGE('',*,*,#6184,.F.);
#4560=ORIENTED_EDGE('',*,*,#6223,.F.);
#4561=ORIENTED_EDGE('',*,*,#6224,.T.);
#4562=ORIENTED_EDGE('',*,*,#6225,.T.);
#4563=ORIENTED_EDGE('',*,*,#6183,.T.);
#4564=ORIENTED_EDGE('',*,*,#6226,.F.);
#4565=ORIENTED_EDGE('',*,*,#6227,.F.);
#4566=ORIENTED_EDGE('',*,*,#6223,.T.);
#4567=ORIENTED_EDGE('',*,*,#6186,.T.);
#4568=ORIENTED_EDGE('',*,*,#6228,.F.);
#4569=ORIENTED_EDGE('',*,*,#6229,.F.);
#4570=ORIENTED_EDGE('',*,*,#6226,.T.);
#4571=ORIENTED_EDGE('',*,*,#6185,.F.);
#4572=ORIENTED_EDGE('',*,*,#6225,.F.);
#4573=ORIENTED_EDGE('',*,*,#6230,.T.);
#4574=ORIENTED_EDGE('',*,*,#6228,.T.);
#4575=ORIENTED_EDGE('',*,*,#6224,.F.);
#4576=ORIENTED_EDGE('',*,*,#6227,.T.);
#4577=ORIENTED_EDGE('',*,*,#6229,.T.);
#4578=ORIENTED_EDGE('',*,*,#6230,.F.);
#4579=ORIENTED_EDGE('',*,*,#6231,.T.);
#4580=ORIENTED_EDGE('',*,*,#6151,.T.);
#4581=ORIENTED_EDGE('',*,*,#6232,.F.);
#4582=ORIENTED_EDGE('',*,*,#6233,.F.);
#4583=ORIENTED_EDGE('',*,*,#6152,.F.);
#4584=ORIENTED_EDGE('',*,*,#6231,.F.);
#4585=ORIENTED_EDGE('',*,*,#6234,.T.);
#4586=ORIENTED_EDGE('',*,*,#6235,.T.);
#4587=ORIENTED_EDGE('',*,*,#6153,.F.);
#4588=ORIENTED_EDGE('',*,*,#6235,.F.);
#4589=ORIENTED_EDGE('',*,*,#6236,.T.);
#4590=ORIENTED_EDGE('',*,*,#6237,.T.);
#4591=ORIENTED_EDGE('',*,*,#6232,.T.);
#4592=ORIENTED_EDGE('',*,*,#6154,.T.);
#4593=ORIENTED_EDGE('',*,*,#6237,.F.);
#4594=ORIENTED_EDGE('',*,*,#6238,.F.);
#4595=ORIENTED_EDGE('',*,*,#6233,.T.);
#4596=ORIENTED_EDGE('',*,*,#6238,.T.);
#4597=ORIENTED_EDGE('',*,*,#6236,.F.);
#4598=ORIENTED_EDGE('',*,*,#6234,.F.);
#4599=ORIENTED_EDGE('',*,*,#6239,.T.);
#4600=ORIENTED_EDGE('',*,*,#6143,.T.);
#4601=ORIENTED_EDGE('',*,*,#6240,.F.);
#4602=ORIENTED_EDGE('',*,*,#6241,.F.);
#4603=ORIENTED_EDGE('',*,*,#6144,.F.);
#4604=ORIENTED_EDGE('',*,*,#6239,.F.);
#4605=ORIENTED_EDGE('',*,*,#6242,.T.);
#4606=ORIENTED_EDGE('',*,*,#6243,.T.);
#4607=ORIENTED_EDGE('',*,*,#6145,.F.);
#4608=ORIENTED_EDGE('',*,*,#6243,.F.);
#4609=ORIENTED_EDGE('',*,*,#6244,.T.);
#4610=ORIENTED_EDGE('',*,*,#6245,.T.);
#4611=ORIENTED_EDGE('',*,*,#6240,.T.);
#4612=ORIENTED_EDGE('',*,*,#6146,.T.);
#4613=ORIENTED_EDGE('',*,*,#6245,.F.);
#4614=ORIENTED_EDGE('',*,*,#6246,.F.);
#4615=ORIENTED_EDGE('',*,*,#6241,.T.);
#4616=ORIENTED_EDGE('',*,*,#6246,.T.);
#4617=ORIENTED_EDGE('',*,*,#6244,.F.);
#4618=ORIENTED_EDGE('',*,*,#6242,.F.);
#4619=ORIENTED_EDGE('',*,*,#6247,.T.);
#4620=ORIENTED_EDGE('',*,*,#6155,.T.);
#4621=ORIENTED_EDGE('',*,*,#6248,.F.);
#4622=ORIENTED_EDGE('',*,*,#6249,.F.);
#4623=ORIENTED_EDGE('',*,*,#6156,.F.);
#4624=ORIENTED_EDGE('',*,*,#6247,.F.);
#4625=ORIENTED_EDGE('',*,*,#6250,.T.);
#4626=ORIENTED_EDGE('',*,*,#6251,.T.);
#4627=ORIENTED_EDGE('',*,*,#6157,.F.);
#4628=ORIENTED_EDGE('',*,*,#6251,.F.);
#4629=ORIENTED_EDGE('',*,*,#6252,.T.);
#4630=ORIENTED_EDGE('',*,*,#6253,.T.);
#4631=ORIENTED_EDGE('',*,*,#6248,.T.);
#4632=ORIENTED_EDGE('',*,*,#6158,.T.);
#4633=ORIENTED_EDGE('',*,*,#6253,.F.);
#4634=ORIENTED_EDGE('',*,*,#6254,.F.);
#4635=ORIENTED_EDGE('',*,*,#6249,.T.);
#4636=ORIENTED_EDGE('',*,*,#6254,.T.);
#4637=ORIENTED_EDGE('',*,*,#6252,.F.);
#4638=ORIENTED_EDGE('',*,*,#6250,.F.);
#4639=ORIENTED_EDGE('',*,*,#6255,.T.);
#4640=ORIENTED_EDGE('',*,*,#6139,.T.);
#4641=ORIENTED_EDGE('',*,*,#6256,.F.);
#4642=ORIENTED_EDGE('',*,*,#6257,.F.);
#4643=ORIENTED_EDGE('',*,*,#6140,.F.);
#4644=ORIENTED_EDGE('',*,*,#6255,.F.);
#4645=ORIENTED_EDGE('',*,*,#6258,.T.);
#4646=ORIENTED_EDGE('',*,*,#6259,.T.);
#4647=ORIENTED_EDGE('',*,*,#6141,.F.);
#4648=ORIENTED_EDGE('',*,*,#6259,.F.);
#4649=ORIENTED_EDGE('',*,*,#6260,.T.);
#4650=ORIENTED_EDGE('',*,*,#6261,.T.);
#4651=ORIENTED_EDGE('',*,*,#6256,.T.);
#4652=ORIENTED_EDGE('',*,*,#6142,.T.);
#4653=ORIENTED_EDGE('',*,*,#6261,.F.);
#4654=ORIENTED_EDGE('',*,*,#6262,.F.);
#4655=ORIENTED_EDGE('',*,*,#6257,.T.);
#4656=ORIENTED_EDGE('',*,*,#6262,.T.);
#4657=ORIENTED_EDGE('',*,*,#6260,.F.);
#4658=ORIENTED_EDGE('',*,*,#6258,.F.);
#4659=ORIENTED_EDGE('',*,*,#6263,.T.);
#4660=ORIENTED_EDGE('',*,*,#6159,.T.);
#4661=ORIENTED_EDGE('',*,*,#6264,.F.);
#4662=ORIENTED_EDGE('',*,*,#6265,.F.);
#4663=ORIENTED_EDGE('',*,*,#6160,.F.);
#4664=ORIENTED_EDGE('',*,*,#6263,.F.);
#4665=ORIENTED_EDGE('',*,*,#6266,.T.);
#4666=ORIENTED_EDGE('',*,*,#6267,.T.);
#4667=ORIENTED_EDGE('',*,*,#6161,.F.);
#4668=ORIENTED_EDGE('',*,*,#6267,.F.);
#4669=ORIENTED_EDGE('',*,*,#6268,.T.);
#4670=ORIENTED_EDGE('',*,*,#6269,.T.);
#4671=ORIENTED_EDGE('',*,*,#6264,.T.);
#4672=ORIENTED_EDGE('',*,*,#6162,.T.);
#4673=ORIENTED_EDGE('',*,*,#6269,.F.);
#4674=ORIENTED_EDGE('',*,*,#6270,.F.);
#4675=ORIENTED_EDGE('',*,*,#6265,.T.);
#4676=ORIENTED_EDGE('',*,*,#6270,.T.);
#4677=ORIENTED_EDGE('',*,*,#6268,.F.);
#4678=ORIENTED_EDGE('',*,*,#6266,.F.);
#4679=ORIENTED_EDGE('',*,*,#6271,.F.);
#4680=ORIENTED_EDGE('',*,*,#6272,.F.);
#4681=ORIENTED_EDGE('',*,*,#6273,.T.);
#4682=ORIENTED_EDGE('',*,*,#6274,.T.);
#4683=ORIENTED_EDGE('',*,*,#6275,.T.);
#4684=ORIENTED_EDGE('',*,*,#6276,.F.);
#4685=ORIENTED_EDGE('',*,*,#6277,.F.);
#4686=ORIENTED_EDGE('',*,*,#6272,.T.);
#4687=ORIENTED_EDGE('',*,*,#6278,.T.);
#4688=ORIENTED_EDGE('',*,*,#6279,.F.);
#4689=ORIENTED_EDGE('',*,*,#6280,.F.);
#4690=ORIENTED_EDGE('',*,*,#6276,.T.);
#4691=ORIENTED_EDGE('',*,*,#6281,.F.);
#4692=ORIENTED_EDGE('',*,*,#6274,.F.);
#4693=ORIENTED_EDGE('',*,*,#6282,.T.);
#4694=ORIENTED_EDGE('',*,*,#6279,.T.);
#4695=ORIENTED_EDGE('',*,*,#6283,.F.);
#4696=ORIENTED_EDGE('',*,*,#6284,.F.);
#4697=ORIENTED_EDGE('',*,*,#6273,.F.);
#4698=ORIENTED_EDGE('',*,*,#6277,.T.);
#4699=ORIENTED_EDGE('',*,*,#6280,.T.);
#4700=ORIENTED_EDGE('',*,*,#6282,.F.);
#4701=ORIENTED_EDGE('',*,*,#6271,.T.);
#4702=ORIENTED_EDGE('',*,*,#6281,.T.);
#4703=ORIENTED_EDGE('',*,*,#6278,.F.);
#4704=ORIENTED_EDGE('',*,*,#6275,.F.);
#4705=ORIENTED_EDGE('',*,*,#6285,.F.);
#4706=ORIENTED_EDGE('',*,*,#6284,.T.);
#4707=ORIENTED_EDGE('',*,*,#6285,.T.);
#4708=ORIENTED_EDGE('',*,*,#6286,.F.);
#4709=ORIENTED_EDGE('',*,*,#6283,.T.);
#4710=ORIENTED_EDGE('',*,*,#6286,.T.);
#4711=ORIENTED_EDGE('',*,*,#6287,.T.);
#4712=ORIENTED_EDGE('',*,*,#6288,.F.);
#4713=ORIENTED_EDGE('',*,*,#6289,.F.);
#4714=ORIENTED_EDGE('',*,*,#6290,.T.);
#4715=ORIENTED_EDGE('',*,*,#6291,.T.);
#4716=ORIENTED_EDGE('',*,*,#6290,.F.);
#4717=ORIENTED_EDGE('',*,*,#6292,.F.);
#4718=ORIENTED_EDGE('',*,*,#6293,.T.);
#4719=ORIENTED_EDGE('',*,*,#6294,.T.);
#4720=ORIENTED_EDGE('',*,*,#6295,.F.);
#4721=ORIENTED_EDGE('',*,*,#6293,.F.);
#4722=ORIENTED_EDGE('',*,*,#6296,.T.);
#4723=ORIENTED_EDGE('',*,*,#6297,.T.);
#4724=ORIENTED_EDGE('',*,*,#6298,.T.);
#4725=ORIENTED_EDGE('',*,*,#6297,.F.);
#4726=ORIENTED_EDGE('',*,*,#6299,.F.);
#4727=ORIENTED_EDGE('',*,*,#6288,.T.);
#4728=ORIENTED_EDGE('',*,*,#6300,.F.);
#4729=ORIENTED_EDGE('',*,*,#6289,.T.);
#4730=ORIENTED_EDGE('',*,*,#6299,.T.);
#4731=ORIENTED_EDGE('',*,*,#6296,.F.);
#4732=ORIENTED_EDGE('',*,*,#6292,.T.);
#4733=ORIENTED_EDGE('',*,*,#6301,.T.);
#4734=ORIENTED_EDGE('',*,*,#6287,.F.);
#4735=ORIENTED_EDGE('',*,*,#6291,.F.);
#4736=ORIENTED_EDGE('',*,*,#6295,.T.);
#4737=ORIENTED_EDGE('',*,*,#6298,.F.);
#4738=ORIENTED_EDGE('',*,*,#6302,.F.);
#4739=ORIENTED_EDGE('',*,*,#6302,.T.);
#4740=ORIENTED_EDGE('',*,*,#6303,.F.);
#4741=ORIENTED_EDGE('',*,*,#6303,.T.);
#4742=ORIENTED_EDGE('',*,*,#6304,.F.);
#4743=ORIENTED_EDGE('',*,*,#6304,.T.);
#4744=ORIENTED_EDGE('',*,*,#6294,.F.);
#4745=ORIENTED_EDGE('',*,*,#6305,.F.);
#4746=ORIENTED_EDGE('',*,*,#6300,.T.);
#4747=ORIENTED_EDGE('',*,*,#6305,.T.);
#4748=ORIENTED_EDGE('',*,*,#6306,.F.);
#4749=ORIENTED_EDGE('',*,*,#6306,.T.);
#4750=ORIENTED_EDGE('',*,*,#6301,.F.);
#4751=ORIENTED_EDGE('',*,*,#6307,.T.);
#4752=ORIENTED_EDGE('',*,*,#6308,.F.);
#4753=ORIENTED_EDGE('',*,*,#6309,.F.);
#4754=ORIENTED_EDGE('',*,*,#6310,.T.);
#4755=ORIENTED_EDGE('',*,*,#6311,.T.);
#4756=ORIENTED_EDGE('',*,*,#6312,.F.);
#4757=ORIENTED_EDGE('',*,*,#6313,.F.);
#4758=ORIENTED_EDGE('',*,*,#6308,.T.);
#4759=ORIENTED_EDGE('',*,*,#6314,.F.);
#4760=ORIENTED_EDGE('',*,*,#6315,.F.);
#4761=ORIENTED_EDGE('',*,*,#6316,.T.);
#4762=ORIENTED_EDGE('',*,*,#6312,.T.);
#4763=ORIENTED_EDGE('',*,*,#6317,.F.);
#4764=ORIENTED_EDGE('',*,*,#6318,.F.);
#4765=ORIENTED_EDGE('',*,*,#6319,.T.);
#4766=ORIENTED_EDGE('',*,*,#6320,.T.);
#4767=ORIENTED_EDGE('',*,*,#6321,.T.);
#4768=ORIENTED_EDGE('',*,*,#6322,.F.);
#4769=ORIENTED_EDGE('',*,*,#6323,.F.);
#4770=ORIENTED_EDGE('',*,*,#6318,.T.);
#4771=ORIENTED_EDGE('',*,*,#6324,.F.);
#4772=ORIENTED_EDGE('',*,*,#6325,.F.);
#4773=ORIENTED_EDGE('',*,*,#6326,.T.);
#4774=ORIENTED_EDGE('',*,*,#6322,.T.);
#4775=ORIENTED_EDGE('',*,*,#6327,.F.);
#4776=ORIENTED_EDGE('',*,*,#6328,.F.);
#4777=ORIENTED_EDGE('',*,*,#6329,.T.);
#4778=ORIENTED_EDGE('',*,*,#6325,.T.);
#4779=ORIENTED_EDGE('',*,*,#6330,.T.);
#4780=ORIENTED_EDGE('',*,*,#6331,.F.);
#4781=ORIENTED_EDGE('',*,*,#6332,.F.);
#4782=ORIENTED_EDGE('',*,*,#6328,.T.);
#4783=ORIENTED_EDGE('',*,*,#6333,.F.);
#4784=ORIENTED_EDGE('',*,*,#6334,.F.);
#4785=ORIENTED_EDGE('',*,*,#6335,.T.);
#4786=ORIENTED_EDGE('',*,*,#6331,.T.);
#4787=ORIENTED_EDGE('',*,*,#6336,.F.);
#4788=ORIENTED_EDGE('',*,*,#6337,.F.);
#4789=ORIENTED_EDGE('',*,*,#6338,.T.);
#4790=ORIENTED_EDGE('',*,*,#6334,.T.);
#4791=ORIENTED_EDGE('',*,*,#6339,.F.);
#4792=ORIENTED_EDGE('',*,*,#6320,.F.);
#4793=ORIENTED_EDGE('',*,*,#6340,.T.);
#4794=ORIENTED_EDGE('',*,*,#6337,.T.);
#4795=ORIENTED_EDGE('',*,*,#6341,.F.);
#4796=ORIENTED_EDGE('',*,*,#6310,.F.);
#4797=ORIENTED_EDGE('',*,*,#6342,.T.);
#4798=ORIENTED_EDGE('',*,*,#6315,.T.);
#4799=ORIENTED_EDGE('',*,*,#6343,.F.);
#4800=ORIENTED_EDGE('',*,*,#6344,.F.);
#4801=ORIENTED_EDGE('',*,*,#6345,.T.);
#4802=ORIENTED_EDGE('',*,*,#6346,.T.);
#4803=ORIENTED_EDGE('',*,*,#6347,.F.);
#4804=ORIENTED_EDGE('',*,*,#6348,.F.);
#4805=ORIENTED_EDGE('',*,*,#6349,.T.);
#4806=ORIENTED_EDGE('',*,*,#6350,.T.);
#4807=ORIENTED_EDGE('',*,*,#6351,.T.);
#4808=ORIENTED_EDGE('',*,*,#6352,.T.);
#4809=ORIENTED_EDGE('',*,*,#6353,.T.);
#4810=ORIENTED_EDGE('',*,*,#6354,.T.);
#4811=ORIENTED_EDGE('',*,*,#6355,.T.);
#4812=ORIENTED_EDGE('',*,*,#6356,.T.);
#4813=ORIENTED_EDGE('',*,*,#6319,.F.);
#4814=ORIENTED_EDGE('',*,*,#6323,.T.);
#4815=ORIENTED_EDGE('',*,*,#6326,.F.);
#4816=ORIENTED_EDGE('',*,*,#6329,.F.);
#4817=ORIENTED_EDGE('',*,*,#6332,.T.);
#4818=ORIENTED_EDGE('',*,*,#6335,.F.);
#4819=ORIENTED_EDGE('',*,*,#6338,.F.);
#4820=ORIENTED_EDGE('',*,*,#6340,.F.);
#4821=ORIENTED_EDGE('',*,*,#6309,.T.);
#4822=ORIENTED_EDGE('',*,*,#6313,.T.);
#4823=ORIENTED_EDGE('',*,*,#6316,.F.);
#4824=ORIENTED_EDGE('',*,*,#6342,.F.);
#4825=ORIENTED_EDGE('',*,*,#6357,.F.);
#4826=ORIENTED_EDGE('',*,*,#6358,.F.);
#4827=ORIENTED_EDGE('',*,*,#6359,.F.);
#4828=ORIENTED_EDGE('',*,*,#6360,.F.);
#4829=ORIENTED_EDGE('',*,*,#6361,.F.);
#4830=ORIENTED_EDGE('',*,*,#6362,.F.);
#4831=ORIENTED_EDGE('',*,*,#6317,.T.);
#4832=ORIENTED_EDGE('',*,*,#6339,.T.);
#4833=ORIENTED_EDGE('',*,*,#6336,.T.);
#4834=ORIENTED_EDGE('',*,*,#6333,.T.);
#4835=ORIENTED_EDGE('',*,*,#6330,.F.);
#4836=ORIENTED_EDGE('',*,*,#6327,.T.);
#4837=ORIENTED_EDGE('',*,*,#6324,.T.);
#4838=ORIENTED_EDGE('',*,*,#6321,.F.);
#4839=ORIENTED_EDGE('',*,*,#6307,.F.);
#4840=ORIENTED_EDGE('',*,*,#6341,.T.);
#4841=ORIENTED_EDGE('',*,*,#6314,.T.);
#4842=ORIENTED_EDGE('',*,*,#6311,.F.);
#4843=ORIENTED_EDGE('',*,*,#6363,.F.);
#4844=ORIENTED_EDGE('',*,*,#6362,.T.);
#4845=ORIENTED_EDGE('',*,*,#6363,.T.);
#4846=ORIENTED_EDGE('',*,*,#6364,.F.);
#4847=ORIENTED_EDGE('',*,*,#6364,.T.);
#4848=ORIENTED_EDGE('',*,*,#6356,.F.);
#4849=ORIENTED_EDGE('',*,*,#6365,.F.);
#4850=ORIENTED_EDGE('',*,*,#6361,.T.);
#4851=ORIENTED_EDGE('',*,*,#6365,.T.);
#4852=ORIENTED_EDGE('',*,*,#6366,.F.);
#4853=ORIENTED_EDGE('',*,*,#6366,.T.);
#4854=ORIENTED_EDGE('',*,*,#6355,.F.);
#4855=ORIENTED_EDGE('',*,*,#6367,.F.);
#4856=ORIENTED_EDGE('',*,*,#6360,.T.);
#4857=ORIENTED_EDGE('',*,*,#6367,.T.);
#4858=ORIENTED_EDGE('',*,*,#6368,.F.);
#4859=ORIENTED_EDGE('',*,*,#6368,.T.);
#4860=ORIENTED_EDGE('',*,*,#6354,.F.);
#4861=ORIENTED_EDGE('',*,*,#6369,.F.);
#4862=ORIENTED_EDGE('',*,*,#6359,.T.);
#4863=ORIENTED_EDGE('',*,*,#6369,.T.);
#4864=ORIENTED_EDGE('',*,*,#6370,.F.);
#4865=ORIENTED_EDGE('',*,*,#6370,.T.);
#4866=ORIENTED_EDGE('',*,*,#6353,.F.);
#4867=ORIENTED_EDGE('',*,*,#6371,.F.);
#4868=ORIENTED_EDGE('',*,*,#6358,.T.);
#4869=ORIENTED_EDGE('',*,*,#6371,.T.);
#4870=ORIENTED_EDGE('',*,*,#6372,.F.);
#4871=ORIENTED_EDGE('',*,*,#6372,.T.);
#4872=ORIENTED_EDGE('',*,*,#6352,.F.);
#4873=ORIENTED_EDGE('',*,*,#6373,.F.);
#4874=ORIENTED_EDGE('',*,*,#6357,.T.);
#4875=ORIENTED_EDGE('',*,*,#6373,.T.);
#4876=ORIENTED_EDGE('',*,*,#6374,.F.);
#4877=ORIENTED_EDGE('',*,*,#6374,.T.);
#4878=ORIENTED_EDGE('',*,*,#6351,.F.);
#4879=ORIENTED_EDGE('',*,*,#6375,.T.);
#4880=ORIENTED_EDGE('',*,*,#6347,.T.);
#4881=ORIENTED_EDGE('',*,*,#6376,.F.);
#4882=ORIENTED_EDGE('',*,*,#6377,.T.);
#4883=ORIENTED_EDGE('',*,*,#6350,.F.);
#4884=ORIENTED_EDGE('',*,*,#6378,.F.);
#4885=ORIENTED_EDGE('',*,*,#6379,.F.);
#4886=ORIENTED_EDGE('',*,*,#6376,.T.);
#4887=ORIENTED_EDGE('',*,*,#6349,.F.);
#4888=ORIENTED_EDGE('',*,*,#6380,.F.);
#4889=ORIENTED_EDGE('',*,*,#6381,.F.);
#4890=ORIENTED_EDGE('',*,*,#6378,.T.);
#4891=ORIENTED_EDGE('',*,*,#6380,.T.);
#4892=ORIENTED_EDGE('',*,*,#6348,.T.);
#4893=ORIENTED_EDGE('',*,*,#6375,.F.);
#4894=ORIENTED_EDGE('',*,*,#6382,.T.);
#4895=ORIENTED_EDGE('',*,*,#6377,.F.);
#4896=ORIENTED_EDGE('',*,*,#6379,.T.);
#4897=ORIENTED_EDGE('',*,*,#6381,.T.);
#4898=ORIENTED_EDGE('',*,*,#6382,.F.);
#4899=ORIENTED_EDGE('',*,*,#6383,.T.);
#4900=ORIENTED_EDGE('',*,*,#6343,.T.);
#4901=ORIENTED_EDGE('',*,*,#6384,.F.);
#4902=ORIENTED_EDGE('',*,*,#6385,.T.);
#4903=ORIENTED_EDGE('',*,*,#6346,.F.);
#4904=ORIENTED_EDGE('',*,*,#6386,.F.);
#4905=ORIENTED_EDGE('',*,*,#6387,.F.);
#4906=ORIENTED_EDGE('',*,*,#6384,.T.);
#4907=ORIENTED_EDGE('',*,*,#6345,.F.);
#4908=ORIENTED_EDGE('',*,*,#6388,.F.);
#4909=ORIENTED_EDGE('',*,*,#6389,.F.);
#4910=ORIENTED_EDGE('',*,*,#6386,.T.);
#4911=ORIENTED_EDGE('',*,*,#6388,.T.);
#4912=ORIENTED_EDGE('',*,*,#6344,.T.);
#4913=ORIENTED_EDGE('',*,*,#6383,.F.);
#4914=ORIENTED_EDGE('',*,*,#6390,.T.);
#4915=ORIENTED_EDGE('',*,*,#6385,.F.);
#4916=ORIENTED_EDGE('',*,*,#6387,.T.);
#4917=ORIENTED_EDGE('',*,*,#6389,.T.);
#4918=ORIENTED_EDGE('',*,*,#6390,.F.);
#4919=ORIENTED_EDGE('',*,*,#6391,.F.);
#4920=ORIENTED_EDGE('',*,*,#6392,.F.);
#4921=ORIENTED_EDGE('',*,*,#6393,.T.);
#4922=ORIENTED_EDGE('',*,*,#6394,.T.);
#4923=ORIENTED_EDGE('',*,*,#6395,.F.);
#4924=ORIENTED_EDGE('',*,*,#6396,.F.);
#4925=ORIENTED_EDGE('',*,*,#6397,.T.);
#4926=ORIENTED_EDGE('',*,*,#6392,.T.);
#4927=ORIENTED_EDGE('',*,*,#6398,.T.);
#4928=ORIENTED_EDGE('',*,*,#6399,.F.);
#4929=ORIENTED_EDGE('',*,*,#6400,.F.);
#4930=ORIENTED_EDGE('',*,*,#6396,.T.);
#4931=ORIENTED_EDGE('',*,*,#6401,.F.);
#4932=ORIENTED_EDGE('',*,*,#6402,.F.);
#4933=ORIENTED_EDGE('',*,*,#6403,.T.);
#4934=ORIENTED_EDGE('',*,*,#6399,.T.);
#4935=ORIENTED_EDGE('',*,*,#6404,.T.);
#4936=ORIENTED_EDGE('',*,*,#6405,.F.);
#4937=ORIENTED_EDGE('',*,*,#6406,.F.);
#4938=ORIENTED_EDGE('',*,*,#6402,.T.);
#4939=ORIENTED_EDGE('',*,*,#6407,.T.);
#4940=ORIENTED_EDGE('',*,*,#6394,.F.);
#4941=ORIENTED_EDGE('',*,*,#6408,.F.);
#4942=ORIENTED_EDGE('',*,*,#6405,.T.);
#4943=ORIENTED_EDGE('',*,*,#6393,.F.);
#4944=ORIENTED_EDGE('',*,*,#6397,.F.);
#4945=ORIENTED_EDGE('',*,*,#6400,.T.);
#4946=ORIENTED_EDGE('',*,*,#6403,.F.);
#4947=ORIENTED_EDGE('',*,*,#6406,.T.);
#4948=ORIENTED_EDGE('',*,*,#6408,.T.);
#4949=ORIENTED_EDGE('',*,*,#6391,.T.);
#4950=ORIENTED_EDGE('',*,*,#6407,.F.);
#4951=ORIENTED_EDGE('',*,*,#6404,.F.);
#4952=ORIENTED_EDGE('',*,*,#6401,.T.);
#4953=ORIENTED_EDGE('',*,*,#6398,.F.);
#4954=ORIENTED_EDGE('',*,*,#6395,.T.);
#4955=ORIENTED_EDGE('',*,*,#6409,.F.);
#4956=ORIENTED_EDGE('',*,*,#6410,.T.);
#4957=ORIENTED_EDGE('',*,*,#6411,.T.);
#4958=ORIENTED_EDGE('',*,*,#6412,.F.);
#4959=ORIENTED_EDGE('',*,*,#6413,.F.);
#4960=ORIENTED_EDGE('',*,*,#6414,.T.);
#4961=ORIENTED_EDGE('',*,*,#6415,.T.);
#4962=ORIENTED_EDGE('',*,*,#6416,.F.);
#4963=ORIENTED_EDGE('',*,*,#6417,.T.);
#4964=ORIENTED_EDGE('',*,*,#6418,.T.);
#4965=ORIENTED_EDGE('',*,*,#6419,.F.);
#4966=ORIENTED_EDGE('',*,*,#6420,.F.);
#4967=ORIENTED_EDGE('',*,*,#6421,.F.);
#4968=ORIENTED_EDGE('',*,*,#6422,.T.);
#4969=ORIENTED_EDGE('',*,*,#6423,.T.);
#4970=ORIENTED_EDGE('',*,*,#6424,.F.);
#4971=ORIENTED_EDGE('',*,*,#6425,.F.);
#4972=ORIENTED_EDGE('',*,*,#6426,.T.);
#4973=ORIENTED_EDGE('',*,*,#6427,.T.);
#4974=ORIENTED_EDGE('',*,*,#6428,.F.);
#4975=ORIENTED_EDGE('',*,*,#6429,.F.);
#4976=ORIENTED_EDGE('',*,*,#6430,.T.);
#4977=ORIENTED_EDGE('',*,*,#6431,.T.);
#4978=ORIENTED_EDGE('',*,*,#6432,.F.);
#4979=ORIENTED_EDGE('',*,*,#6433,.T.);
#4980=ORIENTED_EDGE('',*,*,#6434,.T.);
#4981=ORIENTED_EDGE('',*,*,#6435,.F.);
#4982=ORIENTED_EDGE('',*,*,#6436,.F.);
#4983=ORIENTED_EDGE('',*,*,#6437,.T.);
#4984=ORIENTED_EDGE('',*,*,#6438,.T.);
#4985=ORIENTED_EDGE('',*,*,#6439,.F.);
#4986=ORIENTED_EDGE('',*,*,#6440,.F.);
#4987=ORIENTED_EDGE('',*,*,#6441,.T.);
#4988=ORIENTED_EDGE('',*,*,#6442,.T.);
#4989=ORIENTED_EDGE('',*,*,#6443,.F.);
#4990=ORIENTED_EDGE('',*,*,#6444,.F.);
#4991=ORIENTED_EDGE('',*,*,#6445,.T.);
#4992=ORIENTED_EDGE('',*,*,#6446,.T.);
#4993=ORIENTED_EDGE('',*,*,#6447,.F.);
#4994=ORIENTED_EDGE('',*,*,#6448,.F.);
#4995=ORIENTED_EDGE('',*,*,#6449,.T.);
#4996=ORIENTED_EDGE('',*,*,#6450,.T.);
#4997=ORIENTED_EDGE('',*,*,#6451,.F.);
#4998=ORIENTED_EDGE('',*,*,#6452,.F.);
#4999=ORIENTED_EDGE('',*,*,#6453,.T.);
#5000=ORIENTED_EDGE('',*,*,#6454,.T.);
#5001=ORIENTED_EDGE('',*,*,#6455,.F.);
#5002=ORIENTED_EDGE('',*,*,#6456,.F.);
#5003=ORIENTED_EDGE('',*,*,#6457,.F.);
#5004=ORIENTED_EDGE('',*,*,#6458,.T.);
#5005=ORIENTED_EDGE('',*,*,#6459,.T.);
#5006=ORIENTED_EDGE('',*,*,#6460,.F.);
#5007=ORIENTED_EDGE('',*,*,#6461,.F.);
#5008=ORIENTED_EDGE('',*,*,#6462,.T.);
#5009=ORIENTED_EDGE('',*,*,#6463,.T.);
#5010=ORIENTED_EDGE('',*,*,#6464,.F.);
#5011=ORIENTED_EDGE('',*,*,#6465,.F.);
#5012=ORIENTED_EDGE('',*,*,#6466,.T.);
#5013=ORIENTED_EDGE('',*,*,#6467,.T.);
#5014=ORIENTED_EDGE('',*,*,#6468,.F.);
#5015=ORIENTED_EDGE('',*,*,#6469,.F.);
#5016=ORIENTED_EDGE('',*,*,#6470,.T.);
#5017=ORIENTED_EDGE('',*,*,#6471,.T.);
#5018=ORIENTED_EDGE('',*,*,#6472,.F.);
#5019=ORIENTED_EDGE('',*,*,#6473,.F.);
#5020=ORIENTED_EDGE('',*,*,#6474,.T.);
#5021=ORIENTED_EDGE('',*,*,#6475,.T.);
#5022=ORIENTED_EDGE('',*,*,#6476,.F.);
#5023=ORIENTED_EDGE('',*,*,#6477,.T.);
#5024=ORIENTED_EDGE('',*,*,#6478,.F.);
#5025=ORIENTED_EDGE('',*,*,#6479,.F.);
#5026=ORIENTED_EDGE('',*,*,#6480,.T.);
#5027=ORIENTED_EDGE('',*,*,#6418,.F.);
#5028=ORIENTED_EDGE('',*,*,#6481,.F.);
#5029=ORIENTED_EDGE('',*,*,#6464,.T.);
#5030=ORIENTED_EDGE('',*,*,#6482,.T.);
#5031=ORIENTED_EDGE('',*,*,#6483,.F.);
#5032=ORIENTED_EDGE('',*,*,#6484,.T.);
#5033=ORIENTED_EDGE('',*,*,#6485,.T.);
#5034=ORIENTED_EDGE('',*,*,#6486,.F.);
#5035=ORIENTED_EDGE('',*,*,#6487,.F.);
#5036=ORIENTED_EDGE('',*,*,#6488,.T.);
#5037=ORIENTED_EDGE('',*,*,#6489,.T.);
#5038=ORIENTED_EDGE('',*,*,#6490,.F.);
#5039=ORIENTED_EDGE('',*,*,#6491,.F.);
#5040=ORIENTED_EDGE('',*,*,#6492,.T.);
#5041=ORIENTED_EDGE('',*,*,#6493,.T.);
#5042=ORIENTED_EDGE('',*,*,#6494,.F.);
#5043=ORIENTED_EDGE('',*,*,#6420,.T.);
#5044=ORIENTED_EDGE('',*,*,#6495,.F.);
#5045=ORIENTED_EDGE('',*,*,#6462,.F.);
#5046=ORIENTED_EDGE('',*,*,#6496,.T.);
#5047=ORIENTED_EDGE('',*,*,#6497,.F.);
#5048=ORIENTED_EDGE('',*,*,#6498,.T.);
#5049=ORIENTED_EDGE('',*,*,#6499,.T.);
#5050=ORIENTED_EDGE('',*,*,#6500,.F.);
#5051=ORIENTED_EDGE('',*,*,#6417,.F.);
#5052=ORIENTED_EDGE('',*,*,#6496,.F.);
#5053=ORIENTED_EDGE('',*,*,#6461,.T.);
#5054=ORIENTED_EDGE('',*,*,#6481,.T.);
#5055=ORIENTED_EDGE('',*,*,#6419,.T.);
#5056=ORIENTED_EDGE('',*,*,#6482,.F.);
#5057=ORIENTED_EDGE('',*,*,#6463,.F.);
#5058=ORIENTED_EDGE('',*,*,#6495,.T.);
#5059=ORIENTED_EDGE('',*,*,#6466,.F.);
#5060=ORIENTED_EDGE('',*,*,#6501,.F.);
#5061=ORIENTED_EDGE('',*,*,#6502,.T.);
#5062=ORIENTED_EDGE('',*,*,#6503,.T.);
#5063=ORIENTED_EDGE('',*,*,#6465,.T.);
#5064=ORIENTED_EDGE('',*,*,#6504,.F.);
#5065=ORIENTED_EDGE('',*,*,#6505,.F.);
#5066=ORIENTED_EDGE('',*,*,#6501,.T.);
#5067=ORIENTED_EDGE('',*,*,#6468,.T.);
#5068=ORIENTED_EDGE('',*,*,#6506,.F.);
#5069=ORIENTED_EDGE('',*,*,#6507,.F.);
#5070=ORIENTED_EDGE('',*,*,#6504,.T.);
#5071=ORIENTED_EDGE('',*,*,#6467,.F.);
#5072=ORIENTED_EDGE('',*,*,#6503,.F.);
#5073=ORIENTED_EDGE('',*,*,#6508,.T.);
#5074=ORIENTED_EDGE('',*,*,#6506,.T.);
#5075=ORIENTED_EDGE('',*,*,#6502,.F.);
#5076=ORIENTED_EDGE('',*,*,#6505,.T.);
#5077=ORIENTED_EDGE('',*,*,#6507,.T.);
#5078=ORIENTED_EDGE('',*,*,#6508,.F.);
#5079=ORIENTED_EDGE('',*,*,#6470,.F.);
#5080=ORIENTED_EDGE('',*,*,#6509,.F.);
#5081=ORIENTED_EDGE('',*,*,#6510,.T.);
#5082=ORIENTED_EDGE('',*,*,#6511,.T.);
#5083=ORIENTED_EDGE('',*,*,#6469,.T.);
#5084=ORIENTED_EDGE('',*,*,#6512,.F.);
#5085=ORIENTED_EDGE('',*,*,#6513,.F.);
#5086=ORIENTED_EDGE('',*,*,#6509,.T.);
#5087=ORIENTED_EDGE('',*,*,#6472,.T.);
#5088=ORIENTED_EDGE('',*,*,#6514,.F.);
#5089=ORIENTED_EDGE('',*,*,#6515,.F.);
#5090=ORIENTED_EDGE('',*,*,#6512,.T.);
#5091=ORIENTED_EDGE('',*,*,#6471,.F.);
#5092=ORIENTED_EDGE('',*,*,#6511,.F.);
#5093=ORIENTED_EDGE('',*,*,#6516,.T.);
#5094=ORIENTED_EDGE('',*,*,#6514,.T.);
#5095=ORIENTED_EDGE('',*,*,#6510,.F.);
#5096=ORIENTED_EDGE('',*,*,#6513,.T.);
#5097=ORIENTED_EDGE('',*,*,#6515,.T.);
#5098=ORIENTED_EDGE('',*,*,#6516,.F.);
#5099=ORIENTED_EDGE('',*,*,#6474,.F.);
#5100=ORIENTED_EDGE('',*,*,#6517,.F.);
#5101=ORIENTED_EDGE('',*,*,#6518,.T.);
#5102=ORIENTED_EDGE('',*,*,#6519,.T.);
#5103=ORIENTED_EDGE('',*,*,#6473,.T.);
#5104=ORIENTED_EDGE('',*,*,#6520,.F.);
#5105=ORIENTED_EDGE('',*,*,#6521,.F.);
#5106=ORIENTED_EDGE('',*,*,#6517,.T.);
#5107=ORIENTED_EDGE('',*,*,#6476,.T.);
#5108=ORIENTED_EDGE('',*,*,#6522,.F.);
#5109=ORIENTED_EDGE('',*,*,#6523,.F.);
#5110=ORIENTED_EDGE('',*,*,#6520,.T.);
#5111=ORIENTED_EDGE('',*,*,#6475,.F.);
#5112=ORIENTED_EDGE('',*,*,#6519,.F.);
#5113=ORIENTED_EDGE('',*,*,#6524,.T.);
#5114=ORIENTED_EDGE('',*,*,#6522,.T.);
#5115=ORIENTED_EDGE('',*,*,#6518,.F.);
#5116=ORIENTED_EDGE('',*,*,#6521,.T.);
#5117=ORIENTED_EDGE('',*,*,#6523,.T.);
#5118=ORIENTED_EDGE('',*,*,#6524,.F.);
#5119=ORIENTED_EDGE('',*,*,#6525,.T.);
#5120=ORIENTED_EDGE('',*,*,#6421,.T.);
#5121=ORIENTED_EDGE('',*,*,#6526,.F.);
#5122=ORIENTED_EDGE('',*,*,#6527,.F.);
#5123=ORIENTED_EDGE('',*,*,#6422,.F.);
#5124=ORIENTED_EDGE('',*,*,#6525,.F.);
#5125=ORIENTED_EDGE('',*,*,#6528,.T.);
#5126=ORIENTED_EDGE('',*,*,#6529,.T.);
#5127=ORIENTED_EDGE('',*,*,#6423,.F.);
#5128=ORIENTED_EDGE('',*,*,#6529,.F.);
#5129=ORIENTED_EDGE('',*,*,#6530,.T.);
#5130=ORIENTED_EDGE('',*,*,#6531,.T.);
#5131=ORIENTED_EDGE('',*,*,#6526,.T.);
#5132=ORIENTED_EDGE('',*,*,#6424,.T.);
#5133=ORIENTED_EDGE('',*,*,#6531,.F.);
#5134=ORIENTED_EDGE('',*,*,#6532,.F.);
#5135=ORIENTED_EDGE('',*,*,#6527,.T.);
#5136=ORIENTED_EDGE('',*,*,#6532,.T.);
#5137=ORIENTED_EDGE('',*,*,#6530,.F.);
#5138=ORIENTED_EDGE('',*,*,#6528,.F.);
#5139=ORIENTED_EDGE('',*,*,#6533,.T.);
#5140=ORIENTED_EDGE('',*,*,#6413,.T.);
#5141=ORIENTED_EDGE('',*,*,#6534,.F.);
#5142=ORIENTED_EDGE('',*,*,#6535,.F.);
#5143=ORIENTED_EDGE('',*,*,#6414,.F.);
#5144=ORIENTED_EDGE('',*,*,#6533,.F.);
#5145=ORIENTED_EDGE('',*,*,#6536,.T.);
#5146=ORIENTED_EDGE('',*,*,#6537,.T.);
#5147=ORIENTED_EDGE('',*,*,#6415,.F.);
#5148=ORIENTED_EDGE('',*,*,#6537,.F.);
#5149=ORIENTED_EDGE('',*,*,#6538,.T.);
#5150=ORIENTED_EDGE('',*,*,#6539,.T.);
#5151=ORIENTED_EDGE('',*,*,#6534,.T.);
#5152=ORIENTED_EDGE('',*,*,#6416,.T.);
#5153=ORIENTED_EDGE('',*,*,#6539,.F.);
#5154=ORIENTED_EDGE('',*,*,#6540,.F.);
#5155=ORIENTED_EDGE('',*,*,#6535,.T.);
#5156=ORIENTED_EDGE('',*,*,#6540,.T.);
#5157=ORIENTED_EDGE('',*,*,#6538,.F.);
#5158=ORIENTED_EDGE('',*,*,#6536,.F.);
#5159=ORIENTED_EDGE('',*,*,#6541,.T.);
#5160=ORIENTED_EDGE('',*,*,#6425,.T.);
#5161=ORIENTED_EDGE('',*,*,#6542,.F.);
#5162=ORIENTED_EDGE('',*,*,#6543,.F.);
#5163=ORIENTED_EDGE('',*,*,#6426,.F.);
#5164=ORIENTED_EDGE('',*,*,#6541,.F.);
#5165=ORIENTED_EDGE('',*,*,#6544,.T.);
#5166=ORIENTED_EDGE('',*,*,#6545,.T.);
#5167=ORIENTED_EDGE('',*,*,#6427,.F.);
#5168=ORIENTED_EDGE('',*,*,#6545,.F.);
#5169=ORIENTED_EDGE('',*,*,#6546,.T.);
#5170=ORIENTED_EDGE('',*,*,#6547,.T.);
#5171=ORIENTED_EDGE('',*,*,#6542,.T.);
#5172=ORIENTED_EDGE('',*,*,#6428,.T.);
#5173=ORIENTED_EDGE('',*,*,#6547,.F.);
#5174=ORIENTED_EDGE('',*,*,#6548,.F.);
#5175=ORIENTED_EDGE('',*,*,#6543,.T.);
#5176=ORIENTED_EDGE('',*,*,#6548,.T.);
#5177=ORIENTED_EDGE('',*,*,#6546,.F.);
#5178=ORIENTED_EDGE('',*,*,#6544,.F.);
#5179=ORIENTED_EDGE('',*,*,#6549,.T.);
#5180=ORIENTED_EDGE('',*,*,#6550,.F.);
#5181=ORIENTED_EDGE('',*,*,#6551,.F.);
#5182=ORIENTED_EDGE('',*,*,#6552,.T.);
#5183=ORIENTED_EDGE('',*,*,#6551,.T.);
#5184=ORIENTED_EDGE('',*,*,#6553,.T.);
#5185=ORIENTED_EDGE('',*,*,#6480,.F.);
#5186=ORIENTED_EDGE('',*,*,#6554,.T.);
#5187=ORIENTED_EDGE('',*,*,#6478,.T.);
#5188=ORIENTED_EDGE('',*,*,#6555,.F.);
#5189=ORIENTED_EDGE('',*,*,#6549,.F.);
#5190=ORIENTED_EDGE('',*,*,#6556,.F.);
#5191=ORIENTED_EDGE('',*,*,#6552,.F.);
#5192=ORIENTED_EDGE('',*,*,#6554,.F.);
#5193=ORIENTED_EDGE('',*,*,#6479,.T.);
#5194=ORIENTED_EDGE('',*,*,#6556,.T.);
#5195=ORIENTED_EDGE('',*,*,#6557,.T.);
#5196=ORIENTED_EDGE('',*,*,#6558,.F.);
#5197=ORIENTED_EDGE('',*,*,#6559,.F.);
#5198=ORIENTED_EDGE('',*,*,#6560,.T.);
#5199=ORIENTED_EDGE('',*,*,#6561,.F.);
#5200=ORIENTED_EDGE('',*,*,#6458,.F.);
#5201=ORIENTED_EDGE('',*,*,#6562,.T.);
#5202=ORIENTED_EDGE('',*,*,#6559,.T.);
#5203=ORIENTED_EDGE('',*,*,#6563,.T.);
#5204=ORIENTED_EDGE('',*,*,#6557,.F.);
#5205=ORIENTED_EDGE('',*,*,#6564,.F.);
#5206=ORIENTED_EDGE('',*,*,#6460,.T.);
#5207=ORIENTED_EDGE('',*,*,#6560,.F.);
#5208=ORIENTED_EDGE('',*,*,#6562,.F.);
#5209=ORIENTED_EDGE('',*,*,#6457,.T.);
#5210=ORIENTED_EDGE('',*,*,#6564,.T.);
#5211=ORIENTED_EDGE('',*,*,#6558,.T.);
#5212=ORIENTED_EDGE('',*,*,#6563,.F.);
#5213=ORIENTED_EDGE('',*,*,#6459,.F.);
#5214=ORIENTED_EDGE('',*,*,#6561,.T.);
#5215=ORIENTED_EDGE('',*,*,#6565,.T.);
#5216=ORIENTED_EDGE('',*,*,#6491,.T.);
#5217=ORIENTED_EDGE('',*,*,#6566,.F.);
#5218=ORIENTED_EDGE('',*,*,#6567,.F.);
#5219=ORIENTED_EDGE('',*,*,#6492,.F.);
#5220=ORIENTED_EDGE('',*,*,#6565,.F.);
#5221=ORIENTED_EDGE('',*,*,#6568,.T.);
#5222=ORIENTED_EDGE('',*,*,#6569,.T.);
#5223=ORIENTED_EDGE('',*,*,#6493,.F.);
#5224=ORIENTED_EDGE('',*,*,#6569,.F.);
#5225=ORIENTED_EDGE('',*,*,#6570,.T.);
#5226=ORIENTED_EDGE('',*,*,#6571,.T.);
#5227=ORIENTED_EDGE('',*,*,#6566,.T.);
#5228=ORIENTED_EDGE('',*,*,#6494,.T.);
#5229=ORIENTED_EDGE('',*,*,#6571,.F.);
#5230=ORIENTED_EDGE('',*,*,#6572,.F.);
#5231=ORIENTED_EDGE('',*,*,#6567,.T.);
#5232=ORIENTED_EDGE('',*,*,#6572,.T.);
#5233=ORIENTED_EDGE('',*,*,#6570,.F.);
#5234=ORIENTED_EDGE('',*,*,#6568,.F.);
#5235=ORIENTED_EDGE('',*,*,#6573,.T.);
#5236=ORIENTED_EDGE('',*,*,#6497,.T.);
#5237=ORIENTED_EDGE('',*,*,#6574,.F.);
#5238=ORIENTED_EDGE('',*,*,#6575,.F.);
#5239=ORIENTED_EDGE('',*,*,#6498,.F.);
#5240=ORIENTED_EDGE('',*,*,#6573,.F.);
#5241=ORIENTED_EDGE('',*,*,#6576,.T.);
#5242=ORIENTED_EDGE('',*,*,#6577,.T.);
#5243=ORIENTED_EDGE('',*,*,#6499,.F.);
#5244=ORIENTED_EDGE('',*,*,#6577,.F.);
#5245=ORIENTED_EDGE('',*,*,#6578,.T.);
#5246=ORIENTED_EDGE('',*,*,#6579,.T.);
#5247=ORIENTED_EDGE('',*,*,#6574,.T.);
#5248=ORIENTED_EDGE('',*,*,#6500,.T.);
#5249=ORIENTED_EDGE('',*,*,#6579,.F.);
#5250=ORIENTED_EDGE('',*,*,#6580,.F.);
#5251=ORIENTED_EDGE('',*,*,#6575,.T.);
#5252=ORIENTED_EDGE('',*,*,#6580,.T.);
#5253=ORIENTED_EDGE('',*,*,#6578,.F.);
#5254=ORIENTED_EDGE('',*,*,#6576,.F.);
#5255=ORIENTED_EDGE('',*,*,#6484,.F.);
#5256=ORIENTED_EDGE('',*,*,#6581,.F.);
#5257=ORIENTED_EDGE('',*,*,#6582,.T.);
#5258=ORIENTED_EDGE('',*,*,#6583,.T.);
#5259=ORIENTED_EDGE('',*,*,#6483,.T.);
#5260=ORIENTED_EDGE('',*,*,#6584,.F.);
#5261=ORIENTED_EDGE('',*,*,#6585,.F.);
#5262=ORIENTED_EDGE('',*,*,#6581,.T.);
#5263=ORIENTED_EDGE('',*,*,#6486,.T.);
#5264=ORIENTED_EDGE('',*,*,#6586,.F.);
#5265=ORIENTED_EDGE('',*,*,#6587,.F.);
#5266=ORIENTED_EDGE('',*,*,#6584,.T.);
#5267=ORIENTED_EDGE('',*,*,#6485,.F.);
#5268=ORIENTED_EDGE('',*,*,#6583,.F.);
#5269=ORIENTED_EDGE('',*,*,#6588,.T.);
#5270=ORIENTED_EDGE('',*,*,#6586,.T.);
#5271=ORIENTED_EDGE('',*,*,#6582,.F.);
#5272=ORIENTED_EDGE('',*,*,#6585,.T.);
#5273=ORIENTED_EDGE('',*,*,#6587,.T.);
#5274=ORIENTED_EDGE('',*,*,#6588,.F.);
#5275=ORIENTED_EDGE('',*,*,#6488,.F.);
#5276=ORIENTED_EDGE('',*,*,#6589,.F.);
#5277=ORIENTED_EDGE('',*,*,#6590,.T.);
#5278=ORIENTED_EDGE('',*,*,#6591,.T.);
#5279=ORIENTED_EDGE('',*,*,#6487,.T.);
#5280=ORIENTED_EDGE('',*,*,#6592,.F.);
#5281=ORIENTED_EDGE('',*,*,#6593,.F.);
#5282=ORIENTED_EDGE('',*,*,#6589,.T.);
#5283=ORIENTED_EDGE('',*,*,#6490,.T.);
#5284=ORIENTED_EDGE('',*,*,#6594,.F.);
#5285=ORIENTED_EDGE('',*,*,#6595,.F.);
#5286=ORIENTED_EDGE('',*,*,#6592,.T.);
#5287=ORIENTED_EDGE('',*,*,#6489,.F.);
#5288=ORIENTED_EDGE('',*,*,#6591,.F.);
#5289=ORIENTED_EDGE('',*,*,#6596,.T.);
#5290=ORIENTED_EDGE('',*,*,#6594,.T.);
#5291=ORIENTED_EDGE('',*,*,#6590,.F.);
#5292=ORIENTED_EDGE('',*,*,#6593,.T.);
#5293=ORIENTED_EDGE('',*,*,#6595,.T.);
#5294=ORIENTED_EDGE('',*,*,#6596,.F.);
#5295=ORIENTED_EDGE('',*,*,#6453,.F.);
#5296=ORIENTED_EDGE('',*,*,#6597,.F.);
#5297=ORIENTED_EDGE('',*,*,#6598,.T.);
#5298=ORIENTED_EDGE('',*,*,#6599,.T.);
#5299=ORIENTED_EDGE('',*,*,#6456,.T.);
#5300=ORIENTED_EDGE('',*,*,#6600,.F.);
#5301=ORIENTED_EDGE('',*,*,#6601,.F.);
#5302=ORIENTED_EDGE('',*,*,#6597,.T.);
#5303=ORIENTED_EDGE('',*,*,#6455,.T.);
#5304=ORIENTED_EDGE('',*,*,#6602,.F.);
#5305=ORIENTED_EDGE('',*,*,#6603,.F.);
#5306=ORIENTED_EDGE('',*,*,#6600,.T.);
#5307=ORIENTED_EDGE('',*,*,#6454,.F.);
#5308=ORIENTED_EDGE('',*,*,#6599,.F.);
#5309=ORIENTED_EDGE('',*,*,#6604,.T.);
#5310=ORIENTED_EDGE('',*,*,#6602,.T.);
#5311=ORIENTED_EDGE('',*,*,#6598,.F.);
#5312=ORIENTED_EDGE('',*,*,#6601,.T.);
#5313=ORIENTED_EDGE('',*,*,#6603,.T.);
#5314=ORIENTED_EDGE('',*,*,#6604,.F.);
#5315=ORIENTED_EDGE('',*,*,#6449,.F.);
#5316=ORIENTED_EDGE('',*,*,#6605,.F.);
#5317=ORIENTED_EDGE('',*,*,#6606,.T.);
#5318=ORIENTED_EDGE('',*,*,#6607,.T.);
#5319=ORIENTED_EDGE('',*,*,#6452,.T.);
#5320=ORIENTED_EDGE('',*,*,#6608,.F.);
#5321=ORIENTED_EDGE('',*,*,#6609,.F.);
#5322=ORIENTED_EDGE('',*,*,#6605,.T.);
#5323=ORIENTED_EDGE('',*,*,#6451,.T.);
#5324=ORIENTED_EDGE('',*,*,#6610,.F.);
#5325=ORIENTED_EDGE('',*,*,#6611,.F.);
#5326=ORIENTED_EDGE('',*,*,#6608,.T.);
#5327=ORIENTED_EDGE('',*,*,#6450,.F.);
#5328=ORIENTED_EDGE('',*,*,#6607,.F.);
#5329=ORIENTED_EDGE('',*,*,#6612,.T.);
#5330=ORIENTED_EDGE('',*,*,#6610,.T.);
#5331=ORIENTED_EDGE('',*,*,#6606,.F.);
#5332=ORIENTED_EDGE('',*,*,#6609,.T.);
#5333=ORIENTED_EDGE('',*,*,#6611,.T.);
#5334=ORIENTED_EDGE('',*,*,#6612,.F.);
#5335=ORIENTED_EDGE('',*,*,#6477,.F.);
#5336=ORIENTED_EDGE('',*,*,#6553,.F.);
#5337=ORIENTED_EDGE('',*,*,#6550,.T.);
#5338=ORIENTED_EDGE('',*,*,#6555,.T.);
#5339=ORIENTED_EDGE('',*,*,#6445,.F.);
#5340=ORIENTED_EDGE('',*,*,#6613,.F.);
#5341=ORIENTED_EDGE('',*,*,#6614,.T.);
#5342=ORIENTED_EDGE('',*,*,#6615,.T.);
#5343=ORIENTED_EDGE('',*,*,#6448,.T.);
#5344=ORIENTED_EDGE('',*,*,#6616,.F.);
#5345=ORIENTED_EDGE('',*,*,#6617,.F.);
#5346=ORIENTED_EDGE('',*,*,#6613,.T.);
#5347=ORIENTED_EDGE('',*,*,#6447,.T.);
#5348=ORIENTED_EDGE('',*,*,#6618,.F.);
#5349=ORIENTED_EDGE('',*,*,#6619,.F.);
#5350=ORIENTED_EDGE('',*,*,#6616,.T.);
#5351=ORIENTED_EDGE('',*,*,#6446,.F.);
#5352=ORIENTED_EDGE('',*,*,#6615,.F.);
#5353=ORIENTED_EDGE('',*,*,#6620,.T.);
#5354=ORIENTED_EDGE('',*,*,#6618,.T.);
#5355=ORIENTED_EDGE('',*,*,#6614,.F.);
#5356=ORIENTED_EDGE('',*,*,#6617,.T.);
#5357=ORIENTED_EDGE('',*,*,#6619,.T.);
#5358=ORIENTED_EDGE('',*,*,#6620,.F.);
#5359=ORIENTED_EDGE('',*,*,#6441,.F.);
#5360=ORIENTED_EDGE('',*,*,#6621,.F.);
#5361=ORIENTED_EDGE('',*,*,#6622,.T.);
#5362=ORIENTED_EDGE('',*,*,#6623,.T.);
#5363=ORIENTED_EDGE('',*,*,#6444,.T.);
#5364=ORIENTED_EDGE('',*,*,#6624,.F.);
#5365=ORIENTED_EDGE('',*,*,#6625,.F.);
#5366=ORIENTED_EDGE('',*,*,#6621,.T.);
#5367=ORIENTED_EDGE('',*,*,#6443,.T.);
#5368=ORIENTED_EDGE('',*,*,#6626,.F.);
#5369=ORIENTED_EDGE('',*,*,#6627,.F.);
#5370=ORIENTED_EDGE('',*,*,#6624,.T.);
#5371=ORIENTED_EDGE('',*,*,#6442,.F.);
#5372=ORIENTED_EDGE('',*,*,#6623,.F.);
#5373=ORIENTED_EDGE('',*,*,#6628,.T.);
#5374=ORIENTED_EDGE('',*,*,#6626,.T.);
#5375=ORIENTED_EDGE('',*,*,#6622,.F.);
#5376=ORIENTED_EDGE('',*,*,#6625,.T.);
#5377=ORIENTED_EDGE('',*,*,#6627,.T.);
#5378=ORIENTED_EDGE('',*,*,#6628,.F.);
#5379=ORIENTED_EDGE('',*,*,#6437,.F.);
#5380=ORIENTED_EDGE('',*,*,#6629,.F.);
#5381=ORIENTED_EDGE('',*,*,#6630,.T.);
#5382=ORIENTED_EDGE('',*,*,#6631,.T.);
#5383=ORIENTED_EDGE('',*,*,#6440,.T.);
#5384=ORIENTED_EDGE('',*,*,#6632,.F.);
#5385=ORIENTED_EDGE('',*,*,#6633,.F.);
#5386=ORIENTED_EDGE('',*,*,#6629,.T.);
#5387=ORIENTED_EDGE('',*,*,#6439,.T.);
#5388=ORIENTED_EDGE('',*,*,#6634,.F.);
#5389=ORIENTED_EDGE('',*,*,#6635,.F.);
#5390=ORIENTED_EDGE('',*,*,#6632,.T.);
#5391=ORIENTED_EDGE('',*,*,#6438,.F.);
#5392=ORIENTED_EDGE('',*,*,#6631,.F.);
#5393=ORIENTED_EDGE('',*,*,#6636,.T.);
#5394=ORIENTED_EDGE('',*,*,#6634,.T.);
#5395=ORIENTED_EDGE('',*,*,#6630,.F.);
#5396=ORIENTED_EDGE('',*,*,#6633,.T.);
#5397=ORIENTED_EDGE('',*,*,#6635,.T.);
#5398=ORIENTED_EDGE('',*,*,#6636,.F.);
#5399=ORIENTED_EDGE('',*,*,#6433,.F.);
#5400=ORIENTED_EDGE('',*,*,#6637,.F.);
#5401=ORIENTED_EDGE('',*,*,#6638,.T.);
#5402=ORIENTED_EDGE('',*,*,#6639,.T.);
#5403=ORIENTED_EDGE('',*,*,#6436,.T.);
#5404=ORIENTED_EDGE('',*,*,#6640,.F.);
#5405=ORIENTED_EDGE('',*,*,#6641,.F.);
#5406=ORIENTED_EDGE('',*,*,#6637,.T.);
#5407=ORIENTED_EDGE('',*,*,#6435,.T.);
#5408=ORIENTED_EDGE('',*,*,#6642,.F.);
#5409=ORIENTED_EDGE('',*,*,#6643,.F.);
#5410=ORIENTED_EDGE('',*,*,#6640,.T.);
#5411=ORIENTED_EDGE('',*,*,#6434,.F.);
#5412=ORIENTED_EDGE('',*,*,#6639,.F.);
#5413=ORIENTED_EDGE('',*,*,#6644,.T.);
#5414=ORIENTED_EDGE('',*,*,#6642,.T.);
#5415=ORIENTED_EDGE('',*,*,#6638,.F.);
#5416=ORIENTED_EDGE('',*,*,#6641,.T.);
#5417=ORIENTED_EDGE('',*,*,#6643,.T.);
#5418=ORIENTED_EDGE('',*,*,#6644,.F.);
#5419=ORIENTED_EDGE('',*,*,#6645,.T.);
#5420=ORIENTED_EDGE('',*,*,#6409,.T.);
#5421=ORIENTED_EDGE('',*,*,#6646,.F.);
#5422=ORIENTED_EDGE('',*,*,#6647,.F.);
#5423=ORIENTED_EDGE('',*,*,#6410,.F.);
#5424=ORIENTED_EDGE('',*,*,#6645,.F.);
#5425=ORIENTED_EDGE('',*,*,#6648,.T.);
#5426=ORIENTED_EDGE('',*,*,#6649,.T.);
#5427=ORIENTED_EDGE('',*,*,#6411,.F.);
#5428=ORIENTED_EDGE('',*,*,#6649,.F.);
#5429=ORIENTED_EDGE('',*,*,#6650,.T.);
#5430=ORIENTED_EDGE('',*,*,#6651,.T.);
#5431=ORIENTED_EDGE('',*,*,#6646,.T.);
#5432=ORIENTED_EDGE('',*,*,#6412,.T.);
#5433=ORIENTED_EDGE('',*,*,#6651,.F.);
#5434=ORIENTED_EDGE('',*,*,#6652,.F.);
#5435=ORIENTED_EDGE('',*,*,#6647,.T.);
#5436=ORIENTED_EDGE('',*,*,#6652,.T.);
#5437=ORIENTED_EDGE('',*,*,#6650,.F.);
#5438=ORIENTED_EDGE('',*,*,#6648,.F.);
#5439=ORIENTED_EDGE('',*,*,#6653,.T.);
#5440=ORIENTED_EDGE('',*,*,#6429,.T.);
#5441=ORIENTED_EDGE('',*,*,#6654,.F.);
#5442=ORIENTED_EDGE('',*,*,#6655,.F.);
#5443=ORIENTED_EDGE('',*,*,#6430,.F.);
#5444=ORIENTED_EDGE('',*,*,#6653,.F.);
#5445=ORIENTED_EDGE('',*,*,#6656,.T.);
#5446=ORIENTED_EDGE('',*,*,#6657,.T.);
#5447=ORIENTED_EDGE('',*,*,#6431,.F.);
#5448=ORIENTED_EDGE('',*,*,#6657,.F.);
#5449=ORIENTED_EDGE('',*,*,#6658,.T.);
#5450=ORIENTED_EDGE('',*,*,#6659,.T.);
#5451=ORIENTED_EDGE('',*,*,#6654,.T.);
#5452=ORIENTED_EDGE('',*,*,#6432,.T.);
#5453=ORIENTED_EDGE('',*,*,#6659,.F.);
#5454=ORIENTED_EDGE('',*,*,#6660,.F.);
#5455=ORIENTED_EDGE('',*,*,#6655,.T.);
#5456=ORIENTED_EDGE('',*,*,#6660,.T.);
#5457=ORIENTED_EDGE('',*,*,#6658,.F.);
#5458=ORIENTED_EDGE('',*,*,#6656,.F.);
#5459=ORIENTED_EDGE('',*,*,#6661,.F.);
#5460=ORIENTED_EDGE('',*,*,#6662,.T.);
#5461=ORIENTED_EDGE('',*,*,#6663,.T.);
#5462=ORIENTED_EDGE('',*,*,#6664,.T.);
#5463=ORIENTED_EDGE('',*,*,#6665,.T.);
#5464=ORIENTED_EDGE('',*,*,#6666,.F.);
#5465=ORIENTED_EDGE('',*,*,#6667,.F.);
#5466=ORIENTED_EDGE('',*,*,#6668,.T.);
#5467=ORIENTED_EDGE('',*,*,#6669,.F.);
#5468=ORIENTED_EDGE('',*,*,#6670,.F.);
#5469=ORIENTED_EDGE('',*,*,#6671,.T.);
#5470=ORIENTED_EDGE('',*,*,#6672,.T.);
#5471=ORIENTED_EDGE('',*,*,#6673,.F.);
#5472=ORIENTED_EDGE('',*,*,#6674,.F.);
#5473=ORIENTED_EDGE('',*,*,#6675,.T.);
#5474=ORIENTED_EDGE('',*,*,#6676,.T.);
#5475=ORIENTED_EDGE('',*,*,#6677,.T.);
#5476=ORIENTED_EDGE('',*,*,#6678,.T.);
#5477=ORIENTED_EDGE('',*,*,#6679,.F.);
#5478=ORIENTED_EDGE('',*,*,#6680,.F.);
#5479=ORIENTED_EDGE('',*,*,#6681,.T.);
#5480=ORIENTED_EDGE('',*,*,#6682,.F.);
#5481=ORIENTED_EDGE('',*,*,#6683,.F.);
#5482=ORIENTED_EDGE('',*,*,#6684,.F.);
#5483=ORIENTED_EDGE('',*,*,#6685,.F.);
#5484=ORIENTED_EDGE('',*,*,#6686,.T.);
#5485=ORIENTED_EDGE('',*,*,#6687,.T.);
#5486=ORIENTED_EDGE('',*,*,#6688,.F.);
#5487=ORIENTED_EDGE('',*,*,#6684,.T.);
#5488=ORIENTED_EDGE('',*,*,#6689,.T.);
#5489=ORIENTED_EDGE('',*,*,#6676,.F.);
#5490=ORIENTED_EDGE('',*,*,#6690,.T.);
#5491=ORIENTED_EDGE('',*,*,#6691,.F.);
#5492=ORIENTED_EDGE('',*,*,#6674,.T.);
#5493=ORIENTED_EDGE('',*,*,#6692,.F.);
#5494=ORIENTED_EDGE('',*,*,#6664,.F.);
#5495=ORIENTED_EDGE('',*,*,#6671,.F.);
#5496=ORIENTED_EDGE('',*,*,#6693,.T.);
#5497=ORIENTED_EDGE('',*,*,#6687,.F.);
#5498=ORIENTED_EDGE('',*,*,#6694,.F.);
#5499=ORIENTED_EDGE('',*,*,#6679,.T.);
#5500=ORIENTED_EDGE('',*,*,#6695,.T.);
#5501=ORIENTED_EDGE('',*,*,#6667,.T.);
#5502=ORIENTED_EDGE('',*,*,#6696,.T.);
#5503=ORIENTED_EDGE('',*,*,#6661,.T.);
#5504=ORIENTED_EDGE('',*,*,#6675,.F.);
#5505=ORIENTED_EDGE('',*,*,#6697,.F.);
#5506=ORIENTED_EDGE('',*,*,#6665,.F.);
#5507=ORIENTED_EDGE('',*,*,#6692,.T.);
#5508=ORIENTED_EDGE('',*,*,#6673,.T.);
#5509=ORIENTED_EDGE('',*,*,#6666,.T.);
#5510=ORIENTED_EDGE('',*,*,#6697,.T.);
#5511=ORIENTED_EDGE('',*,*,#6672,.F.);
#5512=ORIENTED_EDGE('',*,*,#6696,.F.);
#5513=ORIENTED_EDGE('',*,*,#6682,.T.);
#5514=ORIENTED_EDGE('',*,*,#6668,.F.);
#5515=ORIENTED_EDGE('',*,*,#6694,.T.);
#5516=ORIENTED_EDGE('',*,*,#6686,.F.);
#5517=ORIENTED_EDGE('',*,*,#6698,.F.);
#5518=ORIENTED_EDGE('',*,*,#6680,.T.);
#5519=ORIENTED_EDGE('',*,*,#6681,.F.);
#5520=ORIENTED_EDGE('',*,*,#6698,.T.);
#5521=ORIENTED_EDGE('',*,*,#6685,.T.);
#5522=ORIENTED_EDGE('',*,*,#6690,.F.);
#5523=ORIENTED_EDGE('',*,*,#6670,.T.);
#5524=ORIENTED_EDGE('',*,*,#6699,.T.);
#5525=ORIENTED_EDGE('',*,*,#6688,.T.);
#5526=ORIENTED_EDGE('',*,*,#6693,.F.);
#5527=ORIENTED_EDGE('',*,*,#6669,.T.);
#5528=ORIENTED_EDGE('',*,*,#6691,.T.);
#5529=ORIENTED_EDGE('',*,*,#6663,.F.);
#5530=ORIENTED_EDGE('',*,*,#6700,.F.);
#5531=ORIENTED_EDGE('',*,*,#6677,.F.);
#5532=ORIENTED_EDGE('',*,*,#6689,.F.);
#5533=ORIENTED_EDGE('',*,*,#6683,.T.);
#5534=ORIENTED_EDGE('',*,*,#6699,.F.);
#5535=ORIENTED_EDGE('',*,*,#6700,.T.);
#5536=ORIENTED_EDGE('',*,*,#6662,.F.);
#5537=ORIENTED_EDGE('',*,*,#6695,.F.);
#5538=ORIENTED_EDGE('',*,*,#6678,.F.);
#5539=ORIENTED_EDGE('',*,*,#6701,.F.);
#5540=ORIENTED_EDGE('',*,*,#6702,.T.);
#5541=ORIENTED_EDGE('',*,*,#6703,.F.);
#5542=ORIENTED_EDGE('',*,*,#6704,.F.);
#5543=ORIENTED_EDGE('',*,*,#6705,.T.);
#5544=ORIENTED_EDGE('',*,*,#6706,.T.);
#5545=ORIENTED_EDGE('',*,*,#6707,.T.);
#5546=ORIENTED_EDGE('',*,*,#6708,.F.);
#5547=ORIENTED_EDGE('',*,*,#6709,.F.);
#5548=ORIENTED_EDGE('',*,*,#6704,.T.);
#5549=ORIENTED_EDGE('',*,*,#6710,.T.);
#5550=ORIENTED_EDGE('',*,*,#6711,.F.);
#5551=ORIENTED_EDGE('',*,*,#6712,.F.);
#5552=ORIENTED_EDGE('',*,*,#6708,.T.);
#5553=ORIENTED_EDGE('',*,*,#6713,.F.);
#5554=ORIENTED_EDGE('',*,*,#6706,.F.);
#5555=ORIENTED_EDGE('',*,*,#6714,.T.);
#5556=ORIENTED_EDGE('',*,*,#6711,.T.);
#5557=ORIENTED_EDGE('',*,*,#6715,.F.);
#5558=ORIENTED_EDGE('',*,*,#6705,.F.);
#5559=ORIENTED_EDGE('',*,*,#6709,.T.);
#5560=ORIENTED_EDGE('',*,*,#6712,.T.);
#5561=ORIENTED_EDGE('',*,*,#6714,.F.);
#5562=ORIENTED_EDGE('',*,*,#6703,.T.);
#5563=ORIENTED_EDGE('',*,*,#6713,.T.);
#5564=ORIENTED_EDGE('',*,*,#6710,.F.);
#5565=ORIENTED_EDGE('',*,*,#6707,.F.);
#5566=ORIENTED_EDGE('',*,*,#6701,.T.);
#5567=ORIENTED_EDGE('',*,*,#6715,.T.);
#5568=ORIENTED_EDGE('',*,*,#6702,.F.);
#5569=ORIENTED_EDGE('',*,*,#6716,.T.);
#5570=ORIENTED_EDGE('',*,*,#6716,.F.);
#5571=ORIENTED_EDGE('',*,*,#6717,.T.);
#5572=ORIENTED_EDGE('',*,*,#6718,.T.);
#5573=ORIENTED_EDGE('',*,*,#6719,.T.);
#5574=ORIENTED_EDGE('',*,*,#6720,.F.);
#5575=ORIENTED_EDGE('',*,*,#6721,.F.);
#5576=ORIENTED_EDGE('',*,*,#6722,.T.);
#5577=ORIENTED_EDGE('',*,*,#6723,.T.);
#5578=ORIENTED_EDGE('',*,*,#6724,.F.);
#5579=ORIENTED_EDGE('',*,*,#6725,.F.);
#5580=ORIENTED_EDGE('',*,*,#6726,.T.);
#5581=ORIENTED_EDGE('',*,*,#6727,.T.);
#5582=ORIENTED_EDGE('',*,*,#6728,.T.);
#5583=ORIENTED_EDGE('',*,*,#6729,.T.);
#5584=ORIENTED_EDGE('',*,*,#6730,.T.);
#5585=ORIENTED_EDGE('',*,*,#6731,.T.);
#5586=ORIENTED_EDGE('',*,*,#6732,.T.);
#5587=ORIENTED_EDGE('',*,*,#6733,.F.);
#5588=ORIENTED_EDGE('',*,*,#6734,.F.);
#5589=ORIENTED_EDGE('',*,*,#6735,.T.);
#5590=ORIENTED_EDGE('',*,*,#6736,.T.);
#5591=ORIENTED_EDGE('',*,*,#6737,.F.);
#5592=ORIENTED_EDGE('',*,*,#6723,.F.);
#5593=ORIENTED_EDGE('',*,*,#6738,.T.);
#5594=ORIENTED_EDGE('',*,*,#6739,.T.);
#5595=ORIENTED_EDGE('',*,*,#6740,.F.);
#5596=ORIENTED_EDGE('',*,*,#6719,.F.);
#5597=ORIENTED_EDGE('',*,*,#6741,.F.);
#5598=ORIENTED_EDGE('',*,*,#6742,.T.);
#5599=ORIENTED_EDGE('',*,*,#6743,.T.);
#5600=ORIENTED_EDGE('',*,*,#6744,.F.);
#5601=ORIENTED_EDGE('',*,*,#6745,.F.);
#5602=ORIENTED_EDGE('',*,*,#6746,.F.);
#5603=ORIENTED_EDGE('',*,*,#6721,.T.);
#5604=ORIENTED_EDGE('',*,*,#6747,.T.);
#5605=ORIENTED_EDGE('',*,*,#6748,.T.);
#5606=ORIENTED_EDGE('',*,*,#6749,.T.);
#5607=ORIENTED_EDGE('',*,*,#6738,.F.);
#5608=ORIENTED_EDGE('',*,*,#6722,.F.);
#5609=ORIENTED_EDGE('',*,*,#6746,.T.);
#5610=ORIENTED_EDGE('',*,*,#6750,.T.);
#5611=ORIENTED_EDGE('',*,*,#6751,.F.);
#5612=ORIENTED_EDGE('',*,*,#6747,.F.);
#5613=ORIENTED_EDGE('',*,*,#6720,.T.);
#5614=ORIENTED_EDGE('',*,*,#6740,.T.);
#5615=ORIENTED_EDGE('',*,*,#6745,.T.);
#5616=ORIENTED_EDGE('',*,*,#6751,.T.);
#5617=ORIENTED_EDGE('',*,*,#6739,.F.);
#5618=ORIENTED_EDGE('',*,*,#6749,.F.);
#5619=ORIENTED_EDGE('',*,*,#6752,.F.);
#5620=ORIENTED_EDGE('',*,*,#6753,.F.);
#5621=ORIENTED_EDGE('',*,*,#6734,.T.);
#5622=ORIENTED_EDGE('',*,*,#6754,.T.);
#5623=ORIENTED_EDGE('',*,*,#6742,.F.);
#5624=ORIENTED_EDGE('',*,*,#6755,.F.);
#5625=ORIENTED_EDGE('',*,*,#6756,.F.);
#5626=ORIENTED_EDGE('',*,*,#6735,.F.);
#5627=ORIENTED_EDGE('',*,*,#6753,.T.);
#5628=ORIENTED_EDGE('',*,*,#6757,.T.);
#5629=ORIENTED_EDGE('',*,*,#6724,.T.);
#5630=ORIENTED_EDGE('',*,*,#6737,.T.);
#5631=ORIENTED_EDGE('',*,*,#6758,.F.);
#5632=ORIENTED_EDGE('',*,*,#6729,.F.);
#5633=ORIENTED_EDGE('',*,*,#6744,.T.);
#5634=ORIENTED_EDGE('',*,*,#6759,.F.);
#5635=ORIENTED_EDGE('',*,*,#6730,.F.);
#5636=ORIENTED_EDGE('',*,*,#6758,.T.);
#5637=ORIENTED_EDGE('',*,*,#6733,.T.);
#5638=ORIENTED_EDGE('',*,*,#6760,.T.);
#5639=ORIENTED_EDGE('',*,*,#6725,.T.);
#5640=ORIENTED_EDGE('',*,*,#6759,.T.);
#5641=ORIENTED_EDGE('',*,*,#6743,.F.);
#5642=ORIENTED_EDGE('',*,*,#6754,.F.);
#5643=ORIENTED_EDGE('',*,*,#6750,.F.);
#5644=ORIENTED_EDGE('',*,*,#6760,.F.);
#5645=ORIENTED_EDGE('',*,*,#6732,.F.);
#5646=ORIENTED_EDGE('',*,*,#6761,.F.);
#5647=ORIENTED_EDGE('',*,*,#6726,.F.);
#5648=ORIENTED_EDGE('',*,*,#6762,.F.);
#5649=ORIENTED_EDGE('',*,*,#6727,.F.);
#5650=ORIENTED_EDGE('',*,*,#6761,.T.);
#5651=ORIENTED_EDGE('',*,*,#6731,.F.);
#5652=ORIENTED_EDGE('',*,*,#6762,.T.);
#5653=ORIENTED_EDGE('',*,*,#6736,.F.);
#5654=ORIENTED_EDGE('',*,*,#6756,.T.);
#5655=ORIENTED_EDGE('',*,*,#6728,.F.);
#5656=ORIENTED_EDGE('',*,*,#6748,.F.);
#5657=ORIENTED_EDGE('',*,*,#6741,.T.);
#5658=ORIENTED_EDGE('',*,*,#6718,.F.);
#5659=ORIENTED_EDGE('',*,*,#6763,.F.);
#5660=ORIENTED_EDGE('',*,*,#6755,.T.);
#5661=ORIENTED_EDGE('',*,*,#6757,.F.);
#5662=ORIENTED_EDGE('',*,*,#6752,.T.);
#5663=ORIENTED_EDGE('',*,*,#6763,.T.);
#5664=ORIENTED_EDGE('',*,*,#6717,.F.);
#5665=EDGE_CURVE('',#6764,#6765,#7515,.T.);
#5666=EDGE_CURVE('',#6766,#6764,#7516,.T.);
#5667=EDGE_CURVE('',#6767,#6766,#7517,.T.);
#5668=EDGE_CURVE('',#6765,#6767,#7518,.T.);
#5669=EDGE_CURVE('',#6768,#6769,#7519,.T.);
#5670=EDGE_CURVE('',#6769,#6770,#1409,.T.);
#5671=EDGE_CURVE('',#6770,#6771,#7520,.T.);
#5672=EDGE_CURVE('',#6771,#6772,#7521,.T.);
#5673=EDGE_CURVE('',#6773,#6772,#1410,.T.);
#5674=EDGE_CURVE('',#6773,#6768,#7522,.T.);
#5675=EDGE_CURVE('',#6774,#6765,#1411,.T.);
#5676=EDGE_CURVE('',#6767,#6774,#1412,.T.);
#5677=EDGE_CURVE('',#6764,#6775,#1413,.T.);
#5678=EDGE_CURVE('',#6765,#6775,#1414,.T.);
#5679=EDGE_CURVE('',#6766,#6776,#1415,.T.);
#5680=EDGE_CURVE('',#6776,#6764,#1416,.T.);
#5681=EDGE_CURVE('',#6777,#6767,#1417,.T.);
#5682=EDGE_CURVE('',#6777,#6766,#1418,.T.);
#5683=EDGE_CURVE('',#6778,#6777,#1419,.T.);
#5684=EDGE_CURVE('',#6778,#6779,#1420,.T.);
#5685=EDGE_CURVE('',#6779,#6774,#1421,.T.);
#5686=EDGE_CURVE('',#6780,#6776,#1422,.T.);
#5687=EDGE_CURVE('',#6778,#6780,#1423,.T.);
#5688=EDGE_CURVE('',#6781,#6775,#1424,.T.);
#5689=EDGE_CURVE('',#6780,#6781,#1425,.T.);
#5690=EDGE_CURVE('',#6779,#6781,#1426,.T.);
#5691=EDGE_CURVE('',#6782,#6771,#1427,.T.);
#5692=EDGE_CURVE('',#6772,#6782,#1428,.T.);
#5693=EDGE_CURVE('',#6770,#6783,#1429,.T.);
#5694=EDGE_CURVE('',#6771,#6783,#1430,.T.);
#5695=EDGE_CURVE('',#6768,#6784,#1431,.T.);
#5696=EDGE_CURVE('',#6784,#6769,#1432,.T.);
#5697=EDGE_CURVE('',#6785,#6768,#1433,.T.);
#5698=EDGE_CURVE('',#6786,#6785,#1434,.T.);
#5699=EDGE_CURVE('',#6786,#6787,#1435,.T.);
#5700=EDGE_CURVE('',#6787,#6784,#1436,.T.);
#5701=EDGE_CURVE('',#6785,#6773,#1437,.T.);
#5702=EDGE_CURVE('',#6788,#6782,#1438,.T.);
#5703=EDGE_CURVE('',#6786,#6788,#1439,.T.);
#5704=EDGE_CURVE('',#6789,#6783,#1440,.T.);
#5705=EDGE_CURVE('',#6788,#6789,#1441,.T.);
#5706=EDGE_CURVE('',#6787,#6789,#1442,.T.);
#5707=EDGE_CURVE('',#6790,#6791,#1443,.T.);
#5708=EDGE_CURVE('',#6792,#6790,#1444,.T.);
#5709=EDGE_CURVE('',#6792,#6793,#1445,.T.);
#5710=EDGE_CURVE('',#6793,#6791,#1446,.T.);
#5711=EDGE_CURVE('',#6790,#6794,#1447,.T.);
#5712=EDGE_CURVE('',#6795,#6794,#1448,.T.);
#5713=EDGE_CURVE('',#6792,#6795,#1449,.T.);
#5714=EDGE_CURVE('',#6794,#6796,#1450,.T.);
#5715=EDGE_CURVE('',#6797,#6796,#1451,.T.);
#5716=EDGE_CURVE('',#6795,#6797,#1452,.T.);
#5717=EDGE_CURVE('',#6791,#6796,#1453,.T.);
#5718=EDGE_CURVE('',#6793,#6797,#1454,.T.);
#5719=EDGE_CURVE('',#6798,#6798,#7523,.T.);
#5720=EDGE_CURVE('',#6799,#6799,#7524,.T.);
#5721=EDGE_CURVE('',#6800,#6801,#1455,.T.);
#5722=EDGE_CURVE('',#6802,#6800,#1456,.T.);
#5723=EDGE_CURVE('',#6802,#6803,#1457,.T.);
#5724=EDGE_CURVE('',#6803,#6801,#1458,.T.);
#5725=EDGE_CURVE('',#6800,#6804,#1459,.T.);
#5726=EDGE_CURVE('',#6805,#6804,#1460,.T.);
#5727=EDGE_CURVE('',#6802,#6805,#1461,.T.);
#5728=EDGE_CURVE('',#6804,#6806,#1462,.T.);
#5729=EDGE_CURVE('',#6807,#6806,#1463,.T.);
#5730=EDGE_CURVE('',#6805,#6807,#1464,.T.);
#5731=EDGE_CURVE('',#6801,#6806,#1465,.T.);
#5732=EDGE_CURVE('',#6803,#6807,#1466,.T.);
#5733=EDGE_CURVE('',#6808,#6809,#1467,.T.);
#5734=EDGE_CURVE('',#6810,#6808,#1468,.T.);
#5735=EDGE_CURVE('',#6810,#6811,#1469,.T.);
#5736=EDGE_CURVE('',#6811,#6809,#1470,.T.);
#5737=EDGE_CURVE('',#6808,#6812,#1471,.T.);
#5738=EDGE_CURVE('',#6813,#6812,#1472,.T.);
#5739=EDGE_CURVE('',#6810,#6813,#1473,.T.);
#5740=EDGE_CURVE('',#6812,#6814,#1474,.T.);
#5741=EDGE_CURVE('',#6815,#6814,#1475,.T.);
#5742=EDGE_CURVE('',#6813,#6815,#1476,.T.);
#5743=EDGE_CURVE('',#6809,#6814,#1477,.T.);
#5744=EDGE_CURVE('',#6811,#6815,#1478,.T.);
#5745=EDGE_CURVE('',#6816,#6816,#7525,.T.);
#5746=EDGE_CURVE('',#6817,#6817,#7526,.T.);
#5747=EDGE_CURVE('',#6818,#6819,#1479,.T.);
#5748=EDGE_CURVE('',#6820,#6818,#1480,.T.);
#5749=EDGE_CURVE('',#6820,#6821,#1481,.T.);
#5750=EDGE_CURVE('',#6821,#6819,#1482,.T.);
#5751=EDGE_CURVE('',#6818,#6822,#1483,.T.);
#5752=EDGE_CURVE('',#6823,#6822,#1484,.T.);
#5753=EDGE_CURVE('',#6820,#6823,#1485,.T.);
#5754=EDGE_CURVE('',#6822,#6824,#1486,.T.);
#5755=EDGE_CURVE('',#6825,#6824,#1487,.T.);
#5756=EDGE_CURVE('',#6823,#6825,#1488,.T.);
#5757=EDGE_CURVE('',#6819,#6824,#1489,.T.);
#5758=EDGE_CURVE('',#6821,#6825,#1490,.T.);
#5759=EDGE_CURVE('',#6826,#6827,#1491,.T.);
#5760=EDGE_CURVE('',#6828,#6826,#1492,.T.);
#5761=EDGE_CURVE('',#6828,#6829,#1493,.T.);
#5762=EDGE_CURVE('',#6829,#6827,#1494,.T.);
#5763=EDGE_CURVE('',#6830,#6831,#1495,.T.);
#5764=EDGE_CURVE('',#6830,#6832,#1496,.T.);
#5765=EDGE_CURVE('',#6832,#6833,#1497,.T.);
#5766=EDGE_CURVE('',#6831,#6833,#1498,.T.);
#5767=EDGE_CURVE('',#6834,#6835,#1499,.T.);
#5768=EDGE_CURVE('',#6834,#6836,#1500,.T.);
#5769=EDGE_CURVE('',#6836,#6837,#1501,.T.);
#5770=EDGE_CURVE('',#6835,#6837,#1502,.T.);
#5771=EDGE_CURVE('',#6838,#6839,#1503,.T.);
#5772=EDGE_CURVE('',#6840,#6838,#1504,.T.);
#5773=EDGE_CURVE('',#6840,#6841,#1505,.T.);
#5774=EDGE_CURVE('',#6841,#6839,#1506,.T.);
#5775=EDGE_CURVE('',#6842,#6843,#1507,.T.);
#5776=EDGE_CURVE('',#6843,#6844,#1508,.T.);
#5777=EDGE_CURVE('',#6845,#6844,#1509,.T.);
#5778=EDGE_CURVE('',#6842,#6845,#1510,.T.);
#5779=EDGE_CURVE('',#6846,#6847,#1511,.T.);
#5780=EDGE_CURVE('',#6847,#6848,#1512,.T.);
#5781=EDGE_CURVE('',#6849,#6848,#1513,.T.);
#5782=EDGE_CURVE('',#6846,#6849,#1514,.T.);
#5783=EDGE_CURVE('',#6850,#6851,#1515,.T.);
#5784=EDGE_CURVE('',#6852,#6851,#1516,.T.);
#5785=EDGE_CURVE('',#6853,#6852,#1517,.T.);
#5786=EDGE_CURVE('',#6853,#6850,#1518,.T.);
#5787=EDGE_CURVE('',#6854,#6855,#1519,.T.);
#5788=EDGE_CURVE('',#6854,#6856,#1520,.T.);
#5789=EDGE_CURVE('',#6856,#6857,#1521,.T.);
#5790=EDGE_CURVE('',#6855,#6857,#1522,.T.);
#5791=EDGE_CURVE('',#6858,#6859,#1523,.T.);
#5792=EDGE_CURVE('',#6858,#6860,#1524,.T.);
#5793=EDGE_CURVE('',#6860,#6861,#1525,.T.);
#5794=EDGE_CURVE('',#6859,#6861,#1526,.T.);
#5795=EDGE_CURVE('',#6862,#6863,#1527,.T.);
#5796=EDGE_CURVE('',#6863,#6864,#1528,.T.);
#5797=EDGE_CURVE('',#6865,#6864,#1529,.T.);
#5798=EDGE_CURVE('',#6862,#6865,#1530,.T.);
#5799=EDGE_CURVE('',#6866,#6867,#1531,.T.);
#5800=EDGE_CURVE('',#6868,#6867,#1532,.T.);
#5801=EDGE_CURVE('',#6869,#6868,#1533,.T.);
#5802=EDGE_CURVE('',#6869,#6866,#1534,.T.);
#5803=EDGE_CURVE('',#6870,#6871,#1535,.T.);
#5804=EDGE_CURVE('',#6870,#6872,#1536,.T.);
#5805=EDGE_CURVE('',#6872,#6873,#1537,.T.);
#5806=EDGE_CURVE('',#6871,#6873,#1538,.T.);
#5807=EDGE_CURVE('',#6874,#6875,#1539,.T.);
#5808=EDGE_CURVE('',#6874,#6876,#1540,.T.);
#5809=EDGE_CURVE('',#6876,#6877,#1541,.T.);
#5810=EDGE_CURVE('',#6875,#6877,#1542,.T.);
#5811=EDGE_CURVE('',#6878,#6879,#1543,.T.);
#5812=EDGE_CURVE('',#6878,#6880,#1544,.T.);
#5813=EDGE_CURVE('',#6880,#6881,#1545,.T.);
#5814=EDGE_CURVE('',#6879,#6881,#1546,.T.);
#5815=EDGE_CURVE('',#6828,#6853,#1547,.T.);
#5816=EDGE_CURVE('',#6829,#6852,#1548,.T.);
#5817=EDGE_CURVE('',#6838,#6866,#1549,.T.);
#5818=EDGE_CURVE('',#6839,#6867,#1550,.T.);
#5819=EDGE_CURVE('',#6826,#6850,#1551,.T.);
#5820=EDGE_CURVE('',#6827,#6851,#1552,.T.);
#5821=EDGE_CURVE('',#6840,#6869,#1553,.T.);
#5822=EDGE_CURVE('',#6841,#6868,#1554,.T.);
#5823=EDGE_CURVE('',#6882,#6854,#1555,.T.);
#5824=EDGE_CURVE('',#6882,#6883,#1556,.T.);
#5825=EDGE_CURVE('',#6883,#6856,#1557,.T.);
#5826=EDGE_CURVE('',#6884,#6855,#1558,.T.);
#5827=EDGE_CURVE('',#6882,#6884,#1559,.T.);
#5828=EDGE_CURVE('',#6885,#6857,#1560,.T.);
#5829=EDGE_CURVE('',#6884,#6885,#1561,.T.);
#5830=EDGE_CURVE('',#6883,#6885,#1562,.T.);
#5831=EDGE_CURVE('',#6886,#6858,#1563,.T.);
#5832=EDGE_CURVE('',#6886,#6887,#1564,.T.);
#5833=EDGE_CURVE('',#6887,#6860,#1565,.T.);
#5834=EDGE_CURVE('',#6888,#6859,#1566,.T.);
#5835=EDGE_CURVE('',#6886,#6888,#1567,.T.);
#5836=EDGE_CURVE('',#6889,#6861,#1568,.T.);
#5837=EDGE_CURVE('',#6888,#6889,#1569,.T.);
#5838=EDGE_CURVE('',#6887,#6889,#1570,.T.);
#5839=EDGE_CURVE('',#6890,#6870,#1571,.T.);
#5840=EDGE_CURVE('',#6890,#6891,#1572,.T.);
#5841=EDGE_CURVE('',#6891,#6872,#1573,.T.);
#5842=EDGE_CURVE('',#6892,#6871,#1574,.T.);
#5843=EDGE_CURVE('',#6890,#6892,#1575,.T.);
#5844=EDGE_CURVE('',#6893,#6873,#1576,.T.);
#5845=EDGE_CURVE('',#6892,#6893,#1577,.T.);
#5846=EDGE_CURVE('',#6891,#6893,#1578,.T.);
#5847=EDGE_CURVE('',#6894,#6874,#1579,.T.);
#5848=EDGE_CURVE('',#6894,#6895,#1580,.T.);
#5849=EDGE_CURVE('',#6895,#6876,#1581,.T.);
#5850=EDGE_CURVE('',#6896,#6875,#1582,.T.);
#5851=EDGE_CURVE('',#6894,#6896,#1583,.T.);
#5852=EDGE_CURVE('',#6897,#6877,#1584,.T.);
#5853=EDGE_CURVE('',#6896,#6897,#1585,.T.);
#5854=EDGE_CURVE('',#6895,#6897,#1586,.T.);
#5855=EDGE_CURVE('',#6879,#6863,#1587,.T.);
#5856=EDGE_CURVE('',#6878,#6862,#1588,.T.);
#5857=EDGE_CURVE('',#6880,#6865,#1589,.T.);
#5858=EDGE_CURVE('',#6881,#6864,#1590,.T.);
#5859=EDGE_CURVE('',#6843,#6832,#1591,.T.);
#5860=EDGE_CURVE('',#6844,#6830,#1592,.T.);
#5861=EDGE_CURVE('',#6845,#6831,#1593,.T.);
#5862=EDGE_CURVE('',#6842,#6833,#1594,.T.);
#5863=EDGE_CURVE('',#6847,#6836,#1595,.T.);
#5864=EDGE_CURVE('',#6848,#6834,#1596,.T.);
#5865=EDGE_CURVE('',#6849,#6835,#1597,.T.);
#5866=EDGE_CURVE('',#6846,#6837,#1598,.T.);
#5867=EDGE_CURVE('',#6898,#6899,#1599,.T.);
#5868=EDGE_CURVE('',#6900,#6899,#1600,.T.);
#5869=EDGE_CURVE('',#6901,#6900,#1601,.T.);
#5870=EDGE_CURVE('',#6901,#6898,#1602,.T.);
#5871=EDGE_CURVE('',#6902,#6902,#7527,.T.);
#5872=EDGE_CURVE('',#6898,#6903,#1603,.T.);
#5873=EDGE_CURVE('',#6901,#6904,#1604,.T.);
#5874=EDGE_CURVE('',#6904,#6903,#1605,.T.);
#5875=EDGE_CURVE('',#6903,#6905,#1606,.T.);
#5876=EDGE_CURVE('',#6904,#6906,#1607,.T.);
#5877=EDGE_CURVE('',#6906,#6905,#1608,.T.);
#5878=EDGE_CURVE('',#6899,#6905,#1609,.T.);
#5879=EDGE_CURVE('',#6900,#6906,#1610,.T.);
#5880=EDGE_CURVE('',#6907,#6907,#7528,.T.);
#5881=EDGE_CURVE('',#6908,#6909,#1611,.T.);
#5882=EDGE_CURVE('',#6908,#6910,#1612,.T.);
#5883=EDGE_CURVE('',#6911,#6910,#1613,.T.);
#5884=EDGE_CURVE('',#6912,#6911,#1614,.T.);
#5885=EDGE_CURVE('',#6912,#6913,#1615,.T.);
#5886=EDGE_CURVE('',#6909,#6913,#1616,.T.);
#5887=EDGE_CURVE('',#6914,#6915,#1617,.T.);
#5888=EDGE_CURVE('',#6914,#6916,#1618,.T.);
#5889=EDGE_CURVE('',#6917,#6916,#1619,.T.);
#5890=EDGE_CURVE('',#6918,#6917,#1620,.T.);
#5891=EDGE_CURVE('',#6918,#6919,#1621,.T.);
#5892=EDGE_CURVE('',#6915,#6919,#1622,.T.);
#5893=EDGE_CURVE('',#6920,#6921,#1623,.T.);
#5894=EDGE_CURVE('',#6920,#6922,#1624,.T.);
#5895=EDGE_CURVE('',#6923,#6922,#1625,.T.);
#5896=EDGE_CURVE('',#6924,#6923,#1626,.T.);
#5897=EDGE_CURVE('',#6924,#6925,#1627,.T.);
#5898=EDGE_CURVE('',#6921,#6925,#1628,.T.);
#5899=EDGE_CURVE('',#6926,#6927,#1629,.T.);
#5900=EDGE_CURVE('',#6926,#6928,#1630,.T.);
#5901=EDGE_CURVE('',#6929,#6928,#1631,.T.);
#5902=EDGE_CURVE('',#6930,#6929,#1632,.T.);
#5903=EDGE_CURVE('',#6930,#6931,#1633,.T.);
#5904=EDGE_CURVE('',#6927,#6931,#1634,.T.);
#5905=EDGE_CURVE('',#6920,#6932,#1635,.T.);
#5906=EDGE_CURVE('',#6932,#6933,#1636,.T.);
#5907=EDGE_CURVE('',#6934,#6933,#1637,.T.);
#5908=EDGE_CURVE('',#6934,#6935,#1638,.T.);
#5909=EDGE_CURVE('',#6935,#6922,#1639,.T.);
#5910=EDGE_CURVE('',#6921,#6936,#1640,.T.);
#5911=EDGE_CURVE('',#6925,#6937,#1641,.T.);
#5912=EDGE_CURVE('',#6936,#6937,#1642,.T.);
#5913=EDGE_CURVE('',#6932,#6936,#1643,.T.);
#5914=EDGE_CURVE('',#6933,#6937,#1644,.T.);
#5915=EDGE_CURVE('',#6908,#6938,#1645,.T.);
#5916=EDGE_CURVE('',#6938,#6939,#1646,.T.);
#5917=EDGE_CURVE('',#6939,#6910,#1647,.T.);
#5918=EDGE_CURVE('',#6909,#6940,#1648,.T.);
#5919=EDGE_CURVE('',#6913,#6941,#1649,.T.);
#5920=EDGE_CURVE('',#6940,#6941,#1650,.T.);
#5921=EDGE_CURVE('',#6938,#6940,#1651,.T.);
#5922=EDGE_CURVE('',#6942,#6941,#1652,.T.);
#5923=EDGE_CURVE('',#6942,#6943,#1653,.T.);
#5924=EDGE_CURVE('',#6943,#6939,#1654,.T.);
#5925=EDGE_CURVE('',#6914,#6944,#1655,.T.);
#5926=EDGE_CURVE('',#6944,#6945,#1656,.T.);
#5927=EDGE_CURVE('',#6945,#6916,#1657,.T.);
#5928=EDGE_CURVE('',#6915,#6946,#1658,.T.);
#5929=EDGE_CURVE('',#6919,#6947,#1659,.T.);
#5930=EDGE_CURVE('',#6946,#6947,#1660,.T.);
#5931=EDGE_CURVE('',#6944,#6946,#1661,.T.);
#5932=EDGE_CURVE('',#6948,#6947,#1662,.T.);
#5933=EDGE_CURVE('',#6948,#6949,#1663,.T.);
#5934=EDGE_CURVE('',#6949,#6945,#1664,.T.);
#5935=EDGE_CURVE('',#6926,#6950,#1665,.T.);
#5936=EDGE_CURVE('',#6950,#6951,#1666,.T.);
#5937=EDGE_CURVE('',#6952,#6951,#1667,.T.);
#5938=EDGE_CURVE('',#6952,#6953,#1668,.T.);
#5939=EDGE_CURVE('',#6953,#6928,#1669,.T.);
#5940=EDGE_CURVE('',#6927,#6954,#1670,.T.);
#5941=EDGE_CURVE('',#6931,#6955,#1671,.T.);
#5942=EDGE_CURVE('',#6954,#6955,#1672,.T.);
#5943=EDGE_CURVE('',#6950,#6954,#1673,.T.);
#5944=EDGE_CURVE('',#6951,#6955,#1674,.T.);
#5945=EDGE_CURVE('',#6956,#6957,#1675,.T.);
#5946=EDGE_CURVE('',#6956,#6958,#1676,.T.);
#5947=EDGE_CURVE('',#6959,#6958,#1677,.T.);
#5948=EDGE_CURVE('',#6960,#6959,#1678,.T.);
#5949=EDGE_CURVE('',#6960,#6961,#1679,.T.);
#5950=EDGE_CURVE('',#6957,#6961,#1680,.T.);
#5951=EDGE_CURVE('',#6962,#6963,#1681,.T.);
#5952=EDGE_CURVE('',#6962,#6964,#1682,.T.);
#5953=EDGE_CURVE('',#6964,#6965,#1683,.T.);
#5954=EDGE_CURVE('',#6966,#6965,#1684,.T.);
#5955=EDGE_CURVE('',#6966,#6967,#1685,.T.);
#5956=EDGE_CURVE('',#6967,#6963,#1686,.T.);
#5957=EDGE_CURVE('',#6962,#6956,#1687,.T.);
#5958=EDGE_CURVE('',#6958,#6963,#1688,.T.);
#5959=EDGE_CURVE('',#6964,#6957,#1689,.T.);
#5960=EDGE_CURVE('',#6965,#6961,#1690,.T.);
#5961=EDGE_CURVE('',#6967,#6968,#1691,.T.);
#5962=EDGE_CURVE('',#6968,#6924,#1692,.T.);
#5963=EDGE_CURVE('',#6923,#6969,#1693,.T.);
#5964=EDGE_CURVE('',#6970,#6969,#1694,.T.);
#5965=EDGE_CURVE('',#6971,#6970,#1695,.T.);
#5966=EDGE_CURVE('',#6971,#6959,#1696,.T.);
#5967=EDGE_CURVE('',#6935,#6911,#1697,.T.);
#5968=EDGE_CURVE('',#6943,#6917,#1698,.T.);
#5969=EDGE_CURVE('',#6949,#6929,#1699,.T.);
#5970=EDGE_CURVE('',#6953,#6972,#1700,.T.);
#5971=EDGE_CURVE('',#6969,#6972,#1701,.T.);
#5972=EDGE_CURVE('',#6973,#6974,#1702,.T.);
#5973=EDGE_CURVE('',#6974,#6975,#1703,.T.);
#5974=EDGE_CURVE('',#6976,#6975,#1704,.T.);
#5975=EDGE_CURVE('',#6973,#6976,#1705,.T.);
#5976=EDGE_CURVE('',#6977,#6978,#1706,.T.);
#5977=EDGE_CURVE('',#6978,#6979,#1707,.T.);
#5978=EDGE_CURVE('',#6980,#6979,#1708,.T.);
#5979=EDGE_CURVE('',#6977,#6980,#1709,.T.);
#5980=EDGE_CURVE('',#6966,#6960,#1710,.T.);
#5981=EDGE_CURVE('',#6971,#6981,#1711,.T.);
#5982=EDGE_CURVE('',#6981,#6982,#1712,.T.);
#5983=EDGE_CURVE('',#6982,#6930,#1713,.T.);
#5984=EDGE_CURVE('',#6948,#6918,#1714,.T.);
#5985=EDGE_CURVE('',#6942,#6912,#1715,.T.);
#5986=EDGE_CURVE('',#6934,#6968,#1716,.T.);
#5987=EDGE_CURVE('',#6983,#6984,#1717,.T.);
#5988=EDGE_CURVE('',#6985,#6983,#1718,.T.);
#5989=EDGE_CURVE('',#6985,#6986,#1719,.T.);
#5990=EDGE_CURVE('',#6986,#6984,#1720,.T.);
#5991=EDGE_CURVE('',#6970,#6987,#1721,.T.);
#5992=EDGE_CURVE('',#6987,#6972,#1722,.T.);
#5993=EDGE_CURVE('',#6988,#6989,#1723,.T.);
#5994=EDGE_CURVE('',#6989,#6990,#1724,.T.);
#5995=EDGE_CURVE('',#6991,#6990,#1725,.T.);
#5996=EDGE_CURVE('',#6992,#6991,#1726,.T.);
#5997=EDGE_CURVE('',#6992,#6993,#1727,.T.);
#5998=EDGE_CURVE('',#6984,#6993,#1728,.T.);
#5999=EDGE_CURVE('',#6986,#6994,#1729,.T.);
#6000=EDGE_CURVE('',#6995,#6994,#1730,.T.);
#6001=EDGE_CURVE('',#6995,#6988,#1731,.T.);
#6002=EDGE_CURVE('',#6985,#6996,#1732,.T.);
#6003=EDGE_CURVE('',#6996,#6997,#1733,.T.);
#6004=EDGE_CURVE('',#6998,#6997,#1734,.T.);
#6005=EDGE_CURVE('',#6998,#6999,#1735,.T.);
#6006=EDGE_CURVE('',#6999,#7000,#1736,.T.);
#6007=EDGE_CURVE('',#7000,#7001,#1737,.T.);
#6008=EDGE_CURVE('',#7002,#7001,#1738,.T.);
#6009=EDGE_CURVE('',#7002,#7003,#1739,.T.);
#6010=EDGE_CURVE('',#7003,#7004,#1740,.T.);
#6011=EDGE_CURVE('',#7004,#7005,#1741,.T.);
#6012=EDGE_CURVE('',#7006,#7005,#1742,.T.);
#6013=EDGE_CURVE('',#7006,#7007,#1743,.T.);
#6014=EDGE_CURVE('',#7007,#7008,#1744,.T.);
#6015=EDGE_CURVE('',#7008,#6994,#1745,.T.);
#6016=EDGE_CURVE('',#7009,#6996,#1746,.T.);
#6017=EDGE_CURVE('',#6983,#7010,#1747,.T.);
#6018=EDGE_CURVE('',#7011,#7010,#1748,.T.);
#6019=EDGE_CURVE('',#7009,#7011,#1749,.T.);
#6020=EDGE_CURVE('',#7012,#7003,#1750,.T.);
#6021=EDGE_CURVE('',#7013,#7002,#1751,.T.);
#6022=EDGE_CURVE('',#7014,#7013,#1752,.T.);
#6023=EDGE_CURVE('',#7014,#6999,#1753,.T.);
#6024=EDGE_CURVE('',#7015,#6998,#1754,.T.);
#6025=EDGE_CURVE('',#7011,#7015,#1755,.T.);
#6026=EDGE_CURVE('',#7010,#6993,#1756,.T.);
#6027=EDGE_CURVE('',#7016,#6992,#1757,.T.);
#6028=EDGE_CURVE('',#7017,#7016,#1758,.T.);
#6029=EDGE_CURVE('',#7017,#7018,#1759,.T.);
#6030=EDGE_CURVE('',#7018,#7019,#1760,.T.);
#6031=EDGE_CURVE('',#7019,#6989,#1761,.T.);
#6032=EDGE_CURVE('',#7020,#6988,#1762,.T.);
#6033=EDGE_CURVE('',#7020,#7007,#1763,.T.);
#6034=EDGE_CURVE('',#7021,#7006,#1764,.T.);
#6035=EDGE_CURVE('',#7012,#7021,#1765,.T.);
#6036=EDGE_CURVE('',#7022,#7022,#7529,.T.);
#6037=EDGE_CURVE('',#7023,#7008,#1766,.T.);
#6038=EDGE_CURVE('',#7023,#6995,#1767,.T.);
#6039=EDGE_CURVE('',#7020,#7023,#1768,.T.);
#6040=EDGE_CURVE('',#7012,#7024,#1769,.T.);
#6041=EDGE_CURVE('',#7024,#7004,#1770,.T.);
#6042=EDGE_CURVE('',#7025,#7005,#1771,.T.);
#6043=EDGE_CURVE('',#7021,#7025,#1772,.T.);
#6044=EDGE_CURVE('',#7024,#7025,#1773,.T.);
#6045=EDGE_CURVE('',#7014,#7026,#1774,.T.);
#6046=EDGE_CURVE('',#7026,#7000,#1775,.T.);
#6047=EDGE_CURVE('',#7027,#7001,#1776,.T.);
#6048=EDGE_CURVE('',#7013,#7027,#1777,.T.);
#6049=EDGE_CURVE('',#7026,#7027,#1778,.T.);
#6050=EDGE_CURVE('',#7028,#6997,#1779,.T.);
#6051=EDGE_CURVE('',#7009,#7028,#1780,.T.);
#6052=EDGE_CURVE('',#7015,#7028,#1781,.T.);
#6053=EDGE_CURVE('',#7029,#6991,#1782,.T.);
#6054=EDGE_CURVE('',#7016,#7029,#1783,.T.);
#6055=EDGE_CURVE('',#7030,#6990,#1784,.T.);
#6056=EDGE_CURVE('',#7031,#7030,#1785,.T.);
#6057=EDGE_CURVE('',#7032,#7031,#1786,.T.);
#6058=EDGE_CURVE('',#7029,#7032,#1787,.T.);
#6059=EDGE_CURVE('',#7030,#7019,#1788,.T.);
#6060=EDGE_CURVE('',#7017,#7032,#1789,.T.);
#6061=EDGE_CURVE('',#7031,#7018,#1790,.T.);
#6062=EDGE_CURVE('',#7033,#7033,#7530,.T.);
#6063=EDGE_CURVE('',#6981,#6987,#1791,.T.);
#6064=EDGE_CURVE('',#6982,#6952,#1792,.T.);
#6065=EDGE_CURVE('',#7034,#6977,#1793,.T.);
#6066=EDGE_CURVE('',#7034,#7035,#1794,.T.);
#6067=EDGE_CURVE('',#7035,#6978,#1795,.T.);
#6068=EDGE_CURVE('',#7036,#6980,#1796,.T.);
#6069=EDGE_CURVE('',#7034,#7036,#1797,.T.);
#6070=EDGE_CURVE('',#7037,#6979,#1798,.T.);
#6071=EDGE_CURVE('',#7036,#7037,#1799,.T.);
#6072=EDGE_CURVE('',#7035,#7037,#1800,.T.);
#6073=EDGE_CURVE('',#7038,#6973,#1801,.T.);
#6074=EDGE_CURVE('',#7038,#7039,#1802,.T.);
#6075=EDGE_CURVE('',#7039,#6974,#1803,.T.);
#6076=EDGE_CURVE('',#7040,#6976,#1804,.T.);
#6077=EDGE_CURVE('',#7038,#7040,#1805,.T.);
#6078=EDGE_CURVE('',#7041,#6975,#1806,.T.);
#6079=EDGE_CURVE('',#7040,#7041,#1807,.T.);
#6080=EDGE_CURVE('',#7039,#7041,#1808,.T.);
#6081=EDGE_CURVE('',#7042,#7043,#1809,.T.);
#6082=EDGE_CURVE('',#7044,#7042,#1810,.T.);
#6083=EDGE_CURVE('',#7044,#7045,#1811,.T.);
#6084=EDGE_CURVE('',#7045,#7043,#1812,.T.);
#6085=EDGE_CURVE('',#7042,#7046,#1813,.T.);
#6086=EDGE_CURVE('',#7047,#7046,#1814,.T.);
#6087=EDGE_CURVE('',#7044,#7047,#1815,.T.);
#6088=EDGE_CURVE('',#7046,#7048,#1816,.T.);
#6089=EDGE_CURVE('',#7049,#7048,#1817,.T.);
#6090=EDGE_CURVE('',#7047,#7049,#1818,.T.);
#6091=EDGE_CURVE('',#7050,#7048,#1819,.T.);
#6092=EDGE_CURVE('',#7051,#7050,#1820,.T.);
#6093=EDGE_CURVE('',#7051,#7049,#1821,.T.);
#6094=EDGE_CURVE('',#7050,#7052,#1822,.T.);
#6095=EDGE_CURVE('',#7053,#7052,#1823,.T.);
#6096=EDGE_CURVE('',#7051,#7053,#1824,.T.);
#6097=EDGE_CURVE('',#7052,#7043,#1825,.T.);
#6098=EDGE_CURVE('',#7053,#7045,#1826,.T.);
#6099=EDGE_CURVE('',#7054,#7054,#7531,.T.);
#6100=EDGE_CURVE('',#7055,#7055,#7532,.T.);
#6101=EDGE_CURVE('',#7056,#7057,#1827,.T.);
#6102=EDGE_CURVE('',#7058,#7056,#1828,.T.);
#6103=EDGE_CURVE('',#7058,#7059,#1829,.T.);
#6104=EDGE_CURVE('',#7059,#7057,#1830,.T.);
#6105=EDGE_CURVE('',#7060,#7061,#1831,.T.);
#6106=EDGE_CURVE('',#7062,#7060,#1832,.T.);
#6107=EDGE_CURVE('',#7062,#7063,#1833,.T.);
#6108=EDGE_CURVE('',#7063,#7061,#1834,.T.);
#6109=EDGE_CURVE('',#7064,#7065,#1835,.T.);
#6110=EDGE_CURVE('',#7066,#7064,#1836,.T.);
#6111=EDGE_CURVE('',#7066,#7067,#1837,.T.);
#6112=EDGE_CURVE('',#7067,#7065,#1838,.T.);
#6113=EDGE_CURVE('',#7068,#7068,#7533,.T.);
#6114=EDGE_CURVE('',#7069,#7064,#1839,.T.);
#6115=EDGE_CURVE('',#7070,#7065,#1840,.T.);
#6116=EDGE_CURVE('',#7070,#7069,#1841,.T.);
#6117=EDGE_CURVE('',#7071,#7067,#1842,.T.);
#6118=EDGE_CURVE('',#7070,#7071,#1843,.T.);
#6119=EDGE_CURVE('',#7072,#7066,#1844,.T.);
#6120=EDGE_CURVE('',#7071,#7072,#1845,.T.);
#6121=EDGE_CURVE('',#7069,#7072,#1846,.T.);
#6122=EDGE_CURVE('',#7073,#7060,#1847,.T.);
#6123=EDGE_CURVE('',#7074,#7061,#1848,.T.);
#6124=EDGE_CURVE('',#7074,#7073,#1849,.T.);
#6125=EDGE_CURVE('',#7075,#7063,#1850,.T.);
#6126=EDGE_CURVE('',#7074,#7075,#1851,.T.);
#6127=EDGE_CURVE('',#7076,#7062,#1852,.T.);
#6128=EDGE_CURVE('',#7075,#7076,#1853,.T.);
#6129=EDGE_CURVE('',#7073,#7076,#1854,.T.);
#6130=EDGE_CURVE('',#7077,#7056,#1855,.T.);
#6131=EDGE_CURVE('',#7078,#7057,#1856,.T.);
#6132=EDGE_CURVE('',#7078,#7077,#1857,.T.);
#6133=EDGE_CURVE('',#7079,#7059,#1858,.T.);
#6134=EDGE_CURVE('',#7078,#7079,#1859,.T.);
#6135=EDGE_CURVE('',#7080,#7058,#1860,.T.);
#6136=EDGE_CURVE('',#7079,#7080,#1861,.T.);
#6137=EDGE_CURVE('',#7077,#7080,#1862,.T.);
#6138=EDGE_CURVE('',#7081,#7081,#7534,.T.);
#6139=EDGE_CURVE('',#7082,#7083,#1863,.T.);
#6140=EDGE_CURVE('',#7082,#7084,#1864,.T.);
#6141=EDGE_CURVE('',#7084,#7085,#1865,.T.);
#6142=EDGE_CURVE('',#7083,#7085,#1866,.T.);
#6143=EDGE_CURVE('',#7086,#7087,#1867,.T.);
#6144=EDGE_CURVE('',#7086,#7088,#1868,.T.);
#6145=EDGE_CURVE('',#7088,#7089,#1869,.T.);
#6146=EDGE_CURVE('',#7087,#7089,#1870,.T.);
#6147=EDGE_CURVE('',#7090,#7091,#1871,.T.);
#6148=EDGE_CURVE('',#7091,#7092,#1872,.T.);
#6149=EDGE_CURVE('',#7093,#7092,#1873,.T.);
#6150=EDGE_CURVE('',#7090,#7093,#1874,.T.);
#6151=EDGE_CURVE('',#7094,#7095,#1875,.T.);
#6152=EDGE_CURVE('',#7094,#7096,#1876,.T.);
#6153=EDGE_CURVE('',#7096,#7097,#1877,.T.);
#6154=EDGE_CURVE('',#7095,#7097,#1878,.T.);
#6155=EDGE_CURVE('',#7098,#7099,#1879,.T.);
#6156=EDGE_CURVE('',#7098,#7100,#1880,.T.);
#6157=EDGE_CURVE('',#7100,#7101,#1881,.T.);
#6158=EDGE_CURVE('',#7099,#7101,#1882,.T.);
#6159=EDGE_CURVE('',#7102,#7103,#1883,.T.);
#6160=EDGE_CURVE('',#7102,#7104,#1884,.T.);
#6161=EDGE_CURVE('',#7104,#7105,#1885,.T.);
#6162=EDGE_CURVE('',#7103,#7105,#1886,.T.);
#6163=EDGE_CURVE('',#7106,#7107,#1887,.T.);
#6164=EDGE_CURVE('',#7106,#7108,#1888,.T.);
#6165=EDGE_CURVE('',#7108,#7109,#1889,.T.);
#6166=EDGE_CURVE('',#7107,#7109,#1890,.T.);
#6167=EDGE_CURVE('',#7110,#7111,#1891,.T.);
#6168=EDGE_CURVE('',#7110,#7112,#1892,.T.);
#6169=EDGE_CURVE('',#7112,#7113,#1893,.T.);
#6170=EDGE_CURVE('',#7111,#7113,#1894,.T.);
#6171=EDGE_CURVE('',#7114,#7115,#1895,.T.);
#6172=EDGE_CURVE('',#7114,#7116,#1896,.T.);
#6173=EDGE_CURVE('',#7116,#7117,#1897,.T.);
#6174=EDGE_CURVE('',#7115,#7117,#1898,.T.);
#6175=EDGE_CURVE('',#7118,#7119,#1899,.T.);
#6176=EDGE_CURVE('',#7118,#7120,#1900,.T.);
#6177=EDGE_CURVE('',#7120,#7121,#1901,.T.);
#6178=EDGE_CURVE('',#7119,#7121,#1902,.T.);
#6179=EDGE_CURVE('',#7122,#7123,#1903,.T.);
#6180=EDGE_CURVE('',#7122,#7124,#1904,.T.);
#6181=EDGE_CURVE('',#7124,#7125,#1905,.T.);
#6182=EDGE_CURVE('',#7123,#7125,#1906,.T.);
#6183=EDGE_CURVE('',#7126,#7127,#1907,.T.);
#6184=EDGE_CURVE('',#7126,#7128,#1908,.T.);
#6185=EDGE_CURVE('',#7128,#7129,#1909,.T.);
#6186=EDGE_CURVE('',#7127,#7129,#1910,.T.);
#6187=EDGE_CURVE('',#7106,#7090,#1911,.T.);
#6188=EDGE_CURVE('',#7107,#7091,#1912,.T.);
#6189=EDGE_CURVE('',#7108,#7093,#1913,.T.);
#6190=EDGE_CURVE('',#7109,#7092,#1914,.T.);
#6191=EDGE_CURVE('',#7130,#7110,#1915,.T.);
#6192=EDGE_CURVE('',#7130,#7131,#1916,.T.);
#6193=EDGE_CURVE('',#7131,#7112,#1917,.T.);
#6194=EDGE_CURVE('',#7132,#7111,#1918,.T.);
#6195=EDGE_CURVE('',#7130,#7132,#1919,.T.);
#6196=EDGE_CURVE('',#7133,#7113,#1920,.T.);
#6197=EDGE_CURVE('',#7132,#7133,#1921,.T.);
#6198=EDGE_CURVE('',#7131,#7133,#1922,.T.);
#6199=EDGE_CURVE('',#7134,#7114,#1923,.T.);
#6200=EDGE_CURVE('',#7134,#7135,#1924,.T.);
#6201=EDGE_CURVE('',#7135,#7116,#1925,.T.);
#6202=EDGE_CURVE('',#7136,#7115,#1926,.T.);
#6203=EDGE_CURVE('',#7134,#7136,#1927,.T.);
#6204=EDGE_CURVE('',#7137,#7117,#1928,.T.);
#6205=EDGE_CURVE('',#7136,#7137,#1929,.T.);
#6206=EDGE_CURVE('',#7135,#7137,#1930,.T.);
#6207=EDGE_CURVE('',#7138,#7118,#1931,.T.);
#6208=EDGE_CURVE('',#7138,#7139,#1932,.T.);
#6209=EDGE_CURVE('',#7139,#7120,#1933,.T.);
#6210=EDGE_CURVE('',#7140,#7119,#1934,.T.);
#6211=EDGE_CURVE('',#7138,#7140,#1935,.T.);
#6212=EDGE_CURVE('',#7141,#7121,#1936,.T.);
#6213=EDGE_CURVE('',#7140,#7141,#1937,.T.);
#6214=EDGE_CURVE('',#7139,#7141,#1938,.T.);
#6215=EDGE_CURVE('',#7142,#7122,#1939,.T.);
#6216=EDGE_CURVE('',#7142,#7143,#1940,.T.);
#6217=EDGE_CURVE('',#7143,#7124,#1941,.T.);
#6218=EDGE_CURVE('',#7144,#7123,#1942,.T.);
#6219=EDGE_CURVE('',#7142,#7144,#1943,.T.);
#6220=EDGE_CURVE('',#7145,#7125,#1944,.T.);
#6221=EDGE_CURVE('',#7144,#7145,#1945,.T.);
#6222=EDGE_CURVE('',#7143,#7145,#1946,.T.);
#6223=EDGE_CURVE('',#7146,#7126,#1947,.T.);
#6224=EDGE_CURVE('',#7146,#7147,#1948,.T.);
#6225=EDGE_CURVE('',#7147,#7128,#1949,.T.);
#6226=EDGE_CURVE('',#7148,#7127,#1950,.T.);
#6227=EDGE_CURVE('',#7146,#7148,#1951,.T.);
#6228=EDGE_CURVE('',#7149,#7129,#1952,.T.);
#6229=EDGE_CURVE('',#7148,#7149,#1953,.T.);
#6230=EDGE_CURVE('',#7147,#7149,#1954,.T.);
#6231=EDGE_CURVE('',#7150,#7094,#1955,.T.);
#6232=EDGE_CURVE('',#7151,#7095,#1956,.T.);
#6233=EDGE_CURVE('',#7150,#7151,#1957,.T.);
#6234=EDGE_CURVE('',#7150,#7152,#1958,.T.);
#6235=EDGE_CURVE('',#7152,#7096,#1959,.T.);
#6236=EDGE_CURVE('',#7152,#7153,#1960,.T.);
#6237=EDGE_CURVE('',#7153,#7097,#1961,.T.);
#6238=EDGE_CURVE('',#7151,#7153,#1962,.T.);
#6239=EDGE_CURVE('',#7154,#7086,#1963,.T.);
#6240=EDGE_CURVE('',#7155,#7087,#1964,.T.);
#6241=EDGE_CURVE('',#7154,#7155,#1965,.T.);
#6242=EDGE_CURVE('',#7154,#7156,#1966,.T.);
#6243=EDGE_CURVE('',#7156,#7088,#1967,.T.);
#6244=EDGE_CURVE('',#7156,#7157,#1968,.T.);
#6245=EDGE_CURVE('',#7157,#7089,#1969,.T.);
#6246=EDGE_CURVE('',#7155,#7157,#1970,.T.);
#6247=EDGE_CURVE('',#7158,#7098,#1971,.T.);
#6248=EDGE_CURVE('',#7159,#7099,#1972,.T.);
#6249=EDGE_CURVE('',#7158,#7159,#1973,.T.);
#6250=EDGE_CURVE('',#7158,#7160,#1974,.T.);
#6251=EDGE_CURVE('',#7160,#7100,#1975,.T.);
#6252=EDGE_CURVE('',#7160,#7161,#1976,.T.);
#6253=EDGE_CURVE('',#7161,#7101,#1977,.T.);
#6254=EDGE_CURVE('',#7159,#7161,#1978,.T.);
#6255=EDGE_CURVE('',#7162,#7082,#1979,.T.);
#6256=EDGE_CURVE('',#7163,#7083,#1980,.T.);
#6257=EDGE_CURVE('',#7162,#7163,#1981,.T.);
#6258=EDGE_CURVE('',#7162,#7164,#1982,.T.);
#6259=EDGE_CURVE('',#7164,#7084,#1983,.T.);
#6260=EDGE_CURVE('',#7164,#7165,#1984,.T.);
#6261=EDGE_CURVE('',#7165,#7085,#1985,.T.);
#6262=EDGE_CURVE('',#7163,#7165,#1986,.T.);
#6263=EDGE_CURVE('',#7166,#7102,#1987,.T.);
#6264=EDGE_CURVE('',#7167,#7103,#1988,.T.);
#6265=EDGE_CURVE('',#7166,#7167,#1989,.T.);
#6266=EDGE_CURVE('',#7166,#7168,#1990,.T.);
#6267=EDGE_CURVE('',#7168,#7104,#1991,.T.);
#6268=EDGE_CURVE('',#7168,#7169,#1992,.T.);
#6269=EDGE_CURVE('',#7169,#7105,#1993,.T.);
#6270=EDGE_CURVE('',#7167,#7169,#1994,.T.);
#6271=EDGE_CURVE('',#7170,#7171,#1995,.T.);
#6272=EDGE_CURVE('',#7172,#7170,#1996,.T.);
#6273=EDGE_CURVE('',#7172,#7173,#1997,.T.);
#6274=EDGE_CURVE('',#7173,#7171,#1998,.T.);
#6275=EDGE_CURVE('',#7170,#7174,#1999,.T.);
#6276=EDGE_CURVE('',#7175,#7174,#2000,.T.);
#6277=EDGE_CURVE('',#7172,#7175,#2001,.T.);
#6278=EDGE_CURVE('',#7174,#7176,#2002,.T.);
#6279=EDGE_CURVE('',#7177,#7176,#2003,.T.);
#6280=EDGE_CURVE('',#7175,#7177,#2004,.T.);
#6281=EDGE_CURVE('',#7171,#7176,#2005,.T.);
#6282=EDGE_CURVE('',#7173,#7177,#2006,.T.);
#6283=EDGE_CURVE('',#7178,#7178,#7535,.T.);
#6284=EDGE_CURVE('',#7179,#7179,#7536,.T.);
#6285=EDGE_CURVE('',#7180,#7180,#7537,.T.);
#6286=EDGE_CURVE('',#7181,#7181,#7538,.T.);
#6287=EDGE_CURVE('',#7182,#7183,#2007,.T.);
#6288=EDGE_CURVE('',#7184,#7183,#2008,.T.);
#6289=EDGE_CURVE('',#7185,#7184,#2009,.T.);
#6290=EDGE_CURVE('',#7185,#7182,#2010,.T.);
#6291=EDGE_CURVE('',#7186,#7182,#2011,.T.);
#6292=EDGE_CURVE('',#7187,#7185,#2012,.T.);
#6293=EDGE_CURVE('',#7187,#7186,#2013,.T.);
#6294=EDGE_CURVE('',#7188,#7188,#7539,.T.);
#6295=EDGE_CURVE('',#7186,#7189,#2014,.T.);
#6296=EDGE_CURVE('',#7187,#7190,#2015,.T.);
#6297=EDGE_CURVE('',#7190,#7189,#2016,.T.);
#6298=EDGE_CURVE('',#7183,#7189,#2017,.T.);
#6299=EDGE_CURVE('',#7184,#7190,#2018,.T.);
#6300=EDGE_CURVE('',#7191,#7191,#7540,.F.);
#6301=EDGE_CURVE('',#7192,#7192,#7541,.T.);
#6302=EDGE_CURVE('',#7194,#7194,#7542,.T.);
#6303=EDGE_CURVE('',#7195,#7195,#7543,.T.);
#6304=EDGE_CURVE('',#7196,#7196,#7544,.T.);
#6305=EDGE_CURVE('',#7197,#7197,#7545,.T.);
#6306=EDGE_CURVE('',#7198,#7198,#7546,.T.);
#6307=EDGE_CURVE('',#7199,#7200,#2019,.T.);
#6308=EDGE_CURVE('',#7201,#7200,#2020,.T.);
#6309=EDGE_CURVE('',#7202,#7201,#2021,.T.);
#6310=EDGE_CURVE('',#7202,#7199,#2022,.T.);
#6311=EDGE_CURVE('',#7200,#7203,#2023,.T.);
#6312=EDGE_CURVE('',#7204,#7203,#2024,.T.);
#6313=EDGE_CURVE('',#7201,#7204,#2025,.T.);
#6314=EDGE_CURVE('',#7205,#7203,#2026,.T.);
#6315=EDGE_CURVE('',#7206,#7205,#2027,.T.);
#6316=EDGE_CURVE('',#7206,#7204,#2028,.T.);
#6317=EDGE_CURVE('',#7207,#7208,#2029,.T.);
#6318=EDGE_CURVE('',#7209,#7207,#2030,.T.);
#6319=EDGE_CURVE('',#7209,#7210,#2031,.T.);
#6320=EDGE_CURVE('',#7210,#7208,#2032,.T.);
#6321=EDGE_CURVE('',#7207,#7211,#2033,.T.);
#6322=EDGE_CURVE('',#7212,#7211,#2034,.T.);
#6323=EDGE_CURVE('',#7209,#7212,#2035,.T.);
#6324=EDGE_CURVE('',#7213,#7211,#2036,.T.);
#6325=EDGE_CURVE('',#7214,#7213,#2037,.T.);
#6326=EDGE_CURVE('',#7214,#7212,#2038,.T.);
#6327=EDGE_CURVE('',#7215,#7213,#2039,.T.);
#6328=EDGE_CURVE('',#7216,#7215,#2040,.T.);
#6329=EDGE_CURVE('',#7216,#7214,#2041,.T.);
#6330=EDGE_CURVE('',#7215,#7217,#2042,.T.);
#6331=EDGE_CURVE('',#7218,#7217,#2043,.T.);
#6332=EDGE_CURVE('',#7216,#7218,#2044,.T.);
#6333=EDGE_CURVE('',#7219,#7217,#2045,.T.);
#6334=EDGE_CURVE('',#7220,#7219,#2046,.T.);
#6335=EDGE_CURVE('',#7220,#7218,#2047,.T.);
#6336=EDGE_CURVE('',#7221,#7219,#2048,.T.);
#6337=EDGE_CURVE('',#7222,#7221,#2049,.T.);
#6338=EDGE_CURVE('',#7222,#7220,#2050,.T.);
#6339=EDGE_CURVE('',#7208,#7221,#2051,.T.);
#6340=EDGE_CURVE('',#7210,#7222,#2052,.T.);
#6341=EDGE_CURVE('',#7199,#7205,#2053,.T.);
#6342=EDGE_CURVE('',#7202,#7206,#2054,.T.);
#6343=EDGE_CURVE('',#7223,#7224,#2055,.T.);
#6344=EDGE_CURVE('',#7225,#7223,#2056,.T.);
#6345=EDGE_CURVE('',#7225,#7226,#2057,.T.);
#6346=EDGE_CURVE('',#7226,#7224,#2058,.T.);
#6347=EDGE_CURVE('',#7227,#7228,#2059,.T.);
#6348=EDGE_CURVE('',#7229,#7227,#2060,.T.);
#6349=EDGE_CURVE('',#7229,#7230,#2061,.T.);
#6350=EDGE_CURVE('',#7230,#7228,#2062,.T.);
#6351=EDGE_CURVE('',#7231,#7231,#7547,.T.);
#6352=EDGE_CURVE('',#7232,#7232,#7548,.T.);
#6353=EDGE_CURVE('',#7233,#7233,#7549,.T.);
#6354=EDGE_CURVE('',#7234,#7234,#7550,.T.);
#6355=EDGE_CURVE('',#7235,#7235,#7551,.T.);
#6356=EDGE_CURVE('',#7236,#7236,#7552,.T.);
#6357=EDGE_CURVE('',#7237,#7237,#7553,.F.);
#6358=EDGE_CURVE('',#7238,#7238,#7554,.F.);
#6359=EDGE_CURVE('',#7239,#7239,#7555,.F.);
#6360=EDGE_CURVE('',#7240,#7240,#7556,.F.);
#6361=EDGE_CURVE('',#7241,#7241,#7557,.F.);
#6362=EDGE_CURVE('',#7242,#7242,#7558,.F.);
#6363=EDGE_CURVE('',#7243,#7243,#7559,.T.);
#6364=EDGE_CURVE('',#7244,#7244,#7560,.T.);
#6365=EDGE_CURVE('',#7245,#7245,#7561,.T.);
#6366=EDGE_CURVE('',#7246,#7246,#7562,.T.);
#6367=EDGE_CURVE('',#7247,#7247,#7563,.T.);
#6368=EDGE_CURVE('',#7248,#7248,#7564,.T.);
#6369=EDGE_CURVE('',#7249,#7249,#7565,.T.);
#6370=EDGE_CURVE('',#7250,#7250,#7566,.T.);
#6371=EDGE_CURVE('',#7251,#7251,#7567,.T.);
#6372=EDGE_CURVE('',#7252,#7252,#7568,.T.);
#6373=EDGE_CURVE('',#7253,#7253,#7569,.T.);
#6374=EDGE_CURVE('',#7254,#7254,#7570,.T.);
#6375=EDGE_CURVE('',#7255,#7227,#2063,.T.);
#6376=EDGE_CURVE('',#7256,#7228,#2064,.T.);
#6377=EDGE_CURVE('',#7256,#7255,#2065,.T.);
#6378=EDGE_CURVE('',#7257,#7230,#2066,.T.);
#6379=EDGE_CURVE('',#7256,#7257,#2067,.T.);
#6380=EDGE_CURVE('',#7258,#7229,#2068,.T.);
#6381=EDGE_CURVE('',#7257,#7258,#2069,.T.);
#6382=EDGE_CURVE('',#7255,#7258,#2070,.T.);
#6383=EDGE_CURVE('',#7259,#7223,#2071,.T.);
#6384=EDGE_CURVE('',#7260,#7224,#2072,.T.);
#6385=EDGE_CURVE('',#7260,#7259,#2073,.T.);
#6386=EDGE_CURVE('',#7261,#7226,#2074,.T.);
#6387=EDGE_CURVE('',#7260,#7261,#2075,.T.);
#6388=EDGE_CURVE('',#7262,#7225,#2076,.T.);
#6389=EDGE_CURVE('',#7261,#7262,#2077,.T.);
#6390=EDGE_CURVE('',#7259,#7262,#2078,.T.);
#6391=EDGE_CURVE('',#7263,#7264,#2079,.T.);
#6392=EDGE_CURVE('',#7265,#7263,#2080,.T.);
#6393=EDGE_CURVE('',#7265,#7266,#2081,.T.);
#6394=EDGE_CURVE('',#7266,#7264,#2082,.T.);
#6395=EDGE_CURVE('',#7267,#7263,#2083,.T.);
#6396=EDGE_CURVE('',#7268,#7267,#2084,.T.);
#6397=EDGE_CURVE('',#7268,#7265,#2085,.T.);
#6398=EDGE_CURVE('',#7267,#7269,#2086,.T.);
#6399=EDGE_CURVE('',#7270,#7269,#2087,.T.);
#6400=EDGE_CURVE('',#7268,#7270,#2088,.T.);
#6401=EDGE_CURVE('',#7271,#7269,#2089,.T.);
#6402=EDGE_CURVE('',#7272,#7271,#2090,.T.);
#6403=EDGE_CURVE('',#7272,#7270,#2091,.T.);
#6404=EDGE_CURVE('',#7271,#7273,#2092,.T.);
#6405=EDGE_CURVE('',#7274,#7273,#2093,.T.);
#6406=EDGE_CURVE('',#7272,#7274,#2094,.T.);
#6407=EDGE_CURVE('',#7273,#7264,#2095,.T.);
#6408=EDGE_CURVE('',#7274,#7266,#2096,.T.);
#6409=EDGE_CURVE('',#7275,#7276,#2097,.T.);
#6410=EDGE_CURVE('',#7275,#7277,#2098,.T.);
#6411=EDGE_CURVE('',#7277,#7278,#2099,.T.);
#6412=EDGE_CURVE('',#7276,#7278,#2100,.T.);
#6413=EDGE_CURVE('',#7279,#7280,#2101,.T.);
#6414=EDGE_CURVE('',#7279,#7281,#2102,.T.);
#6415=EDGE_CURVE('',#7281,#7282,#2103,.T.);
#6416=EDGE_CURVE('',#7280,#7282,#2104,.T.);
#6417=EDGE_CURVE('',#7283,#7284,#2105,.T.);
#6418=EDGE_CURVE('',#7284,#7285,#2106,.T.);
#6419=EDGE_CURVE('',#7286,#7285,#2107,.T.);
#6420=EDGE_CURVE('',#7283,#7286,#2108,.T.);
#6421=EDGE_CURVE('',#7287,#7288,#2109,.T.);
#6422=EDGE_CURVE('',#7287,#7289,#2110,.T.);
#6423=EDGE_CURVE('',#7289,#7290,#2111,.T.);
#6424=EDGE_CURVE('',#7288,#7290,#2112,.T.);
#6425=EDGE_CURVE('',#7291,#7292,#2113,.T.);
#6426=EDGE_CURVE('',#7291,#7293,#2114,.T.);
#6427=EDGE_CURVE('',#7293,#7294,#2115,.T.);
#6428=EDGE_CURVE('',#7292,#7294,#2116,.T.);
#6429=EDGE_CURVE('',#7295,#7296,#2117,.T.);
#6430=EDGE_CURVE('',#7295,#7297,#2118,.T.);
#6431=EDGE_CURVE('',#7297,#7298,#2119,.T.);
#6432=EDGE_CURVE('',#7296,#7298,#2120,.T.);
#6433=EDGE_CURVE('',#7299,#7300,#2121,.T.);
#6434=EDGE_CURVE('',#7300,#7301,#2122,.T.);
#6435=EDGE_CURVE('',#7302,#7301,#2123,.T.);
#6436=EDGE_CURVE('',#7299,#7302,#2124,.T.);
#6437=EDGE_CURVE('',#7303,#7304,#2125,.T.);
#6438=EDGE_CURVE('',#7304,#7305,#2126,.T.);
#6439=EDGE_CURVE('',#7306,#7305,#2127,.T.);
#6440=EDGE_CURVE('',#7303,#7306,#2128,.T.);
#6441=EDGE_CURVE('',#7307,#7308,#2129,.T.);
#6442=EDGE_CURVE('',#7308,#7309,#2130,.T.);
#6443=EDGE_CURVE('',#7310,#7309,#2131,.T.);
#6444=EDGE_CURVE('',#7307,#7310,#2132,.T.);
#6445=EDGE_CURVE('',#7311,#7312,#2133,.T.);
#6446=EDGE_CURVE('',#7312,#7313,#2134,.T.);
#6447=EDGE_CURVE('',#7314,#7313,#2135,.T.);
#6448=EDGE_CURVE('',#7311,#7314,#2136,.T.);
#6449=EDGE_CURVE('',#7315,#7316,#2137,.T.);
#6450=EDGE_CURVE('',#7316,#7317,#2138,.T.);
#6451=EDGE_CURVE('',#7318,#7317,#2139,.T.);
#6452=EDGE_CURVE('',#7315,#7318,#2140,.T.);
#6453=EDGE_CURVE('',#7319,#7320,#2141,.T.);
#6454=EDGE_CURVE('',#7320,#7321,#2142,.T.);
#6455=EDGE_CURVE('',#7322,#7321,#2143,.T.);
#6456=EDGE_CURVE('',#7319,#7322,#2144,.T.);
#6457=EDGE_CURVE('',#7323,#7324,#2145,.T.);
#6458=EDGE_CURVE('',#7323,#7325,#2146,.T.);
#6459=EDGE_CURVE('',#7325,#7326,#2147,.T.);
#6460=EDGE_CURVE('',#7324,#7326,#2148,.T.);
#6461=EDGE_CURVE('',#7327,#7328,#2149,.T.);
#6462=EDGE_CURVE('',#7327,#7329,#2150,.T.);
#6463=EDGE_CURVE('',#7329,#7330,#2151,.T.);
#6464=EDGE_CURVE('',#7328,#7330,#2152,.T.);
#6465=EDGE_CURVE('',#7331,#7332,#2153,.T.);
#6466=EDGE_CURVE('',#7331,#7333,#2154,.T.);
#6467=EDGE_CURVE('',#7333,#7334,#2155,.T.);
#6468=EDGE_CURVE('',#7332,#7334,#2156,.T.);
#6469=EDGE_CURVE('',#7335,#7336,#2157,.T.);
#6470=EDGE_CURVE('',#7335,#7337,#2158,.T.);
#6471=EDGE_CURVE('',#7337,#7338,#2159,.T.);
#6472=EDGE_CURVE('',#7336,#7338,#2160,.T.);
#6473=EDGE_CURVE('',#7339,#7340,#2161,.T.);
#6474=EDGE_CURVE('',#7339,#7341,#2162,.T.);
#6475=EDGE_CURVE('',#7341,#7342,#2163,.T.);
#6476=EDGE_CURVE('',#7340,#7342,#2164,.T.);
#6477=EDGE_CURVE('',#7343,#7344,#2165,.T.);
#6478=EDGE_CURVE('',#7345,#7344,#2166,.T.);
#6479=EDGE_CURVE('',#7346,#7345,#2167,.T.);
#6480=EDGE_CURVE('',#7346,#7343,#2168,.T.);
#6481=EDGE_CURVE('',#7328,#7284,#2169,.T.);
#6482=EDGE_CURVE('',#7330,#7285,#2170,.T.);
#6483=EDGE_CURVE('',#7347,#7348,#2171,.T.);
#6484=EDGE_CURVE('',#7347,#7349,#2172,.T.);
#6485=EDGE_CURVE('',#7349,#7350,#2173,.T.);
#6486=EDGE_CURVE('',#7348,#7350,#2174,.T.);
#6487=EDGE_CURVE('',#7351,#7352,#2175,.T.);
#6488=EDGE_CURVE('',#7351,#7353,#2176,.T.);
#6489=EDGE_CURVE('',#7353,#7354,#2177,.T.);
#6490=EDGE_CURVE('',#7352,#7354,#2178,.T.);
#6491=EDGE_CURVE('',#7355,#7356,#2179,.T.);
#6492=EDGE_CURVE('',#7355,#7357,#2180,.T.);
#6493=EDGE_CURVE('',#7357,#7358,#2181,.T.);
#6494=EDGE_CURVE('',#7356,#7358,#2182,.T.);
#6495=EDGE_CURVE('',#7329,#7286,#2183,.T.);
#6496=EDGE_CURVE('',#7327,#7283,#2184,.T.);
#6497=EDGE_CURVE('',#7359,#7360,#2185,.T.);
#6498=EDGE_CURVE('',#7359,#7361,#2186,.T.);
#6499=EDGE_CURVE('',#7361,#7362,#2187,.T.);
#6500=EDGE_CURVE('',#7360,#7362,#2188,.T.);
#6501=EDGE_CURVE('',#7363,#7331,#2189,.T.);
#6502=EDGE_CURVE('',#7363,#7364,#2190,.T.);
#6503=EDGE_CURVE('',#7364,#7333,#2191,.T.);
#6504=EDGE_CURVE('',#7365,#7332,#2192,.T.);
#6505=EDGE_CURVE('',#7363,#7365,#2193,.T.);
#6506=EDGE_CURVE('',#7366,#7334,#2194,.T.);
#6507=EDGE_CURVE('',#7365,#7366,#2195,.T.);
#6508=EDGE_CURVE('',#7364,#7366,#2196,.T.);
#6509=EDGE_CURVE('',#7367,#7335,#2197,.T.);
#6510=EDGE_CURVE('',#7367,#7368,#2198,.T.);
#6511=EDGE_CURVE('',#7368,#7337,#2199,.T.);
#6512=EDGE_CURVE('',#7369,#7336,#2200,.T.);
#6513=EDGE_CURVE('',#7367,#7369,#2201,.T.);
#6514=EDGE_CURVE('',#7370,#7338,#2202,.T.);
#6515=EDGE_CURVE('',#7369,#7370,#2203,.T.);
#6516=EDGE_CURVE('',#7368,#7370,#2204,.T.);
#6517=EDGE_CURVE('',#7371,#7339,#2205,.T.);
#6518=EDGE_CURVE('',#7371,#7372,#2206,.T.);
#6519=EDGE_CURVE('',#7372,#7341,#2207,.T.);
#6520=EDGE_CURVE('',#7373,#7340,#2208,.T.);
#6521=EDGE_CURVE('',#7371,#7373,#2209,.T.);
#6522=EDGE_CURVE('',#7374,#7342,#2210,.T.);
#6523=EDGE_CURVE('',#7373,#7374,#2211,.T.);
#6524=EDGE_CURVE('',#7372,#7374,#2212,.T.);
#6525=EDGE_CURVE('',#7375,#7287,#2213,.T.);
#6526=EDGE_CURVE('',#7376,#7288,#2214,.T.);
#6527=EDGE_CURVE('',#7375,#7376,#2215,.T.);
#6528=EDGE_CURVE('',#7375,#7377,#2216,.T.);
#6529=EDGE_CURVE('',#7377,#7289,#2217,.T.);
#6530=EDGE_CURVE('',#7377,#7378,#2218,.T.);
#6531=EDGE_CURVE('',#7378,#7290,#2219,.T.);
#6532=EDGE_CURVE('',#7376,#7378,#2220,.T.);
#6533=EDGE_CURVE('',#7379,#7279,#2221,.T.);
#6534=EDGE_CURVE('',#7380,#7280,#2222,.T.);
#6535=EDGE_CURVE('',#7379,#7380,#2223,.T.);
#6536=EDGE_CURVE('',#7379,#7381,#2224,.T.);
#6537=EDGE_CURVE('',#7381,#7281,#2225,.T.);
#6538=EDGE_CURVE('',#7381,#7382,#2226,.T.);
#6539=EDGE_CURVE('',#7382,#7282,#2227,.T.);
#6540=EDGE_CURVE('',#7380,#7382,#2228,.T.);
#6541=EDGE_CURVE('',#7383,#7291,#2229,.T.);
#6542=EDGE_CURVE('',#7384,#7292,#2230,.T.);
#6543=EDGE_CURVE('',#7383,#7384,#2231,.T.);
#6544=EDGE_CURVE('',#7383,#7385,#2232,.T.);
#6545=EDGE_CURVE('',#7385,#7293,#2233,.T.);
#6546=EDGE_CURVE('',#7385,#7386,#2234,.T.);
#6547=EDGE_CURVE('',#7386,#7294,#2235,.T.);
#6548=EDGE_CURVE('',#7384,#7386,#2236,.T.);
#6549=EDGE_CURVE('',#7387,#7388,#2237,.T.);
#6550=EDGE_CURVE('',#7389,#7388,#2238,.T.);
#6551=EDGE_CURVE('',#7390,#7389,#2239,.T.);
#6552=EDGE_CURVE('',#7390,#7387,#2240,.T.);
#6553=EDGE_CURVE('',#7389,#7343,#2241,.T.);
#6554=EDGE_CURVE('',#7346,#7390,#2242,.T.);
#6555=EDGE_CURVE('',#7388,#7344,#2243,.T.);
#6556=EDGE_CURVE('',#7345,#7387,#2244,.T.);
#6557=EDGE_CURVE('',#7391,#7392,#2245,.T.);
#6558=EDGE_CURVE('',#7393,#7392,#2246,.T.);
#6559=EDGE_CURVE('',#7394,#7393,#2247,.T.);
#6560=EDGE_CURVE('',#7394,#7391,#2248,.T.);
#6561=EDGE_CURVE('',#7325,#7393,#2249,.T.);
#6562=EDGE_CURVE('',#7323,#7394,#2250,.T.);
#6563=EDGE_CURVE('',#7326,#7392,#2251,.T.);
#6564=EDGE_CURVE('',#7324,#7391,#2252,.T.);
#6565=EDGE_CURVE('',#7395,#7355,#2253,.T.);
#6566=EDGE_CURVE('',#7396,#7356,#2254,.T.);
#6567=EDGE_CURVE('',#7395,#7396,#2255,.T.);
#6568=EDGE_CURVE('',#7395,#7397,#2256,.T.);
#6569=EDGE_CURVE('',#7397,#7357,#2257,.T.);
#6570=EDGE_CURVE('',#7397,#7398,#2258,.T.);
#6571=EDGE_CURVE('',#7398,#7358,#2259,.T.);
#6572=EDGE_CURVE('',#7396,#7398,#2260,.T.);
#6573=EDGE_CURVE('',#7399,#7359,#2261,.T.);
#6574=EDGE_CURVE('',#7400,#7360,#2262,.T.);
#6575=EDGE_CURVE('',#7399,#7400,#2263,.T.);
#6576=EDGE_CURVE('',#7399,#7401,#2264,.T.);
#6577=EDGE_CURVE('',#7401,#7361,#2265,.T.);
#6578=EDGE_CURVE('',#7401,#7402,#2266,.T.);
#6579=EDGE_CURVE('',#7402,#7362,#2267,.T.);
#6580=EDGE_CURVE('',#7400,#7402,#2268,.T.);
#6581=EDGE_CURVE('',#7403,#7347,#2269,.T.);
#6582=EDGE_CURVE('',#7403,#7404,#2270,.T.);
#6583=EDGE_CURVE('',#7404,#7349,#2271,.T.);
#6584=EDGE_CURVE('',#7405,#7348,#2272,.T.);
#6585=EDGE_CURVE('',#7403,#7405,#2273,.T.);
#6586=EDGE_CURVE('',#7406,#7350,#2274,.T.);
#6587=EDGE_CURVE('',#7405,#7406,#2275,.T.);
#6588=EDGE_CURVE('',#7404,#7406,#2276,.T.);
#6589=EDGE_CURVE('',#7407,#7351,#2277,.T.);
#6590=EDGE_CURVE('',#7407,#7408,#2278,.T.);
#6591=EDGE_CURVE('',#7408,#7353,#2279,.T.);
#6592=EDGE_CURVE('',#7409,#7352,#2280,.T.);
#6593=EDGE_CURVE('',#7407,#7409,#2281,.T.);
#6594=EDGE_CURVE('',#7410,#7354,#2282,.T.);
#6595=EDGE_CURVE('',#7409,#7410,#2283,.T.);
#6596=EDGE_CURVE('',#7408,#7410,#2284,.T.);
#6597=EDGE_CURVE('',#7411,#7319,#2285,.T.);
#6598=EDGE_CURVE('',#7411,#7412,#2286,.T.);
#6599=EDGE_CURVE('',#7412,#7320,#2287,.T.);
#6600=EDGE_CURVE('',#7413,#7322,#2288,.T.);
#6601=EDGE_CURVE('',#7411,#7413,#2289,.T.);
#6602=EDGE_CURVE('',#7414,#7321,#2290,.T.);
#6603=EDGE_CURVE('',#7413,#7414,#2291,.T.);
#6604=EDGE_CURVE('',#7412,#7414,#2292,.T.);
#6605=EDGE_CURVE('',#7415,#7315,#2293,.T.);
#6606=EDGE_CURVE('',#7415,#7416,#2294,.T.);
#6607=EDGE_CURVE('',#7416,#7316,#2295,.T.);
#6608=EDGE_CURVE('',#7417,#7318,#2296,.T.);
#6609=EDGE_CURVE('',#7415,#7417,#2297,.T.);
#6610=EDGE_CURVE('',#7418,#7317,#2298,.T.);
#6611=EDGE_CURVE('',#7417,#7418,#2299,.T.);
#6612=EDGE_CURVE('',#7416,#7418,#2300,.T.);
#6613=EDGE_CURVE('',#7419,#7311,#2301,.T.);
#6614=EDGE_CURVE('',#7419,#7420,#2302,.T.);
#6615=EDGE_CURVE('',#7420,#7312,#2303,.T.);
#6616=EDGE_CURVE('',#7421,#7314,#2304,.T.);
#6617=EDGE_CURVE('',#7419,#7421,#2305,.T.);
#6618=EDGE_CURVE('',#7422,#7313,#2306,.T.);
#6619=EDGE_CURVE('',#7421,#7422,#2307,.T.);
#6620=EDGE_CURVE('',#7420,#7422,#2308,.T.);
#6621=EDGE_CURVE('',#7423,#7307,#2309,.T.);
#6622=EDGE_CURVE('',#7423,#7424,#2310,.T.);
#6623=EDGE_CURVE('',#7424,#7308,#2311,.T.);
#6624=EDGE_CURVE('',#7425,#7310,#2312,.T.);
#6625=EDGE_CURVE('',#7423,#7425,#2313,.T.);
#6626=EDGE_CURVE('',#7426,#7309,#2314,.T.);
#6627=EDGE_CURVE('',#7425,#7426,#2315,.T.);
#6628=EDGE_CURVE('',#7424,#7426,#2316,.T.);
#6629=EDGE_CURVE('',#7427,#7303,#2317,.T.);
#6630=EDGE_CURVE('',#7427,#7428,#2318,.T.);
#6631=EDGE_CURVE('',#7428,#7304,#2319,.T.);
#6632=EDGE_CURVE('',#7429,#7306,#2320,.T.);
#6633=EDGE_CURVE('',#7427,#7429,#2321,.T.);
#6634=EDGE_CURVE('',#7430,#7305,#2322,.T.);
#6635=EDGE_CURVE('',#7429,#7430,#2323,.T.);
#6636=EDGE_CURVE('',#7428,#7430,#2324,.T.);
#6637=EDGE_CURVE('',#7431,#7299,#2325,.T.);
#6638=EDGE_CURVE('',#7431,#7432,#2326,.T.);
#6639=EDGE_CURVE('',#7432,#7300,#2327,.T.);
#6640=EDGE_CURVE('',#7433,#7302,#2328,.T.);
#6641=EDGE_CURVE('',#7431,#7433,#2329,.T.);
#6642=EDGE_CURVE('',#7434,#7301,#2330,.T.);
#6643=EDGE_CURVE('',#7433,#7434,#2331,.T.);
#6644=EDGE_CURVE('',#7432,#7434,#2332,.T.);
#6645=EDGE_CURVE('',#7435,#7275,#2333,.T.);
#6646=EDGE_CURVE('',#7436,#7276,#2334,.T.);
#6647=EDGE_CURVE('',#7435,#7436,#2335,.T.);
#6648=EDGE_CURVE('',#7435,#7437,#2336,.T.);
#6649=EDGE_CURVE('',#7437,#7277,#2337,.T.);
#6650=EDGE_CURVE('',#7437,#7438,#2338,.T.);
#6651=EDGE_CURVE('',#7438,#7278,#2339,.T.);
#6652=EDGE_CURVE('',#7436,#7438,#2340,.T.);
#6653=EDGE_CURVE('',#7439,#7295,#2341,.T.);
#6654=EDGE_CURVE('',#7440,#7296,#2342,.T.);
#6655=EDGE_CURVE('',#7439,#7440,#2343,.T.);
#6656=EDGE_CURVE('',#7439,#7441,#2344,.T.);
#6657=EDGE_CURVE('',#7441,#7297,#2345,.T.);
#6658=EDGE_CURVE('',#7441,#7442,#2346,.T.);
#6659=EDGE_CURVE('',#7442,#7298,#2347,.T.);
#6660=EDGE_CURVE('',#7440,#7442,#2348,.T.);
#6661=EDGE_CURVE('',#7443,#7443,#7571,.T.);
#6662=EDGE_CURVE('',#7444,#7445,#2349,.T.);
#6663=EDGE_CURVE('',#7445,#7446,#2350,.T.);
#6664=EDGE_CURVE('',#7446,#7447,#2351,.T.);
#6665=EDGE_CURVE('',#7447,#7448,#2352,.T.);
#6666=EDGE_CURVE('',#7449,#7448,#2353,.T.);
#6667=EDGE_CURVE('',#7444,#7449,#2354,.T.);
#6668=EDGE_CURVE('',#7450,#7450,#7572,.T.);
#6669=EDGE_CURVE('',#7451,#7452,#2355,.T.);
#6670=EDGE_CURVE('',#7453,#7451,#2356,.T.);
#6671=EDGE_CURVE('',#7453,#7454,#2357,.T.);
#6672=EDGE_CURVE('',#7454,#7455,#2358,.T.);
#6673=EDGE_CURVE('',#7456,#7455,#2359,.T.);
#6674=EDGE_CURVE('',#7452,#7456,#2360,.T.);
#6675=EDGE_CURVE('',#7457,#7457,#7573,.F.);
#6676=EDGE_CURVE('',#7458,#7459,#2361,.T.);
#6677=EDGE_CURVE('',#7459,#7460,#2362,.T.);
#6678=EDGE_CURVE('',#7460,#7461,#2363,.T.);
#6679=EDGE_CURVE('',#7462,#7461,#2364,.T.);
#6680=EDGE_CURVE('',#7463,#7462,#2365,.T.);
#6681=EDGE_CURVE('',#7463,#7458,#2366,.T.);
#6682=EDGE_CURVE('',#7464,#7464,#7574,.F.);
#6683=EDGE_CURVE('',#7465,#7466,#2367,.T.);
#6684=EDGE_CURVE('',#7467,#7465,#2368,.T.);
#6685=EDGE_CURVE('',#7468,#7467,#2369,.T.);
#6686=EDGE_CURVE('',#7468,#7469,#2370,.T.);
#6687=EDGE_CURVE('',#7469,#7470,#2371,.T.);
#6688=EDGE_CURVE('',#7466,#7470,#2372,.T.);
#6689=EDGE_CURVE('',#7465,#7459,#2373,.T.);
#6690=EDGE_CURVE('',#7458,#7467,#2374,.T.);
#6691=EDGE_CURVE('',#7452,#7446,#2375,.T.);
#6692=EDGE_CURVE('',#7447,#7456,#2376,.T.);
#6693=EDGE_CURVE('',#7453,#7470,#2377,.T.);
#6694=EDGE_CURVE('',#7462,#7469,#2378,.T.);
#6695=EDGE_CURVE('',#7461,#7444,#2379,.T.);
#6696=EDGE_CURVE('',#7449,#7454,#2380,.T.);
#6697=EDGE_CURVE('',#7448,#7455,#2381,.T.);
#6698=EDGE_CURVE('',#7463,#7468,#2382,.T.);
#6699=EDGE_CURVE('',#7451,#7466,#2383,.T.);
#6700=EDGE_CURVE('',#7460,#7445,#2384,.T.);
#6701=EDGE_CURVE('',#7471,#7471,#11,.T.);
#6702=EDGE_CURVE('',#7472,#7472,#12,.T.);
#6703=EDGE_CURVE('',#7473,#7474,#2385,.T.);
#6704=EDGE_CURVE('',#7475,#7473,#2386,.T.);
#6705=EDGE_CURVE('',#7475,#7476,#2387,.T.);
#6706=EDGE_CURVE('',#7476,#7474,#2388,.T.);
#6707=EDGE_CURVE('',#7473,#7477,#2389,.T.);
#6708=EDGE_CURVE('',#7478,#7477,#2390,.T.);
#6709=EDGE_CURVE('',#7475,#7478,#2391,.T.);
#6710=EDGE_CURVE('',#7477,#7479,#2392,.T.);
#6711=EDGE_CURVE('',#7480,#7479,#2393,.T.);
#6712=EDGE_CURVE('',#7478,#7480,#2394,.T.);
#6713=EDGE_CURVE('',#7474,#7479,#2395,.T.);
#6714=EDGE_CURVE('',#7476,#7480,#2396,.T.);
#6715=EDGE_CURVE('',#7481,#7481,#7575,.T.);
#6716=EDGE_CURVE('',#7482,#7482,#10,.T.);
#6717=EDGE_CURVE('',#7483,#7484,#2397,.T.);
#6718=EDGE_CURVE('',#7484,#7485,#2398,.T.);
#6719=EDGE_CURVE('',#7485,#7486,#2399,.T.);
#6720=EDGE_CURVE('',#7487,#7486,#2400,.T.);
#6721=EDGE_CURVE('',#7488,#7487,#2401,.T.);
#6722=EDGE_CURVE('',#7488,#7489,#2402,.T.);
#6723=EDGE_CURVE('',#7489,#7490,#2403,.T.);
#6724=EDGE_CURVE('',#7483,#7490,#2404,.T.);
#6725=EDGE_CURVE('',#7491,#7492,#2405,.T.);
#6726=EDGE_CURVE('',#7491,#7493,#2406,.F.);
#6727=EDGE_CURVE('',#7493,#7494,#2407,.T.);
#6728=EDGE_CURVE('',#7494,#7495,#2408,.F.);
#6729=EDGE_CURVE('',#7495,#7496,#2409,.T.);
#6730=EDGE_CURVE('',#7496,#7492,#2410,.T.);
#6731=EDGE_CURVE('',#7497,#7498,#2411,.T.);
#6732=EDGE_CURVE('',#7498,#7499,#2412,.T.);
#6733=EDGE_CURVE('',#7500,#7499,#2413,.T.);
#6734=EDGE_CURVE('',#7501,#7500,#2414,.T.);
#6735=EDGE_CURVE('',#7501,#7502,#2415,.T.);
#6736=EDGE_CURVE('',#7502,#7497,#2416,.T.);
#6737=EDGE_CURVE('',#7490,#7503,#2417,.T.);
#6738=EDGE_CURVE('',#7489,#7504,#2418,.T.);
#6739=EDGE_CURVE('',#7504,#7505,#2419,.T.);
#6740=EDGE_CURVE('',#7486,#7505,#2420,.T.);
#6741=EDGE_CURVE('',#7506,#7485,#2421,.T.);
#6742=EDGE_CURVE('',#7506,#7507,#2422,.T.);
#6743=EDGE_CURVE('',#7507,#7508,#2423,.T.);
#6744=EDGE_CURVE('',#7503,#7508,#2424,.T.);
#6745=EDGE_CURVE('',#7509,#7510,#2425,.T.);
#6746=EDGE_CURVE('',#7488,#7509,#2426,.T.);
#6747=EDGE_CURVE('',#7487,#7510,#2427,.T.);
#6748=EDGE_CURVE('',#7511,#7511,#7576,.T.);
#6749=EDGE_CURVE('',#7509,#7504,#2428,.T.);
#6750=EDGE_CURVE('',#7512,#7512,#7577,.F.);
#6751=EDGE_CURVE('',#7510,#7505,#2429,.T.);
#6752=EDGE_CURVE('',#7513,#7514,#2430,.T.);
#6753=EDGE_CURVE('',#7501,#7513,#2431,.T.);
#6754=EDGE_CURVE('',#7500,#7507,#2432,.T.);
#6755=EDGE_CURVE('',#7514,#7506,#2433,.T.);
#6756=EDGE_CURVE('',#7502,#7495,#7578,.F.);
#6757=EDGE_CURVE('',#7513,#7483,#2434,.T.);
#6758=EDGE_CURVE('',#7496,#7503,#2435,.T.);
#6759=EDGE_CURVE('',#7492,#7508,#2436,.T.);
#6760=EDGE_CURVE('',#7499,#7491,#7579,.F.);
#6761=EDGE_CURVE('',#7493,#7498,#7580,.T.);
#6762=EDGE_CURVE('',#7494,#7497,#7581,.T.);
#6763=EDGE_CURVE('',#7514,#7484,#2437,.T.);
#6764=VERTEX_POINT('',#12859);
#6765=VERTEX_POINT('',#12860);
#6766=VERTEX_POINT('',#12862);
#6767=VERTEX_POINT('',#12864);
#6768=VERTEX_POINT('',#12867);
#6769=VERTEX_POINT('',#12868);
#6770=VERTEX_POINT('',#12870);
#6771=VERTEX_POINT('',#12872);
#6772=VERTEX_POINT('',#12874);
#6773=VERTEX_POINT('',#12876);
#6774=VERTEX_POINT('',#12880);
#6775=VERTEX_POINT('',#12884);
#6776=VERTEX_POINT('',#12888);
#6777=VERTEX_POINT('',#12892);
#6778=VERTEX_POINT('',#12896);
#6779=VERTEX_POINT('',#12898);
#6780=VERTEX_POINT('',#12902);
#6781=VERTEX_POINT('',#12906);
#6782=VERTEX_POINT('',#12913);
#6783=VERTEX_POINT('',#12917);
#6784=VERTEX_POINT('',#12921);
#6785=VERTEX_POINT('',#12925);
#6786=VERTEX_POINT('',#12927);
#6787=VERTEX_POINT('',#12929);
#6788=VERTEX_POINT('',#12934);
#6789=VERTEX_POINT('',#12938);
#6790=VERTEX_POINT('',#12948);
#6791=VERTEX_POINT('',#12949);
#6792=VERTEX_POINT('',#12951);
#6793=VERTEX_POINT('',#12953);
#6794=VERTEX_POINT('',#12957);
#6795=VERTEX_POINT('',#12959);
#6796=VERTEX_POINT('',#12963);
#6797=VERTEX_POINT('',#12965);
#6798=VERTEX_POINT('',#12978);
#6799=VERTEX_POINT('',#12980);
#6800=VERTEX_POINT('',#12983);
#6801=VERTEX_POINT('',#12984);
#6802=VERTEX_POINT('',#12986);
#6803=VERTEX_POINT('',#12988);
#6804=VERTEX_POINT('',#12992);
#6805=VERTEX_POINT('',#12994);
#6806=VERTEX_POINT('',#12998);
#6807=VERTEX_POINT('',#13000);
#6808=VERTEX_POINT('',#13009);
#6809=VERTEX_POINT('',#13010);
#6810=VERTEX_POINT('',#13012);
#6811=VERTEX_POINT('',#13014);
#6812=VERTEX_POINT('',#13018);
#6813=VERTEX_POINT('',#13020);
#6814=VERTEX_POINT('',#13024);
#6815=VERTEX_POINT('',#13026);
#6816=VERTEX_POINT('',#13047);
#6817=VERTEX_POINT('',#13049);
#6818=VERTEX_POINT('',#13063);
#6819=VERTEX_POINT('',#13064);
#6820=VERTEX_POINT('',#13066);
#6821=VERTEX_POINT('',#13068);
#6822=VERTEX_POINT('',#13072);
#6823=VERTEX_POINT('',#13074);
#6824=VERTEX_POINT('',#13078);
#6825=VERTEX_POINT('',#13080);
#6826=VERTEX_POINT('',#13095);
#6827=VERTEX_POINT('',#13096);
#6828=VERTEX_POINT('',#13098);
#6829=VERTEX_POINT('',#13100);
#6830=VERTEX_POINT('',#13103);
#6831=VERTEX_POINT('',#13104);
#6832=VERTEX_POINT('',#13106);
#6833=VERTEX_POINT('',#13108);
#6834=VERTEX_POINT('',#13111);
#6835=VERTEX_POINT('',#13112);
#6836=VERTEX_POINT('',#13114);
#6837=VERTEX_POINT('',#13116);
#6838=VERTEX_POINT('',#13120);
#6839=VERTEX_POINT('',#13121);
#6840=VERTEX_POINT('',#13123);
#6841=VERTEX_POINT('',#13125);
#6842=VERTEX_POINT('',#13128);
#6843=VERTEX_POINT('',#13129);
#6844=VERTEX_POINT('',#13131);
#6845=VERTEX_POINT('',#13133);
#6846=VERTEX_POINT('',#13136);
#6847=VERTEX_POINT('',#13137);
#6848=VERTEX_POINT('',#13139);
#6849=VERTEX_POINT('',#13141);
#6850=VERTEX_POINT('',#13145);
#6851=VERTEX_POINT('',#13146);
#6852=VERTEX_POINT('',#13148);
#6853=VERTEX_POINT('',#13150);
#6854=VERTEX_POINT('',#13153);
#6855=VERTEX_POINT('',#13154);
#6856=VERTEX_POINT('',#13156);
#6857=VERTEX_POINT('',#13158);
#6858=VERTEX_POINT('',#13161);
#6859=VERTEX_POINT('',#13162);
#6860=VERTEX_POINT('',#13164);
#6861=VERTEX_POINT('',#13166);
#6862=VERTEX_POINT('',#13169);
#6863=VERTEX_POINT('',#13170);
#6864=VERTEX_POINT('',#13172);
#6865=VERTEX_POINT('',#13174);
#6866=VERTEX_POINT('',#13178);
#6867=VERTEX_POINT('',#13179);
#6868=VERTEX_POINT('',#13181);
#6869=VERTEX_POINT('',#13183);
#6870=VERTEX_POINT('',#13186);
#6871=VERTEX_POINT('',#13187);
#6872=VERTEX_POINT('',#13189);
#6873=VERTEX_POINT('',#13191);
#6874=VERTEX_POINT('',#13194);
#6875=VERTEX_POINT('',#13195);
#6876=VERTEX_POINT('',#13197);
#6877=VERTEX_POINT('',#13199);
#6878=VERTEX_POINT('',#13202);
#6879=VERTEX_POINT('',#13203);
#6880=VERTEX_POINT('',#13205);
#6881=VERTEX_POINT('',#13207);
#6882=VERTEX_POINT('',#13226);
#6883=VERTEX_POINT('',#13228);
#6884=VERTEX_POINT('',#13232);
#6885=VERTEX_POINT('',#13236);
#6886=VERTEX_POINT('',#13243);
#6887=VERTEX_POINT('',#13245);
#6888=VERTEX_POINT('',#13249);
#6889=VERTEX_POINT('',#13253);
#6890=VERTEX_POINT('',#13260);
#6891=VERTEX_POINT('',#13262);
#6892=VERTEX_POINT('',#13266);
#6893=VERTEX_POINT('',#13270);
#6894=VERTEX_POINT('',#13277);
#6895=VERTEX_POINT('',#13279);
#6896=VERTEX_POINT('',#13283);
#6897=VERTEX_POINT('',#13287);
#6898=VERTEX_POINT('',#13320);
#6899=VERTEX_POINT('',#13321);
#6900=VERTEX_POINT('',#13323);
#6901=VERTEX_POINT('',#13325);
#6902=VERTEX_POINT('',#13329);
#6903=VERTEX_POINT('',#13331);
#6904=VERTEX_POINT('',#13333);
#6905=VERTEX_POINT('',#13337);
#6906=VERTEX_POINT('',#13339);
#6907=VERTEX_POINT('',#13348);
#6908=VERTEX_POINT('',#13354);
#6909=VERTEX_POINT('',#13355);
#6910=VERTEX_POINT('',#13357);
#6911=VERTEX_POINT('',#13359);
#6912=VERTEX_POINT('',#13361);
#6913=VERTEX_POINT('',#13363);
#6914=VERTEX_POINT('',#13367);
#6915=VERTEX_POINT('',#13368);
#6916=VERTEX_POINT('',#13370);
#6917=VERTEX_POINT('',#13372);
#6918=VERTEX_POINT('',#13374);
#6919=VERTEX_POINT('',#13376);
#6920=VERTEX_POINT('',#13380);
#6921=VERTEX_POINT('',#13381);
#6922=VERTEX_POINT('',#13383);
#6923=VERTEX_POINT('',#13385);
#6924=VERTEX_POINT('',#13387);
#6925=VERTEX_POINT('',#13389);
#6926=VERTEX_POINT('',#13393);
#6927=VERTEX_POINT('',#13394);
#6928=VERTEX_POINT('',#13396);
#6929=VERTEX_POINT('',#13398);
#6930=VERTEX_POINT('',#13400);
#6931=VERTEX_POINT('',#13402);
#6932=VERTEX_POINT('',#13406);
#6933=VERTEX_POINT('',#13408);
#6934=VERTEX_POINT('',#13410);
#6935=VERTEX_POINT('',#13412);
#6936=VERTEX_POINT('',#13416);
#6937=VERTEX_POINT('',#13418);
#6938=VERTEX_POINT('',#13425);
#6939=VERTEX_POINT('',#13427);
#6940=VERTEX_POINT('',#13431);
#6941=VERTEX_POINT('',#13433);
#6942=VERTEX_POINT('',#13438);
#6943=VERTEX_POINT('',#13440);
#6944=VERTEX_POINT('',#13444);
#6945=VERTEX_POINT('',#13446);
#6946=VERTEX_POINT('',#13450);
#6947=VERTEX_POINT('',#13452);
#6948=VERTEX_POINT('',#13457);
#6949=VERTEX_POINT('',#13459);
#6950=VERTEX_POINT('',#13463);
#6951=VERTEX_POINT('',#13465);
#6952=VERTEX_POINT('',#13467);
#6953=VERTEX_POINT('',#13469);
#6954=VERTEX_POINT('',#13473);
#6955=VERTEX_POINT('',#13475);
#6956=VERTEX_POINT('',#13482);
#6957=VERTEX_POINT('',#13483);
#6958=VERTEX_POINT('',#13485);
#6959=VERTEX_POINT('',#13487);
#6960=VERTEX_POINT('',#13489);
#6961=VERTEX_POINT('',#13491);
#6962=VERTEX_POINT('',#13495);
#6963=VERTEX_POINT('',#13496);
#6964=VERTEX_POINT('',#13498);
#6965=VERTEX_POINT('',#13500);
#6966=VERTEX_POINT('',#13502);
#6967=VERTEX_POINT('',#13504);
#6968=VERTEX_POINT('',#13514);
#6969=VERTEX_POINT('',#13517);
#6970=VERTEX_POINT('',#13519);
#6971=VERTEX_POINT('',#13521);
#6972=VERTEX_POINT('',#13528);
#6973=VERTEX_POINT('',#13532);
#6974=VERTEX_POINT('',#13533);
#6975=VERTEX_POINT('',#13535);
#6976=VERTEX_POINT('',#13537);
#6977=VERTEX_POINT('',#13540);
#6978=VERTEX_POINT('',#13541);
#6979=VERTEX_POINT('',#13543);
#6980=VERTEX_POINT('',#13545);
#6981=VERTEX_POINT('',#13549);
#6982=VERTEX_POINT('',#13551);
#6983=VERTEX_POINT('',#13558);
#6984=VERTEX_POINT('',#13559);
#6985=VERTEX_POINT('',#13561);
#6986=VERTEX_POINT('',#13563);
#6987=VERTEX_POINT('',#13566);
#6988=VERTEX_POINT('',#13570);
#6989=VERTEX_POINT('',#13571);
#6990=VERTEX_POINT('',#13573);
#6991=VERTEX_POINT('',#13575);
#6992=VERTEX_POINT('',#13577);
#6993=VERTEX_POINT('',#13579);
#6994=VERTEX_POINT('',#13582);
#6995=VERTEX_POINT('',#13584);
#6996=VERTEX_POINT('',#13588);
#6997=VERTEX_POINT('',#13590);
#6998=VERTEX_POINT('',#13592);
#6999=VERTEX_POINT('',#13594);
#7000=VERTEX_POINT('',#13596);
#7001=VERTEX_POINT('',#13598);
#7002=VERTEX_POINT('',#13600);
#7003=VERTEX_POINT('',#13602);
#7004=VERTEX_POINT('',#13604);
#7005=VERTEX_POINT('',#13606);
#7006=VERTEX_POINT('',#13608);
#7007=VERTEX_POINT('',#13610);
#7008=VERTEX_POINT('',#13612);
#7009=VERTEX_POINT('',#13616);
#7010=VERTEX_POINT('',#13618);
#7011=VERTEX_POINT('',#13620);
#7012=VERTEX_POINT('',#13624);
#7013=VERTEX_POINT('',#13626);
#7014=VERTEX_POINT('',#13628);
#7015=VERTEX_POINT('',#13631);
#7016=VERTEX_POINT('',#13635);
#7017=VERTEX_POINT('',#13637);
#7018=VERTEX_POINT('',#13639);
#7019=VERTEX_POINT('',#13641);
#7020=VERTEX_POINT('',#13644);
#7021=VERTEX_POINT('',#13647);
#7022=VERTEX_POINT('',#13651);
#7023=VERTEX_POINT('',#13654);
#7024=VERTEX_POINT('',#13661);
#7025=VERTEX_POINT('',#13665);
#7026=VERTEX_POINT('',#13672);
#7027=VERTEX_POINT('',#13676);
#7028=VERTEX_POINT('',#13683);
#7029=VERTEX_POINT('',#13690);
#7030=VERTEX_POINT('',#13694);
#7031=VERTEX_POINT('',#13696);
#7032=VERTEX_POINT('',#13698);
#7033=VERTEX_POINT('',#13709);
#7034=VERTEX_POINT('',#13726);
#7035=VERTEX_POINT('',#13728);
#7036=VERTEX_POINT('',#13732);
#7037=VERTEX_POINT('',#13736);
#7038=VERTEX_POINT('',#13743);
#7039=VERTEX_POINT('',#13745);
#7040=VERTEX_POINT('',#13749);
#7041=VERTEX_POINT('',#13753);
#7042=VERTEX_POINT('',#13769);
#7043=VERTEX_POINT('',#13770);
#7044=VERTEX_POINT('',#13772);
#7045=VERTEX_POINT('',#13774);
#7046=VERTEX_POINT('',#13778);
#7047=VERTEX_POINT('',#13780);
#7048=VERTEX_POINT('',#13784);
#7049=VERTEX_POINT('',#13786);
#7050=VERTEX_POINT('',#13790);
#7051=VERTEX_POINT('',#13792);
#7052=VERTEX_POINT('',#13796);
#7053=VERTEX_POINT('',#13798);
#7054=VERTEX_POINT('',#13816);
#7055=VERTEX_POINT('',#13818);
#7056=VERTEX_POINT('',#13821);
#7057=VERTEX_POINT('',#13822);
#7058=VERTEX_POINT('',#13824);
#7059=VERTEX_POINT('',#13826);
#7060=VERTEX_POINT('',#13829);
#7061=VERTEX_POINT('',#13830);
#7062=VERTEX_POINT('',#13832);
#7063=VERTEX_POINT('',#13834);
#7064=VERTEX_POINT('',#13837);
#7065=VERTEX_POINT('',#13838);
#7066=VERTEX_POINT('',#13840);
#7067=VERTEX_POINT('',#13842);
#7068=VERTEX_POINT('',#13846);
#7069=VERTEX_POINT('',#13849);
#7070=VERTEX_POINT('',#13851);
#7071=VERTEX_POINT('',#13855);
#7072=VERTEX_POINT('',#13859);
#7073=VERTEX_POINT('',#13866);
#7074=VERTEX_POINT('',#13868);
#7075=VERTEX_POINT('',#13872);
#7076=VERTEX_POINT('',#13876);
#7077=VERTEX_POINT('',#13883);
#7078=VERTEX_POINT('',#13885);
#7079=VERTEX_POINT('',#13889);
#7080=VERTEX_POINT('',#13893);
#7081=VERTEX_POINT('',#13900);
#7082=VERTEX_POINT('',#13908);
#7083=VERTEX_POINT('',#13909);
#7084=VERTEX_POINT('',#13911);
#7085=VERTEX_POINT('',#13913);
#7086=VERTEX_POINT('',#13916);
#7087=VERTEX_POINT('',#13917);
#7088=VERTEX_POINT('',#13919);
#7089=VERTEX_POINT('',#13921);
#7090=VERTEX_POINT('',#13924);
#7091=VERTEX_POINT('',#13925);
#7092=VERTEX_POINT('',#13927);
#7093=VERTEX_POINT('',#13929);
#7094=VERTEX_POINT('',#13932);
#7095=VERTEX_POINT('',#13933);
#7096=VERTEX_POINT('',#13935);
#7097=VERTEX_POINT('',#13937);
#7098=VERTEX_POINT('',#13940);
#7099=VERTEX_POINT('',#13941);
#7100=VERTEX_POINT('',#13943);
#7101=VERTEX_POINT('',#13945);
#7102=VERTEX_POINT('',#13948);
#7103=VERTEX_POINT('',#13949);
#7104=VERTEX_POINT('',#13951);
#7105=VERTEX_POINT('',#13953);
#7106=VERTEX_POINT('',#13957);
#7107=VERTEX_POINT('',#13958);
#7108=VERTEX_POINT('',#13960);
#7109=VERTEX_POINT('',#13962);
#7110=VERTEX_POINT('',#13965);
#7111=VERTEX_POINT('',#13966);
#7112=VERTEX_POINT('',#13968);
#7113=VERTEX_POINT('',#13970);
#7114=VERTEX_POINT('',#13973);
#7115=VERTEX_POINT('',#13974);
#7116=VERTEX_POINT('',#13976);
#7117=VERTEX_POINT('',#13978);
#7118=VERTEX_POINT('',#13981);
#7119=VERTEX_POINT('',#13982);
#7120=VERTEX_POINT('',#13984);
#7121=VERTEX_POINT('',#13986);
#7122=VERTEX_POINT('',#13989);
#7123=VERTEX_POINT('',#13990);
#7124=VERTEX_POINT('',#13992);
#7125=VERTEX_POINT('',#13994);
#7126=VERTEX_POINT('',#13997);
#7127=VERTEX_POINT('',#13998);
#7128=VERTEX_POINT('',#14000);
#7129=VERTEX_POINT('',#14002);
#7130=VERTEX_POINT('',#14014);
#7131=VERTEX_POINT('',#14016);
#7132=VERTEX_POINT('',#14020);
#7133=VERTEX_POINT('',#14024);
#7134=VERTEX_POINT('',#14031);
#7135=VERTEX_POINT('',#14033);
#7136=VERTEX_POINT('',#14037);
#7137=VERTEX_POINT('',#14041);
#7138=VERTEX_POINT('',#14048);
#7139=VERTEX_POINT('',#14050);
#7140=VERTEX_POINT('',#14054);
#7141=VERTEX_POINT('',#14058);
#7142=VERTEX_POINT('',#14065);
#7143=VERTEX_POINT('',#14067);
#7144=VERTEX_POINT('',#14071);
#7145=VERTEX_POINT('',#14075);
#7146=VERTEX_POINT('',#14082);
#7147=VERTEX_POINT('',#14084);
#7148=VERTEX_POINT('',#14088);
#7149=VERTEX_POINT('',#14092);
#7150=VERTEX_POINT('',#14099);
#7151=VERTEX_POINT('',#14101);
#7152=VERTEX_POINT('',#14105);
#7153=VERTEX_POINT('',#14109);
#7154=VERTEX_POINT('',#14116);
#7155=VERTEX_POINT('',#14118);
#7156=VERTEX_POINT('',#14122);
#7157=VERTEX_POINT('',#14126);
#7158=VERTEX_POINT('',#14133);
#7159=VERTEX_POINT('',#14135);
#7160=VERTEX_POINT('',#14139);
#7161=VERTEX_POINT('',#14143);
#7162=VERTEX_POINT('',#14150);
#7163=VERTEX_POINT('',#14152);
#7164=VERTEX_POINT('',#14156);
#7165=VERTEX_POINT('',#14160);
#7166=VERTEX_POINT('',#14167);
#7167=VERTEX_POINT('',#14169);
#7168=VERTEX_POINT('',#14173);
#7169=VERTEX_POINT('',#14177);
#7170=VERTEX_POINT('',#14196);
#7171=VERTEX_POINT('',#14197);
#7172=VERTEX_POINT('',#14199);
#7173=VERTEX_POINT('',#14201);
#7174=VERTEX_POINT('',#14205);
#7175=VERTEX_POINT('',#14207);
#7176=VERTEX_POINT('',#14211);
#7177=VERTEX_POINT('',#14213);
#7178=VERTEX_POINT('',#14220);
#7179=VERTEX_POINT('',#14222);
#7180=VERTEX_POINT('',#14226);
#7181=VERTEX_POINT('',#14230);
#7182=VERTEX_POINT('',#14235);
#7183=VERTEX_POINT('',#14236);
#7184=VERTEX_POINT('',#14238);
#7185=VERTEX_POINT('',#14240);
#7186=VERTEX_POINT('',#14244);
#7187=VERTEX_POINT('',#14246);
#7188=VERTEX_POINT('',#14250);
#7189=VERTEX_POINT('',#14252);
#7190=VERTEX_POINT('',#14254);
#7191=VERTEX_POINT('',#14261);
#7192=VERTEX_POINT('',#14264);
#7193=VERTEX_POINT('',#14266);
#7194=VERTEX_POINT('',#14268);
#7195=VERTEX_POINT('',#14271);
#7196=VERTEX_POINT('',#14274);
#7197=VERTEX_POINT('',#14278);
#7198=VERTEX_POINT('',#14281);
#7199=VERTEX_POINT('',#14297);
#7200=VERTEX_POINT('',#14298);
#7201=VERTEX_POINT('',#14300);
#7202=VERTEX_POINT('',#14302);
#7203=VERTEX_POINT('',#14306);
#7204=VERTEX_POINT('',#14308);
#7205=VERTEX_POINT('',#14312);
#7206=VERTEX_POINT('',#14314);
#7207=VERTEX_POINT('',#14318);
#7208=VERTEX_POINT('',#14319);
#7209=VERTEX_POINT('',#14321);
#7210=VERTEX_POINT('',#14323);
#7211=VERTEX_POINT('',#14327);
#7212=VERTEX_POINT('',#14329);
#7213=VERTEX_POINT('',#14333);
#7214=VERTEX_POINT('',#14335);
#7215=VERTEX_POINT('',#14339);
#7216=VERTEX_POINT('',#14341);
#7217=VERTEX_POINT('',#14345);
#7218=VERTEX_POINT('',#14347);
#7219=VERTEX_POINT('',#14351);
#7220=VERTEX_POINT('',#14353);
#7221=VERTEX_POINT('',#14357);
#7222=VERTEX_POINT('',#14359);
#7223=VERTEX_POINT('',#14369);
#7224=VERTEX_POINT('',#14370);
#7225=VERTEX_POINT('',#14372);
#7226=VERTEX_POINT('',#14374);
#7227=VERTEX_POINT('',#14377);
#7228=VERTEX_POINT('',#14378);
#7229=VERTEX_POINT('',#14380);
#7230=VERTEX_POINT('',#14382);
#7231=VERTEX_POINT('',#14385);
#7232=VERTEX_POINT('',#14387);
#7233=VERTEX_POINT('',#14389);
#7234=VERTEX_POINT('',#14391);
#7235=VERTEX_POINT('',#14393);
#7236=VERTEX_POINT('',#14395);
#7237=VERTEX_POINT('',#14398);
#7238=VERTEX_POINT('',#14400);
#7239=VERTEX_POINT('',#14402);
#7240=VERTEX_POINT('',#14404);
#7241=VERTEX_POINT('',#14406);
#7242=VERTEX_POINT('',#14408);
#7243=VERTEX_POINT('',#14411);
#7244=VERTEX_POINT('',#14414);
#7245=VERTEX_POINT('',#14418);
#7246=VERTEX_POINT('',#14421);
#7247=VERTEX_POINT('',#14425);
#7248=VERTEX_POINT('',#14428);
#7249=VERTEX_POINT('',#14432);
#7250=VERTEX_POINT('',#14435);
#7251=VERTEX_POINT('',#14439);
#7252=VERTEX_POINT('',#14442);
#7253=VERTEX_POINT('',#14446);
#7254=VERTEX_POINT('',#14449);
#7255=VERTEX_POINT('',#14453);
#7256=VERTEX_POINT('',#14455);
#7257=VERTEX_POINT('',#14459);
#7258=VERTEX_POINT('',#14463);
#7259=VERTEX_POINT('',#14470);
#7260=VERTEX_POINT('',#14472);
#7261=VERTEX_POINT('',#14476);
#7262=VERTEX_POINT('',#14480);
#7263=VERTEX_POINT('',#14490);
#7264=VERTEX_POINT('',#14491);
#7265=VERTEX_POINT('',#14493);
#7266=VERTEX_POINT('',#14495);
#7267=VERTEX_POINT('',#14499);
#7268=VERTEX_POINT('',#14501);
#7269=VERTEX_POINT('',#14505);
#7270=VERTEX_POINT('',#14507);
#7271=VERTEX_POINT('',#14511);
#7272=VERTEX_POINT('',#14513);
#7273=VERTEX_POINT('',#14517);
#7274=VERTEX_POINT('',#14519);
#7275=VERTEX_POINT('',#14548);
#7276=VERTEX_POINT('',#14549);
#7277=VERTEX_POINT('',#14551);
#7278=VERTEX_POINT('',#14553);
#7279=VERTEX_POINT('',#14556);
#7280=VERTEX_POINT('',#14557);
#7281=VERTEX_POINT('',#14559);
#7282=VERTEX_POINT('',#14561);
#7283=VERTEX_POINT('',#14564);
#7284=VERTEX_POINT('',#14565);
#7285=VERTEX_POINT('',#14567);
#7286=VERTEX_POINT('',#14569);
#7287=VERTEX_POINT('',#14572);
#7288=VERTEX_POINT('',#14573);
#7289=VERTEX_POINT('',#14575);
#7290=VERTEX_POINT('',#14577);
#7291=VERTEX_POINT('',#14580);
#7292=VERTEX_POINT('',#14581);
#7293=VERTEX_POINT('',#14583);
#7294=VERTEX_POINT('',#14585);
#7295=VERTEX_POINT('',#14588);
#7296=VERTEX_POINT('',#14589);
#7297=VERTEX_POINT('',#14591);
#7298=VERTEX_POINT('',#14593);
#7299=VERTEX_POINT('',#14597);
#7300=VERTEX_POINT('',#14598);
#7301=VERTEX_POINT('',#14600);
#7302=VERTEX_POINT('',#14602);
#7303=VERTEX_POINT('',#14605);
#7304=VERTEX_POINT('',#14606);
#7305=VERTEX_POINT('',#14608);
#7306=VERTEX_POINT('',#14610);
#7307=VERTEX_POINT('',#14613);
#7308=VERTEX_POINT('',#14614);
#7309=VERTEX_POINT('',#14616);
#7310=VERTEX_POINT('',#14618);
#7311=VERTEX_POINT('',#14621);
#7312=VERTEX_POINT('',#14622);
#7313=VERTEX_POINT('',#14624);
#7314=VERTEX_POINT('',#14626);
#7315=VERTEX_POINT('',#14629);
#7316=VERTEX_POINT('',#14630);
#7317=VERTEX_POINT('',#14632);
#7318=VERTEX_POINT('',#14634);
#7319=VERTEX_POINT('',#14637);
#7320=VERTEX_POINT('',#14638);
#7321=VERTEX_POINT('',#14640);
#7322=VERTEX_POINT('',#14642);
#7323=VERTEX_POINT('',#14645);
#7324=VERTEX_POINT('',#14646);
#7325=VERTEX_POINT('',#14648);
#7326=VERTEX_POINT('',#14650);
#7327=VERTEX_POINT('',#14653);
#7328=VERTEX_POINT('',#14654);
#7329=VERTEX_POINT('',#14656);
#7330=VERTEX_POINT('',#14658);
#7331=VERTEX_POINT('',#14661);
#7332=VERTEX_POINT('',#14662);
#7333=VERTEX_POINT('',#14664);
#7334=VERTEX_POINT('',#14666);
#7335=VERTEX_POINT('',#14669);
#7336=VERTEX_POINT('',#14670);
#7337=VERTEX_POINT('',#14672);
#7338=VERTEX_POINT('',#14674);
#7339=VERTEX_POINT('',#14677);
#7340=VERTEX_POINT('',#14678);
#7341=VERTEX_POINT('',#14680);
#7342=VERTEX_POINT('',#14682);
#7343=VERTEX_POINT('',#14685);
#7344=VERTEX_POINT('',#14686);
#7345=VERTEX_POINT('',#14688);
#7346=VERTEX_POINT('',#14690);
#7347=VERTEX_POINT('',#14696);
#7348=VERTEX_POINT('',#14697);
#7349=VERTEX_POINT('',#14699);
#7350=VERTEX_POINT('',#14701);
#7351=VERTEX_POINT('',#14704);
#7352=VERTEX_POINT('',#14705);
#7353=VERTEX_POINT('',#14707);
#7354=VERTEX_POINT('',#14709);
#7355=VERTEX_POINT('',#14713);
#7356=VERTEX_POINT('',#14714);
#7357=VERTEX_POINT('',#14716);
#7358=VERTEX_POINT('',#14718);
#7359=VERTEX_POINT('',#14723);
#7360=VERTEX_POINT('',#14724);
#7361=VERTEX_POINT('',#14726);
#7362=VERTEX_POINT('',#14728);
#7363=VERTEX_POINT('',#14734);
#7364=VERTEX_POINT('',#14736);
#7365=VERTEX_POINT('',#14740);
#7366=VERTEX_POINT('',#14744);
#7367=VERTEX_POINT('',#14751);
#7368=VERTEX_POINT('',#14753);
#7369=VERTEX_POINT('',#14757);
#7370=VERTEX_POINT('',#14761);
#7371=VERTEX_POINT('',#14768);
#7372=VERTEX_POINT('',#14770);
#7373=VERTEX_POINT('',#14774);
#7374=VERTEX_POINT('',#14778);
#7375=VERTEX_POINT('',#14785);
#7376=VERTEX_POINT('',#14787);
#7377=VERTEX_POINT('',#14791);
#7378=VERTEX_POINT('',#14795);
#7379=VERTEX_POINT('',#14802);
#7380=VERTEX_POINT('',#14804);
#7381=VERTEX_POINT('',#14808);
#7382=VERTEX_POINT('',#14812);
#7383=VERTEX_POINT('',#14819);
#7384=VERTEX_POINT('',#14821);
#7385=VERTEX_POINT('',#14825);
#7386=VERTEX_POINT('',#14829);
#7387=VERTEX_POINT('',#14836);
#7388=VERTEX_POINT('',#14837);
#7389=VERTEX_POINT('',#14839);
#7390=VERTEX_POINT('',#14841);
#7391=VERTEX_POINT('',#14852);
#7392=VERTEX_POINT('',#14853);
#7393=VERTEX_POINT('',#14855);
#7394=VERTEX_POINT('',#14857);
#7395=VERTEX_POINT('',#14869);
#7396=VERTEX_POINT('',#14871);
#7397=VERTEX_POINT('',#14875);
#7398=VERTEX_POINT('',#14879);
#7399=VERTEX_POINT('',#14886);
#7400=VERTEX_POINT('',#14888);
#7401=VERTEX_POINT('',#14892);
#7402=VERTEX_POINT('',#14896);
#7403=VERTEX_POINT('',#14903);
#7404=VERTEX_POINT('',#14905);
#7405=VERTEX_POINT('',#14909);
#7406=VERTEX_POINT('',#14913);
#7407=VERTEX_POINT('',#14920);
#7408=VERTEX_POINT('',#14922);
#7409=VERTEX_POINT('',#14926);
#7410=VERTEX_POINT('',#14930);
#7411=VERTEX_POINT('',#14937);
#7412=VERTEX_POINT('',#14939);
#7413=VERTEX_POINT('',#14943);
#7414=VERTEX_POINT('',#14947);
#7415=VERTEX_POINT('',#14954);
#7416=VERTEX_POINT('',#14956);
#7417=VERTEX_POINT('',#14960);
#7418=VERTEX_POINT('',#14964);
#7419=VERTEX_POINT('',#14972);
#7420=VERTEX_POINT('',#14974);
#7421=VERTEX_POINT('',#14978);
#7422=VERTEX_POINT('',#14982);
#7423=VERTEX_POINT('',#14989);
#7424=VERTEX_POINT('',#14991);
#7425=VERTEX_POINT('',#14995);
#7426=VERTEX_POINT('',#14999);
#7427=VERTEX_POINT('',#15006);
#7428=VERTEX_POINT('',#15008);
#7429=VERTEX_POINT('',#15012);
#7430=VERTEX_POINT('',#15016);
#7431=VERTEX_POINT('',#15023);
#7432=VERTEX_POINT('',#15025);
#7433=VERTEX_POINT('',#15029);
#7434=VERTEX_POINT('',#15033);
#7435=VERTEX_POINT('',#15040);
#7436=VERTEX_POINT('',#15042);
#7437=VERTEX_POINT('',#15046);
#7438=VERTEX_POINT('',#15050);
#7439=VERTEX_POINT('',#15057);
#7440=VERTEX_POINT('',#15059);
#7441=VERTEX_POINT('',#15063);
#7442=VERTEX_POINT('',#15067);
#7443=VERTEX_POINT('',#15096);
#7444=VERTEX_POINT('',#15098);
#7445=VERTEX_POINT('',#15099);
#7446=VERTEX_POINT('',#15101);
#7447=VERTEX_POINT('',#15103);
#7448=VERTEX_POINT('',#15105);
#7449=VERTEX_POINT('',#15107);
#7450=VERTEX_POINT('',#15111);
#7451=VERTEX_POINT('',#15113);
#7452=VERTEX_POINT('',#15114);
#7453=VERTEX_POINT('',#15116);
#7454=VERTEX_POINT('',#15118);
#7455=VERTEX_POINT('',#15120);
#7456=VERTEX_POINT('',#15122);
#7457=VERTEX_POINT('',#15126);
#7458=VERTEX_POINT('',#15128);
#7459=VERTEX_POINT('',#15129);
#7460=VERTEX_POINT('',#15131);
#7461=VERTEX_POINT('',#15133);
#7462=VERTEX_POINT('',#15135);
#7463=VERTEX_POINT('',#15137);
#7464=VERTEX_POINT('',#15141);
#7465=VERTEX_POINT('',#15143);
#7466=VERTEX_POINT('',#15144);
#7467=VERTEX_POINT('',#15146);
#7468=VERTEX_POINT('',#15148);
#7469=VERTEX_POINT('',#15150);
#7470=VERTEX_POINT('',#15152);
#7471=VERTEX_POINT('',#15223);
#7472=VERTEX_POINT('',#15225);
#7473=VERTEX_POINT('',#15228);
#7474=VERTEX_POINT('',#15229);
#7475=VERTEX_POINT('',#15231);
#7476=VERTEX_POINT('',#15233);
#7477=VERTEX_POINT('',#15237);
#7478=VERTEX_POINT('',#15239);
#7479=VERTEX_POINT('',#15243);
#7480=VERTEX_POINT('',#15245);
#7481=VERTEX_POINT('',#15252);
#7482=VERTEX_POINT('',#15275);
#7483=VERTEX_POINT('',#15326);
#7484=VERTEX_POINT('',#15327);
#7485=VERTEX_POINT('',#15329);
#7486=VERTEX_POINT('',#15331);
#7487=VERTEX_POINT('',#15333);
#7488=VERTEX_POINT('',#15335);
#7489=VERTEX_POINT('',#15337);
#7490=VERTEX_POINT('',#15339);
#7491=VERTEX_POINT('',#15343);
#7492=VERTEX_POINT('',#15344);
#7493=VERTEX_POINT('',#15346);
#7494=VERTEX_POINT('',#15348);
#7495=VERTEX_POINT('',#15350);
#7496=VERTEX_POINT('',#15352);
#7497=VERTEX_POINT('',#15356);
#7498=VERTEX_POINT('',#15357);
#7499=VERTEX_POINT('',#15359);
#7500=VERTEX_POINT('',#15361);
#7501=VERTEX_POINT('',#15363);
#7502=VERTEX_POINT('',#15365);
#7503=VERTEX_POINT('',#15369);
#7504=VERTEX_POINT('',#15371);
#7505=VERTEX_POINT('',#15373);
#7506=VERTEX_POINT('',#15376);
#7507=VERTEX_POINT('',#15378);
#7508=VERTEX_POINT('',#15380);
#7509=VERTEX_POINT('',#15384);
#7510=VERTEX_POINT('',#15385);
#7511=VERTEX_POINT('',#15390);
#7512=VERTEX_POINT('',#15394);
#7513=VERTEX_POINT('',#15399);
#7514=VERTEX_POINT('',#15400);
#7515=CIRCLE('',#9507,0.000267417280670616);
#7516=CIRCLE('',#9508,0.000267417280670616);
#7517=CIRCLE('',#9509,0.000267417280670616);
#7518=CIRCLE('',#9510,0.000267417280670616);
#7519=CIRCLE('',#9511,0.000267417280670616);
#7520=CIRCLE('',#9512,0.000267417280670616);
#7521=CIRCLE('',#9513,0.000267417280670616);
#7522=CIRCLE('',#9514,0.000267417280670616);
#7523=CIRCLE('',#9546,0.00392648760985714);
#7524=CIRCLE('',#9547,0.00392648760985714);
#7525=CIRCLE('',#9573,0.00308266581761793);
#7526=CIRCLE('',#9574,0.00308266581761793);
#7527=CIRCLE('',#9645,0.000652801527373289);
#7528=CIRCLE('',#9651,0.000652801527373289);
#7529=CIRCLE('',#9684,0.003302);
#7530=CIRCLE('',#9706,0.003302);
#7531=CIRCLE('',#9756,0.0127687111873593);
#7532=CIRCLE('',#9757,0.0127687111873593);
#7533=CIRCLE('',#9760,0.00408735465512608);
#7534=CIRCLE('',#9777,0.00408735465512608);
#7535=CIRCLE('',#9856,0.00297903153114021);
#7536=CIRCLE('',#9857,0.00297903153114021);
#7537=CIRCLE('',#9860,0.00297903153114021);
#7538=CIRCLE('',#9863,0.00297903153114021);
#7539=CIRCLE('',#9869,0.003302);
#7540=CIRCLE('',#9872,0.003175);
#7541=CIRCLE('',#9874,0.003302);
#7542=CIRCLE('',#9876,0.003175);
#7543=CIRCLE('',#9878,0.003175);
#7544=CIRCLE('',#9880,0.003302);
#7545=CIRCLE('',#9883,0.003175);
#7546=CIRCLE('',#9885,0.003302);
#7547=CIRCLE('',#9912,0.003302);
#7548=CIRCLE('',#9913,0.003302);
#7549=CIRCLE('',#9914,0.003302);
#7550=CIRCLE('',#9915,0.003302);
#7551=CIRCLE('',#9916,0.003302);
#7552=CIRCLE('',#9917,0.003302);
#7553=CIRCLE('',#9919,0.003175);
#7554=CIRCLE('',#9920,0.003175);
#7555=CIRCLE('',#9921,0.003175);
#7556=CIRCLE('',#9922,0.003175);
#7557=CIRCLE('',#9923,0.003175);
#7558=CIRCLE('',#9924,0.003175);
#7559=CIRCLE('',#9926,0.003175);
#7560=CIRCLE('',#9928,0.003302);
#7561=CIRCLE('',#9931,0.003175);
#7562=CIRCLE('',#9933,0.003302);
#7563=CIRCLE('',#9936,0.003175);
#7564=CIRCLE('',#9938,0.003302);
#7565=CIRCLE('',#9941,0.003175);
#7566=CIRCLE('',#9943,0.003302);
#7567=CIRCLE('',#9946,0.003175);
#7568=CIRCLE('',#9948,0.003302);
#7569=CIRCLE('',#9951,0.003175);
#7570=CIRCLE('',#9953,0.003302);
#7571=CIRCLE('',#10125,0.00309423237157939);
#7572=CIRCLE('',#10127,0.00309423237157939);
#7573=CIRCLE('',#10129,0.00309423237157939);
#7574=CIRCLE('',#10131,0.00309423237157939);
#7575=CIRCLE('',#10195,0.00112092116683623);
#7576=CIRCLE('',#10253,0.003302);
#7577=CIRCLE('',#10255,0.003175);
#7578=CIRCLE('',#10259,0.003302);
#7579=CIRCLE('',#10262,0.003175);
#7580=CIRCLE('',#10264,0.003175);
#7581=CIRCLE('',#10266,0.003302);
#7582=EDGE_LOOP('',(#3467,#3468,#3469,#3470));
#7583=EDGE_LOOP('',(#3471,#3472,#3473,#3474,#3475,#3476));
#7584=EDGE_LOOP('',(#3477,#3478,#3479));
#7585=EDGE_LOOP('',(#3480,#3481,#3482));
#7586=EDGE_LOOP('',(#3483,#3484,#3485));
#7587=EDGE_LOOP('',(#3486,#3487,#3488));
#7588=EDGE_LOOP('',(#3489,#3490,#3491,#3492,#3493));
#7589=EDGE_LOOP('',(#3494,#3495,#3496,#3497,#3498));
#7590=EDGE_LOOP('',(#3499,#3500,#3501,#3502,#3503));
#7591=EDGE_LOOP('',(#3504,#3505,#3506,#3507,#3508));
#7592=EDGE_LOOP('',(#3509,#3510,#3511,#3512));
#7593=EDGE_LOOP('',(#3513,#3514,#3515));
#7594=EDGE_LOOP('',(#3516,#3517,#3518));
#7595=EDGE_LOOP('',(#3519,#3520,#3521));
#7596=EDGE_LOOP('',(#3522,#3523,#3524,#3525,#3526));
#7597=EDGE_LOOP('',(#3527,#3528,#3529,#3530,#3531,#3532));
#7598=EDGE_LOOP('',(#3533,#3534,#3535,#3536,#3537));
#7599=EDGE_LOOP('',(#3538,#3539,#3540,#3541,#3542,#3543));
#7600=EDGE_LOOP('',(#3544,#3545,#3546,#3547));
#7601=EDGE_LOOP('',(#3548,#3549,#3550));
#7602=EDGE_LOOP('',(#3551,#3552,#3553,#3554));
#7603=EDGE_LOOP('',(#3555,#3556,#3557,#3558));
#7604=EDGE_LOOP('',(#3559,#3560,#3561,#3562));
#7605=EDGE_LOOP('',(#3563,#3564,#3565,#3566));
#7606=EDGE_LOOP('',(#3567,#3568,#3569,#3570));
#7607=EDGE_LOOP('',(#3571,#3572,#3573,#3574));
#7608=EDGE_LOOP('',(#3575));
#7609=EDGE_LOOP('',(#3576));
#7610=EDGE_LOOP('',(#3577,#3578,#3579,#3580));
#7611=EDGE_LOOP('',(#3581,#3582,#3583,#3584));
#7612=EDGE_LOOP('',(#3585,#3586,#3587,#3588));
#7613=EDGE_LOOP('',(#3589,#3590,#3591,#3592));
#7614=EDGE_LOOP('',(#3593,#3594,#3595,#3596));
#7615=EDGE_LOOP('',(#3597));
#7616=EDGE_LOOP('',(#3598,#3599,#3600,#3601));
#7617=EDGE_LOOP('',(#3602,#3603,#3604,#3605));
#7618=EDGE_LOOP('',(#3606,#3607,#3608,#3609));
#7619=EDGE_LOOP('',(#3610,#3611,#3612,#3613));
#7620=EDGE_LOOP('',(#3614,#3615,#3616,#3617));
#7621=EDGE_LOOP('',(#3618,#3619,#3620,#3621));
#7622=EDGE_LOOP('',(#3622));
#7623=EDGE_LOOP('',(#3623,#3624,#3625,#3626));
#7624=EDGE_LOOP('',(#3627));
#7625=EDGE_LOOP('',(#3628));
#7626=EDGE_LOOP('',(#3629));
#7627=EDGE_LOOP('',(#3630));
#7628=EDGE_LOOP('',(#3631,#3632,#3633,#3634));
#7629=EDGE_LOOP('',(#3635,#3636,#3637,#3638));
#7630=EDGE_LOOP('',(#3639,#3640,#3641,#3642));
#7631=EDGE_LOOP('',(#3643,#3644,#3645,#3646));
#7632=EDGE_LOOP('',(#3647,#3648,#3649,#3650));
#7633=EDGE_LOOP('',(#3651,#3652,#3653,#3654));
#7634=EDGE_LOOP('',(#3655,#3656,#3657,#3658));
#7635=EDGE_LOOP('',(#3659,#3660,#3661,#3662));
#7636=EDGE_LOOP('',(#3663,#3664,#3665,#3666));
#7637=EDGE_LOOP('',(#3667,#3668,#3669,#3670));
#7638=EDGE_LOOP('',(#3671,#3672,#3673,#3674));
#7639=EDGE_LOOP('',(#3675,#3676,#3677,#3678));
#7640=EDGE_LOOP('',(#3679,#3680,#3681,#3682));
#7641=EDGE_LOOP('',(#3683,#3684,#3685,#3686));
#7642=EDGE_LOOP('',(#3687,#3688,#3689,#3690));
#7643=EDGE_LOOP('',(#3691,#3692,#3693,#3694));
#7644=EDGE_LOOP('',(#3695,#3696,#3697,#3698));
#7645=EDGE_LOOP('',(#3699,#3700,#3701,#3702));
#7646=EDGE_LOOP('',(#3703,#3704,#3705,#3706));
#7647=EDGE_LOOP('',(#3707,#3708,#3709,#3710));
#7648=EDGE_LOOP('',(#3711,#3712,#3713,#3714));
#7649=EDGE_LOOP('',(#3715,#3716,#3717,#3718));
#7650=EDGE_LOOP('',(#3719,#3720,#3721,#3722));
#7651=EDGE_LOOP('',(#3723,#3724,#3725,#3726));
#7652=EDGE_LOOP('',(#3727,#3728,#3729,#3730));
#7653=EDGE_LOOP('',(#3731,#3732,#3733,#3734));
#7654=EDGE_LOOP('',(#3735,#3736,#3737,#3738));
#7655=EDGE_LOOP('',(#3739,#3740,#3741,#3742));
#7656=EDGE_LOOP('',(#3743,#3744,#3745,#3746));
#7657=EDGE_LOOP('',(#3747,#3748,#3749,#3750));
#7658=EDGE_LOOP('',(#3751,#3752,#3753,#3754));
#7659=EDGE_LOOP('',(#3755,#3756,#3757,#3758));
#7660=EDGE_LOOP('',(#3759,#3760,#3761,#3762));
#7661=EDGE_LOOP('',(#3763,#3764,#3765,#3766));
#7662=EDGE_LOOP('',(#3767,#3768,#3769,#3770));
#7663=EDGE_LOOP('',(#3771,#3772,#3773,#3774));
#7664=EDGE_LOOP('',(#3775,#3776,#3777,#3778));
#7665=EDGE_LOOP('',(#3779,#3780,#3781,#3782));
#7666=EDGE_LOOP('',(#3783,#3784,#3785,#3786));
#7667=EDGE_LOOP('',(#3787,#3788,#3789,#3790));
#7668=EDGE_LOOP('',(#3791,#3792,#3793,#3794));
#7669=EDGE_LOOP('',(#3795,#3796,#3797,#3798));
#7670=EDGE_LOOP('',(#3799,#3800,#3801,#3802));
#7671=EDGE_LOOP('',(#3803,#3804,#3805,#3806));
#7672=EDGE_LOOP('',(#3807,#3808,#3809,#3810));
#7673=EDGE_LOOP('',(#3811,#3812,#3813,#3814));
#7674=EDGE_LOOP('',(#3815,#3816,#3817,#3818));
#7675=EDGE_LOOP('',(#3819,#3820,#3821,#3822));
#7676=EDGE_LOOP('',(#3823,#3824,#3825,#3826));
#7677=EDGE_LOOP('',(#3827,#3828,#3829,#3830));
#7678=EDGE_LOOP('',(#3831,#3832,#3833,#3834));
#7679=EDGE_LOOP('',(#3835,#3836,#3837,#3838));
#7680=EDGE_LOOP('',(#3839,#3840,#3841,#3842));
#7681=EDGE_LOOP('',(#3843,#3844,#3845,#3846));
#7682=EDGE_LOOP('',(#3847,#3848,#3849,#3850));
#7683=EDGE_LOOP('',(#3851,#3852,#3853,#3854));
#7684=EDGE_LOOP('',(#3855,#3856,#3857,#3858));
#7685=EDGE_LOOP('',(#3859,#3860,#3861,#3862));
#7686=EDGE_LOOP('',(#3863,#3864,#3865,#3866));
#7687=EDGE_LOOP('',(#3867,#3868,#3869,#3870));
#7688=EDGE_LOOP('',(#3871,#3872,#3873,#3874));
#7689=EDGE_LOOP('',(#3875));
#7690=EDGE_LOOP('',(#3876,#3877,#3878,#3879));
#7691=EDGE_LOOP('',(#3880,#3881,#3882,#3883));
#7692=EDGE_LOOP('',(#3884,#3885,#3886,#3887));
#7693=EDGE_LOOP('',(#3888,#3889,#3890,#3891));
#7694=EDGE_LOOP('',(#3892,#3893,#3894,#3895));
#7695=EDGE_LOOP('',(#3896));
#7696=EDGE_LOOP('',(#3897));
#7697=EDGE_LOOP('',(#3898));
#7698=EDGE_LOOP('',(#3899,#3900,#3901,#3902,#3903,#3904));
#7699=EDGE_LOOP('',(#3905,#3906,#3907,#3908,#3909,#3910));
#7700=EDGE_LOOP('',(#3911,#3912,#3913,#3914,#3915,#3916));
#7701=EDGE_LOOP('',(#3917,#3918,#3919,#3920,#3921,#3922));
#7702=EDGE_LOOP('',(#3923,#3924,#3925,#3926,#3927,#3928));
#7703=EDGE_LOOP('',(#3929,#3930,#3931,#3932));
#7704=EDGE_LOOP('',(#3933,#3934,#3935,#3936));
#7705=EDGE_LOOP('',(#3937,#3938,#3939,#3940));
#7706=EDGE_LOOP('',(#3941,#3942,#3943,#3944));
#7707=EDGE_LOOP('',(#3945,#3946,#3947,#3948,#3949,#3950));
#7708=EDGE_LOOP('',(#3951,#3952,#3953,#3954));
#7709=EDGE_LOOP('',(#3955,#3956,#3957,#3958));
#7710=EDGE_LOOP('',(#3959,#3960,#3961,#3962,#3963,#3964));
#7711=EDGE_LOOP('',(#3965,#3966,#3967,#3968,#3969,#3970));
#7712=EDGE_LOOP('',(#3971,#3972,#3973,#3974));
#7713=EDGE_LOOP('',(#3975,#3976,#3977,#3978));
#7714=EDGE_LOOP('',(#3979,#3980,#3981,#3982,#3983,#3984));
#7715=EDGE_LOOP('',(#3985,#3986,#3987,#3988,#3989,#3990));
#7716=EDGE_LOOP('',(#3991,#3992,#3993,#3994));
#7717=EDGE_LOOP('',(#3995,#3996,#3997,#3998));
#7718=EDGE_LOOP('',(#3999,#4000,#4001,#4002,#4003,#4004,#4005,#4006,#4007,
#4008));
#7719=EDGE_LOOP('',(#4009,#4010,#4011,#4012,#4013,#4014,#4015,#4016,#4017,
#4018,#4019,#4020,#4021,#4022,#4023,#4024));
#7720=EDGE_LOOP('',(#4025,#4026,#4027,#4028));
#7721=EDGE_LOOP('',(#4029,#4030,#4031,#4032));
#7722=EDGE_LOOP('',(#4033,#4034,#4035,#4036,#4037,#4038,#4039,#4040,#4041,
#4042,#4043,#4044,#4045,#4046,#4047,#4048,#4049,#4050,#4051,#4052));
#7723=EDGE_LOOP('',(#4053,#4054,#4055,#4056));
#7724=EDGE_LOOP('',(#4057,#4058,#4059,#4060));
#7725=EDGE_LOOP('',(#4061,#4062,#4063,#4064,#4065,#4066,#4067,#4068,#4069,
#4070));
#7726=EDGE_LOOP('',(#4071,#4072,#4073,#4074,#4075,#4076,#4077,#4078,#4079,
#4080,#4081,#4082,#4083,#4084,#4085,#4086));
#7727=EDGE_LOOP('',(#4087,#4088,#4089,#4090,#4091,#4092));
#7728=EDGE_LOOP('',(#4093,#4094,#4095,#4096,#4097,#4098,#4099,#4100,#4101,
#4102,#4103,#4104,#4105,#4106,#4107,#4108,#4109,#4110,#4111,#4112,#4113,
#4114));
#7729=EDGE_LOOP('',(#4115));
#7730=EDGE_LOOP('',(#4116,#4117,#4118,#4119));
#7731=EDGE_LOOP('',(#4120,#4121,#4122,#4123));
#7732=EDGE_LOOP('',(#4124,#4125,#4126,#4127));
#7733=EDGE_LOOP('',(#4128,#4129,#4130,#4131));
#7734=EDGE_LOOP('',(#4132,#4133,#4134,#4135));
#7735=EDGE_LOOP('',(#4136,#4137,#4138,#4139));
#7736=EDGE_LOOP('',(#4140,#4141,#4142,#4143));
#7737=EDGE_LOOP('',(#4144,#4145,#4146,#4147));
#7738=EDGE_LOOP('',(#4148,#4149,#4150,#4151));
#7739=EDGE_LOOP('',(#4152,#4153,#4154,#4155));
#7740=EDGE_LOOP('',(#4156,#4157,#4158,#4159));
#7741=EDGE_LOOP('',(#4160,#4161,#4162,#4163));
#7742=EDGE_LOOP('',(#4164,#4165,#4166,#4167));
#7743=EDGE_LOOP('',(#4168,#4169,#4170,#4171));
#7744=EDGE_LOOP('',(#4172,#4173,#4174,#4175));
#7745=EDGE_LOOP('',(#4176,#4177,#4178,#4179));
#7746=EDGE_LOOP('',(#4180,#4181,#4182,#4183,#4184,#4185));
#7747=EDGE_LOOP('',(#4186,#4187,#4188,#4189));
#7748=EDGE_LOOP('',(#4190,#4191,#4192,#4193));
#7749=EDGE_LOOP('',(#4194,#4195,#4196,#4197));
#7750=EDGE_LOOP('',(#4198,#4199,#4200,#4201));
#7751=EDGE_LOOP('',(#4202));
#7752=EDGE_LOOP('',(#4203));
#7753=EDGE_LOOP('',(#4204));
#7754=EDGE_LOOP('',(#4205,#4206,#4207,#4208));
#7755=EDGE_LOOP('',(#4209,#4210,#4211,#4212,#4213,#4214));
#7756=EDGE_LOOP('',(#4215,#4216,#4217,#4218,#4219,#4220));
#7757=EDGE_LOOP('',(#4221,#4222,#4223,#4224));
#7758=EDGE_LOOP('',(#4225,#4226,#4227,#4228));
#7759=EDGE_LOOP('',(#4229,#4230,#4231,#4232,#4233,#4234));
#7760=EDGE_LOOP('',(#4235,#4236,#4237,#4238));
#7761=EDGE_LOOP('',(#4239,#4240,#4241,#4242));
#7762=EDGE_LOOP('',(#4243,#4244,#4245,#4246));
#7763=EDGE_LOOP('',(#4247,#4248,#4249,#4250));
#7764=EDGE_LOOP('',(#4251,#4252,#4253,#4254));
#7765=EDGE_LOOP('',(#4255,#4256,#4257,#4258));
#7766=EDGE_LOOP('',(#4259,#4260,#4261,#4262));
#7767=EDGE_LOOP('',(#4263,#4264,#4265,#4266));
#7768=EDGE_LOOP('',(#4267,#4268,#4269,#4270));
#7769=EDGE_LOOP('',(#4271,#4272,#4273,#4274));
#7770=EDGE_LOOP('',(#4275,#4276,#4277,#4278));
#7771=EDGE_LOOP('',(#4279,#4280,#4281,#4282));
#7772=EDGE_LOOP('',(#4283,#4284,#4285,#4286));
#7773=EDGE_LOOP('',(#4287,#4288,#4289,#4290));
#7774=EDGE_LOOP('',(#4291,#4292,#4293,#4294));
#7775=EDGE_LOOP('',(#4295,#4296,#4297,#4298));
#7776=EDGE_LOOP('',(#4299,#4300,#4301,#4302));
#7777=EDGE_LOOP('',(#4303,#4304,#4305,#4306));
#7778=EDGE_LOOP('',(#4307,#4308,#4309,#4310));
#7779=EDGE_LOOP('',(#4311,#4312,#4313,#4314));
#7780=EDGE_LOOP('',(#4315,#4316,#4317,#4318));
#7781=EDGE_LOOP('',(#4319,#4320,#4321,#4322));
#7782=EDGE_LOOP('',(#4323,#4324,#4325,#4326,#4327,#4328));
#7783=EDGE_LOOP('',(#4329,#4330,#4331,#4332,#4333,#4334));
#7784=EDGE_LOOP('',(#4335));
#7785=EDGE_LOOP('',(#4336));
#7786=EDGE_LOOP('',(#4337,#4338,#4339,#4340));
#7787=EDGE_LOOP('',(#4341,#4342,#4343,#4344));
#7788=EDGE_LOOP('',(#4345,#4346,#4347,#4348));
#7789=EDGE_LOOP('',(#4349));
#7790=EDGE_LOOP('',(#4350));
#7791=EDGE_LOOP('',(#4351));
#7792=EDGE_LOOP('',(#4352,#4353,#4354,#4355));
#7793=EDGE_LOOP('',(#4356,#4357,#4358,#4359));
#7794=EDGE_LOOP('',(#4360,#4361,#4362,#4363));
#7795=EDGE_LOOP('',(#4364,#4365,#4366,#4367));
#7796=EDGE_LOOP('',(#4368,#4369,#4370,#4371));
#7797=EDGE_LOOP('',(#4372,#4373,#4374,#4375));
#7798=EDGE_LOOP('',(#4376,#4377,#4378,#4379));
#7799=EDGE_LOOP('',(#4380,#4381,#4382,#4383));
#7800=EDGE_LOOP('',(#4384,#4385,#4386,#4387));
#7801=EDGE_LOOP('',(#4388,#4389,#4390,#4391));
#7802=EDGE_LOOP('',(#4392,#4393,#4394,#4395));
#7803=EDGE_LOOP('',(#4396,#4397,#4398,#4399));
#7804=EDGE_LOOP('',(#4400,#4401,#4402,#4403));
#7805=EDGE_LOOP('',(#4404,#4405,#4406,#4407));
#7806=EDGE_LOOP('',(#4408,#4409,#4410,#4411));
#7807=EDGE_LOOP('',(#4412));
#7808=EDGE_LOOP('',(#4413));
#7809=EDGE_LOOP('',(#4414));
#7810=EDGE_LOOP('',(#4415,#4416,#4417,#4418));
#7811=EDGE_LOOP('',(#4419,#4420,#4421,#4422));
#7812=EDGE_LOOP('',(#4423,#4424,#4425,#4426));
#7813=EDGE_LOOP('',(#4427,#4428,#4429,#4430));
#7814=EDGE_LOOP('',(#4431,#4432,#4433,#4434));
#7815=EDGE_LOOP('',(#4435,#4436,#4437,#4438));
#7816=EDGE_LOOP('',(#4439,#4440,#4441,#4442));
#7817=EDGE_LOOP('',(#4443,#4444,#4445,#4446));
#7818=EDGE_LOOP('',(#4447,#4448,#4449,#4450));
#7819=EDGE_LOOP('',(#4451,#4452,#4453,#4454));
#7820=EDGE_LOOP('',(#4455,#4456,#4457,#4458));
#7821=EDGE_LOOP('',(#4459,#4460,#4461,#4462));
#7822=EDGE_LOOP('',(#4463,#4464,#4465,#4466));
#7823=EDGE_LOOP('',(#4467,#4468,#4469,#4470));
#7824=EDGE_LOOP('',(#4471,#4472,#4473,#4474));
#7825=EDGE_LOOP('',(#4475,#4476,#4477,#4478));
#7826=EDGE_LOOP('',(#4479,#4480,#4481,#4482));
#7827=EDGE_LOOP('',(#4483,#4484,#4485,#4486));
#7828=EDGE_LOOP('',(#4487,#4488,#4489,#4490));
#7829=EDGE_LOOP('',(#4491,#4492,#4493,#4494));
#7830=EDGE_LOOP('',(#4495,#4496,#4497,#4498));
#7831=EDGE_LOOP('',(#4499,#4500,#4501,#4502));
#7832=EDGE_LOOP('',(#4503,#4504,#4505,#4506));
#7833=EDGE_LOOP('',(#4507,#4508,#4509,#4510));
#7834=EDGE_LOOP('',(#4511,#4512,#4513,#4514));
#7835=EDGE_LOOP('',(#4515,#4516,#4517,#4518));
#7836=EDGE_LOOP('',(#4519,#4520,#4521,#4522));
#7837=EDGE_LOOP('',(#4523,#4524,#4525,#4526));
#7838=EDGE_LOOP('',(#4527,#4528,#4529,#4530));
#7839=EDGE_LOOP('',(#4531,#4532,#4533,#4534));
#7840=EDGE_LOOP('',(#4535,#4536,#4537,#4538));
#7841=EDGE_LOOP('',(#4539,#4540,#4541,#4542));
#7842=EDGE_LOOP('',(#4543,#4544,#4545,#4546));
#7843=EDGE_LOOP('',(#4547,#4548,#4549,#4550));
#7844=EDGE_LOOP('',(#4551,#4552,#4553,#4554));
#7845=EDGE_LOOP('',(#4555,#4556,#4557,#4558));
#7846=EDGE_LOOP('',(#4559,#4560,#4561,#4562));
#7847=EDGE_LOOP('',(#4563,#4564,#4565,#4566));
#7848=EDGE_LOOP('',(#4567,#4568,#4569,#4570));
#7849=EDGE_LOOP('',(#4571,#4572,#4573,#4574));
#7850=EDGE_LOOP('',(#4575,#4576,#4577,#4578));
#7851=EDGE_LOOP('',(#4579,#4580,#4581,#4582));
#7852=EDGE_LOOP('',(#4583,#4584,#4585,#4586));
#7853=EDGE_LOOP('',(#4587,#4588,#4589,#4590));
#7854=EDGE_LOOP('',(#4591,#4592,#4593,#4594));
#7855=EDGE_LOOP('',(#4595,#4596,#4597,#4598));
#7856=EDGE_LOOP('',(#4599,#4600,#4601,#4602));
#7857=EDGE_LOOP('',(#4603,#4604,#4605,#4606));
#7858=EDGE_LOOP('',(#4607,#4608,#4609,#4610));
#7859=EDGE_LOOP('',(#4611,#4612,#4613,#4614));
#7860=EDGE_LOOP('',(#4615,#4616,#4617,#4618));
#7861=EDGE_LOOP('',(#4619,#4620,#4621,#4622));
#7862=EDGE_LOOP('',(#4623,#4624,#4625,#4626));
#7863=EDGE_LOOP('',(#4627,#4628,#4629,#4630));
#7864=EDGE_LOOP('',(#4631,#4632,#4633,#4634));
#7865=EDGE_LOOP('',(#4635,#4636,#4637,#4638));
#7866=EDGE_LOOP('',(#4639,#4640,#4641,#4642));
#7867=EDGE_LOOP('',(#4643,#4644,#4645,#4646));
#7868=EDGE_LOOP('',(#4647,#4648,#4649,#4650));
#7869=EDGE_LOOP('',(#4651,#4652,#4653,#4654));
#7870=EDGE_LOOP('',(#4655,#4656,#4657,#4658));
#7871=EDGE_LOOP('',(#4659,#4660,#4661,#4662));
#7872=EDGE_LOOP('',(#4663,#4664,#4665,#4666));
#7873=EDGE_LOOP('',(#4667,#4668,#4669,#4670));
#7874=EDGE_LOOP('',(#4671,#4672,#4673,#4674));
#7875=EDGE_LOOP('',(#4675,#4676,#4677,#4678));
#7876=EDGE_LOOP('',(#4679,#4680,#4681,#4682));
#7877=EDGE_LOOP('',(#4683,#4684,#4685,#4686));
#7878=EDGE_LOOP('',(#4687,#4688,#4689,#4690));
#7879=EDGE_LOOP('',(#4691,#4692,#4693,#4694));
#7880=EDGE_LOOP('',(#4695));
#7881=EDGE_LOOP('',(#4696));
#7882=EDGE_LOOP('',(#4697,#4698,#4699,#4700));
#7883=EDGE_LOOP('',(#4701,#4702,#4703,#4704));
#7884=EDGE_LOOP('',(#4705));
#7885=EDGE_LOOP('',(#4706));
#7886=EDGE_LOOP('',(#4707));
#7887=EDGE_LOOP('',(#4708));
#7888=EDGE_LOOP('',(#4709));
#7889=EDGE_LOOP('',(#4710));
#7890=EDGE_LOOP('',(#4711,#4712,#4713,#4714));
#7891=EDGE_LOOP('',(#4715,#4716,#4717,#4718));
#7892=EDGE_LOOP('',(#4719));
#7893=EDGE_LOOP('',(#4720,#4721,#4722,#4723));
#7894=EDGE_LOOP('',(#4724,#4725,#4726,#4727));
#7895=EDGE_LOOP('',(#4728));
#7896=EDGE_LOOP('',(#4729,#4730,#4731,#4732));
#7897=EDGE_LOOP('',(#4733));
#7898=EDGE_LOOP('',(#4734,#4735,#4736,#4737));
#7899=EDGE_LOOP('',(#4738));
#7900=EDGE_LOOP('',(#4739));
#7901=EDGE_LOOP('',(#4740));
#7902=EDGE_LOOP('',(#4741));
#7903=EDGE_LOOP('',(#4742));
#7904=EDGE_LOOP('',(#4743));
#7905=EDGE_LOOP('',(#4744));
#7906=EDGE_LOOP('',(#4745));
#7907=EDGE_LOOP('',(#4746));
#7908=EDGE_LOOP('',(#4747));
#7909=EDGE_LOOP('',(#4748));
#7910=EDGE_LOOP('',(#4749));
#7911=EDGE_LOOP('',(#4750));
#7912=EDGE_LOOP('',(#4751,#4752,#4753,#4754));
#7913=EDGE_LOOP('',(#4755,#4756,#4757,#4758));
#7914=EDGE_LOOP('',(#4759,#4760,#4761,#4762));
#7915=EDGE_LOOP('',(#4763,#4764,#4765,#4766));
#7916=EDGE_LOOP('',(#4767,#4768,#4769,#4770));
#7917=EDGE_LOOP('',(#4771,#4772,#4773,#4774));
#7918=EDGE_LOOP('',(#4775,#4776,#4777,#4778));
#7919=EDGE_LOOP('',(#4779,#4780,#4781,#4782));
#7920=EDGE_LOOP('',(#4783,#4784,#4785,#4786));
#7921=EDGE_LOOP('',(#4787,#4788,#4789,#4790));
#7922=EDGE_LOOP('',(#4791,#4792,#4793,#4794));
#7923=EDGE_LOOP('',(#4795,#4796,#4797,#4798));
#7924=EDGE_LOOP('',(#4799,#4800,#4801,#4802));
#7925=EDGE_LOOP('',(#4803,#4804,#4805,#4806));
#7926=EDGE_LOOP('',(#4807));
#7927=EDGE_LOOP('',(#4808));
#7928=EDGE_LOOP('',(#4809));
#7929=EDGE_LOOP('',(#4810));
#7930=EDGE_LOOP('',(#4811));
#7931=EDGE_LOOP('',(#4812));
#7932=EDGE_LOOP('',(#4813,#4814,#4815,#4816,#4817,#4818,#4819,#4820));
#7933=EDGE_LOOP('',(#4821,#4822,#4823,#4824));
#7934=EDGE_LOOP('',(#4825));
#7935=EDGE_LOOP('',(#4826));
#7936=EDGE_LOOP('',(#4827));
#7937=EDGE_LOOP('',(#4828));
#7938=EDGE_LOOP('',(#4829));
#7939=EDGE_LOOP('',(#4830));
#7940=EDGE_LOOP('',(#4831,#4832,#4833,#4834,#4835,#4836,#4837,#4838));
#7941=EDGE_LOOP('',(#4839,#4840,#4841,#4842));
#7942=EDGE_LOOP('',(#4843));
#7943=EDGE_LOOP('',(#4844));
#7944=EDGE_LOOP('',(#4845));
#7945=EDGE_LOOP('',(#4846));
#7946=EDGE_LOOP('',(#4847));
#7947=EDGE_LOOP('',(#4848));
#7948=EDGE_LOOP('',(#4849));
#7949=EDGE_LOOP('',(#4850));
#7950=EDGE_LOOP('',(#4851));
#7951=EDGE_LOOP('',(#4852));
#7952=EDGE_LOOP('',(#4853));
#7953=EDGE_LOOP('',(#4854));
#7954=EDGE_LOOP('',(#4855));
#7955=EDGE_LOOP('',(#4856));
#7956=EDGE_LOOP('',(#4857));
#7957=EDGE_LOOP('',(#4858));
#7958=EDGE_LOOP('',(#4859));
#7959=EDGE_LOOP('',(#4860));
#7960=EDGE_LOOP('',(#4861));
#7961=EDGE_LOOP('',(#4862));
#7962=EDGE_LOOP('',(#4863));
#7963=EDGE_LOOP('',(#4864));
#7964=EDGE_LOOP('',(#4865));
#7965=EDGE_LOOP('',(#4866));
#7966=EDGE_LOOP('',(#4867));
#7967=EDGE_LOOP('',(#4868));
#7968=EDGE_LOOP('',(#4869));
#7969=EDGE_LOOP('',(#4870));
#7970=EDGE_LOOP('',(#4871));
#7971=EDGE_LOOP('',(#4872));
#7972=EDGE_LOOP('',(#4873));
#7973=EDGE_LOOP('',(#4874));
#7974=EDGE_LOOP('',(#4875));
#7975=EDGE_LOOP('',(#4876));
#7976=EDGE_LOOP('',(#4877));
#7977=EDGE_LOOP('',(#4878));
#7978=EDGE_LOOP('',(#4879,#4880,#4881,#4882));
#7979=EDGE_LOOP('',(#4883,#4884,#4885,#4886));
#7980=EDGE_LOOP('',(#4887,#4888,#4889,#4890));
#7981=EDGE_LOOP('',(#4891,#4892,#4893,#4894));
#7982=EDGE_LOOP('',(#4895,#4896,#4897,#4898));
#7983=EDGE_LOOP('',(#4899,#4900,#4901,#4902));
#7984=EDGE_LOOP('',(#4903,#4904,#4905,#4906));
#7985=EDGE_LOOP('',(#4907,#4908,#4909,#4910));
#7986=EDGE_LOOP('',(#4911,#4912,#4913,#4914));
#7987=EDGE_LOOP('',(#4915,#4916,#4917,#4918));
#7988=EDGE_LOOP('',(#4919,#4920,#4921,#4922));
#7989=EDGE_LOOP('',(#4923,#4924,#4925,#4926));
#7990=EDGE_LOOP('',(#4927,#4928,#4929,#4930));
#7991=EDGE_LOOP('',(#4931,#4932,#4933,#4934));
#7992=EDGE_LOOP('',(#4935,#4936,#4937,#4938));
#7993=EDGE_LOOP('',(#4939,#4940,#4941,#4942));
#7994=EDGE_LOOP('',(#4943,#4944,#4945,#4946,#4947,#4948));
#7995=EDGE_LOOP('',(#4949,#4950,#4951,#4952,#4953,#4954));
#7996=EDGE_LOOP('',(#4955,#4956,#4957,#4958));
#7997=EDGE_LOOP('',(#4959,#4960,#4961,#4962));
#7998=EDGE_LOOP('',(#4963,#4964,#4965,#4966));
#7999=EDGE_LOOP('',(#4967,#4968,#4969,#4970));
#8000=EDGE_LOOP('',(#4971,#4972,#4973,#4974));
#8001=EDGE_LOOP('',(#4975,#4976,#4977,#4978));
#8002=EDGE_LOOP('',(#4979,#4980,#4981,#4982));
#8003=EDGE_LOOP('',(#4983,#4984,#4985,#4986));
#8004=EDGE_LOOP('',(#4987,#4988,#4989,#4990));
#8005=EDGE_LOOP('',(#4991,#4992,#4993,#4994));
#8006=EDGE_LOOP('',(#4995,#4996,#4997,#4998));
#8007=EDGE_LOOP('',(#4999,#5000,#5001,#5002));
#8008=EDGE_LOOP('',(#5003,#5004,#5005,#5006));
#8009=EDGE_LOOP('',(#5007,#5008,#5009,#5010));
#8010=EDGE_LOOP('',(#5011,#5012,#5013,#5014));
#8011=EDGE_LOOP('',(#5015,#5016,#5017,#5018));
#8012=EDGE_LOOP('',(#5019,#5020,#5021,#5022));
#8013=EDGE_LOOP('',(#5023,#5024,#5025,#5026));
#8014=EDGE_LOOP('',(#5027,#5028,#5029,#5030));
#8015=EDGE_LOOP('',(#5031,#5032,#5033,#5034));
#8016=EDGE_LOOP('',(#5035,#5036,#5037,#5038));
#8017=EDGE_LOOP('',(#5039,#5040,#5041,#5042));
#8018=EDGE_LOOP('',(#5043,#5044,#5045,#5046));
#8019=EDGE_LOOP('',(#5047,#5048,#5049,#5050));
#8020=EDGE_LOOP('',(#5051,#5052,#5053,#5054));
#8021=EDGE_LOOP('',(#5055,#5056,#5057,#5058));
#8022=EDGE_LOOP('',(#5059,#5060,#5061,#5062));
#8023=EDGE_LOOP('',(#5063,#5064,#5065,#5066));
#8024=EDGE_LOOP('',(#5067,#5068,#5069,#5070));
#8025=EDGE_LOOP('',(#5071,#5072,#5073,#5074));
#8026=EDGE_LOOP('',(#5075,#5076,#5077,#5078));
#8027=EDGE_LOOP('',(#5079,#5080,#5081,#5082));
#8028=EDGE_LOOP('',(#5083,#5084,#5085,#5086));
#8029=EDGE_LOOP('',(#5087,#5088,#5089,#5090));
#8030=EDGE_LOOP('',(#5091,#5092,#5093,#5094));
#8031=EDGE_LOOP('',(#5095,#5096,#5097,#5098));
#8032=EDGE_LOOP('',(#5099,#5100,#5101,#5102));
#8033=EDGE_LOOP('',(#5103,#5104,#5105,#5106));
#8034=EDGE_LOOP('',(#5107,#5108,#5109,#5110));
#8035=EDGE_LOOP('',(#5111,#5112,#5113,#5114));
#8036=EDGE_LOOP('',(#5115,#5116,#5117,#5118));
#8037=EDGE_LOOP('',(#5119,#5120,#5121,#5122));
#8038=EDGE_LOOP('',(#5123,#5124,#5125,#5126));
#8039=EDGE_LOOP('',(#5127,#5128,#5129,#5130));
#8040=EDGE_LOOP('',(#5131,#5132,#5133,#5134));
#8041=EDGE_LOOP('',(#5135,#5136,#5137,#5138));
#8042=EDGE_LOOP('',(#5139,#5140,#5141,#5142));
#8043=EDGE_LOOP('',(#5143,#5144,#5145,#5146));
#8044=EDGE_LOOP('',(#5147,#5148,#5149,#5150));
#8045=EDGE_LOOP('',(#5151,#5152,#5153,#5154));
#8046=EDGE_LOOP('',(#5155,#5156,#5157,#5158));
#8047=EDGE_LOOP('',(#5159,#5160,#5161,#5162));
#8048=EDGE_LOOP('',(#5163,#5164,#5165,#5166));
#8049=EDGE_LOOP('',(#5167,#5168,#5169,#5170));
#8050=EDGE_LOOP('',(#5171,#5172,#5173,#5174));
#8051=EDGE_LOOP('',(#5175,#5176,#5177,#5178));
#8052=EDGE_LOOP('',(#5179,#5180,#5181,#5182));
#8053=EDGE_LOOP('',(#5183,#5184,#5185,#5186));
#8054=EDGE_LOOP('',(#5187,#5188,#5189,#5190));
#8055=EDGE_LOOP('',(#5191,#5192,#5193,#5194));
#8056=EDGE_LOOP('',(#5195,#5196,#5197,#5198));
#8057=EDGE_LOOP('',(#5199,#5200,#5201,#5202));
#8058=EDGE_LOOP('',(#5203,#5204,#5205,#5206));
#8059=EDGE_LOOP('',(#5207,#5208,#5209,#5210));
#8060=EDGE_LOOP('',(#5211,#5212,#5213,#5214));
#8061=EDGE_LOOP('',(#5215,#5216,#5217,#5218));
#8062=EDGE_LOOP('',(#5219,#5220,#5221,#5222));
#8063=EDGE_LOOP('',(#5223,#5224,#5225,#5226));
#8064=EDGE_LOOP('',(#5227,#5228,#5229,#5230));
#8065=EDGE_LOOP('',(#5231,#5232,#5233,#5234));
#8066=EDGE_LOOP('',(#5235,#5236,#5237,#5238));
#8067=EDGE_LOOP('',(#5239,#5240,#5241,#5242));
#8068=EDGE_LOOP('',(#5243,#5244,#5245,#5246));
#8069=EDGE_LOOP('',(#5247,#5248,#5249,#5250));
#8070=EDGE_LOOP('',(#5251,#5252,#5253,#5254));
#8071=EDGE_LOOP('',(#5255,#5256,#5257,#5258));
#8072=EDGE_LOOP('',(#5259,#5260,#5261,#5262));
#8073=EDGE_LOOP('',(#5263,#5264,#5265,#5266));
#8074=EDGE_LOOP('',(#5267,#5268,#5269,#5270));
#8075=EDGE_LOOP('',(#5271,#5272,#5273,#5274));
#8076=EDGE_LOOP('',(#5275,#5276,#5277,#5278));
#8077=EDGE_LOOP('',(#5279,#5280,#5281,#5282));
#8078=EDGE_LOOP('',(#5283,#5284,#5285,#5286));
#8079=EDGE_LOOP('',(#5287,#5288,#5289,#5290));
#8080=EDGE_LOOP('',(#5291,#5292,#5293,#5294));
#8081=EDGE_LOOP('',(#5295,#5296,#5297,#5298));
#8082=EDGE_LOOP('',(#5299,#5300,#5301,#5302));
#8083=EDGE_LOOP('',(#5303,#5304,#5305,#5306));
#8084=EDGE_LOOP('',(#5307,#5308,#5309,#5310));
#8085=EDGE_LOOP('',(#5311,#5312,#5313,#5314));
#8086=EDGE_LOOP('',(#5315,#5316,#5317,#5318));
#8087=EDGE_LOOP('',(#5319,#5320,#5321,#5322));
#8088=EDGE_LOOP('',(#5323,#5324,#5325,#5326));
#8089=EDGE_LOOP('',(#5327,#5328,#5329,#5330));
#8090=EDGE_LOOP('',(#5331,#5332,#5333,#5334));
#8091=EDGE_LOOP('',(#5335,#5336,#5337,#5338));
#8092=EDGE_LOOP('',(#5339,#5340,#5341,#5342));
#8093=EDGE_LOOP('',(#5343,#5344,#5345,#5346));
#8094=EDGE_LOOP('',(#5347,#5348,#5349,#5350));
#8095=EDGE_LOOP('',(#5351,#5352,#5353,#5354));
#8096=EDGE_LOOP('',(#5355,#5356,#5357,#5358));
#8097=EDGE_LOOP('',(#5359,#5360,#5361,#5362));
#8098=EDGE_LOOP('',(#5363,#5364,#5365,#5366));
#8099=EDGE_LOOP('',(#5367,#5368,#5369,#5370));
#8100=EDGE_LOOP('',(#5371,#5372,#5373,#5374));
#8101=EDGE_LOOP('',(#5375,#5376,#5377,#5378));
#8102=EDGE_LOOP('',(#5379,#5380,#5381,#5382));
#8103=EDGE_LOOP('',(#5383,#5384,#5385,#5386));
#8104=EDGE_LOOP('',(#5387,#5388,#5389,#5390));
#8105=EDGE_LOOP('',(#5391,#5392,#5393,#5394));
#8106=EDGE_LOOP('',(#5395,#5396,#5397,#5398));
#8107=EDGE_LOOP('',(#5399,#5400,#5401,#5402));
#8108=EDGE_LOOP('',(#5403,#5404,#5405,#5406));
#8109=EDGE_LOOP('',(#5407,#5408,#5409,#5410));
#8110=EDGE_LOOP('',(#5411,#5412,#5413,#5414));
#8111=EDGE_LOOP('',(#5415,#5416,#5417,#5418));
#8112=EDGE_LOOP('',(#5419,#5420,#5421,#5422));
#8113=EDGE_LOOP('',(#5423,#5424,#5425,#5426));
#8114=EDGE_LOOP('',(#5427,#5428,#5429,#5430));
#8115=EDGE_LOOP('',(#5431,#5432,#5433,#5434));
#8116=EDGE_LOOP('',(#5435,#5436,#5437,#5438));
#8117=EDGE_LOOP('',(#5439,#5440,#5441,#5442));
#8118=EDGE_LOOP('',(#5443,#5444,#5445,#5446));
#8119=EDGE_LOOP('',(#5447,#5448,#5449,#5450));
#8120=EDGE_LOOP('',(#5451,#5452,#5453,#5454));
#8121=EDGE_LOOP('',(#5455,#5456,#5457,#5458));
#8122=EDGE_LOOP('',(#5459));
#8123=EDGE_LOOP('',(#5460,#5461,#5462,#5463,#5464,#5465));
#8124=EDGE_LOOP('',(#5466));
#8125=EDGE_LOOP('',(#5467,#5468,#5469,#5470,#5471,#5472));
#8126=EDGE_LOOP('',(#5473));
#8127=EDGE_LOOP('',(#5474,#5475,#5476,#5477,#5478,#5479));
#8128=EDGE_LOOP('',(#5480));
#8129=EDGE_LOOP('',(#5481,#5482,#5483,#5484,#5485,#5486));
#8130=EDGE_LOOP('',(#5487,#5488,#5489,#5490));
#8131=EDGE_LOOP('',(#5491,#5492,#5493,#5494));
#8132=EDGE_LOOP('',(#5495,#5496,#5497,#5498,#5499,#5500,#5501,#5502));
#8133=EDGE_LOOP('',(#5503));
#8134=EDGE_LOOP('',(#5504));
#8135=EDGE_LOOP('',(#5505,#5506,#5507,#5508));
#8136=EDGE_LOOP('',(#5509,#5510,#5511,#5512));
#8137=EDGE_LOOP('',(#5513));
#8138=EDGE_LOOP('',(#5514));
#8139=EDGE_LOOP('',(#5515,#5516,#5517,#5518));
#8140=EDGE_LOOP('',(#5519,#5520,#5521,#5522));
#8141=EDGE_LOOP('',(#5523,#5524,#5525,#5526));
#8142=EDGE_LOOP('',(#5527,#5528,#5529,#5530,#5531,#5532,#5533,#5534));
#8143=EDGE_LOOP('',(#5535,#5536,#5537,#5538));
#8144=EDGE_LOOP('',(#5539));
#8145=EDGE_LOOP('',(#5540));
#8146=EDGE_LOOP('',(#5541,#5542,#5543,#5544));
#8147=EDGE_LOOP('',(#5545,#5546,#5547,#5548));
#8148=EDGE_LOOP('',(#5549,#5550,#5551,#5552));
#8149=EDGE_LOOP('',(#5553,#5554,#5555,#5556));
#8150=EDGE_LOOP('',(#5557));
#8151=EDGE_LOOP('',(#5558,#5559,#5560,#5561));
#8152=EDGE_LOOP('',(#5562,#5563,#5564,#5565));
#8153=EDGE_LOOP('',(#5566));
#8154=EDGE_LOOP('',(#5567));
#8155=EDGE_LOOP('',(#5568));
#8156=EDGE_LOOP('',(#5569));
#8157=EDGE_LOOP('',(#5570));
#8158=EDGE_LOOP('',(#5571,#5572,#5573,#5574,#5575,#5576,#5577,#5578));
#8159=EDGE_LOOP('',(#5579,#5580,#5581,#5582,#5583,#5584));
#8160=EDGE_LOOP('',(#5585,#5586,#5587,#5588,#5589,#5590));
#8161=EDGE_LOOP('',(#5591,#5592,#5593,#5594,#5595,#5596,#5597,#5598,#5599,
#5600));
#8162=EDGE_LOOP('',(#5601,#5602,#5603,#5604));
#8163=EDGE_LOOP('',(#5605));
#8164=EDGE_LOOP('',(#5606,#5607,#5608,#5609));
#8165=EDGE_LOOP('',(#5610));
#8166=EDGE_LOOP('',(#5611,#5612,#5613,#5614));
#8167=EDGE_LOOP('',(#5615,#5616,#5617,#5618));
#8168=EDGE_LOOP('',(#5619,#5620,#5621,#5622,#5623,#5624));
#8169=EDGE_LOOP('',(#5625,#5626,#5627,#5628,#5629,#5630,#5631,#5632));
#8170=EDGE_LOOP('',(#5633,#5634,#5635,#5636));
#8171=EDGE_LOOP('',(#5637,#5638,#5639,#5640,#5641,#5642));
#8172=EDGE_LOOP('',(#5643));
#8173=EDGE_LOOP('',(#5644,#5645,#5646,#5647));
#8174=EDGE_LOOP('',(#5648,#5649,#5650,#5651));
#8175=EDGE_LOOP('',(#5652,#5653,#5654,#5655));
#8176=EDGE_LOOP('',(#5656));
#8177=EDGE_LOOP('',(#5657,#5658,#5659,#5660));
#8178=EDGE_LOOP('',(#5661,#5662,#5663,#5664));
#8179=FACE_BOUND('',#7582,.T.);
#8180=FACE_BOUND('',#7583,.T.);
#8181=FACE_BOUND('',#7584,.T.);
#8182=FACE_BOUND('',#7585,.T.);
#8183=FACE_BOUND('',#7586,.T.);
#8184=FACE_BOUND('',#7587,.T.);
#8185=FACE_BOUND('',#7588,.T.);
#8186=FACE_BOUND('',#7589,.T.);
#8187=FACE_BOUND('',#7590,.T.);
#8188=FACE_BOUND('',#7591,.T.);
#8189=FACE_BOUND('',#7592,.T.);
#8190=FACE_BOUND('',#7593,.T.);
#8191=FACE_BOUND('',#7594,.T.);
#8192=FACE_BOUND('',#7595,.T.);
#8193=FACE_BOUND('',#7596,.T.);
#8194=FACE_BOUND('',#7597,.T.);
#8195=FACE_BOUND('',#7598,.T.);
#8196=FACE_BOUND('',#7599,.T.);
#8197=FACE_BOUND('',#7600,.T.);
#8198=FACE_BOUND('',#7601,.T.);
#8199=FACE_BOUND('',#7602,.T.);
#8200=FACE_BOUND('',#7603,.T.);
#8201=FACE_BOUND('',#7604,.T.);
#8202=FACE_BOUND('',#7605,.T.);
#8203=FACE_BOUND('',#7606,.T.);
#8204=FACE_BOUND('',#7607,.T.);
#8205=FACE_BOUND('',#7608,.T.);
#8206=FACE_BOUND('',#7609,.T.);
#8207=FACE_BOUND('',#7610,.T.);
#8208=FACE_BOUND('',#7611,.T.);
#8209=FACE_BOUND('',#7612,.T.);
#8210=FACE_BOUND('',#7613,.T.);
#8211=FACE_BOUND('',#7614,.T.);
#8212=FACE_BOUND('',#7615,.T.);
#8213=FACE_BOUND('',#7616,.T.);
#8214=FACE_BOUND('',#7617,.T.);
#8215=FACE_BOUND('',#7618,.T.);
#8216=FACE_BOUND('',#7619,.T.);
#8217=FACE_BOUND('',#7620,.T.);
#8218=FACE_BOUND('',#7621,.T.);
#8219=FACE_BOUND('',#7622,.T.);
#8220=FACE_BOUND('',#7623,.T.);
#8221=FACE_BOUND('',#7624,.T.);
#8222=FACE_BOUND('',#7625,.T.);
#8223=FACE_BOUND('',#7626,.T.);
#8224=FACE_BOUND('',#7627,.T.);
#8225=FACE_BOUND('',#7628,.T.);
#8226=FACE_BOUND('',#7629,.T.);
#8227=FACE_BOUND('',#7630,.T.);
#8228=FACE_BOUND('',#7631,.T.);
#8229=FACE_BOUND('',#7632,.T.);
#8230=FACE_BOUND('',#7633,.T.);
#8231=FACE_BOUND('',#7634,.T.);
#8232=FACE_BOUND('',#7635,.T.);
#8233=FACE_BOUND('',#7636,.T.);
#8234=FACE_BOUND('',#7637,.T.);
#8235=FACE_BOUND('',#7638,.T.);
#8236=FACE_BOUND('',#7639,.T.);
#8237=FACE_BOUND('',#7640,.T.);
#8238=FACE_BOUND('',#7641,.T.);
#8239=FACE_BOUND('',#7642,.T.);
#8240=FACE_BOUND('',#7643,.T.);
#8241=FACE_BOUND('',#7644,.T.);
#8242=FACE_BOUND('',#7645,.T.);
#8243=FACE_BOUND('',#7646,.T.);
#8244=FACE_BOUND('',#7647,.T.);
#8245=FACE_BOUND('',#7648,.T.);
#8246=FACE_BOUND('',#7649,.T.);
#8247=FACE_BOUND('',#7650,.T.);
#8248=FACE_BOUND('',#7651,.T.);
#8249=FACE_BOUND('',#7652,.T.);
#8250=FACE_BOUND('',#7653,.T.);
#8251=FACE_BOUND('',#7654,.T.);
#8252=FACE_BOUND('',#7655,.T.);
#8253=FACE_BOUND('',#7656,.T.);
#8254=FACE_BOUND('',#7657,.T.);
#8255=FACE_BOUND('',#7658,.T.);
#8256=FACE_BOUND('',#7659,.T.);
#8257=FACE_BOUND('',#7660,.T.);
#8258=FACE_BOUND('',#7661,.T.);
#8259=FACE_BOUND('',#7662,.T.);
#8260=FACE_BOUND('',#7663,.T.);
#8261=FACE_BOUND('',#7664,.T.);
#8262=FACE_BOUND('',#7665,.T.);
#8263=FACE_BOUND('',#7666,.T.);
#8264=FACE_BOUND('',#7667,.T.);
#8265=FACE_BOUND('',#7668,.T.);
#8266=FACE_BOUND('',#7669,.T.);
#8267=FACE_BOUND('',#7670,.T.);
#8268=FACE_BOUND('',#7671,.T.);
#8269=FACE_BOUND('',#7672,.T.);
#8270=FACE_BOUND('',#7673,.T.);
#8271=FACE_BOUND('',#7674,.T.);
#8272=FACE_BOUND('',#7675,.T.);
#8273=FACE_BOUND('',#7676,.T.);
#8274=FACE_BOUND('',#7677,.T.);
#8275=FACE_BOUND('',#7678,.T.);
#8276=FACE_BOUND('',#7679,.T.);
#8277=FACE_BOUND('',#7680,.T.);
#8278=FACE_BOUND('',#7681,.T.);
#8279=FACE_BOUND('',#7682,.T.);
#8280=FACE_BOUND('',#7683,.T.);
#8281=FACE_BOUND('',#7684,.T.);
#8282=FACE_BOUND('',#7685,.T.);
#8283=FACE_BOUND('',#7686,.T.);
#8284=FACE_BOUND('',#7687,.T.);
#8285=FACE_BOUND('',#7688,.T.);
#8286=FACE_BOUND('',#7689,.T.);
#8287=FACE_BOUND('',#7690,.T.);
#8288=FACE_BOUND('',#7691,.T.);
#8289=FACE_BOUND('',#7692,.T.);
#8290=FACE_BOUND('',#7693,.T.);
#8291=FACE_BOUND('',#7694,.T.);
#8292=FACE_BOUND('',#7695,.T.);
#8293=FACE_BOUND('',#7696,.T.);
#8294=FACE_BOUND('',#7697,.T.);
#8295=FACE_BOUND('',#7698,.T.);
#8296=FACE_BOUND('',#7699,.T.);
#8297=FACE_BOUND('',#7700,.T.);
#8298=FACE_BOUND('',#7701,.T.);
#8299=FACE_BOUND('',#7702,.T.);
#8300=FACE_BOUND('',#7703,.T.);
#8301=FACE_BOUND('',#7704,.T.);
#8302=FACE_BOUND('',#7705,.T.);
#8303=FACE_BOUND('',#7706,.T.);
#8304=FACE_BOUND('',#7707,.T.);
#8305=FACE_BOUND('',#7708,.T.);
#8306=FACE_BOUND('',#7709,.T.);
#8307=FACE_BOUND('',#7710,.T.);
#8308=FACE_BOUND('',#7711,.T.);
#8309=FACE_BOUND('',#7712,.T.);
#8310=FACE_BOUND('',#7713,.T.);
#8311=FACE_BOUND('',#7714,.T.);
#8312=FACE_BOUND('',#7715,.T.);
#8313=FACE_BOUND('',#7716,.T.);
#8314=FACE_BOUND('',#7717,.T.);
#8315=FACE_BOUND('',#7718,.T.);
#8316=FACE_BOUND('',#7719,.T.);
#8317=FACE_BOUND('',#7720,.T.);
#8318=FACE_BOUND('',#7721,.T.);
#8319=FACE_BOUND('',#7722,.T.);
#8320=FACE_BOUND('',#7723,.T.);
#8321=FACE_BOUND('',#7724,.T.);
#8322=FACE_BOUND('',#7725,.T.);
#8323=FACE_BOUND('',#7726,.T.);
#8324=FACE_BOUND('',#7727,.T.);
#8325=FACE_BOUND('',#7728,.T.);
#8326=FACE_BOUND('',#7729,.T.);
#8327=FACE_BOUND('',#7730,.T.);
#8328=FACE_BOUND('',#7731,.T.);
#8329=FACE_BOUND('',#7732,.T.);
#8330=FACE_BOUND('',#7733,.T.);
#8331=FACE_BOUND('',#7734,.T.);
#8332=FACE_BOUND('',#7735,.T.);
#8333=FACE_BOUND('',#7736,.T.);
#8334=FACE_BOUND('',#7737,.T.);
#8335=FACE_BOUND('',#7738,.T.);
#8336=FACE_BOUND('',#7739,.T.);
#8337=FACE_BOUND('',#7740,.T.);
#8338=FACE_BOUND('',#7741,.T.);
#8339=FACE_BOUND('',#7742,.T.);
#8340=FACE_BOUND('',#7743,.T.);
#8341=FACE_BOUND('',#7744,.T.);
#8342=FACE_BOUND('',#7745,.T.);
#8343=FACE_BOUND('',#7746,.T.);
#8344=FACE_BOUND('',#7747,.T.);
#8345=FACE_BOUND('',#7748,.T.);
#8346=FACE_BOUND('',#7749,.T.);
#8347=FACE_BOUND('',#7750,.T.);
#8348=FACE_BOUND('',#7751,.T.);
#8349=FACE_BOUND('',#7752,.T.);
#8350=FACE_BOUND('',#7753,.T.);
#8351=FACE_BOUND('',#7754,.T.);
#8352=FACE_BOUND('',#7755,.T.);
#8353=FACE_BOUND('',#7756,.T.);
#8354=FACE_BOUND('',#7757,.T.);
#8355=FACE_BOUND('',#7758,.T.);
#8356=FACE_BOUND('',#7759,.T.);
#8357=FACE_BOUND('',#7760,.T.);
#8358=FACE_BOUND('',#7761,.T.);
#8359=FACE_BOUND('',#7762,.T.);
#8360=FACE_BOUND('',#7763,.T.);
#8361=FACE_BOUND('',#7764,.T.);
#8362=FACE_BOUND('',#7765,.T.);
#8363=FACE_BOUND('',#7766,.T.);
#8364=FACE_BOUND('',#7767,.T.);
#8365=FACE_BOUND('',#7768,.T.);
#8366=FACE_BOUND('',#7769,.T.);
#8367=FACE_BOUND('',#7770,.T.);
#8368=FACE_BOUND('',#7771,.T.);
#8369=FACE_BOUND('',#7772,.T.);
#8370=FACE_BOUND('',#7773,.T.);
#8371=FACE_BOUND('',#7774,.T.);
#8372=FACE_BOUND('',#7775,.T.);
#8373=FACE_BOUND('',#7776,.T.);
#8374=FACE_BOUND('',#7777,.T.);
#8375=FACE_BOUND('',#7778,.T.);
#8376=FACE_BOUND('',#7779,.T.);
#8377=FACE_BOUND('',#7780,.T.);
#8378=FACE_BOUND('',#7781,.T.);
#8379=FACE_BOUND('',#7782,.T.);
#8380=FACE_BOUND('',#7783,.T.);
#8381=FACE_BOUND('',#7784,.T.);
#8382=FACE_BOUND('',#7785,.T.);
#8383=FACE_BOUND('',#7786,.T.);
#8384=FACE_BOUND('',#7787,.T.);
#8385=FACE_BOUND('',#7788,.T.);
#8386=FACE_BOUND('',#7789,.T.);
#8387=FACE_BOUND('',#7790,.T.);
#8388=FACE_BOUND('',#7791,.T.);
#8389=FACE_BOUND('',#7792,.T.);
#8390=FACE_BOUND('',#7793,.T.);
#8391=FACE_BOUND('',#7794,.T.);
#8392=FACE_BOUND('',#7795,.T.);
#8393=FACE_BOUND('',#7796,.T.);
#8394=FACE_BOUND('',#7797,.T.);
#8395=FACE_BOUND('',#7798,.T.);
#8396=FACE_BOUND('',#7799,.T.);
#8397=FACE_BOUND('',#7800,.T.);
#8398=FACE_BOUND('',#7801,.T.);
#8399=FACE_BOUND('',#7802,.T.);
#8400=FACE_BOUND('',#7803,.T.);
#8401=FACE_BOUND('',#7804,.T.);
#8402=FACE_BOUND('',#7805,.T.);
#8403=FACE_BOUND('',#7806,.T.);
#8404=FACE_BOUND('',#7807,.T.);
#8405=FACE_BOUND('',#7808,.T.);
#8406=FACE_BOUND('',#7809,.T.);
#8407=FACE_BOUND('',#7810,.T.);
#8408=FACE_BOUND('',#7811,.T.);
#8409=FACE_BOUND('',#7812,.T.);
#8410=FACE_BOUND('',#7813,.T.);
#8411=FACE_BOUND('',#7814,.T.);
#8412=FACE_BOUND('',#7815,.T.);
#8413=FACE_BOUND('',#7816,.T.);
#8414=FACE_BOUND('',#7817,.T.);
#8415=FACE_BOUND('',#7818,.T.);
#8416=FACE_BOUND('',#7819,.T.);
#8417=FACE_BOUND('',#7820,.T.);
#8418=FACE_BOUND('',#7821,.T.);
#8419=FACE_BOUND('',#7822,.T.);
#8420=FACE_BOUND('',#7823,.T.);
#8421=FACE_BOUND('',#7824,.T.);
#8422=FACE_BOUND('',#7825,.T.);
#8423=FACE_BOUND('',#7826,.T.);
#8424=FACE_BOUND('',#7827,.T.);
#8425=FACE_BOUND('',#7828,.T.);
#8426=FACE_BOUND('',#7829,.T.);
#8427=FACE_BOUND('',#7830,.T.);
#8428=FACE_BOUND('',#7831,.T.);
#8429=FACE_BOUND('',#7832,.T.);
#8430=FACE_BOUND('',#7833,.T.);
#8431=FACE_BOUND('',#7834,.T.);
#8432=FACE_BOUND('',#7835,.T.);
#8433=FACE_BOUND('',#7836,.T.);
#8434=FACE_BOUND('',#7837,.T.);
#8435=FACE_BOUND('',#7838,.T.);
#8436=FACE_BOUND('',#7839,.T.);
#8437=FACE_BOUND('',#7840,.T.);
#8438=FACE_BOUND('',#7841,.T.);
#8439=FACE_BOUND('',#7842,.T.);
#8440=FACE_BOUND('',#7843,.T.);
#8441=FACE_BOUND('',#7844,.T.);
#8442=FACE_BOUND('',#7845,.T.);
#8443=FACE_BOUND('',#7846,.T.);
#8444=FACE_BOUND('',#7847,.T.);
#8445=FACE_BOUND('',#7848,.T.);
#8446=FACE_BOUND('',#7849,.T.);
#8447=FACE_BOUND('',#7850,.T.);
#8448=FACE_BOUND('',#7851,.T.);
#8449=FACE_BOUND('',#7852,.T.);
#8450=FACE_BOUND('',#7853,.T.);
#8451=FACE_BOUND('',#7854,.T.);
#8452=FACE_BOUND('',#7855,.T.);
#8453=FACE_BOUND('',#7856,.T.);
#8454=FACE_BOUND('',#7857,.T.);
#8455=FACE_BOUND('',#7858,.T.);
#8456=FACE_BOUND('',#7859,.T.);
#8457=FACE_BOUND('',#7860,.T.);
#8458=FACE_BOUND('',#7861,.T.);
#8459=FACE_BOUND('',#7862,.T.);
#8460=FACE_BOUND('',#7863,.T.);
#8461=FACE_BOUND('',#7864,.T.);
#8462=FACE_BOUND('',#7865,.T.);
#8463=FACE_BOUND('',#7866,.T.);
#8464=FACE_BOUND('',#7867,.T.);
#8465=FACE_BOUND('',#7868,.T.);
#8466=FACE_BOUND('',#7869,.T.);
#8467=FACE_BOUND('',#7870,.T.);
#8468=FACE_BOUND('',#7871,.T.);
#8469=FACE_BOUND('',#7872,.T.);
#8470=FACE_BOUND('',#7873,.T.);
#8471=FACE_BOUND('',#7874,.T.);
#8472=FACE_BOUND('',#7875,.T.);
#8473=FACE_BOUND('',#7876,.T.);
#8474=FACE_BOUND('',#7877,.T.);
#8475=FACE_BOUND('',#7878,.T.);
#8476=FACE_BOUND('',#7879,.T.);
#8477=FACE_BOUND('',#7880,.T.);
#8478=FACE_BOUND('',#7881,.T.);
#8479=FACE_BOUND('',#7882,.T.);
#8480=FACE_BOUND('',#7883,.T.);
#8481=FACE_BOUND('',#7884,.T.);
#8482=FACE_BOUND('',#7885,.T.);
#8483=FACE_BOUND('',#7886,.T.);
#8484=FACE_BOUND('',#7887,.T.);
#8485=FACE_BOUND('',#7888,.T.);
#8486=FACE_BOUND('',#7889,.T.);
#8487=FACE_BOUND('',#7890,.T.);
#8488=FACE_BOUND('',#7891,.T.);
#8489=FACE_BOUND('',#7892,.T.);
#8490=FACE_BOUND('',#7893,.T.);
#8491=FACE_BOUND('',#7894,.T.);
#8492=FACE_BOUND('',#7895,.T.);
#8493=FACE_BOUND('',#7896,.T.);
#8494=FACE_BOUND('',#7897,.T.);
#8495=FACE_BOUND('',#7898,.T.);
#8496=FACE_BOUND('',#13,.T.);
#8497=FACE_BOUND('',#7899,.T.);
#8498=FACE_BOUND('',#7900,.T.);
#8499=FACE_BOUND('',#7901,.T.);
#8500=FACE_BOUND('',#7902,.T.);
#8501=FACE_BOUND('',#7903,.T.);
#8502=FACE_BOUND('',#7904,.T.);
#8503=FACE_BOUND('',#7905,.T.);
#8504=FACE_BOUND('',#7906,.T.);
#8505=FACE_BOUND('',#7907,.T.);
#8506=FACE_BOUND('',#7908,.T.);
#8507=FACE_BOUND('',#7909,.T.);
#8508=FACE_BOUND('',#7910,.T.);
#8509=FACE_BOUND('',#7911,.T.);
#8510=FACE_BOUND('',#7912,.T.);
#8511=FACE_BOUND('',#7913,.T.);
#8512=FACE_BOUND('',#7914,.T.);
#8513=FACE_BOUND('',#7915,.T.);
#8514=FACE_BOUND('',#7916,.T.);
#8515=FACE_BOUND('',#7917,.T.);
#8516=FACE_BOUND('',#7918,.T.);
#8517=FACE_BOUND('',#7919,.T.);
#8518=FACE_BOUND('',#7920,.T.);
#8519=FACE_BOUND('',#7921,.T.);
#8520=FACE_BOUND('',#7922,.T.);
#8521=FACE_BOUND('',#7923,.T.);
#8522=FACE_BOUND('',#7924,.T.);
#8523=FACE_BOUND('',#7925,.T.);
#8524=FACE_BOUND('',#7926,.T.);
#8525=FACE_BOUND('',#7927,.T.);
#8526=FACE_BOUND('',#7928,.T.);
#8527=FACE_BOUND('',#7929,.T.);
#8528=FACE_BOUND('',#7930,.T.);
#8529=FACE_BOUND('',#7931,.T.);
#8530=FACE_BOUND('',#7932,.T.);
#8531=FACE_BOUND('',#7933,.T.);
#8532=FACE_BOUND('',#7934,.T.);
#8533=FACE_BOUND('',#7935,.T.);
#8534=FACE_BOUND('',#7936,.T.);
#8535=FACE_BOUND('',#7937,.T.);
#8536=FACE_BOUND('',#7938,.T.);
#8537=FACE_BOUND('',#7939,.T.);
#8538=FACE_BOUND('',#7940,.T.);
#8539=FACE_BOUND('',#7941,.T.);
#8540=FACE_BOUND('',#7942,.T.);
#8541=FACE_BOUND('',#7943,.T.);
#8542=FACE_BOUND('',#7944,.T.);
#8543=FACE_BOUND('',#7945,.T.);
#8544=FACE_BOUND('',#7946,.T.);
#8545=FACE_BOUND('',#7947,.T.);
#8546=FACE_BOUND('',#7948,.T.);
#8547=FACE_BOUND('',#7949,.T.);
#8548=FACE_BOUND('',#7950,.T.);
#8549=FACE_BOUND('',#7951,.T.);
#8550=FACE_BOUND('',#7952,.T.);
#8551=FACE_BOUND('',#7953,.T.);
#8552=FACE_BOUND('',#7954,.T.);
#8553=FACE_BOUND('',#7955,.T.);
#8554=FACE_BOUND('',#7956,.T.);
#8555=FACE_BOUND('',#7957,.T.);
#8556=FACE_BOUND('',#7958,.T.);
#8557=FACE_BOUND('',#7959,.T.);
#8558=FACE_BOUND('',#7960,.T.);
#8559=FACE_BOUND('',#7961,.T.);
#8560=FACE_BOUND('',#7962,.T.);
#8561=FACE_BOUND('',#7963,.T.);
#8562=FACE_BOUND('',#7964,.T.);
#8563=FACE_BOUND('',#7965,.T.);
#8564=FACE_BOUND('',#7966,.T.);
#8565=FACE_BOUND('',#7967,.T.);
#8566=FACE_BOUND('',#7968,.T.);
#8567=FACE_BOUND('',#7969,.T.);
#8568=FACE_BOUND('',#7970,.T.);
#8569=FACE_BOUND('',#7971,.T.);
#8570=FACE_BOUND('',#7972,.T.);
#8571=FACE_BOUND('',#7973,.T.);
#8572=FACE_BOUND('',#7974,.T.);
#8573=FACE_BOUND('',#7975,.T.);
#8574=FACE_BOUND('',#7976,.T.);
#8575=FACE_BOUND('',#7977,.T.);
#8576=FACE_BOUND('',#7978,.T.);
#8577=FACE_BOUND('',#7979,.T.);
#8578=FACE_BOUND('',#7980,.T.);
#8579=FACE_BOUND('',#7981,.T.);
#8580=FACE_BOUND('',#7982,.T.);
#8581=FACE_BOUND('',#7983,.T.);
#8582=FACE_BOUND('',#7984,.T.);
#8583=FACE_BOUND('',#7985,.T.);
#8584=FACE_BOUND('',#7986,.T.);
#8585=FACE_BOUND('',#7987,.T.);
#8586=FACE_BOUND('',#7988,.T.);
#8587=FACE_BOUND('',#7989,.T.);
#8588=FACE_BOUND('',#7990,.T.);
#8589=FACE_BOUND('',#7991,.T.);
#8590=FACE_BOUND('',#7992,.T.);
#8591=FACE_BOUND('',#7993,.T.);
#8592=FACE_BOUND('',#7994,.T.);
#8593=FACE_BOUND('',#7995,.T.);
#8594=FACE_BOUND('',#7996,.T.);
#8595=FACE_BOUND('',#7997,.T.);
#8596=FACE_BOUND('',#7998,.T.);
#8597=FACE_BOUND('',#7999,.T.);
#8598=FACE_BOUND('',#8000,.T.);
#8599=FACE_BOUND('',#8001,.T.);
#8600=FACE_BOUND('',#8002,.T.);
#8601=FACE_BOUND('',#8003,.T.);
#8602=FACE_BOUND('',#8004,.T.);
#8603=FACE_BOUND('',#8005,.T.);
#8604=FACE_BOUND('',#8006,.T.);
#8605=FACE_BOUND('',#8007,.T.);
#8606=FACE_BOUND('',#8008,.T.);
#8607=FACE_BOUND('',#8009,.T.);
#8608=FACE_BOUND('',#8010,.T.);
#8609=FACE_BOUND('',#8011,.T.);
#8610=FACE_BOUND('',#8012,.T.);
#8611=FACE_BOUND('',#8013,.T.);
#8612=FACE_BOUND('',#8014,.T.);
#8613=FACE_BOUND('',#8015,.T.);
#8614=FACE_BOUND('',#8016,.T.);
#8615=FACE_BOUND('',#8017,.T.);
#8616=FACE_BOUND('',#8018,.T.);
#8617=FACE_BOUND('',#8019,.T.);
#8618=FACE_BOUND('',#8020,.T.);
#8619=FACE_BOUND('',#8021,.T.);
#8620=FACE_BOUND('',#8022,.T.);
#8621=FACE_BOUND('',#8023,.T.);
#8622=FACE_BOUND('',#8024,.T.);
#8623=FACE_BOUND('',#8025,.T.);
#8624=FACE_BOUND('',#8026,.T.);
#8625=FACE_BOUND('',#8027,.T.);
#8626=FACE_BOUND('',#8028,.T.);
#8627=FACE_BOUND('',#8029,.T.);
#8628=FACE_BOUND('',#8030,.T.);
#8629=FACE_BOUND('',#8031,.T.);
#8630=FACE_BOUND('',#8032,.T.);
#8631=FACE_BOUND('',#8033,.T.);
#8632=FACE_BOUND('',#8034,.T.);
#8633=FACE_BOUND('',#8035,.T.);
#8634=FACE_BOUND('',#8036,.T.);
#8635=FACE_BOUND('',#8037,.T.);
#8636=FACE_BOUND('',#8038,.T.);
#8637=FACE_BOUND('',#8039,.T.);
#8638=FACE_BOUND('',#8040,.T.);
#8639=FACE_BOUND('',#8041,.T.);
#8640=FACE_BOUND('',#8042,.T.);
#8641=FACE_BOUND('',#8043,.T.);
#8642=FACE_BOUND('',#8044,.T.);
#8643=FACE_BOUND('',#8045,.T.);
#8644=FACE_BOUND('',#8046,.T.);
#8645=FACE_BOUND('',#8047,.T.);
#8646=FACE_BOUND('',#8048,.T.);
#8647=FACE_BOUND('',#8049,.T.);
#8648=FACE_BOUND('',#8050,.T.);
#8649=FACE_BOUND('',#8051,.T.);
#8650=FACE_BOUND('',#8052,.T.);
#8651=FACE_BOUND('',#8053,.T.);
#8652=FACE_BOUND('',#8054,.T.);
#8653=FACE_BOUND('',#8055,.T.);
#8654=FACE_BOUND('',#8056,.T.);
#8655=FACE_BOUND('',#8057,.T.);
#8656=FACE_BOUND('',#8058,.T.);
#8657=FACE_BOUND('',#8059,.T.);
#8658=FACE_BOUND('',#8060,.T.);
#8659=FACE_BOUND('',#8061,.T.);
#8660=FACE_BOUND('',#8062,.T.);
#8661=FACE_BOUND('',#8063,.T.);
#8662=FACE_BOUND('',#8064,.T.);
#8663=FACE_BOUND('',#8065,.T.);
#8664=FACE_BOUND('',#8066,.T.);
#8665=FACE_BOUND('',#8067,.T.);
#8666=FACE_BOUND('',#8068,.T.);
#8667=FACE_BOUND('',#8069,.T.);
#8668=FACE_BOUND('',#8070,.T.);
#8669=FACE_BOUND('',#8071,.T.);
#8670=FACE_BOUND('',#8072,.T.);
#8671=FACE_BOUND('',#8073,.T.);
#8672=FACE_BOUND('',#8074,.T.);
#8673=FACE_BOUND('',#8075,.T.);
#8674=FACE_BOUND('',#8076,.T.);
#8675=FACE_BOUND('',#8077,.T.);
#8676=FACE_BOUND('',#8078,.T.);
#8677=FACE_BOUND('',#8079,.T.);
#8678=FACE_BOUND('',#8080,.T.);
#8679=FACE_BOUND('',#8081,.T.);
#8680=FACE_BOUND('',#8082,.T.);
#8681=FACE_BOUND('',#8083,.T.);
#8682=FACE_BOUND('',#8084,.T.);
#8683=FACE_BOUND('',#8085,.T.);
#8684=FACE_BOUND('',#8086,.T.);
#8685=FACE_BOUND('',#8087,.T.);
#8686=FACE_BOUND('',#8088,.T.);
#8687=FACE_BOUND('',#8089,.T.);
#8688=FACE_BOUND('',#8090,.T.);
#8689=FACE_BOUND('',#8091,.T.);
#8690=FACE_BOUND('',#8092,.T.);
#8691=FACE_BOUND('',#8093,.T.);
#8692=FACE_BOUND('',#8094,.T.);
#8693=FACE_BOUND('',#8095,.T.);
#8694=FACE_BOUND('',#8096,.T.);
#8695=FACE_BOUND('',#8097,.T.);
#8696=FACE_BOUND('',#8098,.T.);
#8697=FACE_BOUND('',#8099,.T.);
#8698=FACE_BOUND('',#8100,.T.);
#8699=FACE_BOUND('',#8101,.T.);
#8700=FACE_BOUND('',#8102,.T.);
#8701=FACE_BOUND('',#8103,.T.);
#8702=FACE_BOUND('',#8104,.T.);
#8703=FACE_BOUND('',#8105,.T.);
#8704=FACE_BOUND('',#8106,.T.);
#8705=FACE_BOUND('',#8107,.T.);
#8706=FACE_BOUND('',#8108,.T.);
#8707=FACE_BOUND('',#8109,.T.);
#8708=FACE_BOUND('',#8110,.T.);
#8709=FACE_BOUND('',#8111,.T.);
#8710=FACE_BOUND('',#8112,.T.);
#8711=FACE_BOUND('',#8113,.T.);
#8712=FACE_BOUND('',#8114,.T.);
#8713=FACE_BOUND('',#8115,.T.);
#8714=FACE_BOUND('',#8116,.T.);
#8715=FACE_BOUND('',#8117,.T.);
#8716=FACE_BOUND('',#8118,.T.);
#8717=FACE_BOUND('',#8119,.T.);
#8718=FACE_BOUND('',#8120,.T.);
#8719=FACE_BOUND('',#8121,.T.);
#8720=FACE_BOUND('',#8122,.T.);
#8721=FACE_BOUND('',#8123,.T.);
#8722=FACE_BOUND('',#8124,.T.);
#8723=FACE_BOUND('',#8125,.T.);
#8724=FACE_BOUND('',#8126,.T.);
#8725=FACE_BOUND('',#8127,.T.);
#8726=FACE_BOUND('',#8128,.T.);
#8727=FACE_BOUND('',#8129,.T.);
#8728=FACE_BOUND('',#8130,.T.);
#8729=FACE_BOUND('',#8131,.T.);
#8730=FACE_BOUND('',#8132,.T.);
#8731=FACE_BOUND('',#8133,.T.);
#8732=FACE_BOUND('',#8134,.T.);
#8733=FACE_BOUND('',#8135,.T.);
#8734=FACE_BOUND('',#8136,.T.);
#8735=FACE_BOUND('',#8137,.T.);
#8736=FACE_BOUND('',#8138,.T.);
#8737=FACE_BOUND('',#8139,.T.);
#8738=FACE_BOUND('',#8140,.T.);
#8739=FACE_BOUND('',#8141,.T.);
#8740=FACE_BOUND('',#8142,.T.);
#8741=FACE_BOUND('',#8143,.T.);
#8742=FACE_BOUND('',#8144,.T.);
#8743=FACE_BOUND('',#8145,.T.);
#8744=FACE_BOUND('',#8146,.T.);
#8745=FACE_BOUND('',#8147,.T.);
#8746=FACE_BOUND('',#8148,.T.);
#8747=FACE_BOUND('',#8149,.T.);
#8748=FACE_BOUND('',#8150,.T.);
#8749=FACE_BOUND('',#8151,.T.);
#8750=FACE_BOUND('',#8152,.T.);
#8751=FACE_BOUND('',#8153,.T.);
#8752=FACE_BOUND('',#8154,.T.);
#8753=FACE_BOUND('',#8155,.T.);
#8754=FACE_BOUND('',#8156,.T.);
#8755=FACE_BOUND('',#8157,.T.);
#8756=FACE_BOUND('',#8158,.T.);
#8757=FACE_BOUND('',#8159,.T.);
#8758=FACE_BOUND('',#8160,.T.);
#8759=FACE_BOUND('',#8161,.T.);
#8760=FACE_BOUND('',#8162,.T.);
#8761=FACE_BOUND('',#8163,.T.);
#8762=FACE_BOUND('',#8164,.T.);
#8763=FACE_BOUND('',#8165,.T.);
#8764=FACE_BOUND('',#8166,.T.);
#8765=FACE_BOUND('',#8167,.T.);
#8766=FACE_BOUND('',#8168,.T.);
#8767=FACE_BOUND('',#8169,.T.);
#8768=FACE_BOUND('',#8170,.T.);
#8769=FACE_BOUND('',#8171,.T.);
#8770=FACE_BOUND('',#8172,.T.);
#8771=FACE_BOUND('',#8173,.T.);
#8772=FACE_BOUND('',#8174,.T.);
#8773=FACE_BOUND('',#8175,.T.);
#8774=FACE_BOUND('',#8176,.T.);
#8775=FACE_BOUND('',#8177,.T.);
#8776=FACE_BOUND('',#8178,.T.);
#8777=CYLINDRICAL_SURFACE('',#9506,0.000267417280670616);
#8778=CYLINDRICAL_SURFACE('',#9545,0.00392648760985714);
#8779=CYLINDRICAL_SURFACE('',#9572,0.00308266581761793);
#8780=CYLINDRICAL_SURFACE('',#9650,0.000652801527373289);
#8781=CYLINDRICAL_SURFACE('',#9705,0.003302);
#8782=CYLINDRICAL_SURFACE('',#9755,0.0127687111873593);
#8783=CYLINDRICAL_SURFACE('',#9776,0.00408735465512608);
#8784=CYLINDRICAL_SURFACE('',#9859,0.00297903153114021);
#8785=CYLINDRICAL_SURFACE('',#9862,0.00297903153114021);
#8786=CYLINDRICAL_SURFACE('',#9877,0.003175);
#8787=CYLINDRICAL_SURFACE('',#9881,0.003302);
#8788=CYLINDRICAL_SURFACE('',#9882,0.003175);
#8789=CYLINDRICAL_SURFACE('',#9886,0.003302);
#8790=CYLINDRICAL_SURFACE('',#9925,0.003175);
#8791=CYLINDRICAL_SURFACE('',#9929,0.003302);
#8792=CYLINDRICAL_SURFACE('',#9930,0.003175);
#8793=CYLINDRICAL_SURFACE('',#9934,0.003302);
#8794=CYLINDRICAL_SURFACE('',#9935,0.003175);
#8795=CYLINDRICAL_SURFACE('',#9939,0.003302);
#8796=CYLINDRICAL_SURFACE('',#9940,0.003175);
#8797=CYLINDRICAL_SURFACE('',#9944,0.003302);
#8798=CYLINDRICAL_SURFACE('',#9945,0.003175);
#8799=CYLINDRICAL_SURFACE('',#9949,0.003302);
#8800=CYLINDRICAL_SURFACE('',#9950,0.003175);
#8801=CYLINDRICAL_SURFACE('',#9954,0.003302);
#8802=CYLINDRICAL_SURFACE('',#10135,0.00309423237157939);
#8803=CYLINDRICAL_SURFACE('',#10138,0.00309423237157939);
#8804=CYLINDRICAL_SURFACE('',#10197,0.00112092116683623);
#8805=CYLINDRICAL_SURFACE('',#10198,0.00354892648471439);
#8806=CYLINDRICAL_SURFACE('',#10199,0.00444494301332865);
#8807=CYLINDRICAL_SURFACE('',#10263,0.003175);
#8808=CYLINDRICAL_SURFACE('',#10267,0.003302);
#8809=ADVANCED_FACE('',(#8179,#8180),#8777,.T.);
#8810=ADVANCED_FACE('',(#8181),#966,.F.);
#8811=ADVANCED_FACE('',(#8182),#967,.F.);
#8812=ADVANCED_FACE('',(#8183),#968,.F.);
#8813=ADVANCED_FACE('',(#8184),#969,.F.);
#8814=ADVANCED_FACE('',(#8185),#970,.T.);
#8815=ADVANCED_FACE('',(#8186),#971,.F.);
#8816=ADVANCED_FACE('',(#8187),#972,.F.);
#8817=ADVANCED_FACE('',(#8188),#973,.T.);
#8818=ADVANCED_FACE('',(#8189),#974,.T.);
#8819=ADVANCED_FACE('',(#8190),#975,.F.);
#8820=ADVANCED_FACE('',(#8191),#976,.F.);
#8821=ADVANCED_FACE('',(#8192),#977,.F.);
#8822=ADVANCED_FACE('',(#8193),#978,.T.);
#8823=ADVANCED_FACE('',(#8194),#979,.F.);
#8824=ADVANCED_FACE('',(#8195),#980,.F.);
#8825=ADVANCED_FACE('',(#8196),#981,.T.);
#8826=ADVANCED_FACE('',(#8197),#982,.T.);
#8827=ADVANCED_FACE('',(#8198),#983,.F.);
#8828=ADVANCED_FACE('',(#8199),#984,.T.);
#8829=ADVANCED_FACE('',(#8200),#985,.F.);
#8830=ADVANCED_FACE('',(#8201),#986,.F.);
#8831=ADVANCED_FACE('',(#8202),#987,.T.);
#8832=ADVANCED_FACE('',(#8203),#988,.T.);
#8833=ADVANCED_FACE('',(#8204),#989,.F.);
#8834=ADVANCED_FACE('',(#8205,#8206),#8778,.T.);
#8835=ADVANCED_FACE('',(#8207),#990,.T.);
#8836=ADVANCED_FACE('',(#8208),#991,.F.);
#8837=ADVANCED_FACE('',(#8209),#992,.F.);
#8838=ADVANCED_FACE('',(#8210),#993,.T.);
#8839=ADVANCED_FACE('',(#8211),#994,.T.);
#8840=ADVANCED_FACE('',(#8212,#8213),#995,.F.);
#8841=ADVANCED_FACE('',(#8214),#996,.T.);
#8842=ADVANCED_FACE('',(#8215),#997,.F.);
#8843=ADVANCED_FACE('',(#8216),#998,.F.);
#8844=ADVANCED_FACE('',(#8217),#999,.T.);
#8845=ADVANCED_FACE('',(#8218),#1000,.T.);
#8846=ADVANCED_FACE('',(#8219,#8220),#1001,.F.);
#8847=ADVANCED_FACE('',(#8221,#8222),#8779,.T.);
#8848=ADVANCED_FACE('',(#8223),#1002,.T.);
#8849=ADVANCED_FACE('',(#8224),#1003,.F.);
#8850=ADVANCED_FACE('',(#8225),#1004,.T.);
#8851=ADVANCED_FACE('',(#8226),#1005,.F.);
#8852=ADVANCED_FACE('',(#8227),#1006,.F.);
#8853=ADVANCED_FACE('',(#8228),#1007,.T.);
#8854=ADVANCED_FACE('',(#8229),#1008,.T.);
#8855=ADVANCED_FACE('',(#8230),#1009,.F.);
#8856=ADVANCED_FACE('',(#8231,#8232,#8233),#1010,.T.);
#8857=ADVANCED_FACE('',(#8234,#8235,#8236),#1011,.T.);
#8858=ADVANCED_FACE('',(#8237,#8238,#8239,#8240),#1012,.F.);
#8859=ADVANCED_FACE('',(#8241,#8242,#8243,#8244),#1013,.F.);
#8860=ADVANCED_FACE('',(#8245,#8246),#1014,.T.);
#8861=ADVANCED_FACE('',(#8247),#1015,.F.);
#8862=ADVANCED_FACE('',(#8248),#1016,.T.);
#8863=ADVANCED_FACE('',(#8249),#1017,.F.);
#8864=ADVANCED_FACE('',(#8250),#1018,.F.);
#8865=ADVANCED_FACE('',(#8251),#1019,.T.);
#8866=ADVANCED_FACE('',(#8252),#1020,.T.);
#8867=ADVANCED_FACE('',(#8253),#1021,.T.);
#8868=ADVANCED_FACE('',(#8254),#1022,.F.);
#8869=ADVANCED_FACE('',(#8255),#1023,.F.);
#8870=ADVANCED_FACE('',(#8256),#1024,.T.);
#8871=ADVANCED_FACE('',(#8257),#1025,.T.);
#8872=ADVANCED_FACE('',(#8258),#1026,.T.);
#8873=ADVANCED_FACE('',(#8259),#1027,.F.);
#8874=ADVANCED_FACE('',(#8260),#1028,.F.);
#8875=ADVANCED_FACE('',(#8261),#1029,.T.);
#8876=ADVANCED_FACE('',(#8262),#1030,.T.);
#8877=ADVANCED_FACE('',(#8263),#1031,.T.);
#8878=ADVANCED_FACE('',(#8264),#1032,.F.);
#8879=ADVANCED_FACE('',(#8265),#1033,.F.);
#8880=ADVANCED_FACE('',(#8266),#1034,.T.);
#8881=ADVANCED_FACE('',(#8267),#1035,.T.);
#8882=ADVANCED_FACE('',(#8268),#1036,.T.);
#8883=ADVANCED_FACE('',(#8269),#1037,.F.);
#8884=ADVANCED_FACE('',(#8270),#1038,.F.);
#8885=ADVANCED_FACE('',(#8271),#1039,.T.);
#8886=ADVANCED_FACE('',(#8272),#1040,.T.);
#8887=ADVANCED_FACE('',(#8273),#1041,.T.);
#8888=ADVANCED_FACE('',(#8274),#1042,.F.);
#8889=ADVANCED_FACE('',(#8275),#1043,.F.);
#8890=ADVANCED_FACE('',(#8276),#1044,.T.);
#8891=ADVANCED_FACE('',(#8277),#1045,.T.);
#8892=ADVANCED_FACE('',(#8278),#1046,.F.);
#8893=ADVANCED_FACE('',(#8279),#1047,.F.);
#8894=ADVANCED_FACE('',(#8280),#1048,.T.);
#8895=ADVANCED_FACE('',(#8281),#1049,.T.);
#8896=ADVANCED_FACE('',(#8282),#1050,.F.);
#8897=ADVANCED_FACE('',(#8283),#1051,.F.);
#8898=ADVANCED_FACE('',(#8284),#1052,.T.);
#8899=ADVANCED_FACE('',(#8285),#1053,.F.);
#8900=ADVANCED_FACE('',(#8286,#8287),#1054,.T.);
#8901=ADVANCED_FACE('',(#8288),#1055,.T.);
#8902=ADVANCED_FACE('',(#8289),#1056,.F.);
#8903=ADVANCED_FACE('',(#8290),#1057,.F.);
#8904=ADVANCED_FACE('',(#8291),#1058,.T.);
#8905=ADVANCED_FACE('',(#8292,#8293),#8780,.T.);
#8906=ADVANCED_FACE('',(#8294),#1059,.T.);
#8907=ADVANCED_FACE('',(#8295),#1060,.F.);
#8908=ADVANCED_FACE('',(#8296),#1061,.F.);
#8909=ADVANCED_FACE('',(#8297),#1062,.F.);
#8910=ADVANCED_FACE('',(#8298),#1063,.F.);
#8911=ADVANCED_FACE('',(#8299),#1064,.T.);
#8912=ADVANCED_FACE('',(#8300),#1065,.F.);
#8913=ADVANCED_FACE('',(#8301),#1066,.T.);
#8914=ADVANCED_FACE('',(#8302),#1067,.T.);
#8915=ADVANCED_FACE('',(#8303),#1068,.F.);
#8916=ADVANCED_FACE('',(#8304),#1069,.T.);
#8917=ADVANCED_FACE('',(#8305),#1070,.T.);
#8918=ADVANCED_FACE('',(#8306),#1071,.F.);
#8919=ADVANCED_FACE('',(#8307),#1072,.T.);
#8920=ADVANCED_FACE('',(#8308),#1073,.T.);
#8921=ADVANCED_FACE('',(#8309),#1074,.F.);
#8922=ADVANCED_FACE('',(#8310),#1075,.T.);
#8923=ADVANCED_FACE('',(#8311),#1076,.F.);
#8924=ADVANCED_FACE('',(#8312),#1077,.T.);
#8925=ADVANCED_FACE('',(#8313),#1078,.F.);
#8926=ADVANCED_FACE('',(#8314),#1079,.T.);
#8927=ADVANCED_FACE('',(#8315),#1080,.T.);
#8928=ADVANCED_FACE('',(#8316),#1081,.T.);
#8929=ADVANCED_FACE('',(#8317,#8318,#8319),#1082,.T.);
#8930=ADVANCED_FACE('',(#8320,#8321),#1083,.T.);
#8931=ADVANCED_FACE('',(#8322),#1084,.T.);
#8932=ADVANCED_FACE('',(#8323),#1085,.T.);
#8933=ADVANCED_FACE('',(#8324),#1086,.F.);
#8934=ADVANCED_FACE('',(#8325),#1087,.F.);
#8935=ADVANCED_FACE('',(#8326,#8327),#1088,.F.);
#8936=ADVANCED_FACE('',(#8328),#1089,.T.);
#8937=ADVANCED_FACE('',(#8329),#1090,.T.);
#8938=ADVANCED_FACE('',(#8330),#1091,.T.);
#8939=ADVANCED_FACE('',(#8331),#1092,.T.);
#8940=ADVANCED_FACE('',(#8332),#1093,.F.);
#8941=ADVANCED_FACE('',(#8333),#1094,.T.);
#8942=ADVANCED_FACE('',(#8334),#1095,.T.);
#8943=ADVANCED_FACE('',(#8335),#1096,.T.);
#8944=ADVANCED_FACE('',(#8336),#1097,.F.);
#8945=ADVANCED_FACE('',(#8337),#1098,.T.);
#8946=ADVANCED_FACE('',(#8338),#1099,.T.);
#8947=ADVANCED_FACE('',(#8339),#1100,.T.);
#8948=ADVANCED_FACE('',(#8340),#1101,.F.);
#8949=ADVANCED_FACE('',(#8341),#1102,.T.);
#8950=ADVANCED_FACE('',(#8342),#1103,.F.);
#8951=ADVANCED_FACE('',(#8343),#1104,.F.);
#8952=ADVANCED_FACE('',(#8344),#1105,.T.);
#8953=ADVANCED_FACE('',(#8345),#1106,.T.);
#8954=ADVANCED_FACE('',(#8346),#1107,.F.);
#8955=ADVANCED_FACE('',(#8347),#1108,.T.);
#8956=ADVANCED_FACE('',(#8348,#8349),#8781,.F.);
#8957=ADVANCED_FACE('',(#8350,#8351),#1109,.F.);
#8958=ADVANCED_FACE('',(#8352),#1110,.F.);
#8959=ADVANCED_FACE('',(#8353),#1111,.T.);
#8960=ADVANCED_FACE('',(#8354),#1112,.T.);
#8961=ADVANCED_FACE('',(#8355),#1113,.T.);
#8962=ADVANCED_FACE('',(#8356),#1114,.T.);
#8963=ADVANCED_FACE('',(#8357),#1115,.T.);
#8964=ADVANCED_FACE('',(#8358),#1116,.F.);
#8965=ADVANCED_FACE('',(#8359),#1117,.F.);
#8966=ADVANCED_FACE('',(#8360),#1118,.F.);
#8967=ADVANCED_FACE('',(#8361),#1119,.F.);
#8968=ADVANCED_FACE('',(#8362),#1120,.F.);
#8969=ADVANCED_FACE('',(#8363),#1121,.T.);
#8970=ADVANCED_FACE('',(#8364),#1122,.F.);
#8971=ADVANCED_FACE('',(#8365),#1123,.F.);
#8972=ADVANCED_FACE('',(#8366),#1124,.T.);
#8973=ADVANCED_FACE('',(#8367),#1125,.T.);
#8974=ADVANCED_FACE('',(#8368),#1126,.T.);
#8975=ADVANCED_FACE('',(#8369),#1127,.F.);
#8976=ADVANCED_FACE('',(#8370),#1128,.F.);
#8977=ADVANCED_FACE('',(#8371),#1129,.T.);
#8978=ADVANCED_FACE('',(#8372),#1130,.T.);
#8979=ADVANCED_FACE('',(#8373),#1131,.T.);
#8980=ADVANCED_FACE('',(#8374),#1132,.F.);
#8981=ADVANCED_FACE('',(#8375),#1133,.F.);
#8982=ADVANCED_FACE('',(#8376),#1134,.T.);
#8983=ADVANCED_FACE('',(#8377),#1135,.F.);
#8984=ADVANCED_FACE('',(#8378),#1136,.F.);
#8985=ADVANCED_FACE('',(#8379),#1137,.T.);
#8986=ADVANCED_FACE('',(#8380),#1138,.F.);
#8987=ADVANCED_FACE('',(#8381,#8382),#8782,.T.);
#8988=ADVANCED_FACE('',(#8383,#8384,#8385,#8386),#1139,.T.);
#8989=ADVANCED_FACE('',(#8387,#8388),#1140,.F.);
#8990=ADVANCED_FACE('',(#8389),#1141,.T.);
#8991=ADVANCED_FACE('',(#8390),#1142,.F.);
#8992=ADVANCED_FACE('',(#8391),#1143,.F.);
#8993=ADVANCED_FACE('',(#8392),#1144,.T.);
#8994=ADVANCED_FACE('',(#8393),#1145,.T.);
#8995=ADVANCED_FACE('',(#8394),#1146,.T.);
#8996=ADVANCED_FACE('',(#8395),#1147,.F.);
#8997=ADVANCED_FACE('',(#8396),#1148,.F.);
#8998=ADVANCED_FACE('',(#8397),#1149,.T.);
#8999=ADVANCED_FACE('',(#8398),#1150,.T.);
#9000=ADVANCED_FACE('',(#8399),#1151,.T.);
#9001=ADVANCED_FACE('',(#8400),#1152,.F.);
#9002=ADVANCED_FACE('',(#8401),#1153,.F.);
#9003=ADVANCED_FACE('',(#8402),#1154,.T.);
#9004=ADVANCED_FACE('',(#8403),#1155,.T.);
#9005=ADVANCED_FACE('',(#8404,#8405),#8783,.T.);
#9006=ADVANCED_FACE('',(#8406),#1156,.T.);
#9007=ADVANCED_FACE('',(#8407,#8408,#8409,#8410,#8411,#8412),#1157,.F.);
#9008=ADVANCED_FACE('',(#8413,#8414,#8415,#8416,#8417,#8418),#1158,.T.);
#9009=ADVANCED_FACE('',(#8419),#1159,.T.);
#9010=ADVANCED_FACE('',(#8420),#1160,.F.);
#9011=ADVANCED_FACE('',(#8421),#1161,.F.);
#9012=ADVANCED_FACE('',(#8422),#1162,.T.);
#9013=ADVANCED_FACE('',(#8423),#1163,.T.);
#9014=ADVANCED_FACE('',(#8424),#1164,.F.);
#9015=ADVANCED_FACE('',(#8425),#1165,.F.);
#9016=ADVANCED_FACE('',(#8426),#1166,.T.);
#9017=ADVANCED_FACE('',(#8427),#1167,.T.);
#9018=ADVANCED_FACE('',(#8428),#1168,.T.);
#9019=ADVANCED_FACE('',(#8429),#1169,.F.);
#9020=ADVANCED_FACE('',(#8430),#1170,.F.);
#9021=ADVANCED_FACE('',(#8431),#1171,.T.);
#9022=ADVANCED_FACE('',(#8432),#1172,.T.);
#9023=ADVANCED_FACE('',(#8433),#1173,.T.);
#9024=ADVANCED_FACE('',(#8434),#1174,.F.);
#9025=ADVANCED_FACE('',(#8435),#1175,.F.);
#9026=ADVANCED_FACE('',(#8436),#1176,.T.);
#9027=ADVANCED_FACE('',(#8437),#1177,.T.);
#9028=ADVANCED_FACE('',(#8438),#1178,.T.);
#9029=ADVANCED_FACE('',(#8439),#1179,.F.);
#9030=ADVANCED_FACE('',(#8440),#1180,.F.);
#9031=ADVANCED_FACE('',(#8441),#1181,.T.);
#9032=ADVANCED_FACE('',(#8442),#1182,.T.);
#9033=ADVANCED_FACE('',(#8443),#1183,.T.);
#9034=ADVANCED_FACE('',(#8444),#1184,.F.);
#9035=ADVANCED_FACE('',(#8445),#1185,.F.);
#9036=ADVANCED_FACE('',(#8446),#1186,.T.);
#9037=ADVANCED_FACE('',(#8447),#1187,.T.);
#9038=ADVANCED_FACE('',(#8448),#1188,.F.);
#9039=ADVANCED_FACE('',(#8449),#1189,.T.);
#9040=ADVANCED_FACE('',(#8450),#1190,.T.);
#9041=ADVANCED_FACE('',(#8451),#1191,.F.);
#9042=ADVANCED_FACE('',(#8452),#1192,.F.);
#9043=ADVANCED_FACE('',(#8453),#1193,.F.);
#9044=ADVANCED_FACE('',(#8454),#1194,.T.);
#9045=ADVANCED_FACE('',(#8455),#1195,.T.);
#9046=ADVANCED_FACE('',(#8456),#1196,.F.);
#9047=ADVANCED_FACE('',(#8457),#1197,.F.);
#9048=ADVANCED_FACE('',(#8458),#1198,.F.);
#9049=ADVANCED_FACE('',(#8459),#1199,.T.);
#9050=ADVANCED_FACE('',(#8460),#1200,.T.);
#9051=ADVANCED_FACE('',(#8461),#1201,.F.);
#9052=ADVANCED_FACE('',(#8462),#1202,.F.);
#9053=ADVANCED_FACE('',(#8463),#1203,.F.);
#9054=ADVANCED_FACE('',(#8464),#1204,.T.);
#9055=ADVANCED_FACE('',(#8465),#1205,.T.);
#9056=ADVANCED_FACE('',(#8466),#1206,.F.);
#9057=ADVANCED_FACE('',(#8467),#1207,.F.);
#9058=ADVANCED_FACE('',(#8468),#1208,.F.);
#9059=ADVANCED_FACE('',(#8469),#1209,.T.);
#9060=ADVANCED_FACE('',(#8470),#1210,.T.);
#9061=ADVANCED_FACE('',(#8471),#1211,.F.);
#9062=ADVANCED_FACE('',(#8472),#1212,.F.);
#9063=ADVANCED_FACE('',(#8473),#1213,.T.);
#9064=ADVANCED_FACE('',(#8474),#1214,.F.);
#9065=ADVANCED_FACE('',(#8475),#1215,.F.);
#9066=ADVANCED_FACE('',(#8476),#1216,.T.);
#9067=ADVANCED_FACE('',(#8477,#8478,#8479),#1217,.T.);
#9068=ADVANCED_FACE('',(#8480),#1218,.F.);
#9069=ADVANCED_FACE('',(#8481,#8482),#8784,.T.);
#9070=ADVANCED_FACE('',(#8483),#1219,.T.);
#9071=ADVANCED_FACE('',(#8484,#8485),#8785,.T.);
#9072=ADVANCED_FACE('',(#8486),#1220,.T.);
#9073=ADVANCED_FACE('',(#8487),#1221,.F.);
#9074=ADVANCED_FACE('',(#8488),#1222,.F.);
#9075=ADVANCED_FACE('',(#8489,#8490),#1223,.T.);
#9076=ADVANCED_FACE('',(#8491),#1224,.F.);
#9077=ADVANCED_FACE('',(#8492,#8493),#1225,.F.);
#9078=ADVANCED_FACE('',(#8494,#8495),#1226,.T.);
#9079=ADVANCED_FACE('',(#8496,#8497),#14,.F.);
#9080=ADVANCED_FACE('',(#8498,#8499),#8786,.F.);
#9081=ADVANCED_FACE('',(#8500,#8501),#1227,.T.);
#9082=ADVANCED_FACE('',(#8502,#8503),#8787,.F.);
#9083=ADVANCED_FACE('',(#8504,#8505),#8788,.F.);
#9084=ADVANCED_FACE('',(#8506,#8507),#1228,.T.);
#9085=ADVANCED_FACE('',(#8508,#8509),#8789,.F.);
#9086=ADVANCED_FACE('',(#8510),#1229,.F.);
#9087=ADVANCED_FACE('',(#8511),#1230,.F.);
#9088=ADVANCED_FACE('',(#8512),#1231,.T.);
#9089=ADVANCED_FACE('',(#8513),#1232,.T.);
#9090=ADVANCED_FACE('',(#8514),#1233,.F.);
#9091=ADVANCED_FACE('',(#8515),#1234,.T.);
#9092=ADVANCED_FACE('',(#8516),#1235,.T.);
#9093=ADVANCED_FACE('',(#8517),#1236,.F.);
#9094=ADVANCED_FACE('',(#8518),#1237,.T.);
#9095=ADVANCED_FACE('',(#8519),#1238,.T.);
#9096=ADVANCED_FACE('',(#8520),#1239,.T.);
#9097=ADVANCED_FACE('',(#8521),#1240,.T.);
#9098=ADVANCED_FACE('',(#8522,#8523,#8524,#8525,#8526,#8527,#8528,#8529,
#8530,#8531),#1241,.T.);
#9099=ADVANCED_FACE('',(#8532,#8533,#8534,#8535,#8536,#8537,#8538,#8539),
#1242,.F.);
#9100=ADVANCED_FACE('',(#8540,#8541),#8790,.F.);
#9101=ADVANCED_FACE('',(#8542,#8543),#1243,.T.);
#9102=ADVANCED_FACE('',(#8544,#8545),#8791,.F.);
#9103=ADVANCED_FACE('',(#8546,#8547),#8792,.F.);
#9104=ADVANCED_FACE('',(#8548,#8549),#1244,.T.);
#9105=ADVANCED_FACE('',(#8550,#8551),#8793,.F.);
#9106=ADVANCED_FACE('',(#8552,#8553),#8794,.F.);
#9107=ADVANCED_FACE('',(#8554,#8555),#1245,.T.);
#9108=ADVANCED_FACE('',(#8556,#8557),#8795,.F.);
#9109=ADVANCED_FACE('',(#8558,#8559),#8796,.F.);
#9110=ADVANCED_FACE('',(#8560,#8561),#1246,.T.);
#9111=ADVANCED_FACE('',(#8562,#8563),#8797,.F.);
#9112=ADVANCED_FACE('',(#8564,#8565),#8798,.F.);
#9113=ADVANCED_FACE('',(#8566,#8567),#1247,.T.);
#9114=ADVANCED_FACE('',(#8568,#8569),#8799,.F.);
#9115=ADVANCED_FACE('',(#8570,#8571),#8800,.F.);
#9116=ADVANCED_FACE('',(#8572,#8573),#1248,.T.);
#9117=ADVANCED_FACE('',(#8574,#8575),#8801,.F.);
#9118=ADVANCED_FACE('',(#8576),#1249,.T.);
#9119=ADVANCED_FACE('',(#8577),#1250,.F.);
#9120=ADVANCED_FACE('',(#8578),#1251,.F.);
#9121=ADVANCED_FACE('',(#8579),#1252,.T.);
#9122=ADVANCED_FACE('',(#8580),#1253,.T.);
#9123=ADVANCED_FACE('',(#8581),#1254,.T.);
#9124=ADVANCED_FACE('',(#8582),#1255,.F.);
#9125=ADVANCED_FACE('',(#8583),#1256,.F.);
#9126=ADVANCED_FACE('',(#8584),#1257,.T.);
#9127=ADVANCED_FACE('',(#8585),#1258,.T.);
#9128=ADVANCED_FACE('',(#8586),#1259,.T.);
#9129=ADVANCED_FACE('',(#8587),#1260,.T.);
#9130=ADVANCED_FACE('',(#8588),#1261,.F.);
#9131=ADVANCED_FACE('',(#8589),#1262,.T.);
#9132=ADVANCED_FACE('',(#8590),#1263,.F.);
#9133=ADVANCED_FACE('',(#8591),#1264,.F.);
#9134=ADVANCED_FACE('',(#8592),#1265,.T.);
#9135=ADVANCED_FACE('',(#8593),#1266,.F.);
#9136=ADVANCED_FACE('',(#8594,#8595,#8596,#8597,#8598,#8599),#1267,.F.);
#9137=ADVANCED_FACE('',(#8600,#8601,#8602,#8603,#8604,#8605,#8606,#8607,
#8608,#8609,#8610,#8611),#1268,.T.);
#9138=ADVANCED_FACE('',(#8612,#8613,#8614),#1269,.T.);
#9139=ADVANCED_FACE('',(#8615,#8616,#8617),#1270,.F.);
#9140=ADVANCED_FACE('',(#8618),#1271,.T.);
#9141=ADVANCED_FACE('',(#8619),#1272,.F.);
#9142=ADVANCED_FACE('',(#8620),#1273,.T.);
#9143=ADVANCED_FACE('',(#8621),#1274,.F.);
#9144=ADVANCED_FACE('',(#8622),#1275,.F.);
#9145=ADVANCED_FACE('',(#8623),#1276,.T.);
#9146=ADVANCED_FACE('',(#8624),#1277,.T.);
#9147=ADVANCED_FACE('',(#8625),#1278,.T.);
#9148=ADVANCED_FACE('',(#8626),#1279,.F.);
#9149=ADVANCED_FACE('',(#8627),#1280,.F.);
#9150=ADVANCED_FACE('',(#8628),#1281,.T.);
#9151=ADVANCED_FACE('',(#8629),#1282,.T.);
#9152=ADVANCED_FACE('',(#8630),#1283,.T.);
#9153=ADVANCED_FACE('',(#8631),#1284,.F.);
#9154=ADVANCED_FACE('',(#8632),#1285,.F.);
#9155=ADVANCED_FACE('',(#8633),#1286,.T.);
#9156=ADVANCED_FACE('',(#8634),#1287,.T.);
#9157=ADVANCED_FACE('',(#8635),#1288,.F.);
#9158=ADVANCED_FACE('',(#8636),#1289,.T.);
#9159=ADVANCED_FACE('',(#8637),#1290,.T.);
#9160=ADVANCED_FACE('',(#8638),#1291,.F.);
#9161=ADVANCED_FACE('',(#8639),#1292,.F.);
#9162=ADVANCED_FACE('',(#8640),#1293,.F.);
#9163=ADVANCED_FACE('',(#8641),#1294,.T.);
#9164=ADVANCED_FACE('',(#8642),#1295,.T.);
#9165=ADVANCED_FACE('',(#8643),#1296,.F.);
#9166=ADVANCED_FACE('',(#8644),#1297,.F.);
#9167=ADVANCED_FACE('',(#8645),#1298,.F.);
#9168=ADVANCED_FACE('',(#8646),#1299,.T.);
#9169=ADVANCED_FACE('',(#8647),#1300,.T.);
#9170=ADVANCED_FACE('',(#8648),#1301,.F.);
#9171=ADVANCED_FACE('',(#8649),#1302,.F.);
#9172=ADVANCED_FACE('',(#8650),#1303,.T.);
#9173=ADVANCED_FACE('',(#8651),#1304,.T.);
#9174=ADVANCED_FACE('',(#8652),#1305,.F.);
#9175=ADVANCED_FACE('',(#8653),#1306,.T.);
#9176=ADVANCED_FACE('',(#8654),#1307,.T.);
#9177=ADVANCED_FACE('',(#8655),#1308,.T.);
#9178=ADVANCED_FACE('',(#8656),#1309,.F.);
#9179=ADVANCED_FACE('',(#8657),#1310,.T.);
#9180=ADVANCED_FACE('',(#8658),#1311,.F.);
#9181=ADVANCED_FACE('',(#8659),#1312,.F.);
#9182=ADVANCED_FACE('',(#8660),#1313,.T.);
#9183=ADVANCED_FACE('',(#8661),#1314,.T.);
#9184=ADVANCED_FACE('',(#8662),#1315,.F.);
#9185=ADVANCED_FACE('',(#8663),#1316,.F.);
#9186=ADVANCED_FACE('',(#8664),#1317,.F.);
#9187=ADVANCED_FACE('',(#8665),#1318,.T.);
#9188=ADVANCED_FACE('',(#8666),#1319,.T.);
#9189=ADVANCED_FACE('',(#8667),#1320,.F.);
#9190=ADVANCED_FACE('',(#8668),#1321,.F.);
#9191=ADVANCED_FACE('',(#8669),#1322,.T.);
#9192=ADVANCED_FACE('',(#8670),#1323,.F.);
#9193=ADVANCED_FACE('',(#8671),#1324,.F.);
#9194=ADVANCED_FACE('',(#8672),#1325,.T.);
#9195=ADVANCED_FACE('',(#8673),#1326,.T.);
#9196=ADVANCED_FACE('',(#8674),#1327,.T.);
#9197=ADVANCED_FACE('',(#8675),#1328,.F.);
#9198=ADVANCED_FACE('',(#8676),#1329,.F.);
#9199=ADVANCED_FACE('',(#8677),#1330,.T.);
#9200=ADVANCED_FACE('',(#8678),#1331,.T.);
#9201=ADVANCED_FACE('',(#8679),#1332,.T.);
#9202=ADVANCED_FACE('',(#8680),#1333,.F.);
#9203=ADVANCED_FACE('',(#8681),#1334,.F.);
#9204=ADVANCED_FACE('',(#8682),#1335,.T.);
#9205=ADVANCED_FACE('',(#8683),#1336,.T.);
#9206=ADVANCED_FACE('',(#8684),#1337,.T.);
#9207=ADVANCED_FACE('',(#8685),#1338,.F.);
#9208=ADVANCED_FACE('',(#8686),#1339,.F.);
#9209=ADVANCED_FACE('',(#8687),#1340,.T.);
#9210=ADVANCED_FACE('',(#8688),#1341,.T.);
#9211=ADVANCED_FACE('',(#8689),#1342,.T.);
#9212=ADVANCED_FACE('',(#8690),#1343,.T.);
#9213=ADVANCED_FACE('',(#8691),#1344,.F.);
#9214=ADVANCED_FACE('',(#8692),#1345,.F.);
#9215=ADVANCED_FACE('',(#8693),#1346,.T.);
#9216=ADVANCED_FACE('',(#8694),#1347,.T.);
#9217=ADVANCED_FACE('',(#8695),#1348,.T.);
#9218=ADVANCED_FACE('',(#8696),#1349,.F.);
#9219=ADVANCED_FACE('',(#8697),#1350,.F.);
#9220=ADVANCED_FACE('',(#8698),#1351,.T.);
#9221=ADVANCED_FACE('',(#8699),#1352,.T.);
#9222=ADVANCED_FACE('',(#8700),#1353,.T.);
#9223=ADVANCED_FACE('',(#8701),#1354,.F.);
#9224=ADVANCED_FACE('',(#8702),#1355,.F.);
#9225=ADVANCED_FACE('',(#8703),#1356,.T.);
#9226=ADVANCED_FACE('',(#8704),#1357,.T.);
#9227=ADVANCED_FACE('',(#8705),#1358,.T.);
#9228=ADVANCED_FACE('',(#8706),#1359,.F.);
#9229=ADVANCED_FACE('',(#8707),#1360,.F.);
#9230=ADVANCED_FACE('',(#8708),#1361,.T.);
#9231=ADVANCED_FACE('',(#8709),#1362,.T.);
#9232=ADVANCED_FACE('',(#8710),#1363,.F.);
#9233=ADVANCED_FACE('',(#8711),#1364,.T.);
#9234=ADVANCED_FACE('',(#8712),#1365,.T.);
#9235=ADVANCED_FACE('',(#8713),#1366,.F.);
#9236=ADVANCED_FACE('',(#8714),#1367,.F.);
#9237=ADVANCED_FACE('',(#8715),#1368,.F.);
#9238=ADVANCED_FACE('',(#8716),#1369,.T.);
#9239=ADVANCED_FACE('',(#8717),#1370,.T.);
#9240=ADVANCED_FACE('',(#8718),#1371,.F.);
#9241=ADVANCED_FACE('',(#8719),#1372,.F.);
#9242=ADVANCED_FACE('',(#8720,#8721),#1373,.T.);
#9243=ADVANCED_FACE('',(#8722,#8723),#1374,.F.);
#9244=ADVANCED_FACE('',(#8724,#8725),#1375,.T.);
#9245=ADVANCED_FACE('',(#8726,#8727),#1376,.F.);
#9246=ADVANCED_FACE('',(#8728),#1377,.T.);
#9247=ADVANCED_FACE('',(#8729),#1378,.T.);
#9248=ADVANCED_FACE('',(#8730),#1379,.F.);
#9249=ADVANCED_FACE('',(#8731,#8732),#8802,.F.);
#9250=ADVANCED_FACE('',(#8733),#1380,.T.);
#9251=ADVANCED_FACE('',(#8734),#1381,.F.);
#9252=ADVANCED_FACE('',(#8735,#8736),#8803,.F.);
#9253=ADVANCED_FACE('',(#8737),#1382,.F.);
#9254=ADVANCED_FACE('',(#8738),#1383,.T.);
#9255=ADVANCED_FACE('',(#8739),#1384,.T.);
#9256=ADVANCED_FACE('',(#8740),#1385,.T.);
#9257=ADVANCED_FACE('',(#8741),#1386,.T.);
#9258=ADVANCED_FACE('',(#8742,#8743),#1387,.T.);
#9259=ADVANCED_FACE('',(#8744),#1388,.T.);
#9260=ADVANCED_FACE('',(#8745),#1389,.F.);
#9261=ADVANCED_FACE('',(#8746),#1390,.F.);
#9262=ADVANCED_FACE('',(#8747),#1391,.T.);
#9263=ADVANCED_FACE('',(#8748,#8749),#1392,.T.);
#9264=ADVANCED_FACE('',(#8750),#1393,.F.);
#9265=ADVANCED_FACE('',(#8751,#8752),#8804,.T.);
#9266=ADVANCED_FACE('',(#8753,#8754),#8805,.T.);
#9267=ADVANCED_FACE('',(#8755),#8806,.T.);
#9268=ADVANCED_FACE('',(#8756),#1394,.T.);
#9269=ADVANCED_FACE('',(#8757),#1395,.T.);
#9270=ADVANCED_FACE('',(#8758),#1396,.T.);
#9271=ADVANCED_FACE('',(#8759),#1397,.F.);
#9272=ADVANCED_FACE('',(#8760),#1398,.T.);
#9273=ADVANCED_FACE('',(#8761,#8762),#1399,.F.);
#9274=ADVANCED_FACE('',(#8763,#8764),#1400,.T.);
#9275=ADVANCED_FACE('',(#8765),#1401,.F.);
#9276=ADVANCED_FACE('',(#8766),#1402,.T.);
#9277=ADVANCED_FACE('',(#8767),#1403,.F.);
#9278=ADVANCED_FACE('',(#8768),#1404,.F.);
#9279=ADVANCED_FACE('',(#8769),#1405,.T.);
#9280=ADVANCED_FACE('',(#8770,#8771),#8807,.F.);
#9281=ADVANCED_FACE('',(#8772),#1406,.T.);
#9282=ADVANCED_FACE('',(#8773,#8774),#8808,.F.);
#9283=ADVANCED_FACE('',(#8775),#1407,.F.);
#9284=ADVANCED_FACE('',(#8776),#1408,.T.);
#9285=CLOSED_SHELL('',(#8809,#8810,#8811,#8812,#8813,#8814,#8815,#8816,
#8817,#8818,#8819,#8820,#8821,#8822,#8823,#8824,#8825,#8826,#8827));
#9286=CLOSED_SHELL('',(#8828,#8829,#8830,#8831,#8832,#8833));
#9287=CLOSED_SHELL('',(#8834,#8835,#8836,#8837,#8838,#8839,#8840,#8841,
#8842,#8843,#8844,#8845,#8846));
#9288=CLOSED_SHELL('',(#8847,#8848,#8849));
#9289=CLOSED_SHELL('',(#8850,#8851,#8852,#8853,#8854,#8855));
#9290=CLOSED_SHELL('',(#8856,#8857,#8858,#8859,#8860,#8861,#8862,#8863,
#8864,#8865,#8866,#8867,#8868,#8869,#8870,#8871,#8872,#8873,#8874,#8875,
#8876,#8877,#8878,#8879,#8880,#8881,#8882,#8883,#8884,#8885,#8886,#8887,
#8888,#8889,#8890,#8891,#8892,#8893,#8894,#8895,#8896,#8897,#8898));
#9291=CLOSED_SHELL('',(#8899,#8900,#8901,#8902,#8903,#8904,#8905,#8906));
#9292=CLOSED_SHELL('',(#8907,#8908,#8909,#8910,#8911,#8912,#8913,#8914,
#8915,#8916,#8917,#8918,#8919,#8920,#8921,#8922,#8923,#8924,#8925,#8926,
#8927,#8928,#8929,#8930,#8931,#8932,#8933,#8934,#8935,#8936,#8937,#8938,
#8939,#8940,#8941,#8942,#8943,#8944,#8945,#8946,#8947,#8948,#8949,#8950,
#8951,#8952,#8953,#8954,#8955,#8956,#8957,#8958,#8959,#8960,#8961,#8962,
#8963,#8964,#8965,#8966,#8967,#8968,#8969,#8970,#8971,#8972,#8973,#8974,
#8975,#8976,#8977,#8978));
#9293=CLOSED_SHELL('',(#8979,#8980,#8981,#8982,#8983,#8984,#8985,#8986));
#9294=CLOSED_SHELL('',(#8987,#8988,#8989,#8990,#8991,#8992,#8993,#8994,
#8995,#8996,#8997,#8998,#8999,#9000,#9001,#9002,#9003,#9004,#9005,#9006));
#9295=CLOSED_SHELL('',(#9007,#9008,#9009,#9010,#9011,#9012,#9013,#9014,
#9015,#9016,#9017,#9018,#9019,#9020,#9021,#9022,#9023,#9024,#9025,#9026,
#9027,#9028,#9029,#9030,#9031,#9032,#9033,#9034,#9035,#9036,#9037,#9038,
#9039,#9040,#9041,#9042,#9043,#9044,#9045,#9046,#9047,#9048,#9049,#9050,
#9051,#9052,#9053,#9054,#9055,#9056,#9057,#9058,#9059,#9060,#9061,#9062));
#9296=CLOSED_SHELL('',(#9063,#9064,#9065,#9066,#9067,#9068,#9069,#9070,
#9071,#9072));
#9297=CLOSED_SHELL('',(#9073,#9074,#9075,#9076,#9077,#9078,#9079,#9080,
#9081,#9082,#9083,#9084,#9085));
#9298=CLOSED_SHELL('',(#9086,#9087,#9088,#9089,#9090,#9091,#9092,#9093,
#9094,#9095,#9096,#9097,#9098,#9099,#9100,#9101,#9102,#9103,#9104,#9105,
#9106,#9107,#9108,#9109,#9110,#9111,#9112,#9113,#9114,#9115,#9116,#9117,
#9118,#9119,#9120,#9121,#9122,#9123,#9124,#9125,#9126,#9127));
#9299=CLOSED_SHELL('',(#9128,#9129,#9130,#9131,#9132,#9133,#9134,#9135));
#9300=CLOSED_SHELL('',(#9136,#9137,#9138,#9139,#9140,#9141,#9142,#9143,
#9144,#9145,#9146,#9147,#9148,#9149,#9150,#9151,#9152,#9153,#9154,#9155,
#9156,#9157,#9158,#9159,#9160,#9161,#9162,#9163,#9164,#9165,#9166,#9167,
#9168,#9169,#9170,#9171,#9172,#9173,#9174,#9175,#9176,#9177,#9178,#9179,
#9180,#9181,#9182,#9183,#9184,#9185,#9186,#9187,#9188,#9189,#9190,#9191,
#9192,#9193,#9194,#9195,#9196,#9197,#9198,#9199,#9200,#9201,#9202,#9203,
#9204,#9205,#9206,#9207,#9208,#9209,#9210,#9211,#9212,#9213,#9214,#9215,
#9216,#9217,#9218,#9219,#9220,#9221,#9222,#9223,#9224,#9225,#9226,#9227,
#9228,#9229,#9230,#9231,#9232,#9233,#9234,#9235,#9236,#9237,#9238,#9239,
#9240,#9241));
#9301=CLOSED_SHELL('',(#9242,#9243,#9244,#9245,#9246,#9247,#9248,#9249,
#9250,#9251,#9252,#9253,#9254,#9255,#9256,#9257));
#9302=CLOSED_SHELL('',(#9258,#9259,#9260,#9261,#9262,#9263,#9264,#9265,
#9266,#9267));
#9303=CLOSED_SHELL('',(#9268,#9269,#9270,#9271,#9272,#9273,#9274,#9275,
#9276,#9277,#9278,#9279,#9280,#9281,#9282,#9283,#9284));
#9304=STYLED_ITEM('',(#9323),#9446);
#9305=STYLED_ITEM('',(#9324),#9447);
#9306=STYLED_ITEM('',(#9325),#9448);
#9307=STYLED_ITEM('',(#9326),#9449);
#9308=STYLED_ITEM('',(#9327),#9450);
#9309=STYLED_ITEM('',(#9328),#9451);
#9310=STYLED_ITEM('',(#9329),#9452);
#9311=STYLED_ITEM('',(#9330),#9453);
#9312=STYLED_ITEM('',(#9331),#9454);
#9313=STYLED_ITEM('',(#9332),#9455);
#9314=STYLED_ITEM('',(#9333),#9456);
#9315=STYLED_ITEM('',(#9334),#9457);
#9316=STYLED_ITEM('',(#9335),#9458);
#9317=STYLED_ITEM('',(#9336),#9459);
#9318=STYLED_ITEM('',(#9337),#9460);
#9319=STYLED_ITEM('',(#9338),#9461);
#9320=STYLED_ITEM('',(#9339),#9462);
#9321=STYLED_ITEM('',(#9340),#9463);
#9322=STYLED_ITEM('',(#9341),#9464);
#9323=PRESENTATION_STYLE_ASSIGNMENT((#9342));
#9324=PRESENTATION_STYLE_ASSIGNMENT((#9343));
#9325=PRESENTATION_STYLE_ASSIGNMENT((#9344));
#9326=PRESENTATION_STYLE_ASSIGNMENT((#9345));
#9327=PRESENTATION_STYLE_ASSIGNMENT((#9346));
#9328=PRESENTATION_STYLE_ASSIGNMENT((#9347));
#9329=PRESENTATION_STYLE_ASSIGNMENT((#9348));
#9330=PRESENTATION_STYLE_ASSIGNMENT((#9349));
#9331=PRESENTATION_STYLE_ASSIGNMENT((#9350));
#9332=PRESENTATION_STYLE_ASSIGNMENT((#9351));
#9333=PRESENTATION_STYLE_ASSIGNMENT((#9352));
#9334=PRESENTATION_STYLE_ASSIGNMENT((#9353));
#9335=PRESENTATION_STYLE_ASSIGNMENT((#9354));
#9336=PRESENTATION_STYLE_ASSIGNMENT((#9355));
#9337=PRESENTATION_STYLE_ASSIGNMENT((#9356));
#9338=PRESENTATION_STYLE_ASSIGNMENT((#9357));
#9339=PRESENTATION_STYLE_ASSIGNMENT((#9358));
#9340=PRESENTATION_STYLE_ASSIGNMENT((#9359));
#9341=PRESENTATION_STYLE_ASSIGNMENT((#9360));
#9342=SURFACE_STYLE_USAGE(.BOTH.,#9361);
#9343=SURFACE_STYLE_USAGE(.BOTH.,#9362);
#9344=SURFACE_STYLE_USAGE(.BOTH.,#9363);
#9345=SURFACE_STYLE_USAGE(.BOTH.,#9364);
#9346=SURFACE_STYLE_USAGE(.BOTH.,#9365);
#9347=SURFACE_STYLE_USAGE(.BOTH.,#9366);
#9348=SURFACE_STYLE_USAGE(.BOTH.,#9367);
#9349=SURFACE_STYLE_USAGE(.BOTH.,#9368);
#9350=SURFACE_STYLE_USAGE(.BOTH.,#9369);
#9351=SURFACE_STYLE_USAGE(.BOTH.,#9370);
#9352=SURFACE_STYLE_USAGE(.BOTH.,#9371);
#9353=SURFACE_STYLE_USAGE(.BOTH.,#9372);
#9354=SURFACE_STYLE_USAGE(.BOTH.,#9373);
#9355=SURFACE_STYLE_USAGE(.BOTH.,#9374);
#9356=SURFACE_STYLE_USAGE(.BOTH.,#9375);
#9357=SURFACE_STYLE_USAGE(.BOTH.,#9376);
#9358=SURFACE_STYLE_USAGE(.BOTH.,#9377);
#9359=SURFACE_STYLE_USAGE(.BOTH.,#9378);
#9360=SURFACE_STYLE_USAGE(.BOTH.,#9379);
#9361=SURFACE_SIDE_STYLE('',(#9380));
#9362=SURFACE_SIDE_STYLE('',(#9381));
#9363=SURFACE_SIDE_STYLE('',(#9382));
#9364=SURFACE_SIDE_STYLE('',(#9383));
#9365=SURFACE_SIDE_STYLE('',(#9384));
#9366=SURFACE_SIDE_STYLE('',(#9385));
#9367=SURFACE_SIDE_STYLE('',(#9386));
#9368=SURFACE_SIDE_STYLE('',(#9387));
#9369=SURFACE_SIDE_STYLE('',(#9388));
#9370=SURFACE_SIDE_STYLE('',(#9389));
#9371=SURFACE_SIDE_STYLE('',(#9390));
#9372=SURFACE_SIDE_STYLE('',(#9391));
#9373=SURFACE_SIDE_STYLE('',(#9392));
#9374=SURFACE_SIDE_STYLE('',(#9393));
#9375=SURFACE_SIDE_STYLE('',(#9394));
#9376=SURFACE_SIDE_STYLE('',(#9395));
#9377=SURFACE_SIDE_STYLE('',(#9396));
#9378=SURFACE_SIDE_STYLE('',(#9397));
#9379=SURFACE_SIDE_STYLE('',(#9398));
#9380=SURFACE_STYLE_FILL_AREA(#9399);
#9381=SURFACE_STYLE_FILL_AREA(#9400);
#9382=SURFACE_STYLE_FILL_AREA(#9401);
#9383=SURFACE_STYLE_FILL_AREA(#9402);
#9384=SURFACE_STYLE_FILL_AREA(#9403);
#9385=SURFACE_STYLE_FILL_AREA(#9404);
#9386=SURFACE_STYLE_FILL_AREA(#9405);
#9387=SURFACE_STYLE_FILL_AREA(#9406);
#9388=SURFACE_STYLE_FILL_AREA(#9407);
#9389=SURFACE_STYLE_FILL_AREA(#9408);
#9390=SURFACE_STYLE_FILL_AREA(#9409);
#9391=SURFACE_STYLE_FILL_AREA(#9410);
#9392=SURFACE_STYLE_FILL_AREA(#9411);
#9393=SURFACE_STYLE_FILL_AREA(#9412);
#9394=SURFACE_STYLE_FILL_AREA(#9413);
#9395=SURFACE_STYLE_FILL_AREA(#9414);
#9396=SURFACE_STYLE_FILL_AREA(#9415);
#9397=SURFACE_STYLE_FILL_AREA(#9416);
#9398=SURFACE_STYLE_FILL_AREA(#9417);
#9399=FILL_AREA_STYLE('',(#9418));
#9400=FILL_AREA_STYLE('',(#9419));
#9401=FILL_AREA_STYLE('',(#9420));
#9402=FILL_AREA_STYLE('',(#9421));
#9403=FILL_AREA_STYLE('',(#9422));
#9404=FILL_AREA_STYLE('',(#9423));
#9405=FILL_AREA_STYLE('',(#9424));
#9406=FILL_AREA_STYLE('',(#9425));
#9407=FILL_AREA_STYLE('',(#9426));
#9408=FILL_AREA_STYLE('',(#9427));
#9409=FILL_AREA_STYLE('',(#9428));
#9410=FILL_AREA_STYLE('',(#9429));
#9411=FILL_AREA_STYLE('',(#9430));
#9412=FILL_AREA_STYLE('',(#9431));
#9413=FILL_AREA_STYLE('',(#9432));
#9414=FILL_AREA_STYLE('',(#9433));
#9415=FILL_AREA_STYLE('',(#9434));
#9416=FILL_AREA_STYLE('',(#9435));
#9417=FILL_AREA_STYLE('',(#9436));
#9418=FILL_AREA_STYLE_COLOUR('',#9437);
#9419=FILL_AREA_STYLE_COLOUR('',#15);
#9420=FILL_AREA_STYLE_COLOUR('',#9437);
#9421=FILL_AREA_STYLE_COLOUR('',#9437);
#9422=FILL_AREA_STYLE_COLOUR('',#9438);
#9423=FILL_AREA_STYLE_COLOUR('',#9439);
#9424=FILL_AREA_STYLE_COLOUR('',#9437);
#9425=FILL_AREA_STYLE_COLOUR('',#9437);
#9426=FILL_AREA_STYLE_COLOUR('',#15);
#9427=FILL_AREA_STYLE_COLOUR('',#9437);
#9428=FILL_AREA_STYLE_COLOUR('',#9440);
#9429=FILL_AREA_STYLE_COLOUR('',#9437);
#9430=FILL_AREA_STYLE_COLOUR('',#9437);
#9431=FILL_AREA_STYLE_COLOUR('',#9441);
#9432=FILL_AREA_STYLE_COLOUR('',#9442);
#9433=FILL_AREA_STYLE_COLOUR('',#9443);
#9434=FILL_AREA_STYLE_COLOUR('',#9444);
#9435=FILL_AREA_STYLE_COLOUR('',#9445);
#9436=FILL_AREA_STYLE_COLOUR('',#9441);
#9437=COLOUR_RGB('',0.615686274509804,0.811764705882353,0.929411764705882);
#9438=COLOUR_RGB('',0.917647058823529,0.917647058823529,0.917647058823529);
#9439=COLOUR_RGB('',0.941176470588235,0.874509803921569,0.67843137254902);
#9440=COLOUR_RGB('',0.647058823529412,0.647058823529412,0.647058823529412);
#9441=COLOUR_RGB('',0.701960784313725,0.701960784313725,0.701960784313725);
#9442=COLOUR_RGB('',0.301960784313725,0.290196078431373,0.262745098039216);
#9443=COLOUR_RGB('',0.992156862745098,0.992156862745098,0.992156862745098);
#9444=COLOUR_RGB('',0.8,0.8,0.8);
#9445=COLOUR_RGB('',0.882352941176471,0.572549019607843,0.47843137254902);
#9446=MANIFOLD_SOLID_BREP('Part 1',#9285);
#9447=MANIFOLD_SOLID_BREP('Part 1',#9286);
#9448=MANIFOLD_SOLID_BREP('Part 1',#9287);
#9449=MANIFOLD_SOLID_BREP('Part 1',#9288);
#9450=MANIFOLD_SOLID_BREP('Part 1',#9289);
#9451=MANIFOLD_SOLID_BREP('Part 1',#9290);
#9452=MANIFOLD_SOLID_BREP('Part 1',#9291);
#9453=MANIFOLD_SOLID_BREP('Part 1',#9292);
#9454=MANIFOLD_SOLID_BREP('Part 1',#9293);
#9455=MANIFOLD_SOLID_BREP('Part 1',#9294);
#9456=MANIFOLD_SOLID_BREP('Part 1',#9295);
#9457=MANIFOLD_SOLID_BREP('Part 1',#9296);
#9458=MANIFOLD_SOLID_BREP('Part 2',#9297);
#9459=MANIFOLD_SOLID_BREP('Part 1',#9298);
#9460=MANIFOLD_SOLID_BREP('Part 1',#9299);
#9461=MANIFOLD_SOLID_BREP('Part 1',#9300);
#9462=MANIFOLD_SOLID_BREP('Part 1',#9301);
#9463=MANIFOLD_SOLID_BREP('Part 1',#9302);
#9464=MANIFOLD_SOLID_BREP('Part 1',#9303);
#9465=SHAPE_DEFINITION_REPRESENTATION(#15473,#9485);
#9466=SHAPE_DEFINITION_REPRESENTATION(#15474,#9486);
#9467=SHAPE_DEFINITION_REPRESENTATION(#15477,#9487);
#9468=SHAPE_DEFINITION_REPRESENTATION(#15482,#9488);
#9469=SHAPE_DEFINITION_REPRESENTATION(#15495,#9489);
#9470=SHAPE_DEFINITION_REPRESENTATION(#15505,#9490);
#9471=SHAPE_DEFINITION_REPRESENTATION(#15512,#9491);
#9472=SHAPE_DEFINITION_REPRESENTATION(#15515,#9492);
#9473=SHAPE_DEFINITION_REPRESENTATION(#15518,#9493);
#9474=SHAPE_DEFINITION_REPRESENTATION(#15528,#9494);
#9475=SHAPE_DEFINITION_REPRESENTATION(#15538,#9495);
#9476=SHAPE_DEFINITION_REPRESENTATION(#15543,#9496);
#9477=SHAPE_DEFINITION_REPRESENTATION(#15556,#9497);
#9478=SHAPE_DEFINITION_REPRESENTATION(#15558,#9498);
#9479=SHAPE_DEFINITION_REPRESENTATION(#15571,#9499);
#9480=SHAPE_DEFINITION_REPRESENTATION(#15575,#9500);
#9481=SHAPE_DEFINITION_REPRESENTATION(#15596,#9501);
#9482=SHAPE_DEFINITION_REPRESENTATION(#15619,#9502);
#9483=SHAPE_DEFINITION_REPRESENTATION(#15663,#9503);
#9484=SHAPE_DEFINITION_REPRESENTATION(#15711,#9504);
#9485=SHAPE_REPRESENTATION('Full Design',(#9505,#9533,#9534,#9541,#9542,
#9543,#9544,#9560,#9561,#9562,#9563,#9564,#9565,#9566,#9567,#9568,#9569,
#9570,#9571,#9577,#9578,#9579,#9580,#9581,#9582,#9583,#9584,#9585,#9592,
#9593,#9594,#9595,#9596,#9597,#9641,#9642,#9653,#9654,#9729,#9730,#9731,
#9732,#9733,#9734,#9735,#9736,#9737,#9746,#9747,#9748,#9749,#9750,#9751,
#9752,#9753,#9754,#9779,#9780,#9781,#9782,#9839,#9840,#9841,#9842,#9843,
#9844,#9845,#9846,#9847,#9848,#9849,#9850,#9865,#9887,#9888,#9889,#9890,
#9891,#9892,#9893,#9894,#9895,#9896,#9897,#9898,#9965,#9966,#9967,#9976,
#9977,#9978,#9979,#9980,#9981,#9982,#9983,#9984,#9985,#9986,#9987,#9988,
#9989,#9990,#9991,#9992,#9993,#9994,#9995,#10102,#10103,#10104,#10105,#10106,
#10107,#10108,#10109,#10110,#10111,#10112,#10113,#10114,#10115,#10116,#10117,
#10118,#10119,#10120,#10121,#10122,#10123,#10144,#10145,#10146,#10147,#10148,
#10149,#10150,#10151,#10152,#10153,#10154,#10155,#10156,#10157,#10158,#10159,
#10160,#10161,#10162,#10163,#10164,#10165,#10166,#10167,#10168,#10169,#10170,
#10171,#10172,#10173,#10174,#10175,#10176,#10177,#10178,#10179,#10180,#10181,
#10182,#10183,#10184,#10185,#10186,#10200,#10201,#10202,#10203,#10204,#10205,
#10206,#10207,#10208,#10209,#10210,#10211,#10212,#10213,#10214,#10215,#10216,
#10217,#10218,#10219,#10220,#10221,#10222,#10223,#10224,#10225,#10226,#10227,
#10228,#10229,#10230,#10231,#10232,#10233,#10234,#10235,#10236,#10237,#10238,
#10239,#10240,#10241,#10242,#10243,#10244,#10245,#10246,#10270,#10271,#10272,
#10273,#10274,#10275,#10276,#10277,#10278),#15430);
#9486=SHAPE_REPRESENTATION('Part 1',(#9505),#15431);
#9487=SHAPE_REPRESENTATION('Part 1',(#9505),#15432);
#9488=SHAPE_REPRESENTATION('Part 1',(#9505),#15433);
#9489=SHAPE_REPRESENTATION('Part 1',(#9505),#15434);
#9490=SHAPE_REPRESENTATION('Part 1',(#9505),#15435);
#9491=SHAPE_REPRESENTATION('Part 1',(#9505),#15436);
#9492=SHAPE_REPRESENTATION('Part 1',(#9505),#15437);
#9493=SHAPE_REPRESENTATION('Part 1',(#9505),#15438);
#9494=SHAPE_REPRESENTATION('Part 1',(#9505),#15439);
#9495=SHAPE_REPRESENTATION('Part 1',(#9505),#15440);
#9496=SHAPE_REPRESENTATION('Part 1',(#9505),#15441);
#9497=SHAPE_REPRESENTATION('Part 1',(#9505),#15442);
#9498=SHAPE_REPRESENTATION('Part 2',(#9505),#15443);
#9499=SHAPE_REPRESENTATION('Part 1',(#9505),#15444);
#9500=SHAPE_REPRESENTATION('Part 1',(#9505),#15445);
#9501=SHAPE_REPRESENTATION('Part 1',(#9505),#15446);
#9502=SHAPE_REPRESENTATION('Part 1',(#9505),#15447);
#9503=SHAPE_REPRESENTATION('Part 1',(#9505),#15448);
#9504=SHAPE_REPRESENTATION('Part 1',(#9505),#15449);
#9505=AXIS2_PLACEMENT_3D('',#12856,#10279,#10280);
#9506=AXIS2_PLACEMENT_3D('',#12857,#10281,#10282);
#9507=AXIS2_PLACEMENT_3D('',#12858,#10283,#10284);
#9508=AXIS2_PLACEMENT_3D('',#12861,#10285,#10286);
#9509=AXIS2_PLACEMENT_3D('',#12863,#10287,#10288);
#9510=AXIS2_PLACEMENT_3D('',#12865,#10289,#10290);
#9511=AXIS2_PLACEMENT_3D('',#12866,#10291,#10292);
#9512=AXIS2_PLACEMENT_3D('',#12871,#10294,#10295);
#9513=AXIS2_PLACEMENT_3D('',#12873,#10296,#10297);
#9514=AXIS2_PLACEMENT_3D('',#12877,#10299,#10300);
#9515=AXIS2_PLACEMENT_3D('',#12878,#10301,#10302);
#9516=AXIS2_PLACEMENT_3D('',#12882,#10305,#10306);
#9517=AXIS2_PLACEMENT_3D('',#12886,#10309,#10310);
#9518=AXIS2_PLACEMENT_3D('',#12890,#10313,#10314);
#9519=AXIS2_PLACEMENT_3D('',#12894,#10317,#10318);
#9520=AXIS2_PLACEMENT_3D('',#12900,#10322,#10323);
#9521=AXIS2_PLACEMENT_3D('',#12904,#10326,#10327);
#9522=AXIS2_PLACEMENT_3D('',#12908,#10330,#10331);
#9523=AXIS2_PLACEMENT_3D('',#12910,#10333,#10334);
#9524=AXIS2_PLACEMENT_3D('',#12911,#10335,#10336);
#9525=AXIS2_PLACEMENT_3D('',#12915,#10339,#10340);
#9526=AXIS2_PLACEMENT_3D('',#12919,#10343,#10344);
#9527=AXIS2_PLACEMENT_3D('',#12923,#10347,#10348);
#9528=AXIS2_PLACEMENT_3D('',#12931,#10353,#10354);
#9529=AXIS2_PLACEMENT_3D('',#12936,#10358,#10359);
#9530=AXIS2_PLACEMENT_3D('',#12940,#10362,#10363);
#9531=AXIS2_PLACEMENT_3D('',#12942,#10365,#10366);
#9532=AXIS2_PLACEMENT_3D('',#12943,#10367,#10368);
#9533=AXIS2_PLACEMENT_3D('',#12944,#10369,#10370);
#9534=AXIS2_PLACEMENT_3D('',#12945,#10371,#10372);
#9535=AXIS2_PLACEMENT_3D('',#12946,#10373,#10374);
#9536=AXIS2_PLACEMENT_3D('',#12955,#10379,#10380);
#9537=AXIS2_PLACEMENT_3D('',#12961,#10384,#10385);
#9538=AXIS2_PLACEMENT_3D('',#12967,#10389,#10390);
#9539=AXIS2_PLACEMENT_3D('',#12970,#10393,#10394);
#9540=AXIS2_PLACEMENT_3D('',#12971,#10395,#10396);
#9541=AXIS2_PLACEMENT_3D('',#12972,#10397,#10398);
#9542=AXIS2_PLACEMENT_3D('',#12973,#10399,#10400);
#9543=AXIS2_PLACEMENT_3D('',#12974,#10401,#10402);
#9544=AXIS2_PLACEMENT_3D('',#12975,#10403,#10404);
#9545=AXIS2_PLACEMENT_3D('',#12976,#10405,#10406);
#9546=AXIS2_PLACEMENT_3D('',#12977,#10407,#10408);
#9547=AXIS2_PLACEMENT_3D('',#12979,#10409,#10410);
#9548=AXIS2_PLACEMENT_3D('',#12981,#10411,#10412);
#9549=AXIS2_PLACEMENT_3D('',#12990,#10417,#10418);
#9550=AXIS2_PLACEMENT_3D('',#12996,#10422,#10423);
#9551=AXIS2_PLACEMENT_3D('',#13002,#10427,#10428);
#9552=AXIS2_PLACEMENT_3D('',#13005,#10431,#10432);
#9553=AXIS2_PLACEMENT_3D('',#13006,#10433,#10434);
#9554=AXIS2_PLACEMENT_3D('',#13007,#10435,#10436);
#9555=AXIS2_PLACEMENT_3D('',#13016,#10441,#10442);
#9556=AXIS2_PLACEMENT_3D('',#13022,#10446,#10447);
#9557=AXIS2_PLACEMENT_3D('',#13028,#10451,#10452);
#9558=AXIS2_PLACEMENT_3D('',#13031,#10455,#10456);
#9559=AXIS2_PLACEMENT_3D('',#13032,#10457,#10458);
#9560=AXIS2_PLACEMENT_3D('',#13033,#10459,#10460);
#9561=AXIS2_PLACEMENT_3D('',#13034,#10461,#10462);
#9562=AXIS2_PLACEMENT_3D('',#13035,#10463,#10464);
#9563=AXIS2_PLACEMENT_3D('',#13036,#10465,#10466);
#9564=AXIS2_PLACEMENT_3D('',#13037,#10467,#10468);
#9565=AXIS2_PLACEMENT_3D('',#13038,#10469,#10470);
#9566=AXIS2_PLACEMENT_3D('',#13039,#10471,#10472);
#9567=AXIS2_PLACEMENT_3D('',#13040,#10473,#10474);
#9568=AXIS2_PLACEMENT_3D('',#13041,#10475,#10476);
#9569=AXIS2_PLACEMENT_3D('',#13042,#10477,#10478);
#9570=AXIS2_PLACEMENT_3D('',#13043,#10479,#10480);
#9571=AXIS2_PLACEMENT_3D('',#13044,#10481,#10482);
#9572=AXIS2_PLACEMENT_3D('',#13045,#10483,#10484);
#9573=AXIS2_PLACEMENT_3D('',#13046,#10485,#10486);
#9574=AXIS2_PLACEMENT_3D('',#13048,#10487,#10488);
#9575=AXIS2_PLACEMENT_3D('',#13050,#10489,#10490);
#9576=AXIS2_PLACEMENT_3D('',#13051,#10491,#10492);
#9577=AXIS2_PLACEMENT_3D('',#13052,#10493,#10494);
#9578=AXIS2_PLACEMENT_3D('',#13053,#10495,#10496);
#9579=AXIS2_PLACEMENT_3D('',#13054,#10497,#10498);
#9580=AXIS2_PLACEMENT_3D('',#13055,#10499,#10500);
#9581=AXIS2_PLACEMENT_3D('',#13056,#10501,#10502);
#9582=AXIS2_PLACEMENT_3D('',#13057,#10503,#10504);
#9583=AXIS2_PLACEMENT_3D('',#13058,#10505,#10506);
#9584=AXIS2_PLACEMENT_3D('',#13059,#10507,#10508);
#9585=AXIS2_PLACEMENT_3D('',#13060,#10509,#10510);
#9586=AXIS2_PLACEMENT_3D('',#13061,#10511,#10512);
#9587=AXIS2_PLACEMENT_3D('',#13070,#10517,#10518);
#9588=AXIS2_PLACEMENT_3D('',#13076,#10522,#10523);
#9589=AXIS2_PLACEMENT_3D('',#13082,#10527,#10528);
#9590=AXIS2_PLACEMENT_3D('',#13085,#10531,#10532);
#9591=AXIS2_PLACEMENT_3D('',#13086,#10533,#10534);
#9592=AXIS2_PLACEMENT_3D('',#13087,#10535,#10536);
#9593=AXIS2_PLACEMENT_3D('',#13088,#10537,#10538);
#9594=AXIS2_PLACEMENT_3D('',#13089,#10539,#10540);
#9595=AXIS2_PLACEMENT_3D('',#13090,#10541,#10542);
#9596=AXIS2_PLACEMENT_3D('',#13091,#10543,#10544);
#9597=AXIS2_PLACEMENT_3D('',#13092,#10545,#10546);
#9598=AXIS2_PLACEMENT_3D('',#13093,#10547,#10548);
#9599=AXIS2_PLACEMENT_3D('',#13118,#10561,#10562);
#9600=AXIS2_PLACEMENT_3D('',#13143,#10575,#10576);
#9601=AXIS2_PLACEMENT_3D('',#13176,#10593,#10594);
#9602=AXIS2_PLACEMENT_3D('',#13209,#10611,#10612);
#9603=AXIS2_PLACEMENT_3D('',#13214,#10617,#10618);
#9604=AXIS2_PLACEMENT_3D('',#13216,#10620,#10621);
#9605=AXIS2_PLACEMENT_3D('',#13218,#10623,#10624);
#9606=AXIS2_PLACEMENT_3D('',#13219,#10625,#10626);
#9607=AXIS2_PLACEMENT_3D('',#13221,#10628,#10629);
#9608=AXIS2_PLACEMENT_3D('',#13223,#10631,#10632);
#9609=AXIS2_PLACEMENT_3D('',#13224,#10633,#10634);
#9610=AXIS2_PLACEMENT_3D('',#13230,#10638,#10639);
#9611=AXIS2_PLACEMENT_3D('',#13234,#10642,#10643);
#9612=AXIS2_PLACEMENT_3D('',#13238,#10646,#10647);
#9613=AXIS2_PLACEMENT_3D('',#13240,#10649,#10650);
#9614=AXIS2_PLACEMENT_3D('',#13241,#10651,#10652);
#9615=AXIS2_PLACEMENT_3D('',#13247,#10656,#10657);
#9616=AXIS2_PLACEMENT_3D('',#13251,#10660,#10661);
#9617=AXIS2_PLACEMENT_3D('',#13255,#10664,#10665);
#9618=AXIS2_PLACEMENT_3D('',#13257,#10667,#10668);
#9619=AXIS2_PLACEMENT_3D('',#13258,#10669,#10670);
#9620=AXIS2_PLACEMENT_3D('',#13264,#10674,#10675);
#9621=AXIS2_PLACEMENT_3D('',#13268,#10678,#10679);
#9622=AXIS2_PLACEMENT_3D('',#13272,#10682,#10683);
#9623=AXIS2_PLACEMENT_3D('',#13274,#10685,#10686);
#9624=AXIS2_PLACEMENT_3D('',#13275,#10687,#10688);
#9625=AXIS2_PLACEMENT_3D('',#13281,#10692,#10693);
#9626=AXIS2_PLACEMENT_3D('',#13285,#10696,#10697);
#9627=AXIS2_PLACEMENT_3D('',#13289,#10700,#10701);
#9628=AXIS2_PLACEMENT_3D('',#13291,#10703,#10704);
#9629=AXIS2_PLACEMENT_3D('',#13292,#10705,#10706);
#9630=AXIS2_PLACEMENT_3D('',#13295,#10709,#10710);
#9631=AXIS2_PLACEMENT_3D('',#13297,#10712,#10713);
#9632=AXIS2_PLACEMENT_3D('',#13299,#10715,#10716);
#9633=AXIS2_PLACEMENT_3D('',#13300,#10717,#10718);
#9634=AXIS2_PLACEMENT_3D('',#13303,#10721,#10722);
#9635=AXIS2_PLACEMENT_3D('',#13305,#10724,#10725);
#9636=AXIS2_PLACEMENT_3D('',#13307,#10727,#10728);
#9637=AXIS2_PLACEMENT_3D('',#13308,#10729,#10730);
#9638=AXIS2_PLACEMENT_3D('',#13311,#10733,#10734);
#9639=AXIS2_PLACEMENT_3D('',#13313,#10736,#10737);
#9640=AXIS2_PLACEMENT_3D('',#13315,#10739,#10740);
#9641=AXIS2_PLACEMENT_3D('',#13316,#10741,#10742);
#9642=AXIS2_PLACEMENT_3D('',#13317,#10743,#10744);
#9643=AXIS2_PLACEMENT_3D('',#13318,#10745,#10746);
#9644=AXIS2_PLACEMENT_3D('',#13327,#10751,#10752);
#9645=AXIS2_PLACEMENT_3D('',#13328,#10753,#10754);
#9646=AXIS2_PLACEMENT_3D('',#13335,#10758,#10759);
#9647=AXIS2_PLACEMENT_3D('',#13341,#10763,#10764);
#9648=AXIS2_PLACEMENT_3D('',#13344,#10767,#10768);
#9649=AXIS2_PLACEMENT_3D('',#13345,#10769,#10770);
#9650=AXIS2_PLACEMENT_3D('',#13346,#10771,#10772);
#9651=AXIS2_PLACEMENT_3D('',#13347,#10773,#10774);
#9652=AXIS2_PLACEMENT_3D('',#13349,#10775,#10776);
#9653=AXIS2_PLACEMENT_3D('',#13350,#10777,#10778);
#9654=AXIS2_PLACEMENT_3D('',#13351,#10779,#10780);
#9655=AXIS2_PLACEMENT_3D('',#13352,#10781,#10782);
#9656=AXIS2_PLACEMENT_3D('',#13365,#10789,#10790);
#9657=AXIS2_PLACEMENT_3D('',#13378,#10797,#10798);
#9658=AXIS2_PLACEMENT_3D('',#13391,#10805,#10806);
#9659=AXIS2_PLACEMENT_3D('',#13404,#10813,#10814);
#9660=AXIS2_PLACEMENT_3D('',#13414,#10820,#10821);
#9661=AXIS2_PLACEMENT_3D('',#13420,#10825,#10826);
#9662=AXIS2_PLACEMENT_3D('',#13423,#10829,#10830);
#9663=AXIS2_PLACEMENT_3D('',#13429,#10834,#10835);
#9664=AXIS2_PLACEMENT_3D('',#13435,#10839,#10840);
#9665=AXIS2_PLACEMENT_3D('',#13442,#10845,#10846);
#9666=AXIS2_PLACEMENT_3D('',#13448,#10850,#10851);
#9667=AXIS2_PLACEMENT_3D('',#13454,#10855,#10856);
#9668=AXIS2_PLACEMENT_3D('',#13461,#10861,#10862);
#9669=AXIS2_PLACEMENT_3D('',#13471,#10868,#10869);
#9670=AXIS2_PLACEMENT_3D('',#13477,#10873,#10874);
#9671=AXIS2_PLACEMENT_3D('',#13480,#10877,#10878);
#9672=AXIS2_PLACEMENT_3D('',#13493,#10885,#10886);
#9673=AXIS2_PLACEMENT_3D('',#13506,#10893,#10894);
#9674=AXIS2_PLACEMENT_3D('',#13509,#10897,#10898);
#9675=AXIS2_PLACEMENT_3D('',#13512,#10901,#10902);
#9676=AXIS2_PLACEMENT_3D('',#13523,#10909,#10910);
#9677=AXIS2_PLACEMENT_3D('',#13530,#10916,#10917);
#9678=AXIS2_PLACEMENT_3D('',#13556,#10933,#10934);
#9679=AXIS2_PLACEMENT_3D('',#13568,#10941,#10942);
#9680=AXIS2_PLACEMENT_3D('',#13586,#10952,#10953);
#9681=AXIS2_PLACEMENT_3D('',#13614,#10968,#10969);
#9682=AXIS2_PLACEMENT_3D('',#13622,#10974,#10975);
#9683=AXIS2_PLACEMENT_3D('',#13649,#10992,#10993);
#9684=AXIS2_PLACEMENT_3D('',#13650,#10994,#10995);
#9685=AXIS2_PLACEMENT_3D('',#13652,#10996,#10997);
#9686=AXIS2_PLACEMENT_3D('',#13656,#11000,#11001);
#9687=AXIS2_PLACEMENT_3D('',#13658,#11003,#11004);
#9688=AXIS2_PLACEMENT_3D('',#13659,#11005,#11006);
#9689=AXIS2_PLACEMENT_3D('',#13663,#11009,#11010);
#9690=AXIS2_PLACEMENT_3D('',#13667,#11013,#11014);
#9691=AXIS2_PLACEMENT_3D('',#13669,#11016,#11017);
#9692=AXIS2_PLACEMENT_3D('',#13670,#11018,#11019);
#9693=AXIS2_PLACEMENT_3D('',#13674,#11022,#11023);
#9694=AXIS2_PLACEMENT_3D('',#13678,#11026,#11027);
#9695=AXIS2_PLACEMENT_3D('',#13680,#11029,#11030);
#9696=AXIS2_PLACEMENT_3D('',#13681,#11031,#11032);
#9697=AXIS2_PLACEMENT_3D('',#13685,#11035,#11036);
#9698=AXIS2_PLACEMENT_3D('',#13687,#11038,#11039);
#9699=AXIS2_PLACEMENT_3D('',#13688,#11040,#11041);
#9700=AXIS2_PLACEMENT_3D('',#13692,#11044,#11045);
#9701=AXIS2_PLACEMENT_3D('',#13700,#11050,#11051);
#9702=AXIS2_PLACEMENT_3D('',#13702,#11053,#11054);
#9703=AXIS2_PLACEMENT_3D('',#13704,#11056,#11057);
#9704=AXIS2_PLACEMENT_3D('',#13706,#11059,#11060);
#9705=AXIS2_PLACEMENT_3D('',#13707,#11061,#11062);
#9706=AXIS2_PLACEMENT_3D('',#13708,#11063,#11064);
#9707=AXIS2_PLACEMENT_3D('',#13710,#11065,#11066);
#9708=AXIS2_PLACEMENT_3D('',#13712,#11068,#11069);
#9709=AXIS2_PLACEMENT_3D('',#13714,#11071,#11072);
#9710=AXIS2_PLACEMENT_3D('',#13715,#11073,#11074);
#9711=AXIS2_PLACEMENT_3D('',#13716,#11075,#11076);
#9712=AXIS2_PLACEMENT_3D('',#13717,#11077,#11078);
#9713=AXIS2_PLACEMENT_3D('',#13718,#11079,#11080);
#9714=AXIS2_PLACEMENT_3D('',#13719,#11081,#11082);
#9715=AXIS2_PLACEMENT_3D('',#13720,#11083,#11084);
#9716=AXIS2_PLACEMENT_3D('',#13721,#11085,#11086);
#9717=AXIS2_PLACEMENT_3D('',#13722,#11087,#11088);
#9718=AXIS2_PLACEMENT_3D('',#13723,#11089,#11090);
#9719=AXIS2_PLACEMENT_3D('',#13724,#11091,#11092);
#9720=AXIS2_PLACEMENT_3D('',#13730,#11096,#11097);
#9721=AXIS2_PLACEMENT_3D('',#13734,#11100,#11101);
#9722=AXIS2_PLACEMENT_3D('',#13738,#11104,#11105);
#9723=AXIS2_PLACEMENT_3D('',#13740,#11107,#11108);
#9724=AXIS2_PLACEMENT_3D('',#13741,#11109,#11110);
#9725=AXIS2_PLACEMENT_3D('',#13747,#11114,#11115);
#9726=AXIS2_PLACEMENT_3D('',#13751,#11118,#11119);
#9727=AXIS2_PLACEMENT_3D('',#13755,#11122,#11123);
#9728=AXIS2_PLACEMENT_3D('',#13757,#11125,#11126);
#9729=AXIS2_PLACEMENT_3D('',#13758,#11127,#11128);
#9730=AXIS2_PLACEMENT_3D('',#13759,#11129,#11130);
#9731=AXIS2_PLACEMENT_3D('',#13760,#11131,#11132);
#9732=AXIS2_PLACEMENT_3D('',#13761,#11133,#11134);
#9733=AXIS2_PLACEMENT_3D('',#13762,#11135,#11136);
#9734=AXIS2_PLACEMENT_3D('',#13763,#11137,#11138);
#9735=AXIS2_PLACEMENT_3D('',#13764,#11139,#11140);
#9736=AXIS2_PLACEMENT_3D('',#13765,#11141,#11142);
#9737=AXIS2_PLACEMENT_3D('',#13766,#11143,#11144);
#9738=AXIS2_PLACEMENT_3D('',#13767,#11145,#11146);
#9739=AXIS2_PLACEMENT_3D('',#13776,#11151,#11152);
#9740=AXIS2_PLACEMENT_3D('',#13782,#11156,#11157);
#9741=AXIS2_PLACEMENT_3D('',#13788,#11161,#11162);
#9742=AXIS2_PLACEMENT_3D('',#13794,#11166,#11167);
#9743=AXIS2_PLACEMENT_3D('',#13800,#11171,#11172);
#9744=AXIS2_PLACEMENT_3D('',#13803,#11175,#11176);
#9745=AXIS2_PLACEMENT_3D('',#13804,#11177,#11178);
#9746=AXIS2_PLACEMENT_3D('',#13805,#11179,#11180);
#9747=AXIS2_PLACEMENT_3D('',#13806,#11181,#11182);
#9748=AXIS2_PLACEMENT_3D('',#13807,#11183,#11184);
#9749=AXIS2_PLACEMENT_3D('',#13808,#11185,#11186);
#9750=AXIS2_PLACEMENT_3D('',#13809,#11187,#11188);
#9751=AXIS2_PLACEMENT_3D('',#13810,#11189,#11190);
#9752=AXIS2_PLACEMENT_3D('',#13811,#11191,#11192);
#9753=AXIS2_PLACEMENT_3D('',#13812,#11193,#11194);
#9754=AXIS2_PLACEMENT_3D('',#13813,#11195,#11196);
#9755=AXIS2_PLACEMENT_3D('',#13814,#11197,#11198);
#9756=AXIS2_PLACEMENT_3D('',#13815,#11199,#11200);
#9757=AXIS2_PLACEMENT_3D('',#13817,#11201,#11202);
#9758=AXIS2_PLACEMENT_3D('',#13819,#11203,#11204);
#9759=AXIS2_PLACEMENT_3D('',#13844,#11217,#11218);
#9760=AXIS2_PLACEMENT_3D('',#13845,#11219,#11220);
#9761=AXIS2_PLACEMENT_3D('',#13847,#11221,#11222);
#9762=AXIS2_PLACEMENT_3D('',#13853,#11226,#11227);
#9763=AXIS2_PLACEMENT_3D('',#13857,#11230,#11231);
#9764=AXIS2_PLACEMENT_3D('',#13861,#11234,#11235);
#9765=AXIS2_PLACEMENT_3D('',#13863,#11237,#11238);
#9766=AXIS2_PLACEMENT_3D('',#13864,#11239,#11240);
#9767=AXIS2_PLACEMENT_3D('',#13870,#11244,#11245);
#9768=AXIS2_PLACEMENT_3D('',#13874,#11248,#11249);
#9769=AXIS2_PLACEMENT_3D('',#13878,#11252,#11253);
#9770=AXIS2_PLACEMENT_3D('',#13880,#11255,#11256);
#9771=AXIS2_PLACEMENT_3D('',#13881,#11257,#11258);
#9772=AXIS2_PLACEMENT_3D('',#13887,#11262,#11263);
#9773=AXIS2_PLACEMENT_3D('',#13891,#11266,#11267);
#9774=AXIS2_PLACEMENT_3D('',#13895,#11270,#11271);
#9775=AXIS2_PLACEMENT_3D('',#13897,#11273,#11274);
#9776=AXIS2_PLACEMENT_3D('',#13898,#11275,#11276);
#9777=AXIS2_PLACEMENT_3D('',#13899,#11277,#11278);
#9778=AXIS2_PLACEMENT_3D('',#13901,#11279,#11280);
#9779=AXIS2_PLACEMENT_3D('',#13902,#11281,#11282);
#9780=AXIS2_PLACEMENT_3D('',#13903,#11283,#11284);
#9781=AXIS2_PLACEMENT_3D('',#13904,#11285,#11286);
#9782=AXIS2_PLACEMENT_3D('',#13905,#11287,#11288);
#9783=AXIS2_PLACEMENT_3D('',#13906,#11289,#11290);
#9784=AXIS2_PLACEMENT_3D('',#13955,#11315,#11316);
#9785=AXIS2_PLACEMENT_3D('',#14004,#11341,#11342);
#9786=AXIS2_PLACEMENT_3D('',#14007,#11345,#11346);
#9787=AXIS2_PLACEMENT_3D('',#14009,#11348,#11349);
#9788=AXIS2_PLACEMENT_3D('',#14011,#11351,#11352);
#9789=AXIS2_PLACEMENT_3D('',#14012,#11353,#11354);
#9790=AXIS2_PLACEMENT_3D('',#14018,#11358,#11359);
#9791=AXIS2_PLACEMENT_3D('',#14022,#11362,#11363);
#9792=AXIS2_PLACEMENT_3D('',#14026,#11366,#11367);
#9793=AXIS2_PLACEMENT_3D('',#14028,#11369,#11370);
#9794=AXIS2_PLACEMENT_3D('',#14029,#11371,#11372);
#9795=AXIS2_PLACEMENT_3D('',#14035,#11376,#11377);
#9796=AXIS2_PLACEMENT_3D('',#14039,#11380,#11381);
#9797=AXIS2_PLACEMENT_3D('',#14043,#11384,#11385);
#9798=AXIS2_PLACEMENT_3D('',#14045,#11387,#11388);
#9799=AXIS2_PLACEMENT_3D('',#14046,#11389,#11390);
#9800=AXIS2_PLACEMENT_3D('',#14052,#11394,#11395);
#9801=AXIS2_PLACEMENT_3D('',#14056,#11398,#11399);
#9802=AXIS2_PLACEMENT_3D('',#14060,#11402,#11403);
#9803=AXIS2_PLACEMENT_3D('',#14062,#11405,#11406);
#9804=AXIS2_PLACEMENT_3D('',#14063,#11407,#11408);
#9805=AXIS2_PLACEMENT_3D('',#14069,#11412,#11413);
#9806=AXIS2_PLACEMENT_3D('',#14073,#11416,#11417);
#9807=AXIS2_PLACEMENT_3D('',#14077,#11420,#11421);
#9808=AXIS2_PLACEMENT_3D('',#14079,#11423,#11424);
#9809=AXIS2_PLACEMENT_3D('',#14080,#11425,#11426);
#9810=AXIS2_PLACEMENT_3D('',#14086,#11430,#11431);
#9811=AXIS2_PLACEMENT_3D('',#14090,#11434,#11435);
#9812=AXIS2_PLACEMENT_3D('',#14094,#11438,#11439);
#9813=AXIS2_PLACEMENT_3D('',#14096,#11441,#11442);
#9814=AXIS2_PLACEMENT_3D('',#14097,#11443,#11444);
#9815=AXIS2_PLACEMENT_3D('',#14103,#11448,#11449);
#9816=AXIS2_PLACEMENT_3D('',#14107,#11452,#11453);
#9817=AXIS2_PLACEMENT_3D('',#14111,#11456,#11457);
#9818=AXIS2_PLACEMENT_3D('',#14113,#11459,#11460);
#9819=AXIS2_PLACEMENT_3D('',#14114,#11461,#11462);
#9820=AXIS2_PLACEMENT_3D('',#14120,#11466,#11467);
#9821=AXIS2_PLACEMENT_3D('',#14124,#11470,#11471);
#9822=AXIS2_PLACEMENT_3D('',#14128,#11474,#11475);
#9823=AXIS2_PLACEMENT_3D('',#14130,#11477,#11478);
#9824=AXIS2_PLACEMENT_3D('',#14131,#11479,#11480);
#9825=AXIS2_PLACEMENT_3D('',#14137,#11484,#11485);
#9826=AXIS2_PLACEMENT_3D('',#14141,#11488,#11489);
#9827=AXIS2_PLACEMENT_3D('',#14145,#11492,#11493);
#9828=AXIS2_PLACEMENT_3D('',#14147,#11495,#11496);
#9829=AXIS2_PLACEMENT_3D('',#14148,#11497,#11498);
#9830=AXIS2_PLACEMENT_3D('',#14154,#11502,#11503);
#9831=AXIS2_PLACEMENT_3D('',#14158,#11506,#11507);
#9832=AXIS2_PLACEMENT_3D('',#14162,#11510,#11511);
#9833=AXIS2_PLACEMENT_3D('',#14164,#11513,#11514);
#9834=AXIS2_PLACEMENT_3D('',#14165,#11515,#11516);
#9835=AXIS2_PLACEMENT_3D('',#14171,#11520,#11521);
#9836=AXIS2_PLACEMENT_3D('',#14175,#11524,#11525);
#9837=AXIS2_PLACEMENT_3D('',#14179,#11528,#11529);
#9838=AXIS2_PLACEMENT_3D('',#14181,#11531,#11532);
#9839=AXIS2_PLACEMENT_3D('',#14182,#11533,#11534);
#9840=AXIS2_PLACEMENT_3D('',#14183,#11535,#11536);
#9841=AXIS2_PLACEMENT_3D('',#14184,#11537,#11538);
#9842=AXIS2_PLACEMENT_3D('',#14185,#11539,#11540);
#9843=AXIS2_PLACEMENT_3D('',#14186,#11541,#11542);
#9844=AXIS2_PLACEMENT_3D('',#14187,#11543,#11544);
#9845=AXIS2_PLACEMENT_3D('',#14188,#11545,#11546);
#9846=AXIS2_PLACEMENT_3D('',#14189,#11547,#11548);
#9847=AXIS2_PLACEMENT_3D('',#14190,#11549,#11550);
#9848=AXIS2_PLACEMENT_3D('',#14191,#11551,#11552);
#9849=AXIS2_PLACEMENT_3D('',#14192,#11553,#11554);
#9850=AXIS2_PLACEMENT_3D('',#14193,#11555,#11556);
#9851=AXIS2_PLACEMENT_3D('',#14194,#11557,#11558);
#9852=AXIS2_PLACEMENT_3D('',#14203,#11563,#11564);
#9853=AXIS2_PLACEMENT_3D('',#14209,#11568,#11569);
#9854=AXIS2_PLACEMENT_3D('',#14215,#11573,#11574);
#9855=AXIS2_PLACEMENT_3D('',#14218,#11577,#11578);
#9856=AXIS2_PLACEMENT_3D('',#14219,#11579,#11580);
#9857=AXIS2_PLACEMENT_3D('',#14221,#11581,#11582);
#9858=AXIS2_PLACEMENT_3D('',#14223,#11583,#11584);
#9859=AXIS2_PLACEMENT_3D('',#14224,#11585,#11586);
#9860=AXIS2_PLACEMENT_3D('',#14225,#11587,#11588);
#9861=AXIS2_PLACEMENT_3D('',#14227,#11589,#11590);
#9862=AXIS2_PLACEMENT_3D('',#14228,#11591,#11592);
#9863=AXIS2_PLACEMENT_3D('',#14229,#11593,#11594);
#9864=AXIS2_PLACEMENT_3D('',#14231,#11595,#11596);
#9865=AXIS2_PLACEMENT_3D('',#14232,#11597,#11598);
#9866=AXIS2_PLACEMENT_3D('',#14233,#11599,#11600);
#9867=AXIS2_PLACEMENT_3D('',#14242,#11605,#11606);
#9868=AXIS2_PLACEMENT_3D('',#14248,#11610,#11611);
#9869=AXIS2_PLACEMENT_3D('',#14249,#11612,#11613);
#9870=AXIS2_PLACEMENT_3D('',#14256,#11617,#11618);
#9871=AXIS2_PLACEMENT_3D('',#14259,#11621,#11622);
#9872=AXIS2_PLACEMENT_3D('',#14260,#11623,#11624);
#9873=AXIS2_PLACEMENT_3D('',#14262,#11625,#11626);
#9874=AXIS2_PLACEMENT_3D('',#14263,#11627,#11628);
#9875=AXIS2_PLACEMENT_3D('',#14265,#11629,#11630);
#9876=AXIS2_PLACEMENT_3D('',#14267,#11631,#11632);
#9877=AXIS2_PLACEMENT_3D('',#14269,#11633,#11634);
#9878=AXIS2_PLACEMENT_3D('',#14270,#11635,#11636);
#9879=AXIS2_PLACEMENT_3D('',#14272,#11637,#11638);
#9880=AXIS2_PLACEMENT_3D('',#14273,#11639,#11640);
#9881=AXIS2_PLACEMENT_3D('',#14275,#11641,#11642);
#9882=AXIS2_PLACEMENT_3D('',#14276,#11643,#11644);
#9883=AXIS2_PLACEMENT_3D('',#14277,#11645,#11646);
#9884=AXIS2_PLACEMENT_3D('',#14279,#11647,#11648);
#9885=AXIS2_PLACEMENT_3D('',#14280,#11649,#11650);
#9886=AXIS2_PLACEMENT_3D('',#14282,#11651,#11652);
#9887=AXIS2_PLACEMENT_3D('',#14283,#11653,#11654);
#9888=AXIS2_PLACEMENT_3D('',#14284,#11655,#11656);
#9889=AXIS2_PLACEMENT_3D('',#14285,#11657,#11658);
#9890=AXIS2_PLACEMENT_3D('',#14286,#11659,#11660);
#9891=AXIS2_PLACEMENT_3D('',#14287,#11661,#11662);
#9892=AXIS2_PLACEMENT_3D('',#14288,#11663,#11664);
#9893=AXIS2_PLACEMENT_3D('',#14289,#11665,#11666);
#9894=AXIS2_PLACEMENT_3D('',#14290,#11667,#11668);
#9895=AXIS2_PLACEMENT_3D('',#14291,#11669,#11670);
#9896=AXIS2_PLACEMENT_3D('',#14292,#11671,#11672);
#9897=AXIS2_PLACEMENT_3D('',#14293,#11673,#11674);
#9898=AXIS2_PLACEMENT_3D('',#14294,#11675,#11676);
#9899=AXIS2_PLACEMENT_3D('',#14295,#11677,#11678);
#9900=AXIS2_PLACEMENT_3D('',#14304,#11683,#11684);
#9901=AXIS2_PLACEMENT_3D('',#14310,#11688,#11689);
#9902=AXIS2_PLACEMENT_3D('',#14316,#11693,#11694);
#9903=AXIS2_PLACEMENT_3D('',#14325,#11699,#11700);
#9904=AXIS2_PLACEMENT_3D('',#14331,#11704,#11705);
#9905=AXIS2_PLACEMENT_3D('',#14337,#11709,#11710);
#9906=AXIS2_PLACEMENT_3D('',#14343,#11714,#11715);
#9907=AXIS2_PLACEMENT_3D('',#14349,#11719,#11720);
#9908=AXIS2_PLACEMENT_3D('',#14355,#11724,#11725);
#9909=AXIS2_PLACEMENT_3D('',#14361,#11729,#11730);
#9910=AXIS2_PLACEMENT_3D('',#14364,#11733,#11734);
#9911=AXIS2_PLACEMENT_3D('',#14367,#11737,#11738);
#9912=AXIS2_PLACEMENT_3D('',#14384,#11747,#11748);
#9913=AXIS2_PLACEMENT_3D('',#14386,#11749,#11750);
#9914=AXIS2_PLACEMENT_3D('',#14388,#11751,#11752);
#9915=AXIS2_PLACEMENT_3D('',#14390,#11753,#11754);
#9916=AXIS2_PLACEMENT_3D('',#14392,#11755,#11756);
#9917=AXIS2_PLACEMENT_3D('',#14394,#11757,#11758);
#9918=AXIS2_PLACEMENT_3D('',#14396,#11759,#11760);
#9919=AXIS2_PLACEMENT_3D('',#14397,#11761,#11762);
#9920=AXIS2_PLACEMENT_3D('',#14399,#11763,#11764);
#9921=AXIS2_PLACEMENT_3D('',#14401,#11765,#11766);
#9922=AXIS2_PLACEMENT_3D('',#14403,#11767,#11768);
#9923=AXIS2_PLACEMENT_3D('',#14405,#11769,#11770);
#9924=AXIS2_PLACEMENT_3D('',#14407,#11771,#11772);
#9925=AXIS2_PLACEMENT_3D('',#14409,#11773,#11774);
#9926=AXIS2_PLACEMENT_3D('',#14410,#11775,#11776);
#9927=AXIS2_PLACEMENT_3D('',#14412,#11777,#11778);
#9928=AXIS2_PLACEMENT_3D('',#14413,#11779,#11780);
#9929=AXIS2_PLACEMENT_3D('',#14415,#11781,#11782);
#9930=AXIS2_PLACEMENT_3D('',#14416,#11783,#11784);
#9931=AXIS2_PLACEMENT_3D('',#14417,#11785,#11786);
#9932=AXIS2_PLACEMENT_3D('',#14419,#11787,#11788);
#9933=AXIS2_PLACEMENT_3D('',#14420,#11789,#11790);
#9934=AXIS2_PLACEMENT_3D('',#14422,#11791,#11792);
#9935=AXIS2_PLACEMENT_3D('',#14423,#11793,#11794);
#9936=AXIS2_PLACEMENT_3D('',#14424,#11795,#11796);
#9937=AXIS2_PLACEMENT_3D('',#14426,#11797,#11798);
#9938=AXIS2_PLACEMENT_3D('',#14427,#11799,#11800);
#9939=AXIS2_PLACEMENT_3D('',#14429,#11801,#11802);
#9940=AXIS2_PLACEMENT_3D('',#14430,#11803,#11804);
#9941=AXIS2_PLACEMENT_3D('',#14431,#11805,#11806);
#9942=AXIS2_PLACEMENT_3D('',#14433,#11807,#11808);
#9943=AXIS2_PLACEMENT_3D('',#14434,#11809,#11810);
#9944=AXIS2_PLACEMENT_3D('',#14436,#11811,#11812);
#9945=AXIS2_PLACEMENT_3D('',#14437,#11813,#11814);
#9946=AXIS2_PLACEMENT_3D('',#14438,#11815,#11816);
#9947=AXIS2_PLACEMENT_3D('',#14440,#11817,#11818);
#9948=AXIS2_PLACEMENT_3D('',#14441,#11819,#11820);
#9949=AXIS2_PLACEMENT_3D('',#14443,#11821,#11822);
#9950=AXIS2_PLACEMENT_3D('',#14444,#11823,#11824);
#9951=AXIS2_PLACEMENT_3D('',#14445,#11825,#11826);
#9952=AXIS2_PLACEMENT_3D('',#14447,#11827,#11828);
#9953=AXIS2_PLACEMENT_3D('',#14448,#11829,#11830);
#9954=AXIS2_PLACEMENT_3D('',#14450,#11831,#11832);
#9955=AXIS2_PLACEMENT_3D('',#14451,#11833,#11834);
#9956=AXIS2_PLACEMENT_3D('',#14457,#11838,#11839);
#9957=AXIS2_PLACEMENT_3D('',#14461,#11842,#11843);
#9958=AXIS2_PLACEMENT_3D('',#14465,#11846,#11847);
#9959=AXIS2_PLACEMENT_3D('',#14467,#11849,#11850);
#9960=AXIS2_PLACEMENT_3D('',#14468,#11851,#11852);
#9961=AXIS2_PLACEMENT_3D('',#14474,#11856,#11857);
#9962=AXIS2_PLACEMENT_3D('',#14478,#11860,#11861);
#9963=AXIS2_PLACEMENT_3D('',#14482,#11864,#11865);
#9964=AXIS2_PLACEMENT_3D('',#14484,#11867,#11868);
#9965=AXIS2_PLACEMENT_3D('',#14485,#11869,#11870);
#9966=AXIS2_PLACEMENT_3D('',#14486,#11871,#11872);
#9967=AXIS2_PLACEMENT_3D('',#14487,#11873,#11874);
#9968=AXIS2_PLACEMENT_3D('',#14488,#11875,#11876);
#9969=AXIS2_PLACEMENT_3D('',#14497,#11881,#11882);
#9970=AXIS2_PLACEMENT_3D('',#14503,#11886,#11887);
#9971=AXIS2_PLACEMENT_3D('',#14509,#11891,#11892);
#9972=AXIS2_PLACEMENT_3D('',#14515,#11896,#11897);
#9973=AXIS2_PLACEMENT_3D('',#14521,#11901,#11902);
#9974=AXIS2_PLACEMENT_3D('',#14524,#11905,#11906);
#9975=AXIS2_PLACEMENT_3D('',#14525,#11907,#11908);
#9976=AXIS2_PLACEMENT_3D('',#14526,#11909,#11910);
#9977=AXIS2_PLACEMENT_3D('',#14527,#11911,#11912);
#9978=AXIS2_PLACEMENT_3D('',#14528,#11913,#11914);
#9979=AXIS2_PLACEMENT_3D('',#14529,#11915,#11916);
#9980=AXIS2_PLACEMENT_3D('',#14530,#11917,#11918);
#9981=AXIS2_PLACEMENT_3D('',#14531,#11919,#11920);
#9982=AXIS2_PLACEMENT_3D('',#14532,#11921,#11922);
#9983=AXIS2_PLACEMENT_3D('',#14533,#11923,#11924);
#9984=AXIS2_PLACEMENT_3D('',#14534,#11925,#11926);
#9985=AXIS2_PLACEMENT_3D('',#14535,#11927,#11928);
#9986=AXIS2_PLACEMENT_3D('',#14536,#11929,#11930);
#9987=AXIS2_PLACEMENT_3D('',#14537,#11931,#11932);
#9988=AXIS2_PLACEMENT_3D('',#14538,#11933,#11934);
#9989=AXIS2_PLACEMENT_3D('',#14539,#11935,#11936);
#9990=AXIS2_PLACEMENT_3D('',#14540,#11937,#11938);
#9991=AXIS2_PLACEMENT_3D('',#14541,#11939,#11940);
#9992=AXIS2_PLACEMENT_3D('',#14542,#11941,#11942);
#9993=AXIS2_PLACEMENT_3D('',#14543,#11943,#11944);
#9994=AXIS2_PLACEMENT_3D('',#14544,#11945,#11946);
#9995=AXIS2_PLACEMENT_3D('',#14545,#11947,#11948);
#9996=AXIS2_PLACEMENT_3D('',#14546,#11949,#11950);
#9997=AXIS2_PLACEMENT_3D('',#14595,#11975,#11976);
#9998=AXIS2_PLACEMENT_3D('',#14692,#12025,#12026);
#9999=AXIS2_PLACEMENT_3D('',#14711,#12037,#12038);
#10000=AXIS2_PLACEMENT_3D('',#14730,#12049,#12050);
#10001=AXIS2_PLACEMENT_3D('',#14731,#12051,#12052);
#10002=AXIS2_PLACEMENT_3D('',#14732,#12053,#12054);
#10003=AXIS2_PLACEMENT_3D('',#14738,#12058,#12059);
#10004=AXIS2_PLACEMENT_3D('',#14742,#12062,#12063);
#10005=AXIS2_PLACEMENT_3D('',#14746,#12066,#12067);
#10006=AXIS2_PLACEMENT_3D('',#14748,#12069,#12070);
#10007=AXIS2_PLACEMENT_3D('',#14749,#12071,#12072);
#10008=AXIS2_PLACEMENT_3D('',#14755,#12076,#12077);
#10009=AXIS2_PLACEMENT_3D('',#14759,#12080,#12081);
#10010=AXIS2_PLACEMENT_3D('',#14763,#12084,#12085);
#10011=AXIS2_PLACEMENT_3D('',#14765,#12087,#12088);
#10012=AXIS2_PLACEMENT_3D('',#14766,#12089,#12090);
#10013=AXIS2_PLACEMENT_3D('',#14772,#12094,#12095);
#10014=AXIS2_PLACEMENT_3D('',#14776,#12098,#12099);
#10015=AXIS2_PLACEMENT_3D('',#14780,#12102,#12103);
#10016=AXIS2_PLACEMENT_3D('',#14782,#12105,#12106);
#10017=AXIS2_PLACEMENT_3D('',#14783,#12107,#12108);
#10018=AXIS2_PLACEMENT_3D('',#14789,#12112,#12113);
#10019=AXIS2_PLACEMENT_3D('',#14793,#12116,#12117);
#10020=AXIS2_PLACEMENT_3D('',#14797,#12120,#12121);
#10021=AXIS2_PLACEMENT_3D('',#14799,#12123,#12124);
#10022=AXIS2_PLACEMENT_3D('',#14800,#12125,#12126);
#10023=AXIS2_PLACEMENT_3D('',#14806,#12130,#12131);
#10024=AXIS2_PLACEMENT_3D('',#14810,#12134,#12135);
#10025=AXIS2_PLACEMENT_3D('',#14814,#12138,#12139);
#10026=AXIS2_PLACEMENT_3D('',#14816,#12141,#12142);
#10027=AXIS2_PLACEMENT_3D('',#14817,#12143,#12144);
#10028=AXIS2_PLACEMENT_3D('',#14823,#12148,#12149);
#10029=AXIS2_PLACEMENT_3D('',#14827,#12152,#12153);
#10030=AXIS2_PLACEMENT_3D('',#14831,#12156,#12157);
#10031=AXIS2_PLACEMENT_3D('',#14833,#12159,#12160);
#10032=AXIS2_PLACEMENT_3D('',#14834,#12161,#12162);
#10033=AXIS2_PLACEMENT_3D('',#14843,#12167,#12168);
#10034=AXIS2_PLACEMENT_3D('',#14846,#12171,#12172);
#10035=AXIS2_PLACEMENT_3D('',#14849,#12175,#12176);
#10036=AXIS2_PLACEMENT_3D('',#14850,#12177,#12178);
#10037=AXIS2_PLACEMENT_3D('',#14859,#12183,#12184);
#10038=AXIS2_PLACEMENT_3D('',#14862,#12187,#12188);
#10039=AXIS2_PLACEMENT_3D('',#14865,#12191,#12192);
#10040=AXIS2_PLACEMENT_3D('',#14866,#12193,#12194);
#10041=AXIS2_PLACEMENT_3D('',#14867,#12195,#12196);
#10042=AXIS2_PLACEMENT_3D('',#14873,#12200,#12201);
#10043=AXIS2_PLACEMENT_3D('',#14877,#12204,#12205);
#10044=AXIS2_PLACEMENT_3D('',#14881,#12208,#12209);
#10045=AXIS2_PLACEMENT_3D('',#14883,#12211,#12212);
#10046=AXIS2_PLACEMENT_3D('',#14884,#12213,#12214);
#10047=AXIS2_PLACEMENT_3D('',#14890,#12218,#12219);
#10048=AXIS2_PLACEMENT_3D('',#14894,#12222,#12223);
#10049=AXIS2_PLACEMENT_3D('',#14898,#12226,#12227);
#10050=AXIS2_PLACEMENT_3D('',#14900,#12229,#12230);
#10051=AXIS2_PLACEMENT_3D('',#14901,#12231,#12232);
#10052=AXIS2_PLACEMENT_3D('',#14907,#12236,#12237);
#10053=AXIS2_PLACEMENT_3D('',#14911,#12240,#12241);
#10054=AXIS2_PLACEMENT_3D('',#14915,#12244,#12245);
#10055=AXIS2_PLACEMENT_3D('',#14917,#12247,#12248);
#10056=AXIS2_PLACEMENT_3D('',#14918,#12249,#12250);
#10057=AXIS2_PLACEMENT_3D('',#14924,#12254,#12255);
#10058=AXIS2_PLACEMENT_3D('',#14928,#12258,#12259);
#10059=AXIS2_PLACEMENT_3D('',#14932,#12262,#12263);
#10060=AXIS2_PLACEMENT_3D('',#14934,#12265,#12266);
#10061=AXIS2_PLACEMENT_3D('',#14935,#12267,#12268);
#10062=AXIS2_PLACEMENT_3D('',#14941,#12272,#12273);
#10063=AXIS2_PLACEMENT_3D('',#14945,#12276,#12277);
#10064=AXIS2_PLACEMENT_3D('',#14949,#12280,#12281);
#10065=AXIS2_PLACEMENT_3D('',#14951,#12283,#12284);
#10066=AXIS2_PLACEMENT_3D('',#14952,#12285,#12286);
#10067=AXIS2_PLACEMENT_3D('',#14958,#12290,#12291);
#10068=AXIS2_PLACEMENT_3D('',#14962,#12294,#12295);
#10069=AXIS2_PLACEMENT_3D('',#14966,#12298,#12299);
#10070=AXIS2_PLACEMENT_3D('',#14968,#12301,#12302);
#10071=AXIS2_PLACEMENT_3D('',#14969,#12303,#12304);
#10072=AXIS2_PLACEMENT_3D('',#14970,#12305,#12306);
#10073=AXIS2_PLACEMENT_3D('',#14976,#12310,#12311);
#10074=AXIS2_PLACEMENT_3D('',#14980,#12314,#12315);
#10075=AXIS2_PLACEMENT_3D('',#14984,#12318,#12319);
#10076=AXIS2_PLACEMENT_3D('',#14986,#12321,#12322);
#10077=AXIS2_PLACEMENT_3D('',#14987,#12323,#12324);
#10078=AXIS2_PLACEMENT_3D('',#14993,#12328,#12329);
#10079=AXIS2_PLACEMENT_3D('',#14997,#12332,#12333);
#10080=AXIS2_PLACEMENT_3D('',#15001,#12336,#12337);
#10081=AXIS2_PLACEMENT_3D('',#15003,#12339,#12340);
#10082=AXIS2_PLACEMENT_3D('',#15004,#12341,#12342);
#10083=AXIS2_PLACEMENT_3D('',#15010,#12346,#12347);
#10084=AXIS2_PLACEMENT_3D('',#15014,#12350,#12351);
#10085=AXIS2_PLACEMENT_3D('',#15018,#12354,#12355);
#10086=AXIS2_PLACEMENT_3D('',#15020,#12357,#12358);
#10087=AXIS2_PLACEMENT_3D('',#15021,#12359,#12360);
#10088=AXIS2_PLACEMENT_3D('',#15027,#12364,#12365);
#10089=AXIS2_PLACEMENT_3D('',#15031,#12368,#12369);
#10090=AXIS2_PLACEMENT_3D('',#15035,#12372,#12373);
#10091=AXIS2_PLACEMENT_3D('',#15037,#12375,#12376);
#10092=AXIS2_PLACEMENT_3D('',#15038,#12377,#12378);
#10093=AXIS2_PLACEMENT_3D('',#15044,#12382,#12383);
#10094=AXIS2_PLACEMENT_3D('',#15048,#12386,#12387);
#10095=AXIS2_PLACEMENT_3D('',#15052,#12390,#12391);
#10096=AXIS2_PLACEMENT_3D('',#15054,#12393,#12394);
#10097=AXIS2_PLACEMENT_3D('',#15055,#12395,#12396);
#10098=AXIS2_PLACEMENT_3D('',#15061,#12400,#12401);
#10099=AXIS2_PLACEMENT_3D('',#15065,#12404,#12405);
#10100=AXIS2_PLACEMENT_3D('',#15069,#12408,#12409);
#10101=AXIS2_PLACEMENT_3D('',#15071,#12411,#12412);
#10102=AXIS2_PLACEMENT_3D('',#15072,#12413,#12414);
#10103=AXIS2_PLACEMENT_3D('',#15073,#12415,#12416);
#10104=AXIS2_PLACEMENT_3D('',#15074,#12417,#12418);
#10105=AXIS2_PLACEMENT_3D('',#15075,#12419,#12420);
#10106=AXIS2_PLACEMENT_3D('',#15076,#12421,#12422);
#10107=AXIS2_PLACEMENT_3D('',#15077,#12423,#12424);
#10108=AXIS2_PLACEMENT_3D('',#15078,#12425,#12426);
#10109=AXIS2_PLACEMENT_3D('',#15079,#12427,#12428);
#10110=AXIS2_PLACEMENT_3D('',#15080,#12429,#12430);
#10111=AXIS2_PLACEMENT_3D('',#15081,#12431,#12432);
#10112=AXIS2_PLACEMENT_3D('',#15082,#12433,#12434);
#10113=AXIS2_PLACEMENT_3D('',#15083,#12435,#12436);
#10114=AXIS2_PLACEMENT_3D('',#15084,#12437,#12438);
#10115=AXIS2_PLACEMENT_3D('',#15085,#12439,#12440);
#10116=AXIS2_PLACEMENT_3D('',#15086,#12441,#12442);
#10117=AXIS2_PLACEMENT_3D('',#15087,#12443,#12444);
#10118=AXIS2_PLACEMENT_3D('',#15088,#12445,#12446);
#10119=AXIS2_PLACEMENT_3D('',#15089,#12447,#12448);
#10120=AXIS2_PLACEMENT_3D('',#15090,#12449,#12450);
#10121=AXIS2_PLACEMENT_3D('',#15091,#12451,#12452);
#10122=AXIS2_PLACEMENT_3D('',#15092,#12453,#12454);
#10123=AXIS2_PLACEMENT_3D('',#15093,#12455,#12456);
#10124=AXIS2_PLACEMENT_3D('',#15094,#12457,#12458);
#10125=AXIS2_PLACEMENT_3D('',#15095,#12459,#12460);
#10126=AXIS2_PLACEMENT_3D('',#15109,#12467,#12468);
#10127=AXIS2_PLACEMENT_3D('',#15110,#12469,#12470);
#10128=AXIS2_PLACEMENT_3D('',#15124,#12477,#12478);
#10129=AXIS2_PLACEMENT_3D('',#15125,#12479,#12480);
#10130=AXIS2_PLACEMENT_3D('',#15139,#12487,#12488);
#10131=AXIS2_PLACEMENT_3D('',#15140,#12489,#12490);
#10132=AXIS2_PLACEMENT_3D('',#15154,#12497,#12498);
#10133=AXIS2_PLACEMENT_3D('',#15157,#12501,#12502);
#10134=AXIS2_PLACEMENT_3D('',#15160,#12505,#12506);
#10135=AXIS2_PLACEMENT_3D('',#15165,#12511,#12512);
#10136=AXIS2_PLACEMENT_3D('',#15166,#12513,#12514);
#10137=AXIS2_PLACEMENT_3D('',#15168,#12516,#12517);
#10138=AXIS2_PLACEMENT_3D('',#15169,#12518,#12519);
#10139=AXIS2_PLACEMENT_3D('',#15170,#12520,#12521);
#10140=AXIS2_PLACEMENT_3D('',#15172,#12523,#12524);
#10141=AXIS2_PLACEMENT_3D('',#15173,#12525,#12526);
#10142=AXIS2_PLACEMENT_3D('',#15175,#12528,#12529);
#10143=AXIS2_PLACEMENT_3D('',#15177,#12531,#12532);
#10144=AXIS2_PLACEMENT_3D('',#15178,#12533,#12534);
#10145=AXIS2_PLACEMENT_3D('',#15179,#12535,#12536);
#10146=AXIS2_PLACEMENT_3D('',#15180,#12537,#12538);
#10147=AXIS2_PLACEMENT_3D('',#15181,#12539,#12540);
#10148=AXIS2_PLACEMENT_3D('',#15182,#12541,#12542);
#10149=AXIS2_PLACEMENT_3D('',#15183,#12543,#12544);
#10150=AXIS2_PLACEMENT_3D('',#15184,#12545,#12546);
#10151=AXIS2_PLACEMENT_3D('',#15185,#12547,#12548);
#10152=AXIS2_PLACEMENT_3D('',#15186,#12549,#12550);
#10153=AXIS2_PLACEMENT_3D('',#15187,#12551,#12552);
#10154=AXIS2_PLACEMENT_3D('',#15188,#12553,#12554);
#10155=AXIS2_PLACEMENT_3D('',#15189,#12555,#12556);
#10156=AXIS2_PLACEMENT_3D('',#15190,#12557,#12558);
#10157=AXIS2_PLACEMENT_3D('',#15191,#12559,#12560);
#10158=AXIS2_PLACEMENT_3D('',#15192,#12561,#12562);
#10159=AXIS2_PLACEMENT_3D('',#15193,#12563,#12564);
#10160=AXIS2_PLACEMENT_3D('',#15194,#12565,#12566);
#10161=AXIS2_PLACEMENT_3D('',#15195,#12567,#12568);
#10162=AXIS2_PLACEMENT_3D('',#15196,#12569,#12570);
#10163=AXIS2_PLACEMENT_3D('',#15197,#12571,#12572);
#10164=AXIS2_PLACEMENT_3D('',#15198,#12573,#12574);
#10165=AXIS2_PLACEMENT_3D('',#15199,#12575,#12576);
#10166=AXIS2_PLACEMENT_3D('',#15200,#12577,#12578);
#10167=AXIS2_PLACEMENT_3D('',#15201,#12579,#12580);
#10168=AXIS2_PLACEMENT_3D('',#15202,#12581,#12582);
#10169=AXIS2_PLACEMENT_3D('',#15203,#12583,#12584);
#10170=AXIS2_PLACEMENT_3D('',#15204,#12585,#12586);
#10171=AXIS2_PLACEMENT_3D('',#15205,#12587,#12588);
#10172=AXIS2_PLACEMENT_3D('',#15206,#12589,#12590);
#10173=AXIS2_PLACEMENT_3D('',#15207,#12591,#12592);
#10174=AXIS2_PLACEMENT_3D('',#15208,#12593,#12594);
#10175=AXIS2_PLACEMENT_3D('',#15209,#12595,#12596);
#10176=AXIS2_PLACEMENT_3D('',#15210,#12597,#12598);
#10177=AXIS2_PLACEMENT_3D('',#15211,#12599,#12600);
#10178=AXIS2_PLACEMENT_3D('',#15212,#12601,#12602);
#10179=AXIS2_PLACEMENT_3D('',#15213,#12603,#12604);
#10180=AXIS2_PLACEMENT_3D('',#15214,#12605,#12606);
#10181=AXIS2_PLACEMENT_3D('',#15215,#12607,#12608);
#10182=AXIS2_PLACEMENT_3D('',#15216,#12609,#12610);
#10183=AXIS2_PLACEMENT_3D('',#15217,#12611,#12612);
#10184=AXIS2_PLACEMENT_3D('',#15218,#12613,#12614);
#10185=AXIS2_PLACEMENT_3D('',#15219,#12615,#12616);
#10186=AXIS2_PLACEMENT_3D('',#15220,#12617,#12618);
#10187=AXIS2_PLACEMENT_3D('',#15221,#12619,#12620);
#10188=AXIS2_PLACEMENT_3D('',#15222,#12621,#12622);
#10189=AXIS2_PLACEMENT_3D('',#15224,#12623,#12624);
#10190=AXIS2_PLACEMENT_3D('',#15226,#12625,#12626);
#10191=AXIS2_PLACEMENT_3D('',#15235,#12631,#12632);
#10192=AXIS2_PLACEMENT_3D('',#15241,#12636,#12637);
#10193=AXIS2_PLACEMENT_3D('',#15247,#12641,#12642);
#10194=AXIS2_PLACEMENT_3D('',#15250,#12645,#12646);
#10195=AXIS2_PLACEMENT_3D('',#15251,#12647,#12648);
#10196=AXIS2_PLACEMENT_3D('',#15253,#12649,#12650);
#10197=AXIS2_PLACEMENT_3D('',#15254,#12651,#12652);
#10198=AXIS2_PLACEMENT_3D('',#15255,#12653,#12654);
#10199=AXIS2_PLACEMENT_3D('',#15276,#12655,#12656);
#10200=AXIS2_PLACEMENT_3D('',#15277,#12657,#12658);
#10201=AXIS2_PLACEMENT_3D('',#15278,#12659,#12660);
#10202=AXIS2_PLACEMENT_3D('',#15279,#12661,#12662);
#10203=AXIS2_PLACEMENT_3D('',#15280,#12663,#12664);
#10204=AXIS2_PLACEMENT_3D('',#15281,#12665,#12666);
#10205=AXIS2_PLACEMENT_3D('',#15282,#12667,#12668);
#10206=AXIS2_PLACEMENT_3D('',#15283,#12669,#12670);
#10207=AXIS2_PLACEMENT_3D('',#15284,#12671,#12672);
#10208=AXIS2_PLACEMENT_3D('',#15285,#12673,#12674);
#10209=AXIS2_PLACEMENT_3D('',#15286,#12675,#12676);
#10210=AXIS2_PLACEMENT_3D('',#15287,#12677,#12678);
#10211=AXIS2_PLACEMENT_3D('',#15288,#12679,#12680);
#10212=AXIS2_PLACEMENT_3D('',#15289,#12681,#12682);
#10213=AXIS2_PLACEMENT_3D('',#15290,#12683,#12684);
#10214=AXIS2_PLACEMENT_3D('',#15291,#12685,#12686);
#10215=AXIS2_PLACEMENT_3D('',#15292,#12687,#12688);
#10216=AXIS2_PLACEMENT_3D('',#15293,#12689,#12690);
#10217=AXIS2_PLACEMENT_3D('',#15294,#12691,#12692);
#10218=AXIS2_PLACEMENT_3D('',#15295,#12693,#12694);
#10219=AXIS2_PLACEMENT_3D('',#15296,#12695,#12696);
#10220=AXIS2_PLACEMENT_3D('',#15297,#12697,#12698);
#10221=AXIS2_PLACEMENT_3D('',#15298,#12699,#12700);
#10222=AXIS2_PLACEMENT_3D('',#15299,#12701,#12702);
#10223=AXIS2_PLACEMENT_3D('',#15300,#12703,#12704);
#10224=AXIS2_PLACEMENT_3D('',#15301,#12705,#12706);
#10225=AXIS2_PLACEMENT_3D('',#15302,#12707,#12708);
#10226=AXIS2_PLACEMENT_3D('',#15303,#12709,#12710);
#10227=AXIS2_PLACEMENT_3D('',#15304,#12711,#12712);
#10228=AXIS2_PLACEMENT_3D('',#15305,#12713,#12714);
#10229=AXIS2_PLACEMENT_3D('',#15306,#12715,#12716);
#10230=AXIS2_PLACEMENT_3D('',#15307,#12717,#12718);
#10231=AXIS2_PLACEMENT_3D('',#15308,#12719,#12720);
#10232=AXIS2_PLACEMENT_3D('',#15309,#12721,#12722);
#10233=AXIS2_PLACEMENT_3D('',#15310,#12723,#12724);
#10234=AXIS2_PLACEMENT_3D('',#15311,#12725,#12726);
#10235=AXIS2_PLACEMENT_3D('',#15312,#12727,#12728);
#10236=AXIS2_PLACEMENT_3D('',#15313,#12729,#12730);
#10237=AXIS2_PLACEMENT_3D('',#15314,#12731,#12732);
#10238=AXIS2_PLACEMENT_3D('',#15315,#12733,#12734);
#10239=AXIS2_PLACEMENT_3D('',#15316,#12735,#12736);
#10240=AXIS2_PLACEMENT_3D('',#15317,#12737,#12738);
#10241=AXIS2_PLACEMENT_3D('',#15318,#12739,#12740);
#10242=AXIS2_PLACEMENT_3D('',#15319,#12741,#12742);
#10243=AXIS2_PLACEMENT_3D('',#15320,#12743,#12744);
#10244=AXIS2_PLACEMENT_3D('',#15321,#12745,#12746);
#10245=AXIS2_PLACEMENT_3D('',#15322,#12747,#12748);
#10246=AXIS2_PLACEMENT_3D('',#15323,#12749,#12750);
#10247=AXIS2_PLACEMENT_3D('',#15324,#12751,#12752);
#10248=AXIS2_PLACEMENT_3D('',#15341,#12761,#12762);
#10249=AXIS2_PLACEMENT_3D('',#15354,#12769,#12770);
#10250=AXIS2_PLACEMENT_3D('',#15367,#12777,#12778);
#10251=AXIS2_PLACEMENT_3D('',#15382,#12787,#12788);
#10252=AXIS2_PLACEMENT_3D('',#15388,#12792,#12793);
#10253=AXIS2_PLACEMENT_3D('',#15389,#12794,#12795);
#10254=AXIS2_PLACEMENT_3D('',#15392,#12797,#12798);
#10255=AXIS2_PLACEMENT_3D('',#15393,#12799,#12800);
#10256=AXIS2_PLACEMENT_3D('',#15396,#12802,#12803);
#10257=AXIS2_PLACEMENT_3D('',#15397,#12804,#12805);
#10258=AXIS2_PLACEMENT_3D('',#15404,#12810,#12811);
#10259=AXIS2_PLACEMENT_3D('',#15405,#12812,#12813);
#10260=AXIS2_PLACEMENT_3D('',#15408,#12816,#12817);
#10261=AXIS2_PLACEMENT_3D('',#15410,#12819,#12820);
#10262=AXIS2_PLACEMENT_3D('',#15411,#12821,#12822);
#10263=AXIS2_PLACEMENT_3D('',#15412,#12823,#12824);
#10264=AXIS2_PLACEMENT_3D('',#15413,#12825,#12826);
#10265=AXIS2_PLACEMENT_3D('',#15414,#12827,#12828);
#10266=AXIS2_PLACEMENT_3D('',#15415,#12829,#12830);
#10267=AXIS2_PLACEMENT_3D('',#15416,#12831,#12832);
#10268=AXIS2_PLACEMENT_3D('',#15417,#12833,#12834);
#10269=AXIS2_PLACEMENT_3D('',#15419,#12836,#12837);
#10270=AXIS2_PLACEMENT_3D('',#15420,#12838,#12839);
#10271=AXIS2_PLACEMENT_3D('',#15421,#12840,#12841);
#10272=AXIS2_PLACEMENT_3D('',#15422,#12842,#12843);
#10273=AXIS2_PLACEMENT_3D('',#15423,#12844,#12845);
#10274=AXIS2_PLACEMENT_3D('',#15424,#12846,#12847);
#10275=AXIS2_PLACEMENT_3D('',#15425,#12848,#12849);
#10276=AXIS2_PLACEMENT_3D('',#15426,#12850,#12851);
#10277=AXIS2_PLACEMENT_3D('',#15427,#12852,#12853);
#10278=AXIS2_PLACEMENT_3D('',#15428,#12854,#12855);
#10279=DIRECTION('',(0.,0.,1.));
#10280=DIRECTION('',(1.,0.,0.));
#10281=DIRECTION('',(0.,1.,0.));
#10282=DIRECTION('',(0.,0.,1.));
#10283=DIRECTION('',(0.,-1.,0.));
#10284=DIRECTION('',(0.,0.,-1.));
#10285=DIRECTION('',(0.,-1.,0.));
#10286=DIRECTION('',(0.,0.,-1.));
#10287=DIRECTION('',(0.,-1.,0.));
#10288=DIRECTION('',(0.,0.,-1.));
#10289=DIRECTION('',(0.,-1.,0.));
#10290=DIRECTION('',(0.,0.,-1.));
#10291=DIRECTION('',(0.,-1.,0.));
#10292=DIRECTION('',(0.,0.,-1.));
#10293=DIRECTION('',(0.,0.,1.));
#10294=DIRECTION('',(0.,-1.,0.));
#10295=DIRECTION('',(0.,0.,-1.));
#10296=DIRECTION('',(0.,-1.,0.));
#10297=DIRECTION('',(0.,0.,-1.));
#10298=DIRECTION('',(0.,0.,1.));
#10299=DIRECTION('',(0.,-1.,0.));
#10300=DIRECTION('',(0.,0.,-1.));
#10301=DIRECTION('',(0.,-1.,0.));
#10302=DIRECTION('',(1.,0.,0.));
#10303=DIRECTION('',(0.,0.,-1.));
#10304=DIRECTION('',(1.,0.,0.));
#10305=DIRECTION('',(0.,-1.,0.));
#10306=DIRECTION('',(1.,0.,0.));
#10307=DIRECTION('',(1.,0.,0.));
#10308=DIRECTION('',(0.,0.,-1.));
#10309=DIRECTION('',(0.,-1.,0.));
#10310=DIRECTION('',(1.,0.,0.));
#10311=DIRECTION('',(0.,0.,-1.));
#10312=DIRECTION('',(1.,0.,0.));
#10313=DIRECTION('',(0.,-1.,0.));
#10314=DIRECTION('',(1.,0.,0.));
#10315=DIRECTION('',(1.,0.,0.));
#10316=DIRECTION('',(0.,0.,-1.));
#10317=DIRECTION('',(0.,0.,1.));
#10318=DIRECTION('',(1.,0.,0.));
#10319=DIRECTION('',(0.,1.,0.));
#10320=DIRECTION('',(1.,0.,0.));
#10321=DIRECTION('',(0.,1.,0.));
#10322=DIRECTION('',(1.,0.,0.));
#10323=DIRECTION('',(0.,0.,-1.));
#10324=DIRECTION('',(0.,1.,0.));
#10325=DIRECTION('',(0.,0.,-1.));
#10326=DIRECTION('',(0.,0.,1.));
#10327=DIRECTION('',(1.,0.,0.));
#10328=DIRECTION('',(0.,1.,0.));
#10329=DIRECTION('',(1.,0.,0.));
#10330=DIRECTION('',(1.,0.,0.));
#10331=DIRECTION('',(0.,0.,-1.));
#10332=DIRECTION('',(0.,0.,-1.));
#10333=DIRECTION('',(0.,-1.,0.));
#10334=DIRECTION('',(1.,0.,0.));
#10335=DIRECTION('',(0.,1.,0.));
#10336=DIRECTION('',(-1.,0.,0.));
#10337=DIRECTION('',(1.,0.,0.));
#10338=DIRECTION('',(0.,0.,1.));
#10339=DIRECTION('',(0.,1.,0.));
#10340=DIRECTION('',(-1.,0.,0.));
#10341=DIRECTION('',(0.,0.,1.));
#10342=DIRECTION('',(1.,0.,0.));
#10343=DIRECTION('',(0.,1.,0.));
#10344=DIRECTION('',(-1.,0.,0.));
#10345=DIRECTION('',(1.,0.,0.));
#10346=DIRECTION('',(0.,0.,1.));
#10347=DIRECTION('',(0.,0.,-1.));
#10348=DIRECTION('',(-1.,0.,0.));
#10349=DIRECTION('',(1.,0.,0.));
#10350=DIRECTION('',(0.,-1.,0.));
#10351=DIRECTION('',(1.,0.,0.));
#10352=DIRECTION('',(0.,-1.,0.));
#10353=DIRECTION('',(1.,0.,0.));
#10354=DIRECTION('',(0.,0.,-1.));
#10355=DIRECTION('',(0.,0.,1.));
#10356=DIRECTION('',(0.,-1.,0.));
#10357=DIRECTION('',(0.,0.,1.));
#10358=DIRECTION('',(0.,0.,-1.));
#10359=DIRECTION('',(-1.,0.,0.));
#10360=DIRECTION('',(0.,-1.,0.));
#10361=DIRECTION('',(1.,0.,0.));
#10362=DIRECTION('',(1.,0.,0.));
#10363=DIRECTION('',(0.,0.,-1.));
#10364=DIRECTION('',(0.,0.,1.));
#10365=DIRECTION('',(0.,1.,0.));
#10366=DIRECTION('',(-1.,0.,0.));
#10367=DIRECTION('',(0.,1.,0.));
#10368=DIRECTION('',(-1.,0.,0.));
#10369=DIRECTION('',(0.250843021877584,-1.27196305820599E-8,0.968027777687873));
#10370=DIRECTION('',(0.968027777687873,2.03803937357643E-9,-0.250843021877584));
#10371=DIRECTION('',(-0.250843021877585,1.27196235009713E-8,-0.968027777687873));
#10372=DIRECTION('',(0.968027777687873,2.03802762931114E-9,-0.250843021877585));
#10373=DIRECTION('',(0.,1.,0.));
#10374=DIRECTION('',(0.,0.,1.));
#10375=DIRECTION('',(1.,0.,0.));
#10376=DIRECTION('',(0.,0.,-1.));
#10377=DIRECTION('',(1.,0.,0.));
#10378=DIRECTION('',(0.,0.,-1.));
#10379=DIRECTION('',(1.,0.,0.));
#10380=DIRECTION('',(0.,0.,-1.));
#10381=DIRECTION('',(0.,-1.,0.));
#10382=DIRECTION('',(0.,0.,-1.));
#10383=DIRECTION('',(0.,-1.,0.));
#10384=DIRECTION('',(0.,1.,0.));
#10385=DIRECTION('',(0.,0.,1.));
#10386=DIRECTION('',(1.,0.,0.));
#10387=DIRECTION('',(0.,0.,-1.));
#10388=DIRECTION('',(1.,0.,0.));
#10389=DIRECTION('',(1.,0.,0.));
#10390=DIRECTION('',(0.,0.,-1.));
#10391=DIRECTION('',(0.,-1.,0.));
#10392=DIRECTION('',(0.,-1.,0.));
#10393=DIRECTION('',(0.,0.,1.));
#10394=DIRECTION('',(1.,0.,0.));
#10395=DIRECTION('',(0.,0.,1.));
#10396=DIRECTION('',(1.,0.,0.));
#10397=DIRECTION('',(-0.250843021877585,1.27196235636733E-8,-0.968027777687873));
#10398=DIRECTION('',(-0.968027777687873,-2.03803602154799E-9,0.250843021877585));
#10399=DIRECTION('',(-1.21775143246948E-9,-1.,-1.28241820818757E-8));
#10400=DIRECTION('',(0.968027777687873,2.03803937357643E-9,-0.250843021877584));
#10401=DIRECTION('',(-0.968027777687873,-2.03802737205278E-9,0.250843021877585));
#10402=DIRECTION('',(-0.250843021877585,1.27196237273347E-8,-0.968027777687873));
#10403=DIRECTION('',(1.21775331540819E-9,1.,1.28241759852682E-8));
#10404=DIRECTION('',(-0.250843021877585,1.27196235012358E-8,-0.968027777687873));
#10405=DIRECTION('',(0.,1.,0.));
#10406=DIRECTION('',(0.,0.,1.));
#10407=DIRECTION('',(0.,-1.,0.));
#10408=DIRECTION('',(0.,0.,-1.));
#10409=DIRECTION('',(0.,-1.,0.));
#10410=DIRECTION('',(0.,0.,-1.));
#10411=DIRECTION('',(0.,0.,1.));
#10412=DIRECTION('',(1.,0.,0.));
#10413=DIRECTION('',(1.,0.,0.));
#10414=DIRECTION('',(0.,1.,0.));
#10415=DIRECTION('',(1.,0.,0.));
#10416=DIRECTION('',(0.,1.,0.));
#10417=DIRECTION('',(1.,0.,0.));
#10418=DIRECTION('',(0.,0.,-1.));
#10419=DIRECTION('',(0.,0.,-1.));
#10420=DIRECTION('',(0.,1.,0.));
#10421=DIRECTION('',(0.,0.,-1.));
#10422=DIRECTION('',(0.,0.,1.));
#10423=DIRECTION('',(1.,0.,0.));
#10424=DIRECTION('',(1.,0.,0.));
#10425=DIRECTION('',(0.,1.,0.));
#10426=DIRECTION('',(1.,0.,0.));
#10427=DIRECTION('',(1.,0.,0.));
#10428=DIRECTION('',(0.,0.,-1.));
#10429=DIRECTION('',(0.,0.,-1.));
#10430=DIRECTION('',(0.,0.,-1.));
#10431=DIRECTION('',(0.,-1.,0.));
#10432=DIRECTION('',(1.,0.,0.));
#10433=DIRECTION('',(0.,-1.,0.));
#10434=DIRECTION('',(1.,0.,0.));
#10435=DIRECTION('',(1.,0.,0.));
#10436=DIRECTION('',(0.,0.,-1.));
#10437=DIRECTION('',(0.,0.,1.));
#10438=DIRECTION('',(0.,-1.,0.));
#10439=DIRECTION('',(0.,0.,1.));
#10440=DIRECTION('',(0.,-1.,0.));
#10441=DIRECTION('',(0.,0.,1.));
#10442=DIRECTION('',(1.,0.,0.));
#10443=DIRECTION('',(-1.,0.,0.));
#10444=DIRECTION('',(0.,-1.,0.));
#10445=DIRECTION('',(-1.,0.,0.));
#10446=DIRECTION('',(1.,0.,0.));
#10447=DIRECTION('',(0.,0.,-1.));
#10448=DIRECTION('',(0.,0.,1.));
#10449=DIRECTION('',(0.,-1.,0.));
#10450=DIRECTION('',(0.,0.,1.));
#10451=DIRECTION('',(0.,0.,1.));
#10452=DIRECTION('',(1.,0.,0.));
#10453=DIRECTION('',(-1.,0.,0.));
#10454=DIRECTION('',(-1.,0.,0.));
#10455=DIRECTION('',(0.,1.,0.));
#10456=DIRECTION('',(-1.,0.,0.));
#10457=DIRECTION('',(0.,1.,0.));
#10458=DIRECTION('',(-1.,0.,0.));
#10459=DIRECTION('',(1.21775333996422E-9,1.,1.28241760800323E-8));
#10460=DIRECTION('',(-0.250843021877585,1.27196235991298E-8,-0.968027777687873));
#10461=DIRECTION('',(1.21772990801484E-9,1.,1.28241904775221E-8));
#10462=DIRECTION('',(-0.250843021877587,1.27196316585588E-8,-0.968027777687872));
#10463=DIRECTION('',(1.21775731864819E-9,1.,1.28241851679968E-8));
#10464=DIRECTION('',(0.250843021877582,-1.2719633394557E-8,0.968027777687874));
#10465=DIRECTION('',(-1.21774746985897E-9,-1.,-1.28241770243067E-8));
#10466=DIRECTION('',(0.968027777687873,2.03804194083757E-9,-0.250843021877584));
#10467=DIRECTION('',(1.21774746985898E-9,1.,1.28241770243067E-8));
#10468=DIRECTION('',(0.968027777687873,2.03804194083757E-9,-0.250843021877584));
#10469=DIRECTION('',(-0.250843021877573,1.27196294820294E-8,-0.968027777687876));
#10470=DIRECTION('',(0.968027777687876,2.03804245879881E-9,-0.250843021877573));
#10471=DIRECTION('',(0.250843021877591,-1.27196321522805E-8,0.968027777687871));
#10472=DIRECTION('',(-1.21775619061127E-9,-1.,-1.28241841769961E-8));
#10473=DIRECTION('',(1.21775705282222E-9,1.,1.28241841184841E-8));
#10474=DIRECTION('',(0.25084302187761,-1.27196323119189E-8,0.968027777687866));
#10475=DIRECTION('',(1.21775797198158E-9,1.,1.28241803355476E-8));
#10476=DIRECTION('',(0.968027777687873,2.03803260509283E-9,-0.250843021877584));
#10477=DIRECTION('',(-0.250843021877585,1.27196234973549E-8,-0.968027777687873));
#10478=DIRECTION('',(0.968027777687873,2.03802762598472E-9,-0.250843021877585));
#10479=DIRECTION('',(1.21774755532527E-9,1.,1.282417700216E-8));
#10480=DIRECTION('',(0.250843021877593,-1.27196230407387E-8,0.968027777687871));
#10481=DIRECTION('',(-1.21775705282223E-9,-1.,-1.28241841184842E-8));
#10482=DIRECTION('',(0.25084302187761,-1.27196323119189E-8,0.968027777687866));
#10483=DIRECTION('',(0.,0.,-1.));
#10484=DIRECTION('',(-1.,0.,0.));
#10485=DIRECTION('',(0.,0.,1.));
#10486=DIRECTION('',(1.,0.,0.));
#10487=DIRECTION('',(0.,0.,1.));
#10488=DIRECTION('',(1.,0.,0.));
#10489=DIRECTION('',(0.,0.,1.));
#10490=DIRECTION('',(1.,0.,0.));
#10491=DIRECTION('',(0.,0.,1.));
#10492=DIRECTION('',(1.,0.,0.));
#10493=DIRECTION('',(0.273560642411734,-1.26681239759222E-8,0.961854757706838));
#10494=DIRECTION('',(-0.961854757706838,-2.33688935302731E-9,0.273560642411734));
#10495=DIRECTION('',(0.968027777687872,2.03806079784525E-9,-0.250843021877587));
#10496=DIRECTION('',(0.250843021877587,-1.27196222117515E-8,0.968027777687872));
#10497=DIRECTION('',(-1.21775370125338E-9,-1.,-1.28241759781991E-8));
#10498=DIRECTION('',(0.968027777687872,2.03803564626593E-9,-0.250843021877586));
#10499=DIRECTION('',(-1.21776148222306E-9,-1.,-1.28241738032809E-8));
#10500=DIRECTION('',(0.968027777687872,2.03802756850811E-9,-0.250843021877589));
#10501=DIRECTION('',(0.250843021877592,-1.2719624607063E-8,0.968027777687871));
#10502=DIRECTION('',(1.21774846169848E-9,1.,1.28241783853506E-8));
#10503=DIRECTION('',(0.968027777687873,2.03804201824932E-9,-0.250843021877585));
#10504=DIRECTION('',(-0.250843021877585,1.27196230706306E-8,-0.968027777687873));
#10505=DIRECTION('',(0.968027777687866,2.03803577776846E-9,-0.250843021877609));
#10506=DIRECTION('',(0.250843021877609,-1.2719632311919E-8,0.968027777687866));
#10507=DIRECTION('',(1.21774689280354E-9,1.,1.28241777415576E-8));
#10508=DIRECTION('',(-0.250843021877585,1.27196235903071E-8,-0.968027777687873));
#10509=DIRECTION('',(-0.968027777687872,-2.03806081259037E-9,0.250843021877587));
#10510=DIRECTION('',(0.250843021877587,-1.27196222117515E-8,0.968027777687872));
#10511=DIRECTION('',(0.,1.,0.));
#10512=DIRECTION('',(0.,0.,1.));
#10513=DIRECTION('',(1.,0.,0.));
#10514=DIRECTION('',(0.,0.,-1.));
#10515=DIRECTION('',(1.,0.,0.));
#10516=DIRECTION('',(0.,0.,-1.));
#10517=DIRECTION('',(1.,0.,0.));
#10518=DIRECTION('',(0.,0.,-1.));
#10519=DIRECTION('',(0.,-1.,0.));
#10520=DIRECTION('',(0.,0.,-1.));
#10521=DIRECTION('',(0.,-1.,0.));
#10522=DIRECTION('',(0.,1.,0.));
#10523=DIRECTION('',(0.,0.,1.));
#10524=DIRECTION('',(1.,0.,0.));
#10525=DIRECTION('',(0.,0.,-1.));
#10526=DIRECTION('',(1.,0.,0.));
#10527=DIRECTION('',(1.,0.,0.));
#10528=DIRECTION('',(0.,0.,-1.));
#10529=DIRECTION('',(0.,-1.,0.));
#10530=DIRECTION('',(0.,-1.,0.));
#10531=DIRECTION('',(0.,0.,1.));
#10532=DIRECTION('',(1.,0.,0.));
#10533=DIRECTION('',(0.,0.,1.));
#10534=DIRECTION('',(1.,0.,0.));
#10535=DIRECTION('',(0.263125608758373,0.961854757706838,-0.0748354133566145));
#10536=DIRECTION('',(0.925164573975256,-0.273560642411732,-0.263125608758371));
#10537=DIRECTION('',(0.968027777687872,2.03803596262806E-9,-0.250843021877586));
#10538=DIRECTION('',(1.21775302837962E-9,1.,1.28241746427091E-8));
#10539=DIRECTION('',(0.968027777687872,2.03806078483494E-9,-0.250843021877587));
#10540=DIRECTION('',(-1.21773131847421E-9,-1.,-1.28241898172009E-8));
#10541=DIRECTION('',(0.968027777687873,2.03804183768147E-9,-0.250843021877584));
#10542=DIRECTION('',(-1.21774759754473E-9,-1.,-1.28241771058209E-8));
#10543=DIRECTION('',(1.21774685014073E-9,1.,1.28241777526127E-8));
#10544=DIRECTION('',(-0.250843021877573,1.27196235903072E-8,-0.968027777687876));
#10545=DIRECTION('',(0.250843021877585,-1.27196235991297E-8,0.968027777687873));
#10546=DIRECTION('',(0.968027777687873,2.03802954170786E-9,-0.250843021877585));
#10547=DIRECTION('',(0.,1.,0.));
#10548=DIRECTION('',(0.,0.,1.));
#10549=DIRECTION('',(1.,0.,0.));
#10550=DIRECTION('',(0.,0.,-1.));
#10551=DIRECTION('',(1.,0.,0.));
#10552=DIRECTION('',(0.,0.,-1.));
#10553=DIRECTION('',(1.,0.,0.));
#10554=DIRECTION('',(0.,0.,-1.));
#10555=DIRECTION('',(1.,0.,0.));
#10556=DIRECTION('',(0.,0.,-1.));
#10557=DIRECTION('',(1.,0.,0.));
#10558=DIRECTION('',(0.,0.,-1.));
#10559=DIRECTION('',(1.,0.,0.));
#10560=DIRECTION('',(0.,0.,-1.));
#10561=DIRECTION('',(0.,-1.,0.));
#10562=DIRECTION('',(0.,0.,-1.));
#10563=DIRECTION('',(1.,0.,0.));
#10564=DIRECTION('',(0.,0.,1.));
#10565=DIRECTION('',(1.,0.,0.));
#10566=DIRECTION('',(0.,0.,1.));
#10567=DIRECTION('',(-1.,0.,0.));
#10568=DIRECTION('',(0.,0.,1.));
#10569=DIRECTION('',(-1.,0.,0.));
#10570=DIRECTION('',(0.,0.,1.));
#10571=DIRECTION('',(-1.,0.,0.));
#10572=DIRECTION('',(0.,0.,1.));
#10573=DIRECTION('',(-1.,0.,0.));
#10574=DIRECTION('',(0.,0.,1.));
#10575=DIRECTION('',(0.,1.,0.));
#10576=DIRECTION('',(0.,0.,1.));
#10577=DIRECTION('',(1.,0.,0.));
#10578=DIRECTION('',(0.,0.,-1.));
#10579=DIRECTION('',(1.,0.,0.));
#10580=DIRECTION('',(0.,0.,-1.));
#10581=DIRECTION('',(0.,0.,-1.));
#10582=DIRECTION('',(1.,0.,0.));
#10583=DIRECTION('',(0.,0.,-1.));
#10584=DIRECTION('',(1.,0.,0.));
#10585=DIRECTION('',(1.,0.,0.));
#10586=DIRECTION('',(0.,0.,1.));
#10587=DIRECTION('',(1.,0.,0.));
#10588=DIRECTION('',(0.,0.,1.));
#10589=DIRECTION('',(0.,0.,1.));
#10590=DIRECTION('',(1.,0.,0.));
#10591=DIRECTION('',(0.,0.,1.));
#10592=DIRECTION('',(1.,0.,0.));
#10593=DIRECTION('',(0.,-1.,0.));
#10594=DIRECTION('',(0.,0.,-1.));
#10595=DIRECTION('',(1.,0.,0.));
#10596=DIRECTION('',(0.,0.,1.));
#10597=DIRECTION('',(1.,0.,0.));
#10598=DIRECTION('',(0.,0.,1.));
#10599=DIRECTION('',(0.,0.,1.));
#10600=DIRECTION('',(1.,0.,0.));
#10601=DIRECTION('',(0.,0.,1.));
#10602=DIRECTION('',(1.,0.,0.));
#10603=DIRECTION('',(0.,0.,1.));
#10604=DIRECTION('',(1.,0.,0.));
#10605=DIRECTION('',(0.,0.,1.));
#10606=DIRECTION('',(1.,0.,0.));
#10607=DIRECTION('',(0.,0.,1.));
#10608=DIRECTION('',(1.,0.,0.));
#10609=DIRECTION('',(0.,0.,1.));
#10610=DIRECTION('',(1.,0.,0.));
#10611=DIRECTION('',(0.,0.,1.));
#10612=DIRECTION('',(1.,0.,0.));
#10613=DIRECTION('',(0.,-1.,0.));
#10614=DIRECTION('',(0.,-1.,0.));
#10615=DIRECTION('',(0.,-1.,0.));
#10616=DIRECTION('',(0.,-1.,0.));
#10617=DIRECTION('',(1.,0.,0.));
#10618=DIRECTION('',(0.,0.,-1.));
#10619=DIRECTION('',(0.,-1.,0.));
#10620=DIRECTION('',(1.,0.,0.));
#10621=DIRECTION('',(0.,0.,-1.));
#10622=DIRECTION('',(0.,-1.,0.));
#10623=DIRECTION('',(0.,0.,1.));
#10624=DIRECTION('',(1.,0.,0.));
#10625=DIRECTION('',(-1.,0.,0.));
#10626=DIRECTION('',(0.,0.,1.));
#10627=DIRECTION('',(0.,-1.,0.));
#10628=DIRECTION('',(-1.,0.,0.));
#10629=DIRECTION('',(0.,0.,1.));
#10630=DIRECTION('',(0.,-1.,0.));
#10631=DIRECTION('',(0.,0.,1.));
#10632=DIRECTION('',(1.,0.,0.));
#10633=DIRECTION('',(0.,0.,1.));
#10634=DIRECTION('',(1.,0.,0.));
#10635=DIRECTION('',(0.,1.,0.));
#10636=DIRECTION('',(1.,0.,0.));
#10637=DIRECTION('',(0.,1.,0.));
#10638=DIRECTION('',(1.,0.,0.));
#10639=DIRECTION('',(0.,0.,-1.));
#10640=DIRECTION('',(0.,1.,0.));
#10641=DIRECTION('',(0.,0.,-1.));
#10642=DIRECTION('',(0.,0.,1.));
#10643=DIRECTION('',(1.,0.,0.));
#10644=DIRECTION('',(0.,1.,0.));
#10645=DIRECTION('',(1.,0.,0.));
#10646=DIRECTION('',(1.,0.,0.));
#10647=DIRECTION('',(0.,0.,-1.));
#10648=DIRECTION('',(0.,0.,-1.));
#10649=DIRECTION('',(0.,-1.,0.));
#10650=DIRECTION('',(1.,0.,0.));
#10651=DIRECTION('',(-1.,0.,0.));
#10652=DIRECTION('',(0.,0.,1.));
#10653=DIRECTION('',(0.,1.,0.));
#10654=DIRECTION('',(0.,0.,1.));
#10655=DIRECTION('',(0.,1.,0.));
#10656=DIRECTION('',(0.,0.,1.));
#10657=DIRECTION('',(1.,0.,0.));
#10658=DIRECTION('',(0.,1.,0.));
#10659=DIRECTION('',(1.,0.,0.));
#10660=DIRECTION('',(-1.,0.,0.));
#10661=DIRECTION('',(0.,0.,1.));
#10662=DIRECTION('',(0.,1.,0.));
#10663=DIRECTION('',(0.,0.,1.));
#10664=DIRECTION('',(0.,0.,1.));
#10665=DIRECTION('',(1.,0.,0.));
#10666=DIRECTION('',(1.,0.,0.));
#10667=DIRECTION('',(0.,-1.,0.));
#10668=DIRECTION('',(1.,0.,0.));
#10669=DIRECTION('',(0.,0.,-1.));
#10670=DIRECTION('',(-1.,0.,0.));
#10671=DIRECTION('',(0.,-1.,0.));
#10672=DIRECTION('',(1.,0.,0.));
#10673=DIRECTION('',(0.,-1.,0.));
#10674=DIRECTION('',(1.,0.,0.));
#10675=DIRECTION('',(0.,0.,-1.));
#10676=DIRECTION('',(0.,-1.,0.));
#10677=DIRECTION('',(0.,0.,1.));
#10678=DIRECTION('',(0.,0.,-1.));
#10679=DIRECTION('',(-1.,0.,0.));
#10680=DIRECTION('',(0.,-1.,0.));
#10681=DIRECTION('',(1.,0.,0.));
#10682=DIRECTION('',(1.,0.,0.));
#10683=DIRECTION('',(0.,0.,-1.));
#10684=DIRECTION('',(0.,0.,1.));
#10685=DIRECTION('',(0.,1.,0.));
#10686=DIRECTION('',(-1.,0.,0.));
#10687=DIRECTION('',(0.,0.,-1.));
#10688=DIRECTION('',(-1.,0.,0.));
#10689=DIRECTION('',(0.,-1.,0.));
#10690=DIRECTION('',(1.,0.,0.));
#10691=DIRECTION('',(0.,-1.,0.));
#10692=DIRECTION('',(1.,0.,0.));
#10693=DIRECTION('',(0.,0.,-1.));
#10694=DIRECTION('',(0.,-1.,0.));
#10695=DIRECTION('',(0.,0.,1.));
#10696=DIRECTION('',(0.,0.,-1.));
#10697=DIRECTION('',(-1.,0.,0.));
#10698=DIRECTION('',(0.,-1.,0.));
#10699=DIRECTION('',(1.,0.,0.));
#10700=DIRECTION('',(1.,0.,0.));
#10701=DIRECTION('',(0.,0.,-1.));
#10702=DIRECTION('',(0.,0.,1.));
#10703=DIRECTION('',(0.,1.,0.));
#10704=DIRECTION('',(-1.,0.,0.));
#10705=DIRECTION('',(1.,0.,0.));
#10706=DIRECTION('',(0.,0.,-1.));
#10707=DIRECTION('',(0.,-1.,0.));
#10708=DIRECTION('',(0.,-1.,0.));
#10709=DIRECTION('',(0.,0.,-1.));
#10710=DIRECTION('',(-1.,0.,0.));
#10711=DIRECTION('',(0.,-1.,0.));
#10712=DIRECTION('',(1.,0.,0.));
#10713=DIRECTION('',(0.,0.,-1.));
#10714=DIRECTION('',(0.,-1.,0.));
#10715=DIRECTION('',(0.,0.,-1.));
#10716=DIRECTION('',(-1.,0.,0.));
#10717=DIRECTION('',(1.,0.,0.));
#10718=DIRECTION('',(0.,0.,-1.));
#10719=DIRECTION('',(0.,1.,0.));
#10720=DIRECTION('',(0.,1.,0.));
#10721=DIRECTION('',(0.,0.,1.));
#10722=DIRECTION('',(1.,0.,0.));
#10723=DIRECTION('',(0.,1.,0.));
#10724=DIRECTION('',(1.,0.,0.));
#10725=DIRECTION('',(0.,0.,-1.));
#10726=DIRECTION('',(0.,1.,0.));
#10727=DIRECTION('',(0.,0.,1.));
#10728=DIRECTION('',(1.,0.,0.));
#10729=DIRECTION('',(1.,0.,0.));
#10730=DIRECTION('',(0.,0.,-1.));
#10731=DIRECTION('',(0.,1.,0.));
#10732=DIRECTION('',(0.,1.,0.));
#10733=DIRECTION('',(0.,0.,1.));
#10734=DIRECTION('',(1.,0.,0.));
#10735=DIRECTION('',(0.,1.,0.));
#10736=DIRECTION('',(1.,0.,0.));
#10737=DIRECTION('',(0.,0.,-1.));
#10738=DIRECTION('',(0.,1.,0.));
#10739=DIRECTION('',(0.,0.,1.));
#10740=DIRECTION('',(1.,0.,0.));
#10741=DIRECTION('',(0.250843021877591,-1.27196321609285E-8,0.968027777687871));
#10742=DIRECTION('',(1.21775639062996E-9,1.,1.28241841340992E-8));
#10743=DIRECTION('',(1.21776144157315E-9,1.,1.28241738755429E-8));
#10744=DIRECTION('',(-0.968027777687873,-2.03802762598473E-9,0.250843021877585));
#10745=DIRECTION('',(0.,-1.,0.));
#10746=DIRECTION('',(0.,0.,-1.));
#10747=DIRECTION('',(1.,0.,0.));
#10748=DIRECTION('',(0.,0.,1.));
#10749=DIRECTION('',(1.,0.,0.));
#10750=DIRECTION('',(0.,0.,1.));
#10751=DIRECTION('',(-1.,0.,0.));
#10752=DIRECTION('',(0.,0.,1.));
#10753=DIRECTION('',(-1.,0.,0.));
#10754=DIRECTION('',(0.,0.,1.));
#10755=DIRECTION('',(0.,-1.,0.));
#10756=DIRECTION('',(0.,-1.,0.));
#10757=DIRECTION('',(0.,0.,1.));
#10758=DIRECTION('',(0.,-1.,0.));
#10759=DIRECTION('',(0.,0.,-1.));
#10760=DIRECTION('',(1.,0.,0.));
#10761=DIRECTION('',(1.,0.,0.));
#10762=DIRECTION('',(0.,0.,1.));
#10763=DIRECTION('',(-1.,0.,0.));
#10764=DIRECTION('',(0.,0.,1.));
#10765=DIRECTION('',(0.,-1.,0.));
#10766=DIRECTION('',(0.,-1.,0.));
#10767=DIRECTION('',(0.,0.,1.));
#10768=DIRECTION('',(1.,0.,0.));
#10769=DIRECTION('',(0.,0.,1.));
#10770=DIRECTION('',(1.,0.,0.));
#10771=DIRECTION('',(1.,0.,0.));
#10772=DIRECTION('',(0.,0.,-1.));
#10773=DIRECTION('',(-1.,0.,0.));
#10774=DIRECTION('',(0.,0.,1.));
#10775=DIRECTION('',(-1.,0.,0.));
#10776=DIRECTION('',(0.,-1.,0.));
#10777=DIRECTION('',(0.263125608758372,0.961854757706838,-0.0748354133566207));
#10778=DIRECTION('',(0.273560642411732,-1.26681234113857E-8,0.961854757706838));
#10779=DIRECTION('',(0.250843021877584,-1.27196232332479E-8,0.968027777687873));
#10780=DIRECTION('',(-0.968027777687873,-2.03804267936063E-9,0.250843021877584));
#10781=DIRECTION('',(1.,0.,0.));
#10782=DIRECTION('',(0.,0.,-1.));
#10783=DIRECTION('',(0.,-1.,0.));
#10784=DIRECTION('',(0.,0.,-1.));
#10785=DIRECTION('',(0.,1.,0.));
#10786=DIRECTION('',(0.,0.,-1.));
#10787=DIRECTION('',(0.,-1.,0.));
#10788=DIRECTION('',(0.,0.,-1.));
#10789=DIRECTION('',(1.,0.,0.));
#10790=DIRECTION('',(0.,0.,-1.));
#10791=DIRECTION('',(0.,-1.,0.));
#10792=DIRECTION('',(0.,0.,-1.));
#10793=DIRECTION('',(0.,1.,0.));
#10794=DIRECTION('',(0.,0.,-1.));
#10795=DIRECTION('',(0.,-1.,0.));
#10796=DIRECTION('',(0.,0.,-1.));
#10797=DIRECTION('',(0.,1.,0.));
#10798=DIRECTION('',(0.,0.,1.));
#10799=DIRECTION('',(1.,0.,0.));
#10800=DIRECTION('',(0.,0.,-1.));
#10801=DIRECTION('',(-1.,0.,0.));
#10802=DIRECTION('',(0.,0.,-1.));
#10803=DIRECTION('',(1.,0.,0.));
#10804=DIRECTION('',(0.,0.,-1.));
#10805=DIRECTION('',(1.,0.,0.));
#10806=DIRECTION('',(0.,0.,-1.));
#10807=DIRECTION('',(0.,-1.,0.));
#10808=DIRECTION('',(0.,0.,-1.));
#10809=DIRECTION('',(0.,1.,0.));
#10810=DIRECTION('',(0.,0.,-1.));
#10811=DIRECTION('',(0.,-1.,0.));
#10812=DIRECTION('',(0.,0.,-1.));
#10813=DIRECTION('',(1.,0.,0.));
#10814=DIRECTION('',(0.,0.,-1.));
#10815=DIRECTION('',(0.,-1.,0.));
#10816=DIRECTION('',(0.,0.,-1.));
#10817=DIRECTION('',(0.,-1.,0.));
#10818=DIRECTION('',(0.,0.,-1.));
#10819=DIRECTION('',(0.,1.,0.));
#10820=DIRECTION('',(1.,0.,0.));
#10821=DIRECTION('',(0.,0.,-1.));
#10822=DIRECTION('',(0.,-1.,0.));
#10823=DIRECTION('',(0.,-1.,0.));
#10824=DIRECTION('',(0.,0.,-1.));
#10825=DIRECTION('',(0.,1.,0.));
#10826=DIRECTION('',(0.,0.,1.));
#10827=DIRECTION('',(1.,0.,0.));
#10828=DIRECTION('',(1.,0.,0.));
#10829=DIRECTION('',(0.,-1.,0.));
#10830=DIRECTION('',(0.,0.,-1.));
#10831=DIRECTION('',(-1.,0.,0.));
#10832=DIRECTION('',(0.,0.,-1.));
#10833=DIRECTION('',(1.,0.,0.));
#10834=DIRECTION('',(0.,-1.,0.));
#10835=DIRECTION('',(0.,0.,-1.));
#10836=DIRECTION('',(-1.,0.,0.));
#10837=DIRECTION('',(-1.,0.,0.));
#10838=DIRECTION('',(0.,0.,-1.));
#10839=DIRECTION('',(1.,0.,0.));
#10840=DIRECTION('',(0.,0.,-1.));
#10841=DIRECTION('',(0.,-1.,0.));
#10842=DIRECTION('',(0.,-1.,0.));
#10843=DIRECTION('',(0.,0.,-1.));
#10844=DIRECTION('',(0.,1.,0.));
#10845=DIRECTION('',(0.,-1.,0.));
#10846=DIRECTION('',(0.,0.,-1.));
#10847=DIRECTION('',(-1.,0.,0.));
#10848=DIRECTION('',(0.,0.,-1.));
#10849=DIRECTION('',(1.,0.,0.));
#10850=DIRECTION('',(0.,-1.,0.));
#10851=DIRECTION('',(0.,0.,-1.));
#10852=DIRECTION('',(-1.,0.,0.));
#10853=DIRECTION('',(-1.,0.,0.));
#10854=DIRECTION('',(0.,0.,-1.));
#10855=DIRECTION('',(1.,0.,0.));
#10856=DIRECTION('',(0.,0.,-1.));
#10857=DIRECTION('',(0.,-1.,0.));
#10858=DIRECTION('',(0.,-1.,0.));
#10859=DIRECTION('',(0.,0.,-1.));
#10860=DIRECTION('',(0.,1.,0.));
#10861=DIRECTION('',(0.,-1.,0.));
#10862=DIRECTION('',(0.,0.,-1.));
#10863=DIRECTION('',(-1.,0.,0.));
#10864=DIRECTION('',(0.,0.,-1.));
#10865=DIRECTION('',(-1.,0.,0.));
#10866=DIRECTION('',(0.,0.,-1.));
#10867=DIRECTION('',(1.,0.,0.));
#10868=DIRECTION('',(0.,-1.,0.));
#10869=DIRECTION('',(0.,0.,-1.));
#10870=DIRECTION('',(-1.,0.,0.));
#10871=DIRECTION('',(-1.,0.,0.));
#10872=DIRECTION('',(0.,0.,-1.));
#10873=DIRECTION('',(1.,0.,0.));
#10874=DIRECTION('',(0.,0.,-1.));
#10875=DIRECTION('',(0.,-1.,0.));
#10876=DIRECTION('',(0.,-1.,0.));
#10877=DIRECTION('',(0.,0.,-1.));
#10878=DIRECTION('',(-1.,0.,0.));
#10879=DIRECTION('',(0.,-1.,0.));
#10880=DIRECTION('',(-1.,0.,0.));
#10881=DIRECTION('',(0.,1.,0.));
#10882=DIRECTION('',(-1.,0.,0.));
#10883=DIRECTION('',(0.,-1.,0.));
#10884=DIRECTION('',(-1.,0.,0.));
#10885=DIRECTION('',(0.,0.,-1.));
#10886=DIRECTION('',(-1.,0.,0.));
#10887=DIRECTION('',(-1.,0.,0.));
#10888=DIRECTION('',(0.,-1.,0.));
#10889=DIRECTION('',(-1.,0.,0.));
#10890=DIRECTION('',(0.,-1.,0.));
#10891=DIRECTION('',(-1.,0.,0.));
#10892=DIRECTION('',(0.,1.,0.));
#10893=DIRECTION('',(0.,1.,0.));
#10894=DIRECTION('',(0.,0.,1.));
#10895=DIRECTION('',(0.,0.,-1.));
#10896=DIRECTION('',(0.,0.,1.));
#10897=DIRECTION('',(0.,1.,0.));
#10898=DIRECTION('',(0.,0.,1.));
#10899=DIRECTION('',(0.,0.,-1.));
#10900=DIRECTION('',(0.,0.,-1.));
#10901=DIRECTION('',(-1.,0.,0.));
#10902=DIRECTION('',(0.,0.,1.));
#10903=DIRECTION('',(0.,0.,1.));
#10904=DIRECTION('',(0.,1.,0.));
#10905=DIRECTION('',(0.,1.,0.));
#10906=DIRECTION('',(0.,0.,1.));
#10907=DIRECTION('',(0.,1.,0.));
#10908=DIRECTION('',(0.,0.,1.));
#10909=DIRECTION('',(0.,0.,-1.));
#10910=DIRECTION('',(-1.,0.,0.));
#10911=DIRECTION('',(-1.,0.,0.));
#10912=DIRECTION('',(-1.,0.,0.));
#10913=DIRECTION('',(-1.,0.,0.));
#10914=DIRECTION('',(0.,1.,0.));
#10915=DIRECTION('',(-1.,0.,0.));
#10916=DIRECTION('',(0.,1.,0.));
#10917=DIRECTION('',(-1.,0.,0.));
#10918=DIRECTION('',(1.,0.,0.));
#10919=DIRECTION('',(0.,0.,1.));
#10920=DIRECTION('',(1.,0.,0.));
#10921=DIRECTION('',(0.,0.,1.));
#10922=DIRECTION('',(-1.,0.,0.));
#10923=DIRECTION('',(0.,0.,-1.));
#10924=DIRECTION('',(-1.,0.,0.));
#10925=DIRECTION('',(0.,0.,-1.));
#10926=DIRECTION('',(0.,0.,-1.));
#10927=DIRECTION('',(-1.,0.,0.));
#10928=DIRECTION('',(0.,0.,1.));
#10929=DIRECTION('',(1.,0.,0.));
#10930=DIRECTION('',(1.,0.,0.));
#10931=DIRECTION('',(1.,0.,0.));
#10932=DIRECTION('',(1.,0.,0.));
#10933=DIRECTION('',(0.,1.,0.));
#10934=DIRECTION('',(0.,0.,1.));
#10935=DIRECTION('',(1.,0.,0.));
#10936=DIRECTION('',(0.,0.,-1.));
#10937=DIRECTION('',(1.,0.,0.));
#10938=DIRECTION('',(0.,0.,-1.));
#10939=DIRECTION('',(-1.,0.,0.));
#10940=DIRECTION('',(0.,0.,1.));
#10941=DIRECTION('',(1.,0.,0.));
#10942=DIRECTION('',(0.,0.,-1.));
#10943=DIRECTION('',(0.,0.,-1.));
#10944=DIRECTION('',(0.,1.,0.));
#10945=DIRECTION('',(0.,0.,1.));
#10946=DIRECTION('',(0.,1.,0.));
#10947=DIRECTION('',(0.,0.,-1.));
#10948=DIRECTION('',(0.,-1.,0.));
#10949=DIRECTION('',(0.,-1.,0.));
#10950=DIRECTION('',(0.,0.,-1.));
#10951=DIRECTION('',(0.,-1.,0.));
#10952=DIRECTION('',(0.,0.,1.));
#10953=DIRECTION('',(1.,0.,0.));
#10954=DIRECTION('',(0.,-1.,0.));
#10955=DIRECTION('',(1.,0.,0.));
#10956=DIRECTION('',(-3.60705617193659E-16,1.,0.));
#10957=DIRECTION('',(1.,0.,0.));
#10958=DIRECTION('',(0.,1.,0.));
#10959=DIRECTION('',(1.,0.,0.));
#10960=DIRECTION('',(0.,1.,0.));
#10961=DIRECTION('',(1.,0.,0.));
#10962=DIRECTION('',(-1.85059088449815E-16,1.,0.));
#10963=DIRECTION('',(1.,0.,0.));
#10964=DIRECTION('',(0.,1.,0.));
#10965=DIRECTION('',(1.,0.,0.));
#10966=DIRECTION('',(0.,1.,0.));
#10967=DIRECTION('',(1.,0.,0.));
#10968=DIRECTION('',(1.,0.,0.));
#10969=DIRECTION('',(0.,0.,-1.));
#10970=DIRECTION('',(0.,0.,-1.));
#10971=DIRECTION('',(0.,-1.,0.));
#10972=DIRECTION('',(0.,0.,-1.));
#10973=DIRECTION('',(0.,-1.,0.));
#10974=DIRECTION('',(0.,1.,0.));
#10975=DIRECTION('',(0.,0.,1.));
#10976=DIRECTION('',(0.,0.,-1.));
#10977=DIRECTION('',(0.,0.,-1.));
#10978=DIRECTION('',(1.,0.,0.));
#10979=DIRECTION('',(0.,0.,-1.));
#10980=DIRECTION('',(0.,0.,-1.));
#10981=DIRECTION('',(1.,0.,0.));
#10982=DIRECTION('',(1.,0.,0.));
#10983=DIRECTION('',(-1.,0.,0.));
#10984=DIRECTION('',(0.,0.,-1.));
#10985=DIRECTION('',(-1.,0.,0.));
#10986=DIRECTION('',(0.,0.,-1.));
#10987=DIRECTION('',(-1.,0.,0.));
#10988=DIRECTION('',(1.,0.,0.));
#10989=DIRECTION('',(0.,0.,-1.));
#10990=DIRECTION('',(0.,0.,-1.));
#10991=DIRECTION('',(1.,0.,0.));
#10992=DIRECTION('',(0.,0.,1.));
#10993=DIRECTION('',(1.,0.,0.));
#10994=DIRECTION('',(0.,0.,1.));
#10995=DIRECTION('',(1.,0.,0.));
#10996=DIRECTION('',(0.,1.,0.));
#10997=DIRECTION('',(0.,0.,1.));
#10998=DIRECTION('',(0.,0.,-1.));
#10999=DIRECTION('',(1.,0.,0.));
#11000=DIRECTION('',(-1.,0.,0.));
#11001=DIRECTION('',(0.,0.,1.));
#11002=DIRECTION('',(0.,1.,0.));
#11003=DIRECTION('',(0.,0.,1.));
#11004=DIRECTION('',(1.,0.,0.));
#11005=DIRECTION('',(-1.,-1.85059088449815E-16,0.));
#11006=DIRECTION('',(1.85059088449815E-16,-1.,0.));
#11007=DIRECTION('',(-1.85059088449815E-16,1.,0.));
#11008=DIRECTION('',(0.,0.,-1.));
#11009=DIRECTION('',(-1.,0.,0.));
#11010=DIRECTION('',(0.,0.,1.));
#11011=DIRECTION('',(0.,0.,-1.));
#11012=DIRECTION('',(0.,1.,0.));
#11013=DIRECTION('',(0.,1.,0.));
#11014=DIRECTION('',(0.,0.,1.));
#11015=DIRECTION('',(1.,0.,0.));
#11016=DIRECTION('',(0.,0.,1.));
#11017=DIRECTION('',(1.,0.,0.));
#11018=DIRECTION('',(-1.,0.,0.));
#11019=DIRECTION('',(0.,0.,1.));
#11020=DIRECTION('',(0.,1.,0.));
#11021=DIRECTION('',(0.,0.,-1.));
#11022=DIRECTION('',(-1.,0.,0.));
#11023=DIRECTION('',(0.,0.,1.));
#11024=DIRECTION('',(0.,0.,-1.));
#11025=DIRECTION('',(0.,1.,0.));
#11026=DIRECTION('',(0.,1.,0.));
#11027=DIRECTION('',(0.,0.,1.));
#11028=DIRECTION('',(1.,0.,0.));
#11029=DIRECTION('',(0.,0.,1.));
#11030=DIRECTION('',(1.,0.,0.));
#11031=DIRECTION('',(0.,1.,0.));
#11032=DIRECTION('',(0.,0.,1.));
#11033=DIRECTION('',(0.,0.,-1.));
#11034=DIRECTION('',(1.,0.,0.));
#11035=DIRECTION('',(-1.,-3.60705617193659E-16,0.));
#11036=DIRECTION('',(3.60705617193659E-16,-1.,0.));
#11037=DIRECTION('',(-3.60705617193659E-16,1.,0.));
#11038=DIRECTION('',(0.,0.,1.));
#11039=DIRECTION('',(1.,0.,0.));
#11040=DIRECTION('',(0.,0.,1.));
#11041=DIRECTION('',(1.,0.,0.));
#11042=DIRECTION('',(-1.,0.,0.));
#11043=DIRECTION('',(0.,1.,0.));
#11044=DIRECTION('',(0.,-1.,0.));
#11045=DIRECTION('',(0.,0.,-1.));
#11046=DIRECTION('',(-1.,0.,0.));
#11047=DIRECTION('',(0.,0.,-1.));
#11048=DIRECTION('',(-1.,0.,0.));
#11049=DIRECTION('',(0.,0.,1.));
#11050=DIRECTION('',(0.,0.,1.));
#11051=DIRECTION('',(1.,0.,0.));
#11052=DIRECTION('',(0.,-1.,0.));
#11053=DIRECTION('',(1.,0.,0.));
#11054=DIRECTION('',(0.,1.,0.));
#11055=DIRECTION('',(0.,1.,0.));
#11056=DIRECTION('',(1.,0.,0.));
#11057=DIRECTION('',(0.,0.,-1.));
#11058=DIRECTION('',(0.,-1.,0.));
#11059=DIRECTION('',(0.,0.,1.));
#11060=DIRECTION('',(1.,0.,0.));
#11061=DIRECTION('',(0.,0.,1.));
#11062=DIRECTION('',(1.,0.,0.));
#11063=DIRECTION('',(0.,0.,-1.));
#11064=DIRECTION('',(-1.,0.,0.));
#11065=DIRECTION('',(0.,0.,-1.));
#11066=DIRECTION('',(-1.,0.,0.));
#11067=DIRECTION('',(0.,1.,0.));
#11068=DIRECTION('',(-1.,0.,0.));
#11069=DIRECTION('',(0.,0.,1.));
#11070=DIRECTION('',(0.,1.,0.));
#11071=DIRECTION('',(0.,0.,1.));
#11072=DIRECTION('',(1.,0.,0.));
#11073=DIRECTION('',(0.,0.,1.));
#11074=DIRECTION('',(1.,0.,0.));
#11075=DIRECTION('',(0.,0.,1.));
#11076=DIRECTION('',(1.,0.,0.));
#11077=DIRECTION('',(0.,0.,1.));
#11078=DIRECTION('',(1.,0.,0.));
#11079=DIRECTION('',(1.,0.,0.));
#11080=DIRECTION('',(0.,1.,0.));
#11081=DIRECTION('',(1.,0.,0.));
#11082=DIRECTION('',(0.,1.,0.));
#11083=DIRECTION('',(0.,0.,1.));
#11084=DIRECTION('',(1.,0.,0.));
#11085=DIRECTION('',(0.,0.,1.));
#11086=DIRECTION('',(1.,0.,0.));
#11087=DIRECTION('',(0.,0.,1.));
#11088=DIRECTION('',(1.,0.,0.));
#11089=DIRECTION('',(0.,0.,1.));
#11090=DIRECTION('',(1.,0.,0.));
#11091=DIRECTION('',(0.,0.,1.));
#11092=DIRECTION('',(1.,0.,0.));
#11093=DIRECTION('',(0.,-1.,0.));
#11094=DIRECTION('',(-1.,0.,0.));
#11095=DIRECTION('',(0.,-1.,0.));
#11096=DIRECTION('',(-1.,0.,0.));
#11097=DIRECTION('',(0.,0.,1.));
#11098=DIRECTION('',(0.,-1.,0.));
#11099=DIRECTION('',(0.,0.,-1.));
#11100=DIRECTION('',(0.,0.,1.));
#11101=DIRECTION('',(1.,0.,0.));
#11102=DIRECTION('',(0.,-1.,0.));
#11103=DIRECTION('',(-1.,0.,0.));
#11104=DIRECTION('',(-1.,0.,0.));
#11105=DIRECTION('',(0.,0.,1.));
#11106=DIRECTION('',(0.,0.,-1.));
#11107=DIRECTION('',(0.,1.,0.));
#11108=DIRECTION('',(-1.,0.,0.));
#11109=DIRECTION('',(0.,0.,-1.));
#11110=DIRECTION('',(-1.,0.,0.));
#11111=DIRECTION('',(0.,-1.,0.));
#11112=DIRECTION('',(1.,0.,0.));
#11113=DIRECTION('',(0.,-1.,0.));
#11114=DIRECTION('',(1.,0.,0.));
#11115=DIRECTION('',(0.,0.,-1.));
#11116=DIRECTION('',(0.,-1.,0.));
#11117=DIRECTION('',(0.,0.,1.));
#11118=DIRECTION('',(0.,0.,-1.));
#11119=DIRECTION('',(-1.,0.,0.));
#11120=DIRECTION('',(0.,-1.,0.));
#11121=DIRECTION('',(1.,0.,0.));
#11122=DIRECTION('',(1.,0.,0.));
#11123=DIRECTION('',(0.,0.,-1.));
#11124=DIRECTION('',(0.,0.,1.));
#11125=DIRECTION('',(0.,1.,0.));
#11126=DIRECTION('',(-1.,0.,0.));
#11127=DIRECTION('',(-0.250843021877588,1.27196482097025E-8,-0.968027777687872));
#11128=DIRECTION('',(0.931102123276001,0.273560646618849,-0.241274550362029));
#11129=DIRECTION('',(-0.250843021877585,1.27196236325004E-8,-0.968027777687873));
#11130=DIRECTION('',(-0.968027777687873,-2.03803602154799E-9,0.250843021877585));
#11131=DIRECTION('',(-1.21775732439441E-9,-1.,-1.28241851665078E-8));
#11132=DIRECTION('',(0.250843021877582,-1.2719633394557E-8,0.968027777687874));
#11133=DIRECTION('',(-0.968027777687872,-2.03805435838968E-9,0.250843021877588));
#11134=DIRECTION('',(0.250843021877588,-1.27196308991357E-8,0.968027777687872));
#11135=DIRECTION('',(-1.21775733879961E-9,-1.,-1.28241840443794E-8));
#11136=DIRECTION('',(-0.968027777687866,-2.03803414836549E-9,0.25084302187761));
#11137=DIRECTION('',(1.21775797198159E-9,1.,1.28241803355476E-8));
#11138=DIRECTION('',(0.968027777687873,2.03803260509283E-9,-0.250843021877584));
#11139=DIRECTION('',(1.21776148222305E-9,1.,1.28241738032809E-8));
#11140=DIRECTION('',(0.968027777687872,2.03802756850811E-9,-0.250843021877588));
#11141=DIRECTION('',(-1.21774746795198E-9,-1.,-1.28241771792603E-8));
#11142=DIRECTION('',(-0.968027777687873,-2.03804198155261E-9,0.250843021877584));
#11143=DIRECTION('',(-0.250843021877585,1.2719623660378E-8,-0.968027777687873));
#11144=DIRECTION('',(-0.968027777687873,-2.03804267936064E-9,0.250843021877585));
#11145=DIRECTION('',(1.,0.,0.));
#11146=DIRECTION('',(0.,0.,-1.));
#11147=DIRECTION('',(0.,-1.,0.));
#11148=DIRECTION('',(0.,0.,-1.));
#11149=DIRECTION('',(0.,-1.,0.));
#11150=DIRECTION('',(0.,0.,-1.));
#11151=DIRECTION('',(0.,-1.,0.));
#11152=DIRECTION('',(0.,0.,-1.));
#11153=DIRECTION('',(-1.,0.,0.));
#11154=DIRECTION('',(0.,0.,-1.));
#11155=DIRECTION('',(-1.,0.,0.));
#11156=DIRECTION('',(-1.,0.,0.));
#11157=DIRECTION('',(0.,0.,1.));
#11158=DIRECTION('',(0.,1.,0.));
#11159=DIRECTION('',(0.,0.,-1.));
#11160=DIRECTION('',(0.,1.,0.));
#11161=DIRECTION('',(0.,1.,0.));
#11162=DIRECTION('',(0.,0.,1.));
#11163=DIRECTION('',(1.,0.,0.));
#11164=DIRECTION('',(0.,0.,-1.));
#11165=DIRECTION('',(1.,0.,0.));
#11166=DIRECTION('',(1.,0.,0.));
#11167=DIRECTION('',(0.,0.,-1.));
#11168=DIRECTION('',(0.,-1.,0.));
#11169=DIRECTION('',(0.,0.,-1.));
#11170=DIRECTION('',(0.,-1.,0.));
#11171=DIRECTION('',(0.,1.,0.));
#11172=DIRECTION('',(0.,0.,1.));
#11173=DIRECTION('',(1.,0.,0.));
#11174=DIRECTION('',(1.,0.,0.));
#11175=DIRECTION('',(0.,0.,1.));
#11176=DIRECTION('',(1.,0.,0.));
#11177=DIRECTION('',(0.,0.,1.));
#11178=DIRECTION('',(1.,0.,0.));
#11179=DIRECTION('',(0.264814301740375,-0.961854756510294,-0.0686207911079445));
#11180=DIRECTION('',(0.250843021877587,-1.27196421477351E-8,0.968027777687872));
#11181=DIRECTION('',(-1.21774755532528E-9,-1.,-1.282417700216E-8));
#11182=DIRECTION('',(-0.968027777687873,-2.03804185254847E-9,0.250843021877584));
#11183=DIRECTION('',(1.21775705282223E-9,1.,1.28241841184842E-8));
#11184=DIRECTION('',(0.25084302187761,-1.2719632311919E-8,0.968027777687866));
#11185=DIRECTION('',(0.250843021877585,-1.27196232332479E-8,0.968027777687873));
#11186=DIRECTION('',(1.21774744321184E-9,1.,1.28241772300791E-8));
#11187=DIRECTION('',(-0.250843021877585,1.27196249218802E-8,-0.968027777687873));
#11188=DIRECTION('',(-1.21776639021395E-9,-1.,-1.28241740647867E-8));
#11189=DIRECTION('',(-0.250843021877598,1.27196241251471E-8,-0.968027777687869));
#11190=DIRECTION('',(-1.217762105527E-9,-1.,-1.2824174352021E-8));
#11191=DIRECTION('',(0.250843021877584,-1.27196305690494E-8,0.968027777687873));
#11192=DIRECTION('',(0.968027777687873,2.03803937357643E-9,-0.250843021877584));
#11193=DIRECTION('',(-1.21776146641316E-9,-1.,-1.28241739714029E-8));
#11194=DIRECTION('',(-0.968027777687872,-2.03802762598477E-9,0.250843021877588));
#11195=DIRECTION('',(1.21774689280354E-9,1.,1.28241777415576E-8));
#11196=DIRECTION('',(-0.250843021877593,1.27196235903071E-8,-0.96802777768787));
#11197=DIRECTION('',(0.,0.,-1.));
#11198=DIRECTION('',(-1.,0.,0.));
#11199=DIRECTION('',(0.,0.,1.));
#11200=DIRECTION('',(1.,0.,0.));
#11201=DIRECTION('',(0.,0.,1.));
#11202=DIRECTION('',(1.,0.,0.));
#11203=DIRECTION('',(0.,0.,1.));
#11204=DIRECTION('',(1.,0.,0.));
#11205=DIRECTION('',(1.,0.,0.));
#11206=DIRECTION('',(0.,-1.,0.));
#11207=DIRECTION('',(1.,0.,0.));
#11208=DIRECTION('',(0.,-1.,0.));
#11209=DIRECTION('',(0.,-1.,0.));
#11210=DIRECTION('',(-1.,0.,0.));
#11211=DIRECTION('',(0.,-1.,0.));
#11212=DIRECTION('',(-1.,0.,0.));
#11213=DIRECTION('',(-1.,0.,0.));
#11214=DIRECTION('',(0.,1.,0.));
#11215=DIRECTION('',(-1.,0.,0.));
#11216=DIRECTION('',(0.,1.,0.));
#11217=DIRECTION('',(0.,0.,1.));
#11218=DIRECTION('',(1.,0.,0.));
#11219=DIRECTION('',(0.,0.,-1.));
#11220=DIRECTION('',(-1.,0.,0.));
#11221=DIRECTION('',(0.,1.,0.));
#11222=DIRECTION('',(0.,0.,1.));
#11223=DIRECTION('',(0.,0.,-1.));
#11224=DIRECTION('',(0.,0.,-1.));
#11225=DIRECTION('',(1.,0.,0.));
#11226=DIRECTION('',(1.,0.,0.));
#11227=DIRECTION('',(0.,0.,-1.));
#11228=DIRECTION('',(0.,0.,-1.));
#11229=DIRECTION('',(0.,-1.,0.));
#11230=DIRECTION('',(0.,1.,0.));
#11231=DIRECTION('',(0.,0.,1.));
#11232=DIRECTION('',(0.,0.,-1.));
#11233=DIRECTION('',(1.,0.,0.));
#11234=DIRECTION('',(1.,0.,0.));
#11235=DIRECTION('',(0.,0.,-1.));
#11236=DIRECTION('',(0.,-1.,0.));
#11237=DIRECTION('',(0.,0.,1.));
#11238=DIRECTION('',(1.,0.,0.));
#11239=DIRECTION('',(-1.,0.,0.));
#11240=DIRECTION('',(0.,0.,1.));
#11241=DIRECTION('',(0.,0.,-1.));
#11242=DIRECTION('',(0.,0.,-1.));
#11243=DIRECTION('',(0.,1.,0.));
#11244=DIRECTION('',(0.,1.,0.));
#11245=DIRECTION('',(0.,0.,1.));
#11246=DIRECTION('',(0.,0.,-1.));
#11247=DIRECTION('',(1.,0.,0.));
#11248=DIRECTION('',(-1.,0.,0.));
#11249=DIRECTION('',(0.,0.,1.));
#11250=DIRECTION('',(0.,0.,-1.));
#11251=DIRECTION('',(0.,1.,0.));
#11252=DIRECTION('',(0.,1.,0.));
#11253=DIRECTION('',(0.,0.,1.));
#11254=DIRECTION('',(1.,0.,0.));
#11255=DIRECTION('',(0.,0.,1.));
#11256=DIRECTION('',(1.,0.,0.));
#11257=DIRECTION('',(0.,-1.,0.));
#11258=DIRECTION('',(0.,0.,-1.));
#11259=DIRECTION('',(0.,0.,-1.));
#11260=DIRECTION('',(0.,0.,-1.));
#11261=DIRECTION('',(-1.,0.,0.));
#11262=DIRECTION('',(-1.,0.,0.));
#11263=DIRECTION('',(0.,0.,1.));
#11264=DIRECTION('',(0.,0.,-1.));
#11265=DIRECTION('',(0.,1.,0.));
#11266=DIRECTION('',(0.,-1.,0.));
#11267=DIRECTION('',(0.,0.,-1.));
#11268=DIRECTION('',(0.,0.,-1.));
#11269=DIRECTION('',(-1.,0.,0.));
#11270=DIRECTION('',(-1.,0.,0.));
#11271=DIRECTION('',(0.,0.,1.));
#11272=DIRECTION('',(0.,1.,0.));
#11273=DIRECTION('',(0.,0.,1.));
#11274=DIRECTION('',(1.,0.,0.));
#11275=DIRECTION('',(0.,0.,1.));
#11276=DIRECTION('',(1.,0.,0.));
#11277=DIRECTION('',(0.,0.,-1.));
#11278=DIRECTION('',(-1.,0.,0.));
#11279=DIRECTION('',(0.,0.,-1.));
#11280=DIRECTION('',(1.,0.,0.));
#11281=DIRECTION('',(-0.968027777687876,-2.03804272343238E-9,0.250843021877573));
#11282=DIRECTION('',(-0.250843021877573,1.27196235991298E-8,-0.968027777687876));
#11283=DIRECTION('',(-1.21775333996422E-9,-1.,-1.28241760800323E-8));
#11284=DIRECTION('',(-0.968027777687873,-2.03803602154799E-9,0.250843021877585));
#11285=DIRECTION('',(0.968027777687873,2.03802285082378E-9,-0.250843021877584));
#11286=DIRECTION('',(1.21776685767257E-9,1.,1.28241757403497E-8));
#11287=DIRECTION('',(0.968027777687872,2.03802740098816E-9,-0.250843021877589));
#11288=DIRECTION('',(-1.21776167291046E-9,-1.,-1.28241738713344E-8));
#11289=DIRECTION('',(0.,0.,1.));
#11290=DIRECTION('',(1.,0.,0.));
#11291=DIRECTION('',(1.,0.,0.));
#11292=DIRECTION('',(0.,-1.,0.));
#11293=DIRECTION('',(1.,0.,0.));
#11294=DIRECTION('',(0.,-1.,0.));
#11295=DIRECTION('',(1.,0.,0.));
#11296=DIRECTION('',(0.,-1.,0.));
#11297=DIRECTION('',(1.,0.,0.));
#11298=DIRECTION('',(0.,-1.,0.));
#11299=DIRECTION('',(1.,0.,0.));
#11300=DIRECTION('',(0.,-1.,0.));
#11301=DIRECTION('',(1.,0.,0.));
#11302=DIRECTION('',(0.,-1.,0.));
#11303=DIRECTION('',(1.,0.,0.));
#11304=DIRECTION('',(0.,-1.,0.));
#11305=DIRECTION('',(1.,0.,0.));
#11306=DIRECTION('',(0.,-1.,0.));
#11307=DIRECTION('',(1.,0.,0.));
#11308=DIRECTION('',(0.,-1.,0.));
#11309=DIRECTION('',(1.,0.,0.));
#11310=DIRECTION('',(0.,-1.,0.));
#11311=DIRECTION('',(1.,0.,0.));
#11312=DIRECTION('',(0.,-1.,0.));
#11313=DIRECTION('',(1.,0.,0.));
#11314=DIRECTION('',(0.,-1.,0.));
#11315=DIRECTION('',(0.,0.,1.));
#11316=DIRECTION('',(1.,0.,0.));
#11317=DIRECTION('',(1.,0.,0.));
#11318=DIRECTION('',(0.,-1.,0.));
#11319=DIRECTION('',(1.,0.,0.));
#11320=DIRECTION('',(0.,-1.,0.));
#11321=DIRECTION('',(0.,-1.,0.));
#11322=DIRECTION('',(1.,0.,0.));
#11323=DIRECTION('',(0.,-1.,0.));
#11324=DIRECTION('',(1.,0.,0.));
#11325=DIRECTION('',(0.,-1.,0.));
#11326=DIRECTION('',(1.,0.,0.));
#11327=DIRECTION('',(0.,-1.,0.));
#11328=DIRECTION('',(1.,0.,0.));
#11329=DIRECTION('',(0.,-1.,0.));
#11330=DIRECTION('',(1.,0.,0.));
#11331=DIRECTION('',(0.,-1.,0.));
#11332=DIRECTION('',(1.,0.,0.));
#11333=DIRECTION('',(0.,-1.,0.));
#11334=DIRECTION('',(1.,0.,0.));
#11335=DIRECTION('',(0.,-1.,0.));
#11336=DIRECTION('',(1.,0.,0.));
#11337=DIRECTION('',(0.,-1.,0.));
#11338=DIRECTION('',(1.,0.,0.));
#11339=DIRECTION('',(0.,-1.,0.));
#11340=DIRECTION('',(1.,0.,0.));
#11341=DIRECTION('',(0.,1.,0.));
#11342=DIRECTION('',(0.,0.,1.));
#11343=DIRECTION('',(0.,0.,-1.));
#11344=DIRECTION('',(0.,0.,-1.));
#11345=DIRECTION('',(1.,0.,0.));
#11346=DIRECTION('',(0.,0.,-1.));
#11347=DIRECTION('',(0.,0.,-1.));
#11348=DIRECTION('',(0.,1.,0.));
#11349=DIRECTION('',(0.,0.,1.));
#11350=DIRECTION('',(0.,0.,-1.));
#11351=DIRECTION('',(1.,0.,0.));
#11352=DIRECTION('',(0.,0.,-1.));
#11353=DIRECTION('',(0.,1.,0.));
#11354=DIRECTION('',(0.,0.,1.));
#11355=DIRECTION('',(0.,0.,-1.));
#11356=DIRECTION('',(1.,0.,0.));
#11357=DIRECTION('',(0.,0.,-1.));
#11358=DIRECTION('',(1.,0.,0.));
#11359=DIRECTION('',(0.,0.,-1.));
#11360=DIRECTION('',(0.,0.,-1.));
#11361=DIRECTION('',(0.,-1.,0.));
#11362=DIRECTION('',(0.,1.,0.));
#11363=DIRECTION('',(0.,0.,1.));
#11364=DIRECTION('',(0.,0.,-1.));
#11365=DIRECTION('',(1.,0.,0.));
#11366=DIRECTION('',(1.,0.,0.));
#11367=DIRECTION('',(0.,0.,-1.));
#11368=DIRECTION('',(0.,-1.,0.));
#11369=DIRECTION('',(0.,0.,1.));
#11370=DIRECTION('',(1.,0.,0.));
#11371=DIRECTION('',(0.,1.,0.));
#11372=DIRECTION('',(0.,0.,1.));
#11373=DIRECTION('',(0.,0.,-1.));
#11374=DIRECTION('',(1.,0.,0.));
#11375=DIRECTION('',(0.,0.,-1.));
#11376=DIRECTION('',(1.,0.,0.));
#11377=DIRECTION('',(0.,0.,-1.));
#11378=DIRECTION('',(0.,0.,-1.));
#11379=DIRECTION('',(0.,-1.,0.));
#11380=DIRECTION('',(0.,1.,0.));
#11381=DIRECTION('',(0.,0.,1.));
#11382=DIRECTION('',(0.,0.,-1.));
#11383=DIRECTION('',(1.,0.,0.));
#11384=DIRECTION('',(1.,0.,0.));
#11385=DIRECTION('',(0.,0.,-1.));
#11386=DIRECTION('',(0.,-1.,0.));
#11387=DIRECTION('',(0.,0.,1.));
#11388=DIRECTION('',(1.,0.,0.));
#11389=DIRECTION('',(0.,1.,0.));
#11390=DIRECTION('',(0.,0.,1.));
#11391=DIRECTION('',(0.,0.,-1.));
#11392=DIRECTION('',(1.,0.,0.));
#11393=DIRECTION('',(0.,0.,-1.));
#11394=DIRECTION('',(1.,0.,0.));
#11395=DIRECTION('',(0.,0.,-1.));
#11396=DIRECTION('',(0.,0.,-1.));
#11397=DIRECTION('',(0.,-1.,0.));
#11398=DIRECTION('',(0.,1.,0.));
#11399=DIRECTION('',(0.,0.,1.));
#11400=DIRECTION('',(0.,0.,-1.));
#11401=DIRECTION('',(1.,0.,0.));
#11402=DIRECTION('',(1.,0.,0.));
#11403=DIRECTION('',(0.,0.,-1.));
#11404=DIRECTION('',(0.,-1.,0.));
#11405=DIRECTION('',(0.,0.,1.));
#11406=DIRECTION('',(1.,0.,0.));
#11407=DIRECTION('',(0.,1.,0.));
#11408=DIRECTION('',(0.,0.,1.));
#11409=DIRECTION('',(0.,0.,-1.));
#11410=DIRECTION('',(1.,0.,0.));
#11411=DIRECTION('',(0.,0.,-1.));
#11412=DIRECTION('',(1.,0.,0.));
#11413=DIRECTION('',(0.,0.,-1.));
#11414=DIRECTION('',(0.,0.,-1.));
#11415=DIRECTION('',(0.,-1.,0.));
#11416=DIRECTION('',(0.,1.,0.));
#11417=DIRECTION('',(0.,0.,1.));
#11418=DIRECTION('',(0.,0.,-1.));
#11419=DIRECTION('',(1.,0.,0.));
#11420=DIRECTION('',(1.,0.,0.));
#11421=DIRECTION('',(0.,0.,-1.));
#11422=DIRECTION('',(0.,-1.,0.));
#11423=DIRECTION('',(0.,0.,1.));
#11424=DIRECTION('',(1.,0.,0.));
#11425=DIRECTION('',(0.,1.,0.));
#11426=DIRECTION('',(0.,0.,1.));
#11427=DIRECTION('',(0.,0.,-1.));
#11428=DIRECTION('',(1.,0.,0.));
#11429=DIRECTION('',(0.,0.,-1.));
#11430=DIRECTION('',(1.,0.,0.));
#11431=DIRECTION('',(0.,0.,-1.));
#11432=DIRECTION('',(0.,0.,-1.));
#11433=DIRECTION('',(0.,-1.,0.));
#11434=DIRECTION('',(0.,1.,0.));
#11435=DIRECTION('',(0.,0.,1.));
#11436=DIRECTION('',(0.,0.,-1.));
#11437=DIRECTION('',(1.,0.,0.));
#11438=DIRECTION('',(1.,0.,0.));
#11439=DIRECTION('',(0.,0.,-1.));
#11440=DIRECTION('',(0.,-1.,0.));
#11441=DIRECTION('',(0.,0.,1.));
#11442=DIRECTION('',(1.,0.,0.));
#11443=DIRECTION('',(0.,-1.,0.));
#11444=DIRECTION('',(0.,0.,-1.));
#11445=DIRECTION('',(0.,0.,1.));
#11446=DIRECTION('',(0.,0.,1.));
#11447=DIRECTION('',(1.,0.,0.));
#11448=DIRECTION('',(-1.,0.,0.));
#11449=DIRECTION('',(0.,0.,1.));
#11450=DIRECTION('',(0.,-1.,0.));
#11451=DIRECTION('',(0.,0.,1.));
#11452=DIRECTION('',(0.,-1.,0.));
#11453=DIRECTION('',(0.,0.,-1.));
#11454=DIRECTION('',(1.,0.,0.));
#11455=DIRECTION('',(0.,0.,1.));
#11456=DIRECTION('',(-1.,0.,0.));
#11457=DIRECTION('',(0.,0.,1.));
#11458=DIRECTION('',(0.,-1.,0.));
#11459=DIRECTION('',(0.,0.,1.));
#11460=DIRECTION('',(1.,0.,0.));
#11461=DIRECTION('',(0.,-1.,0.));
#11462=DIRECTION('',(0.,0.,-1.));
#11463=DIRECTION('',(0.,0.,1.));
#11464=DIRECTION('',(0.,0.,1.));
#11465=DIRECTION('',(1.,0.,0.));
#11466=DIRECTION('',(-1.,0.,0.));
#11467=DIRECTION('',(0.,0.,1.));
#11468=DIRECTION('',(0.,-1.,0.));
#11469=DIRECTION('',(0.,0.,1.));
#11470=DIRECTION('',(0.,-1.,0.));
#11471=DIRECTION('',(0.,0.,-1.));
#11472=DIRECTION('',(1.,0.,0.));
#11473=DIRECTION('',(0.,0.,1.));
#11474=DIRECTION('',(-1.,0.,0.));
#11475=DIRECTION('',(0.,0.,1.));
#11476=DIRECTION('',(0.,-1.,0.));
#11477=DIRECTION('',(0.,0.,1.));
#11478=DIRECTION('',(1.,0.,0.));
#11479=DIRECTION('',(0.,-1.,0.));
#11480=DIRECTION('',(0.,0.,-1.));
#11481=DIRECTION('',(0.,0.,1.));
#11482=DIRECTION('',(0.,0.,1.));
#11483=DIRECTION('',(1.,0.,0.));
#11484=DIRECTION('',(-1.,0.,0.));
#11485=DIRECTION('',(0.,0.,1.));
#11486=DIRECTION('',(0.,-1.,0.));
#11487=DIRECTION('',(0.,0.,1.));
#11488=DIRECTION('',(0.,-1.,0.));
#11489=DIRECTION('',(0.,0.,-1.));
#11490=DIRECTION('',(1.,0.,0.));
#11491=DIRECTION('',(0.,0.,1.));
#11492=DIRECTION('',(-1.,0.,0.));
#11493=DIRECTION('',(0.,0.,1.));
#11494=DIRECTION('',(0.,-1.,0.));
#11495=DIRECTION('',(0.,0.,1.));
#11496=DIRECTION('',(1.,0.,0.));
#11497=DIRECTION('',(0.,-1.,0.));
#11498=DIRECTION('',(0.,0.,-1.));
#11499=DIRECTION('',(0.,0.,1.));
#11500=DIRECTION('',(0.,0.,1.));
#11501=DIRECTION('',(1.,0.,0.));
#11502=DIRECTION('',(-1.,0.,0.));
#11503=DIRECTION('',(0.,0.,1.));
#11504=DIRECTION('',(0.,-1.,0.));
#11505=DIRECTION('',(0.,0.,1.));
#11506=DIRECTION('',(0.,-1.,0.));
#11507=DIRECTION('',(0.,0.,-1.));
#11508=DIRECTION('',(1.,0.,0.));
#11509=DIRECTION('',(0.,0.,1.));
#11510=DIRECTION('',(-1.,0.,0.));
#11511=DIRECTION('',(0.,0.,1.));
#11512=DIRECTION('',(0.,-1.,0.));
#11513=DIRECTION('',(0.,0.,1.));
#11514=DIRECTION('',(1.,0.,0.));
#11515=DIRECTION('',(0.,-1.,0.));
#11516=DIRECTION('',(0.,0.,-1.));
#11517=DIRECTION('',(0.,0.,1.));
#11518=DIRECTION('',(0.,0.,1.));
#11519=DIRECTION('',(1.,0.,0.));
#11520=DIRECTION('',(-1.,0.,0.));
#11521=DIRECTION('',(0.,0.,1.));
#11522=DIRECTION('',(0.,-1.,0.));
#11523=DIRECTION('',(0.,0.,1.));
#11524=DIRECTION('',(0.,-1.,0.));
#11525=DIRECTION('',(0.,0.,-1.));
#11526=DIRECTION('',(1.,0.,0.));
#11527=DIRECTION('',(0.,0.,1.));
#11528=DIRECTION('',(-1.,0.,0.));
#11529=DIRECTION('',(0.,0.,1.));
#11530=DIRECTION('',(0.,-1.,0.));
#11531=DIRECTION('',(0.,0.,1.));
#11532=DIRECTION('',(1.,0.,0.));
#11533=DIRECTION('',(-1.21774689280354E-9,-1.,-1.28241777415576E-8));
#11534=DIRECTION('',(0.250843021877585,-1.27196235903072E-8,0.968027777687873));
#11535=DIRECTION('',(-0.968027777687872,-2.038054469412E-9,0.250843021877588));
#11536=DIRECTION('',(1.21773501500131E-9,1.,1.28241789056674E-8));
#11537=DIRECTION('',(1.21772991475956E-9,1.,1.28241905035506E-8));
#11538=DIRECTION('',(-0.96802777768787,-2.03806231583586E-9,0.250843021877596));
#11539=DIRECTION('',(-1.21775143246947E-9,-1.,-1.28241820818757E-8));
#11540=DIRECTION('',(0.968027777687873,2.03803937357643E-9,-0.250843021877584));
#11541=DIRECTION('',(1.21775249368049E-9,1.,1.28241762582616E-8));
#11542=DIRECTION('',(0.250843021877585,-1.27196235593764E-8,0.968027777687873));
#11543=DIRECTION('',(-0.264814301740375,0.961854756510294,0.0686207911079445));
#11544=DIRECTION('',(-0.931102123276001,-0.273560646618848,0.241274550362029));
#11545=DIRECTION('',(0.250843021877585,-1.27196291187426E-8,0.968027777687873));
#11546=DIRECTION('',(0.968027777687873,2.03803260509283E-9,-0.250843021877585));
#11547=DIRECTION('',(1.21775249655159E-9,1.,1.28241762575176E-8));
#11548=DIRECTION('',(0.250843021877585,-1.27196235593764E-8,0.968027777687873));
#11549=DIRECTION('',(0.968027777687872,2.0380608125905E-9,-0.250843021877587));
#11550=DIRECTION('',(0.250843021877587,-1.27196222117515E-8,0.968027777687872));
#11551=DIRECTION('',(0.968027777687872,2.03803601517315E-9,-0.250843021877586));
#11552=DIRECTION('',(0.250843021877586,-1.27196236629429E-8,0.968027777687873));
#11553=DIRECTION('',(-0.968027777687872,-2.03803601517318E-9,0.250843021877586));
#11554=DIRECTION('',(-1.2177509237131E-9,-1.,-1.28241667300691E-8));
#11555=DIRECTION('',(1.21774755532527E-9,1.,1.282417700216E-8));
#11556=DIRECTION('',(-0.968027777687873,-2.03804185254847E-9,0.250843021877584));
#11557=DIRECTION('',(0.,1.,0.));
#11558=DIRECTION('',(0.,0.,1.));
#11559=DIRECTION('',(1.,0.,0.));
#11560=DIRECTION('',(0.,0.,-1.));
#11561=DIRECTION('',(1.,0.,0.));
#11562=DIRECTION('',(0.,0.,-1.));
#11563=DIRECTION('',(1.,0.,0.));
#11564=DIRECTION('',(0.,0.,-1.));
#11565=DIRECTION('',(0.,-1.,0.));
#11566=DIRECTION('',(0.,0.,-1.));
#11567=DIRECTION('',(0.,-1.,0.));
#11568=DIRECTION('',(0.,1.,0.));
#11569=DIRECTION('',(0.,0.,1.));
#11570=DIRECTION('',(1.,0.,0.));
#11571=DIRECTION('',(0.,0.,-1.));
#11572=DIRECTION('',(1.,0.,0.));
#11573=DIRECTION('',(1.,0.,0.));
#11574=DIRECTION('',(0.,0.,-1.));
#11575=DIRECTION('',(0.,-1.,0.));
#11576=DIRECTION('',(0.,-1.,0.));
#11577=DIRECTION('',(0.,0.,1.));
#11578=DIRECTION('',(1.,0.,0.));
#11579=DIRECTION('',(0.,0.,1.));
#11580=DIRECTION('',(1.,0.,0.));
#11581=DIRECTION('',(0.,0.,1.));
#11582=DIRECTION('',(1.,0.,0.));
#11583=DIRECTION('',(0.,0.,1.));
#11584=DIRECTION('',(1.,0.,0.));
#11585=DIRECTION('',(0.,0.,-1.));
#11586=DIRECTION('',(-1.,0.,0.));
#11587=DIRECTION('',(0.,0.,1.));
#11588=DIRECTION('',(1.,0.,0.));
#11589=DIRECTION('',(0.,0.,1.));
#11590=DIRECTION('',(1.,0.,0.));
#11591=DIRECTION('',(0.,0.,-1.));
#11592=DIRECTION('',(-1.,0.,0.));
#11593=DIRECTION('',(0.,0.,1.));
#11594=DIRECTION('',(1.,0.,0.));
#11595=DIRECTION('',(0.,0.,1.));
#11596=DIRECTION('',(1.,0.,0.));
#11597=DIRECTION('',(0.968027777687871,2.0380351124617E-9,-0.250843021877592));
#11598=DIRECTION('',(1.21775636765254E-9,1.,1.28241841400532E-8));
#11599=DIRECTION('',(-1.,1.79510077278017E-16,0.));
#11600=DIRECTION('',(-1.79510077278017E-16,-1.,0.));
#11601=DIRECTION('',(0.,0.,1.));
#11602=DIRECTION('',(1.79510077278017E-16,1.,0.));
#11603=DIRECTION('',(0.,0.,1.));
#11604=DIRECTION('',(1.79510077278017E-16,1.,0.));
#11605=DIRECTION('',(0.,0.,1.));
#11606=DIRECTION('',(1.,0.,0.));
#11607=DIRECTION('',(1.,-1.79510077278017E-16,0.));
#11608=DIRECTION('',(1.,-1.79510077278017E-16,0.));
#11609=DIRECTION('',(1.79510077278017E-16,1.,0.));
#11610=DIRECTION('',(-1.,1.79510077278017E-16,0.));
#11611=DIRECTION('',(-1.79510077278017E-16,-1.,0.));
#11612=DIRECTION('',(1.,-1.79510077278017E-16,0.));
#11613=DIRECTION('',(1.79510077278017E-16,1.,0.));
#11614=DIRECTION('',(0.,0.,1.));
#11615=DIRECTION('',(0.,0.,1.));
#11616=DIRECTION('',(1.79510077278017E-16,1.,0.));
#11617=DIRECTION('',(0.,0.,-1.));
#11618=DIRECTION('',(-1.,0.,0.));
#11619=DIRECTION('',(-1.,1.79510077278017E-16,0.));
#11620=DIRECTION('',(-1.,1.79510077278017E-16,0.));
#11621=DIRECTION('',(1.79510077278017E-16,1.,0.));
#11622=DIRECTION('',(-1.,1.79510077278017E-16,0.));
#11623=DIRECTION('',(1.79510077278017E-16,1.,0.));
#11624=DIRECTION('',(-1.,1.79510077278017E-16,0.));
#11625=DIRECTION('',(1.79510077278017E-16,1.,0.));
#11626=DIRECTION('',(-1.,1.79510077278017E-16,0.));
#11627=DIRECTION('',(-1.79510077278017E-16,-1.,0.));
#11628=DIRECTION('',(1.,-1.79510077278017E-16,0.));
#11629=DIRECTION('',(-1.,1.79510077278017E-16,0.));
#11630=DIRECTION('',(-1.79510077278017E-16,-1.,0.));
#11631=DIRECTION('',(1.,-1.79510077278017E-16,0.));
#11632=DIRECTION('',(1.79510077278017E-16,1.,0.));
#11633=DIRECTION('',(1.,-1.79510077278017E-16,0.));
#11634=DIRECTION('',(1.79510077278017E-16,1.,0.));
#11635=DIRECTION('',(1.,-1.79510077278017E-16,0.));
#11636=DIRECTION('',(1.79510077278017E-16,1.,0.));
#11637=DIRECTION('',(-1.,1.79510077278017E-16,0.));
#11638=DIRECTION('',(-1.79510077278017E-16,-1.,0.));
#11639=DIRECTION('',(1.,-1.79510077278017E-16,0.));
#11640=DIRECTION('',(1.79510077278017E-16,1.,0.));
#11641=DIRECTION('',(1.,-1.79510077278017E-16,0.));
#11642=DIRECTION('',(1.79510077278017E-16,1.,0.));
#11643=DIRECTION('',(-1.79510077278017E-16,-1.,0.));
#11644=DIRECTION('',(1.,-1.79510077278017E-16,0.));
#11645=DIRECTION('',(-1.79510077278017E-16,-1.,0.));
#11646=DIRECTION('',(1.,-1.79510077278017E-16,0.));
#11647=DIRECTION('',(1.79510077278017E-16,1.,0.));
#11648=DIRECTION('',(-1.,1.79510077278017E-16,0.));
#11649=DIRECTION('',(-1.79510077278017E-16,-1.,0.));
#11650=DIRECTION('',(1.,-1.79510077278017E-16,0.));
#11651=DIRECTION('',(-1.79510077278017E-16,-1.,0.));
#11652=DIRECTION('',(1.,-1.79510077278017E-16,0.));
#11653=DIRECTION('',(0.961854757706838,2.33688909898699E-9,-0.273560642411731));
#11654=DIRECTION('',(-0.273560642411731,1.26681219316619E-8,-0.961854757706838));
#11655=DIRECTION('',(-1.21774755532527E-9,-1.,-1.282417700216E-8));
#11656=DIRECTION('',(-0.968027777687873,-2.03804185254847E-9,0.250843021877584));
#11657=DIRECTION('',(-1.21776149934057E-9,-1.,-1.28241737988452E-8));
#11658=DIRECTION('',(-0.968027777687872,-2.03802755082523E-9,0.250843021877588));
#11659=DIRECTION('',(1.21775143246947E-9,1.,1.28241820818757E-8));
#11660=DIRECTION('',(0.968027777687873,2.03803937357643E-9,-0.250843021877584));
#11661=DIRECTION('',(0.250843021877585,-1.27196232106737E-8,0.968027777687873));
#11662=DIRECTION('',(0.968027777687873,2.03804198155264E-9,-0.250843021877585));
#11663=DIRECTION('',(1.21776149934057E-9,1.,1.28241737988452E-8));
#11664=DIRECTION('',(0.250843021877598,-1.27196234375999E-8,0.968027777687869));
#11665=DIRECTION('',(0.968027777687873,2.0380344382051E-9,-0.250843021877585));
#11666=DIRECTION('',(-0.250843021877585,1.27196292557776E-8,-0.968027777687873));
#11667=DIRECTION('',(1.21774746985897E-9,1.,1.28241770243067E-8));
#11668=DIRECTION('',(0.968027777687873,2.03804194083757E-9,-0.250843021877584));
#11669=DIRECTION('',(-1.21775733879961E-9,-1.,-1.28241840443794E-8));
#11670=DIRECTION('',(-0.968027777687868,-2.03803414836538E-9,0.250843021877601));
#11671=DIRECTION('',(1.21774689280354E-9,1.,1.28241777415576E-8));
#11672=DIRECTION('',(-0.250843021877585,1.27196235903072E-8,-0.968027777687873));
#11673=DIRECTION('',(0.968027777687866,2.03803575050085E-9,-0.25084302187761));
#11674=DIRECTION('',(0.25084302187761,-1.2719632311919E-8,0.968027777687866));
#11675=DIRECTION('',(-0.968027777687873,-2.03804248795259E-9,0.250843021877584));
#11676=DIRECTION('',(-1.21774913013934E-9,-1.,-1.28241856125964E-8));
#11677=DIRECTION('',(0.,1.,0.));
#11678=DIRECTION('',(0.,0.,1.));
#11679=DIRECTION('',(1.,0.,0.));
#11680=DIRECTION('',(0.,0.,-1.));
#11681=DIRECTION('',(1.,0.,0.));
#11682=DIRECTION('',(0.,0.,-1.));
#11683=DIRECTION('',(1.,0.,0.));
#11684=DIRECTION('',(0.,0.,-1.));
#11685=DIRECTION('',(0.,-1.,0.));
#11686=DIRECTION('',(0.,0.,-1.));
#11687=DIRECTION('',(0.,-1.,0.));
#11688=DIRECTION('',(0.,1.,0.));
#11689=DIRECTION('',(0.,0.,1.));
#11690=DIRECTION('',(1.,0.,0.));
#11691=DIRECTION('',(0.,0.,-1.));
#11692=DIRECTION('',(1.,0.,0.));
#11693=DIRECTION('',(0.,1.,0.));
#11694=DIRECTION('',(0.,0.,1.));
#11695=DIRECTION('',(1.,0.,0.));
#11696=DIRECTION('',(0.,0.,-1.));
#11697=DIRECTION('',(1.,0.,0.));
#11698=DIRECTION('',(0.,0.,-1.));
#11699=DIRECTION('',(-1.,0.,0.));
#11700=DIRECTION('',(0.,0.,1.));
#11701=DIRECTION('',(0.,1.,0.));
#11702=DIRECTION('',(0.,0.,-1.));
#11703=DIRECTION('',(0.,1.,0.));
#11704=DIRECTION('',(0.,1.,0.));
#11705=DIRECTION('',(0.,0.,1.));
#11706=DIRECTION('',(1.,0.,0.));
#11707=DIRECTION('',(0.,0.,-1.));
#11708=DIRECTION('',(1.,0.,0.));
#11709=DIRECTION('',(-1.,0.,0.));
#11710=DIRECTION('',(0.,0.,1.));
#11711=DIRECTION('',(0.,1.,0.));
#11712=DIRECTION('',(0.,0.,-1.));
#11713=DIRECTION('',(0.,1.,0.));
#11714=DIRECTION('',(0.,1.,0.));
#11715=DIRECTION('',(0.,0.,1.));
#11716=DIRECTION('',(1.,0.,0.));
#11717=DIRECTION('',(0.,0.,-1.));
#11718=DIRECTION('',(1.,0.,0.));
#11719=DIRECTION('',(1.,0.,0.));
#11720=DIRECTION('',(0.,0.,-1.));
#11721=DIRECTION('',(0.,-1.,0.));
#11722=DIRECTION('',(0.,0.,-1.));
#11723=DIRECTION('',(0.,-1.,0.));
#11724=DIRECTION('',(0.,1.,0.));
#11725=DIRECTION('',(0.,0.,1.));
#11726=DIRECTION('',(1.,0.,0.));
#11727=DIRECTION('',(0.,0.,-1.));
#11728=DIRECTION('',(1.,0.,0.));
#11729=DIRECTION('',(1.,0.,0.));
#11730=DIRECTION('',(0.,0.,-1.));
#11731=DIRECTION('',(0.,-1.,0.));
#11732=DIRECTION('',(0.,-1.,0.));
#11733=DIRECTION('',(1.,0.,0.));
#11734=DIRECTION('',(0.,0.,-1.));
#11735=DIRECTION('',(0.,-1.,0.));
#11736=DIRECTION('',(0.,-1.,0.));
#11737=DIRECTION('',(0.,0.,1.));
#11738=DIRECTION('',(1.,0.,0.));
#11739=DIRECTION('',(-1.,0.,0.));
#11740=DIRECTION('',(0.,1.,0.));
#11741=DIRECTION('',(-1.,0.,0.));
#11742=DIRECTION('',(0.,1.,0.));
#11743=DIRECTION('',(-1.,0.,0.));
#11744=DIRECTION('',(0.,1.,0.));
#11745=DIRECTION('',(-1.,0.,0.));
#11746=DIRECTION('',(0.,1.,0.));
#11747=DIRECTION('',(0.,0.,-1.));
#11748=DIRECTION('',(-1.,0.,0.));
#11749=DIRECTION('',(0.,0.,-1.));
#11750=DIRECTION('',(-1.,0.,0.));
#11751=DIRECTION('',(0.,0.,-1.));
#11752=DIRECTION('',(-1.,0.,0.));
#11753=DIRECTION('',(0.,0.,-1.));
#11754=DIRECTION('',(-1.,0.,0.));
#11755=DIRECTION('',(0.,0.,-1.));
#11756=DIRECTION('',(-1.,0.,0.));
#11757=DIRECTION('',(0.,0.,-1.));
#11758=DIRECTION('',(-1.,0.,0.));
#11759=DIRECTION('',(0.,0.,1.));
#11760=DIRECTION('',(1.,0.,0.));
#11761=DIRECTION('',(0.,0.,1.));
#11762=DIRECTION('',(1.,0.,0.));
#11763=DIRECTION('',(0.,0.,1.));
#11764=DIRECTION('',(1.,0.,0.));
#11765=DIRECTION('',(0.,0.,1.));
#11766=DIRECTION('',(1.,0.,0.));
#11767=DIRECTION('',(0.,0.,1.));
#11768=DIRECTION('',(1.,0.,0.));
#11769=DIRECTION('',(0.,0.,1.));
#11770=DIRECTION('',(1.,0.,0.));
#11771=DIRECTION('',(0.,0.,1.));
#11772=DIRECTION('',(1.,0.,0.));
#11773=DIRECTION('',(0.,0.,-1.));
#11774=DIRECTION('',(-1.,0.,0.));
#11775=DIRECTION('',(0.,0.,-1.));
#11776=DIRECTION('',(-1.,0.,0.));
#11777=DIRECTION('',(0.,0.,1.));
#11778=DIRECTION('',(1.,0.,0.));
#11779=DIRECTION('',(0.,0.,-1.));
#11780=DIRECTION('',(-1.,0.,0.));
#11781=DIRECTION('',(0.,0.,-1.));
#11782=DIRECTION('',(-1.,0.,0.));
#11783=DIRECTION('',(0.,0.,-1.));
#11784=DIRECTION('',(-1.,0.,0.));
#11785=DIRECTION('',(0.,0.,-1.));
#11786=DIRECTION('',(-1.,0.,0.));
#11787=DIRECTION('',(0.,0.,1.));
#11788=DIRECTION('',(1.,0.,0.));
#11789=DIRECTION('',(0.,0.,-1.));
#11790=DIRECTION('',(-1.,0.,0.));
#11791=DIRECTION('',(0.,0.,-1.));
#11792=DIRECTION('',(-1.,0.,0.));
#11793=DIRECTION('',(0.,0.,-1.));
#11794=DIRECTION('',(-1.,0.,0.));
#11795=DIRECTION('',(0.,0.,-1.));
#11796=DIRECTION('',(-1.,0.,0.));
#11797=DIRECTION('',(0.,0.,1.));
#11798=DIRECTION('',(1.,0.,0.));
#11799=DIRECTION('',(0.,0.,-1.));
#11800=DIRECTION('',(-1.,0.,0.));
#11801=DIRECTION('',(0.,0.,-1.));
#11802=DIRECTION('',(-1.,0.,0.));
#11803=DIRECTION('',(0.,0.,-1.));
#11804=DIRECTION('',(-1.,0.,0.));
#11805=DIRECTION('',(0.,0.,-1.));
#11806=DIRECTION('',(-1.,0.,0.));
#11807=DIRECTION('',(0.,0.,1.));
#11808=DIRECTION('',(1.,0.,0.));
#11809=DIRECTION('',(0.,0.,-1.));
#11810=DIRECTION('',(-1.,0.,0.));
#11811=DIRECTION('',(0.,0.,-1.));
#11812=DIRECTION('',(-1.,0.,0.));
#11813=DIRECTION('',(0.,0.,-1.));
#11814=DIRECTION('',(-1.,0.,0.));
#11815=DIRECTION('',(0.,0.,-1.));
#11816=DIRECTION('',(-1.,0.,0.));
#11817=DIRECTION('',(0.,0.,1.));
#11818=DIRECTION('',(1.,0.,0.));
#11819=DIRECTION('',(0.,0.,-1.));
#11820=DIRECTION('',(-1.,0.,0.));
#11821=DIRECTION('',(0.,0.,-1.));
#11822=DIRECTION('',(-1.,0.,0.));
#11823=DIRECTION('',(0.,0.,-1.));
#11824=DIRECTION('',(-1.,0.,0.));
#11825=DIRECTION('',(0.,0.,-1.));
#11826=DIRECTION('',(-1.,0.,0.));
#11827=DIRECTION('',(0.,0.,1.));
#11828=DIRECTION('',(1.,0.,0.));
#11829=DIRECTION('',(0.,0.,-1.));
#11830=DIRECTION('',(-1.,0.,0.));
#11831=DIRECTION('',(0.,0.,-1.));
#11832=DIRECTION('',(-1.,0.,0.));
#11833=DIRECTION('',(0.,1.,0.));
#11834=DIRECTION('',(0.,0.,1.));
#11835=DIRECTION('',(0.,0.,-1.));
#11836=DIRECTION('',(0.,0.,-1.));
#11837=DIRECTION('',(1.,0.,0.));
#11838=DIRECTION('',(1.,0.,0.));
#11839=DIRECTION('',(0.,0.,-1.));
#11840=DIRECTION('',(0.,0.,-1.));
#11841=DIRECTION('',(0.,-1.,0.));
#11842=DIRECTION('',(0.,1.,0.));
#11843=DIRECTION('',(0.,0.,1.));
#11844=DIRECTION('',(0.,0.,-1.));
#11845=DIRECTION('',(1.,0.,0.));
#11846=DIRECTION('',(1.,0.,0.));
#11847=DIRECTION('',(0.,0.,-1.));
#11848=DIRECTION('',(0.,-1.,0.));
#11849=DIRECTION('',(0.,0.,1.));
#11850=DIRECTION('',(1.,0.,0.));
#11851=DIRECTION('',(0.,1.,0.));
#11852=DIRECTION('',(0.,0.,1.));
#11853=DIRECTION('',(0.,0.,-1.));
#11854=DIRECTION('',(0.,0.,-1.));
#11855=DIRECTION('',(1.,0.,0.));
#11856=DIRECTION('',(1.,0.,0.));
#11857=DIRECTION('',(0.,0.,-1.));
#11858=DIRECTION('',(0.,0.,-1.));
#11859=DIRECTION('',(0.,-1.,0.));
#11860=DIRECTION('',(0.,1.,0.));
#11861=DIRECTION('',(0.,0.,1.));
#11862=DIRECTION('',(0.,0.,-1.));
#11863=DIRECTION('',(1.,0.,0.));
#11864=DIRECTION('',(1.,0.,0.));
#11865=DIRECTION('',(0.,0.,-1.));
#11866=DIRECTION('',(0.,-1.,0.));
#11867=DIRECTION('',(0.,0.,1.));
#11868=DIRECTION('',(1.,0.,0.));
#11869=DIRECTION('',(-0.250843021877573,1.27196292121662E-8,-0.968027777687876));
#11870=DIRECTION('',(-1.21775479397663E-9,-1.,-1.2824181501682E-8));
#11871=DIRECTION('',(-1.21774746795198E-9,-1.,-1.28241771792603E-8));
#11872=DIRECTION('',(-0.968027777687873,-2.03804198155261E-9,0.250843021877584));
#11873=DIRECTION('',(-0.250843021877585,1.27196235140734E-8,-0.968027777687873));
#11874=DIRECTION('',(0.968027777687873,2.03802762931114E-9,-0.250843021877585));
#11875=DIRECTION('',(1.,0.,0.));
#11876=DIRECTION('',(0.,0.,-1.));
#11877=DIRECTION('',(0.,-1.,0.));
#11878=DIRECTION('',(0.,0.,-1.));
#11879=DIRECTION('',(0.,-1.,0.));
#11880=DIRECTION('',(0.,0.,-1.));
#11881=DIRECTION('',(0.,1.,0.));
#11882=DIRECTION('',(0.,0.,1.));
#11883=DIRECTION('',(1.,0.,0.));
#11884=DIRECTION('',(0.,0.,-1.));
#11885=DIRECTION('',(1.,0.,0.));
#11886=DIRECTION('',(-1.,0.,0.));
#11887=DIRECTION('',(0.,0.,1.));
#11888=DIRECTION('',(0.,1.,0.));
#11889=DIRECTION('',(0.,0.,-1.));
#11890=DIRECTION('',(0.,1.,0.));
#11891=DIRECTION('',(0.,1.,0.));
#11892=DIRECTION('',(0.,0.,1.));
#11893=DIRECTION('',(1.,0.,0.));
#11894=DIRECTION('',(0.,0.,-1.));
#11895=DIRECTION('',(1.,0.,0.));
#11896=DIRECTION('',(1.,0.,0.));
#11897=DIRECTION('',(0.,0.,-1.));
#11898=DIRECTION('',(0.,-1.,0.));
#11899=DIRECTION('',(0.,0.,-1.));
#11900=DIRECTION('',(0.,-1.,0.));
#11901=DIRECTION('',(0.,1.,0.));
#11902=DIRECTION('',(0.,0.,1.));
#11903=DIRECTION('',(1.,0.,0.));
#11904=DIRECTION('',(1.,0.,0.));
#11905=DIRECTION('',(0.,0.,1.));
#11906=DIRECTION('',(1.,0.,0.));
#11907=DIRECTION('',(0.,0.,1.));
#11908=DIRECTION('',(1.,0.,0.));
#11909=DIRECTION('',(0.250843021877573,-1.27196294756193E-8,0.968027777687876));
#11910=DIRECTION('',(1.21775502755063E-9,1.,1.28241817133109E-8));
#11911=DIRECTION('',(-1.21776148222305E-9,-1.,-1.28241738032809E-8));
#11912=DIRECTION('',(0.968027777687872,2.03802756850811E-9,-0.250843021877588));
#11913=DIRECTION('',(-0.250843021877585,1.27196235991298E-8,-0.968027777687873));
#11914=DIRECTION('',(-1.21775338285873E-9,-1.,-1.28241760689171E-8));
#11915=DIRECTION('',(1.21776148222305E-9,1.,1.28241738032809E-8));
#11916=DIRECTION('',(0.968027777687872,2.03802756850811E-9,-0.250843021877589));
#11917=DIRECTION('',(-0.250843021877585,1.2719623596381E-8,-0.968027777687873));
#11918=DIRECTION('',(1.21775333450353E-9,1.,1.28241760786077E-8));
#11919=DIRECTION('',(-0.250843021877593,1.2719623699201E-8,-0.968027777687871));
#11920=DIRECTION('',(1.21774717577625E-9,1.,1.28241777807219E-8));
#11921=DIRECTION('',(1.21776149934057E-9,1.,1.28241737988452E-8));
#11922=DIRECTION('',(-0.968027777687872,-2.03802755082523E-9,0.250843021877589));
#11923=DIRECTION('',(-0.968027777687873,-2.03803601517317E-9,0.250843021877586));
#11924=DIRECTION('',(0.250843021877586,-1.27196236629429E-8,0.968027777687872));
#11925=DIRECTION('',(1.21775143246947E-9,1.,1.28241820818757E-8));
#11926=DIRECTION('',(0.968027777687873,2.03803937357643E-9,-0.250843021877584));
#11927=DIRECTION('',(1.21773374754611E-9,1.,1.28241795646098E-8));
#11928=DIRECTION('',(-0.250843021877588,1.27196220576762E-8,-0.968027777687872));
#11929=DIRECTION('',(0.968027777687869,2.03802766740335E-9,-0.250843021877598));
#11930=DIRECTION('',(0.250843021877598,-1.27196239679588E-8,0.968027777687869));
#11931=DIRECTION('',(-1.21774689280355E-9,-1.,-1.28241777415576E-8));
#11932=DIRECTION('',(-0.968027777687876,-2.03804267936049E-9,0.250843021877573));
#11933=DIRECTION('',(-1.21774746985897E-9,-1.,-1.28241770243067E-8));
#11934=DIRECTION('',(0.968027777687873,2.03804194083757E-9,-0.250843021877584));
#11935=DIRECTION('',(1.21774695665147E-9,1.,1.28241781636481E-8));
#11936=DIRECTION('',(-0.250843021877585,1.27196240149183E-8,-0.968027777687873));
#11937=DIRECTION('',(0.250843021877585,-1.27196231621016E-8,0.968027777687873));
#11938=DIRECTION('',(0.968027777687873,2.03804198155263E-9,-0.250843021877585));
#11939=DIRECTION('',(0.250843021877585,-1.27196291334879E-8,0.968027777687873));
#11940=DIRECTION('',(0.968027777687873,2.03803260509282E-9,-0.250843021877585));
#11941=DIRECTION('',(-0.968027777687873,-2.03804244458445E-9,0.250843021877584));
#11942=DIRECTION('',(-1.21774711831954E-9,-1.,-1.28241776758972E-8));
#11943=DIRECTION('',(-0.931102123276001,-0.273560646618849,0.24127455036203));
#11944=DIRECTION('',(0.250843021877589,-1.27196482235803E-8,0.968027777687872));
#11945=DIRECTION('',(-1.21775143246947E-9,-1.,-1.28241820818757E-8));
#11946=DIRECTION('',(0.968027777687873,2.03803937357643E-9,-0.250843021877584));
#11947=DIRECTION('',(1.21772991475955E-9,1.,1.28241905035506E-8));
#11948=DIRECTION('',(-0.250843021877587,1.2719631685447E-8,-0.968027777687872));
#11949=DIRECTION('',(0.,0.,1.));
#11950=DIRECTION('',(1.,0.,0.));
#11951=DIRECTION('',(1.,0.,0.));
#11952=DIRECTION('',(0.,-1.,0.));
#11953=DIRECTION('',(1.,0.,0.));
#11954=DIRECTION('',(0.,-1.,0.));
#11955=DIRECTION('',(1.,0.,0.));
#11956=DIRECTION('',(0.,-1.,0.));
#11957=DIRECTION('',(1.,0.,0.));
#11958=DIRECTION('',(0.,-1.,0.));
#11959=DIRECTION('',(1.,0.,0.));
#11960=DIRECTION('',(0.,-1.,0.));
#11961=DIRECTION('',(1.,0.,0.));
#11962=DIRECTION('',(0.,-1.,0.));
#11963=DIRECTION('',(1.,0.,0.));
#11964=DIRECTION('',(0.,-1.,0.));
#11965=DIRECTION('',(1.,0.,0.));
#11966=DIRECTION('',(0.,-1.,0.));
#11967=DIRECTION('',(1.,0.,0.));
#11968=DIRECTION('',(0.,-1.,0.));
#11969=DIRECTION('',(1.,0.,0.));
#11970=DIRECTION('',(0.,-1.,0.));
#11971=DIRECTION('',(1.,0.,0.));
#11972=DIRECTION('',(0.,-1.,0.));
#11973=DIRECTION('',(1.,0.,0.));
#11974=DIRECTION('',(0.,-1.,0.));
#11975=DIRECTION('',(0.,0.,1.));
#11976=DIRECTION('',(1.,0.,0.));
#11977=DIRECTION('',(0.,1.,0.));
#11978=DIRECTION('',(1.,0.,0.));
#11979=DIRECTION('',(0.,1.,0.));
#11980=DIRECTION('',(1.,0.,0.));
#11981=DIRECTION('',(0.,1.,0.));
#11982=DIRECTION('',(1.,0.,0.));
#11983=DIRECTION('',(0.,1.,0.));
#11984=DIRECTION('',(1.,0.,0.));
#11985=DIRECTION('',(0.,1.,0.));
#11986=DIRECTION('',(1.,0.,0.));
#11987=DIRECTION('',(0.,1.,0.));
#11988=DIRECTION('',(1.,0.,0.));
#11989=DIRECTION('',(0.,1.,0.));
#11990=DIRECTION('',(1.,0.,0.));
#11991=DIRECTION('',(0.,1.,0.));
#11992=DIRECTION('',(1.,0.,0.));
#11993=DIRECTION('',(1.,0.,0.));
#11994=DIRECTION('',(0.,-1.,0.));
#11995=DIRECTION('',(1.,0.,0.));
#11996=DIRECTION('',(0.,-1.,0.));
#11997=DIRECTION('',(1.,0.,0.));
#11998=DIRECTION('',(0.,-1.,0.));
#11999=DIRECTION('',(1.,0.,0.));
#12000=DIRECTION('',(0.,-1.,0.));
#12001=DIRECTION('',(0.,1.,0.));
#12002=DIRECTION('',(-1.,0.,0.));
#12003=DIRECTION('',(0.,1.,0.));
#12004=DIRECTION('',(-1.,0.,0.));
#12005=DIRECTION('',(1.,0.,0.));
#12006=DIRECTION('',(0.,-1.,0.));
#12007=DIRECTION('',(1.,0.,0.));
#12008=DIRECTION('',(0.,-1.,0.));
#12009=DIRECTION('',(0.,-1.,0.));
#12010=DIRECTION('',(1.,0.,0.));
#12011=DIRECTION('',(0.,-1.,0.));
#12012=DIRECTION('',(1.,0.,0.));
#12013=DIRECTION('',(0.,-1.,0.));
#12014=DIRECTION('',(1.,0.,0.));
#12015=DIRECTION('',(0.,-1.,0.));
#12016=DIRECTION('',(1.,0.,0.));
#12017=DIRECTION('',(0.,-1.,0.));
#12018=DIRECTION('',(1.,0.,0.));
#12019=DIRECTION('',(0.,-1.,0.));
#12020=DIRECTION('',(1.,0.,0.));
#12021=DIRECTION('',(0.,1.,0.));
#12022=DIRECTION('',(-1.,0.,0.));
#12023=DIRECTION('',(0.,1.,0.));
#12024=DIRECTION('',(-1.,0.,0.));
#12025=DIRECTION('',(1.,0.,0.));
#12026=DIRECTION('',(0.,0.,-1.));
#12027=DIRECTION('',(0.,0.,-1.));
#12028=DIRECTION('',(0.,0.,-1.));
#12029=DIRECTION('',(0.,-1.,0.));
#12030=DIRECTION('',(0.,0.,-1.));
#12031=DIRECTION('',(0.,-1.,0.));
#12032=DIRECTION('',(0.,0.,-1.));
#12033=DIRECTION('',(0.,-1.,0.));
#12034=DIRECTION('',(0.,0.,-1.));
#12035=DIRECTION('',(0.,-1.,0.));
#12036=DIRECTION('',(0.,0.,-1.));
#12037=DIRECTION('',(1.,0.,0.));
#12038=DIRECTION('',(0.,0.,-1.));
#12039=DIRECTION('',(0.,1.,0.));
#12040=DIRECTION('',(0.,0.,-1.));
#12041=DIRECTION('',(0.,1.,0.));
#12042=DIRECTION('',(0.,0.,-1.));
#12043=DIRECTION('',(0.,0.,-1.));
#12044=DIRECTION('',(0.,0.,-1.));
#12045=DIRECTION('',(0.,1.,0.));
#12046=DIRECTION('',(0.,0.,-1.));
#12047=DIRECTION('',(0.,1.,0.));
#12048=DIRECTION('',(0.,0.,-1.));
#12049=DIRECTION('',(0.,1.,0.));
#12050=DIRECTION('',(0.,0.,1.));
#12051=DIRECTION('',(0.,1.,0.));
#12052=DIRECTION('',(0.,0.,1.));
#12053=DIRECTION('',(0.,1.,0.));
#12054=DIRECTION('',(0.,0.,1.));
#12055=DIRECTION('',(0.,0.,-1.));
#12056=DIRECTION('',(1.,0.,0.));
#12057=DIRECTION('',(0.,0.,-1.));
#12058=DIRECTION('',(1.,0.,0.));
#12059=DIRECTION('',(0.,0.,-1.));
#12060=DIRECTION('',(0.,0.,-1.));
#12061=DIRECTION('',(0.,-1.,0.));
#12062=DIRECTION('',(0.,1.,0.));
#12063=DIRECTION('',(0.,0.,1.));
#12064=DIRECTION('',(0.,0.,-1.));
#12065=DIRECTION('',(1.,0.,0.));
#12066=DIRECTION('',(1.,0.,0.));
#12067=DIRECTION('',(0.,0.,-1.));
#12068=DIRECTION('',(0.,-1.,0.));
#12069=DIRECTION('',(0.,0.,1.));
#12070=DIRECTION('',(1.,0.,0.));
#12071=DIRECTION('',(0.,1.,0.));
#12072=DIRECTION('',(0.,0.,1.));
#12073=DIRECTION('',(0.,0.,-1.));
#12074=DIRECTION('',(1.,0.,0.));
#12075=DIRECTION('',(0.,0.,-1.));
#12076=DIRECTION('',(1.,0.,0.));
#12077=DIRECTION('',(0.,0.,-1.));
#12078=DIRECTION('',(0.,0.,-1.));
#12079=DIRECTION('',(0.,-1.,0.));
#12080=DIRECTION('',(0.,1.,0.));
#12081=DIRECTION('',(0.,0.,1.));
#12082=DIRECTION('',(0.,0.,-1.));
#12083=DIRECTION('',(1.,0.,0.));
#12084=DIRECTION('',(1.,0.,0.));
#12085=DIRECTION('',(0.,0.,-1.));
#12086=DIRECTION('',(0.,-1.,0.));
#12087=DIRECTION('',(0.,0.,1.));
#12088=DIRECTION('',(1.,0.,0.));
#12089=DIRECTION('',(0.,1.,0.));
#12090=DIRECTION('',(0.,0.,1.));
#12091=DIRECTION('',(0.,0.,-1.));
#12092=DIRECTION('',(1.,0.,0.));
#12093=DIRECTION('',(0.,0.,-1.));
#12094=DIRECTION('',(1.,0.,0.));
#12095=DIRECTION('',(0.,0.,-1.));
#12096=DIRECTION('',(0.,0.,-1.));
#12097=DIRECTION('',(0.,-1.,0.));
#12098=DIRECTION('',(0.,1.,0.));
#12099=DIRECTION('',(0.,0.,1.));
#12100=DIRECTION('',(0.,0.,-1.));
#12101=DIRECTION('',(1.,0.,0.));
#12102=DIRECTION('',(1.,0.,0.));
#12103=DIRECTION('',(0.,0.,-1.));
#12104=DIRECTION('',(0.,-1.,0.));
#12105=DIRECTION('',(0.,0.,1.));
#12106=DIRECTION('',(1.,0.,0.));
#12107=DIRECTION('',(0.,-1.,0.));
#12108=DIRECTION('',(0.,0.,-1.));
#12109=DIRECTION('',(0.,0.,1.));
#12110=DIRECTION('',(0.,0.,1.));
#12111=DIRECTION('',(1.,0.,0.));
#12112=DIRECTION('',(-1.,0.,0.));
#12113=DIRECTION('',(0.,0.,1.));
#12114=DIRECTION('',(0.,-1.,0.));
#12115=DIRECTION('',(0.,0.,1.));
#12116=DIRECTION('',(0.,-1.,0.));
#12117=DIRECTION('',(0.,0.,-1.));
#12118=DIRECTION('',(1.,0.,0.));
#12119=DIRECTION('',(0.,0.,1.));
#12120=DIRECTION('',(-1.,0.,0.));
#12121=DIRECTION('',(0.,0.,1.));
#12122=DIRECTION('',(0.,-1.,0.));
#12123=DIRECTION('',(0.,0.,1.));
#12124=DIRECTION('',(1.,0.,0.));
#12125=DIRECTION('',(0.,-1.,0.));
#12126=DIRECTION('',(0.,0.,-1.));
#12127=DIRECTION('',(0.,0.,1.));
#12128=DIRECTION('',(0.,0.,1.));
#12129=DIRECTION('',(1.,0.,0.));
#12130=DIRECTION('',(-1.,0.,0.));
#12131=DIRECTION('',(0.,0.,1.));
#12132=DIRECTION('',(0.,-1.,0.));
#12133=DIRECTION('',(0.,0.,1.));
#12134=DIRECTION('',(0.,-1.,0.));
#12135=DIRECTION('',(0.,0.,-1.));
#12136=DIRECTION('',(1.,0.,0.));
#12137=DIRECTION('',(0.,0.,1.));
#12138=DIRECTION('',(-1.,0.,0.));
#12139=DIRECTION('',(0.,0.,1.));
#12140=DIRECTION('',(0.,-1.,0.));
#12141=DIRECTION('',(0.,0.,1.));
#12142=DIRECTION('',(1.,0.,0.));
#12143=DIRECTION('',(0.,-1.,0.));
#12144=DIRECTION('',(0.,0.,-1.));
#12145=DIRECTION('',(0.,0.,1.));
#12146=DIRECTION('',(0.,0.,1.));
#12147=DIRECTION('',(1.,0.,0.));
#12148=DIRECTION('',(-1.,0.,0.));
#12149=DIRECTION('',(0.,0.,1.));
#12150=DIRECTION('',(0.,-1.,0.));
#12151=DIRECTION('',(0.,0.,1.));
#12152=DIRECTION('',(0.,-1.,0.));
#12153=DIRECTION('',(0.,0.,-1.));
#12154=DIRECTION('',(1.,0.,0.));
#12155=DIRECTION('',(0.,0.,1.));
#12156=DIRECTION('',(-1.,0.,0.));
#12157=DIRECTION('',(0.,0.,1.));
#12158=DIRECTION('',(0.,-1.,0.));
#12159=DIRECTION('',(0.,0.,1.));
#12160=DIRECTION('',(1.,0.,0.));
#12161=DIRECTION('',(0.,0.,1.));
#12162=DIRECTION('',(1.,0.,0.));
#12163=DIRECTION('',(-1.,0.,0.));
#12164=DIRECTION('',(0.,1.,0.));
#12165=DIRECTION('',(-1.,0.,0.));
#12166=DIRECTION('',(0.,1.,0.));
#12167=DIRECTION('',(0.,-1.,0.));
#12168=DIRECTION('',(0.,0.,-1.));
#12169=DIRECTION('',(0.,0.,-1.));
#12170=DIRECTION('',(0.,0.,1.));
#12171=DIRECTION('',(0.,-1.,0.));
#12172=DIRECTION('',(0.,0.,-1.));
#12173=DIRECTION('',(0.,0.,-1.));
#12174=DIRECTION('',(0.,0.,1.));
#12175=DIRECTION('',(1.,0.,0.));
#12176=DIRECTION('',(0.,0.,-1.));
#12177=DIRECTION('',(0.,0.,1.));
#12178=DIRECTION('',(1.,0.,0.));
#12179=DIRECTION('',(-1.,0.,0.));
#12180=DIRECTION('',(0.,1.,0.));
#12181=DIRECTION('',(-1.,0.,0.));
#12182=DIRECTION('',(0.,1.,0.));
#12183=DIRECTION('',(0.,-1.,0.));
#12184=DIRECTION('',(0.,0.,-1.));
#12185=DIRECTION('',(0.,0.,1.));
#12186=DIRECTION('',(0.,0.,1.));
#12187=DIRECTION('',(0.,-1.,0.));
#12188=DIRECTION('',(0.,0.,-1.));
#12189=DIRECTION('',(0.,0.,1.));
#12190=DIRECTION('',(0.,0.,1.));
#12191=DIRECTION('',(1.,0.,0.));
#12192=DIRECTION('',(0.,0.,-1.));
#12193=DIRECTION('',(1.,0.,0.));
#12194=DIRECTION('',(0.,0.,-1.));
#12195=DIRECTION('',(0.,0.,-1.));
#12196=DIRECTION('',(-1.,0.,0.));
#12197=DIRECTION('',(1.,0.,0.));
#12198=DIRECTION('',(1.,0.,0.));
#12199=DIRECTION('',(0.,1.,0.));
#12200=DIRECTION('',(0.,-1.,0.));
#12201=DIRECTION('',(0.,0.,-1.));
#12202=DIRECTION('',(0.,0.,-1.));
#12203=DIRECTION('',(1.,0.,0.));
#12204=DIRECTION('',(0.,0.,-1.));
#12205=DIRECTION('',(-1.,0.,0.));
#12206=DIRECTION('',(0.,1.,0.));
#12207=DIRECTION('',(1.,0.,0.));
#12208=DIRECTION('',(0.,-1.,0.));
#12209=DIRECTION('',(0.,0.,-1.));
#12210=DIRECTION('',(0.,0.,-1.));
#12211=DIRECTION('',(1.,0.,0.));
#12212=DIRECTION('',(0.,1.,0.));
#12213=DIRECTION('',(0.,0.,-1.));
#12214=DIRECTION('',(-1.,0.,0.));
#12215=DIRECTION('',(1.,0.,0.));
#12216=DIRECTION('',(1.,0.,0.));
#12217=DIRECTION('',(0.,1.,0.));
#12218=DIRECTION('',(0.,-1.,0.));
#12219=DIRECTION('',(0.,0.,-1.));
#12220=DIRECTION('',(0.,0.,-1.));
#12221=DIRECTION('',(1.,0.,0.));
#12222=DIRECTION('',(0.,0.,-1.));
#12223=DIRECTION('',(-1.,0.,0.));
#12224=DIRECTION('',(0.,1.,0.));
#12225=DIRECTION('',(1.,0.,0.));
#12226=DIRECTION('',(0.,-1.,0.));
#12227=DIRECTION('',(0.,0.,-1.));
#12228=DIRECTION('',(0.,0.,-1.));
#12229=DIRECTION('',(1.,0.,0.));
#12230=DIRECTION('',(0.,1.,0.));
#12231=DIRECTION('',(0.,1.,0.));
#12232=DIRECTION('',(0.,0.,1.));
#12233=DIRECTION('',(-1.,0.,0.));
#12234=DIRECTION('',(0.,0.,-1.));
#12235=DIRECTION('',(-1.,0.,0.));
#12236=DIRECTION('',(0.,0.,-1.));
#12237=DIRECTION('',(-1.,0.,0.));
#12238=DIRECTION('',(-1.,0.,0.));
#12239=DIRECTION('',(0.,-1.,0.));
#12240=DIRECTION('',(0.,1.,0.));
#12241=DIRECTION('',(0.,0.,1.));
#12242=DIRECTION('',(-1.,0.,0.));
#12243=DIRECTION('',(0.,0.,-1.));
#12244=DIRECTION('',(0.,0.,-1.));
#12245=DIRECTION('',(-1.,0.,0.));
#12246=DIRECTION('',(0.,-1.,0.));
#12247=DIRECTION('',(1.,0.,0.));
#12248=DIRECTION('',(0.,1.,0.));
#12249=DIRECTION('',(0.,1.,0.));
#12250=DIRECTION('',(0.,0.,1.));
#12251=DIRECTION('',(-1.,0.,0.));
#12252=DIRECTION('',(0.,0.,-1.));
#12253=DIRECTION('',(-1.,0.,0.));
#12254=DIRECTION('',(0.,0.,-1.));
#12255=DIRECTION('',(-1.,0.,0.));
#12256=DIRECTION('',(-1.,0.,0.));
#12257=DIRECTION('',(0.,-1.,0.));
#12258=DIRECTION('',(0.,1.,0.));
#12259=DIRECTION('',(0.,0.,1.));
#12260=DIRECTION('',(-1.,0.,0.));
#12261=DIRECTION('',(0.,0.,-1.));
#12262=DIRECTION('',(0.,0.,-1.));
#12263=DIRECTION('',(-1.,0.,0.));
#12264=DIRECTION('',(0.,-1.,0.));
#12265=DIRECTION('',(1.,0.,0.));
#12266=DIRECTION('',(0.,1.,0.));
#12267=DIRECTION('',(0.,1.,0.));
#12268=DIRECTION('',(0.,0.,1.));
#12269=DIRECTION('',(0.,0.,-1.));
#12270=DIRECTION('',(1.,0.,0.));
#12271=DIRECTION('',(0.,0.,-1.));
#12272=DIRECTION('',(1.,0.,0.));
#12273=DIRECTION('',(0.,0.,-1.));
#12274=DIRECTION('',(0.,0.,-1.));
#12275=DIRECTION('',(0.,-1.,0.));
#12276=DIRECTION('',(0.,1.,0.));
#12277=DIRECTION('',(0.,0.,1.));
#12278=DIRECTION('',(0.,0.,-1.));
#12279=DIRECTION('',(1.,0.,0.));
#12280=DIRECTION('',(1.,0.,0.));
#12281=DIRECTION('',(0.,0.,-1.));
#12282=DIRECTION('',(0.,-1.,0.));
#12283=DIRECTION('',(0.,0.,1.));
#12284=DIRECTION('',(1.,0.,0.));
#12285=DIRECTION('',(0.,1.,0.));
#12286=DIRECTION('',(0.,0.,1.));
#12287=DIRECTION('',(0.,0.,-1.));
#12288=DIRECTION('',(1.,0.,0.));
#12289=DIRECTION('',(0.,0.,-1.));
#12290=DIRECTION('',(1.,0.,0.));
#12291=DIRECTION('',(0.,0.,-1.));
#12292=DIRECTION('',(0.,0.,-1.));
#12293=DIRECTION('',(0.,-1.,0.));
#12294=DIRECTION('',(0.,1.,0.));
#12295=DIRECTION('',(0.,0.,1.));
#12296=DIRECTION('',(0.,0.,-1.));
#12297=DIRECTION('',(1.,0.,0.));
#12298=DIRECTION('',(1.,0.,0.));
#12299=DIRECTION('',(0.,0.,-1.));
#12300=DIRECTION('',(0.,-1.,0.));
#12301=DIRECTION('',(0.,0.,1.));
#12302=DIRECTION('',(1.,0.,0.));
#12303=DIRECTION('',(-1.,0.,0.));
#12304=DIRECTION('',(0.,0.,1.));
#12305=DIRECTION('',(-1.,0.,0.));
#12306=DIRECTION('',(0.,0.,1.));
#12307=DIRECTION('',(0.,0.,-1.));
#12308=DIRECTION('',(0.,1.,0.));
#12309=DIRECTION('',(0.,0.,-1.));
#12310=DIRECTION('',(0.,1.,0.));
#12311=DIRECTION('',(0.,0.,1.));
#12312=DIRECTION('',(0.,0.,-1.));
#12313=DIRECTION('',(1.,0.,0.));
#12314=DIRECTION('',(-1.,0.,0.));
#12315=DIRECTION('',(0.,0.,1.));
#12316=DIRECTION('',(0.,0.,-1.));
#12317=DIRECTION('',(0.,1.,0.));
#12318=DIRECTION('',(0.,1.,0.));
#12319=DIRECTION('',(0.,0.,1.));
#12320=DIRECTION('',(1.,0.,0.));
#12321=DIRECTION('',(0.,0.,1.));
#12322=DIRECTION('',(1.,0.,0.));
#12323=DIRECTION('',(-1.,0.,0.));
#12324=DIRECTION('',(0.,0.,1.));
#12325=DIRECTION('',(0.,0.,-1.));
#12326=DIRECTION('',(0.,1.,0.));
#12327=DIRECTION('',(0.,0.,-1.));
#12328=DIRECTION('',(0.,1.,0.));
#12329=DIRECTION('',(0.,0.,1.));
#12330=DIRECTION('',(0.,0.,-1.));
#12331=DIRECTION('',(1.,0.,0.));
#12332=DIRECTION('',(-1.,0.,0.));
#12333=DIRECTION('',(0.,0.,1.));
#12334=DIRECTION('',(0.,0.,-1.));
#12335=DIRECTION('',(0.,1.,0.));
#12336=DIRECTION('',(0.,1.,0.));
#12337=DIRECTION('',(0.,0.,1.));
#12338=DIRECTION('',(1.,0.,0.));
#12339=DIRECTION('',(0.,0.,1.));
#12340=DIRECTION('',(1.,0.,0.));
#12341=DIRECTION('',(-1.,0.,0.));
#12342=DIRECTION('',(0.,0.,1.));
#12343=DIRECTION('',(0.,0.,-1.));
#12344=DIRECTION('',(0.,1.,0.));
#12345=DIRECTION('',(0.,0.,-1.));
#12346=DIRECTION('',(0.,1.,0.));
#12347=DIRECTION('',(0.,0.,1.));
#12348=DIRECTION('',(0.,0.,-1.));
#12349=DIRECTION('',(1.,0.,0.));
#12350=DIRECTION('',(-1.,0.,0.));
#12351=DIRECTION('',(0.,0.,1.));
#12352=DIRECTION('',(0.,0.,-1.));
#12353=DIRECTION('',(0.,1.,0.));
#12354=DIRECTION('',(0.,1.,0.));
#12355=DIRECTION('',(0.,0.,1.));
#12356=DIRECTION('',(1.,0.,0.));
#12357=DIRECTION('',(0.,0.,1.));
#12358=DIRECTION('',(1.,0.,0.));
#12359=DIRECTION('',(-1.,0.,0.));
#12360=DIRECTION('',(0.,0.,1.));
#12361=DIRECTION('',(0.,0.,-1.));
#12362=DIRECTION('',(0.,1.,0.));
#12363=DIRECTION('',(0.,0.,-1.));
#12364=DIRECTION('',(0.,1.,0.));
#12365=DIRECTION('',(0.,0.,1.));
#12366=DIRECTION('',(0.,0.,-1.));
#12367=DIRECTION('',(1.,0.,0.));
#12368=DIRECTION('',(-1.,0.,0.));
#12369=DIRECTION('',(0.,0.,1.));
#12370=DIRECTION('',(0.,0.,-1.));
#12371=DIRECTION('',(0.,1.,0.));
#12372=DIRECTION('',(0.,1.,0.));
#12373=DIRECTION('',(0.,0.,1.));
#12374=DIRECTION('',(1.,0.,0.));
#12375=DIRECTION('',(0.,0.,1.));
#12376=DIRECTION('',(1.,0.,0.));
#12377=DIRECTION('',(0.,-1.,0.));
#12378=DIRECTION('',(0.,0.,-1.));
#12379=DIRECTION('',(0.,0.,1.));
#12380=DIRECTION('',(0.,0.,1.));
#12381=DIRECTION('',(1.,0.,0.));
#12382=DIRECTION('',(-1.,0.,0.));
#12383=DIRECTION('',(0.,0.,1.));
#12384=DIRECTION('',(0.,-1.,0.));
#12385=DIRECTION('',(0.,0.,1.));
#12386=DIRECTION('',(0.,-1.,0.));
#12387=DIRECTION('',(0.,0.,-1.));
#12388=DIRECTION('',(1.,0.,0.));
#12389=DIRECTION('',(0.,0.,1.));
#12390=DIRECTION('',(-1.,0.,0.));
#12391=DIRECTION('',(0.,0.,1.));
#12392=DIRECTION('',(0.,-1.,0.));
#12393=DIRECTION('',(0.,0.,1.));
#12394=DIRECTION('',(1.,0.,0.));
#12395=DIRECTION('',(0.,-1.,0.));
#12396=DIRECTION('',(0.,0.,-1.));
#12397=DIRECTION('',(0.,0.,1.));
#12398=DIRECTION('',(0.,0.,1.));
#12399=DIRECTION('',(1.,0.,0.));
#12400=DIRECTION('',(-1.,0.,0.));
#12401=DIRECTION('',(0.,0.,1.));
#12402=DIRECTION('',(0.,-1.,0.));
#12403=DIRECTION('',(0.,0.,1.));
#12404=DIRECTION('',(0.,-1.,0.));
#12405=DIRECTION('',(0.,0.,-1.));
#12406=DIRECTION('',(1.,0.,0.));
#12407=DIRECTION('',(0.,0.,1.));
#12408=DIRECTION('',(-1.,0.,0.));
#12409=DIRECTION('',(0.,0.,1.));
#12410=DIRECTION('',(0.,-1.,0.));
#12411=DIRECTION('',(0.,0.,1.));
#12412=DIRECTION('',(1.,0.,0.));
#12413=DIRECTION('',(0.250843021877573,-1.27196294820294E-8,0.968027777687876));
#12414=DIRECTION('',(-0.968027777687876,-2.03804267936049E-9,0.250843021877573));
#12415=DIRECTION('',(1.2177573246132E-9,1.,1.28241851673521E-8));
#12416=DIRECTION('',(0.250843021877582,-1.27196333954292E-8,0.968027777687874));
#12417=DIRECTION('',(-0.250843021877584,1.27196250600525E-8,-0.968027777687873));
#12418=DIRECTION('',(-1.21775995682381E-9,-1.,-1.28241758745936E-8));
#12419=DIRECTION('',(-0.968027777687872,-2.0380608125905E-9,0.250843021877587));
#12420=DIRECTION('',(-1.21773129053791E-9,-1.,-1.28241898200411E-8));
#12421=DIRECTION('',(0.968027777687869,2.03802771181925E-9,-0.250843021877598));
#12422=DIRECTION('',(0.250843021877598,-1.27196239679588E-8,0.968027777687869));
#12423=DIRECTION('',(-1.2177531264544E-9,-1.,-1.28241761353586E-8));
#12424=DIRECTION('',(-0.968027777687873,-2.03803624210966E-9,0.250843021877585));
#12425=DIRECTION('',(-0.968027777687873,-2.03804183768147E-9,0.250843021877584));
#12426=DIRECTION('',(1.21774759754473E-9,1.,1.28241771058209E-8));
#12427=DIRECTION('',(-0.968027777687873,-2.03804201824932E-9,0.250843021877585));
#12428=DIRECTION('',(0.250843021877585,-1.27196233919571E-8,0.968027777687873));
#12429=DIRECTION('',(-1.21776148222305E-9,-1.,-1.28241738032809E-8));
#12430=DIRECTION('',(0.968027777687872,2.03802756850811E-9,-0.250843021877589));
#12431=DIRECTION('',(1.21776148222305E-9,1.,1.28241738032809E-8));
#12432=DIRECTION('',(0.968027777687872,2.03802756850811E-9,-0.250843021877589));
#12433=DIRECTION('',(1.21776148222305E-9,1.,1.28241738032809E-8));
#12434=DIRECTION('',(0.968027777687872,2.03802756850811E-9,-0.250843021877589));
#12435=DIRECTION('',(0.250843021877584,-1.27196240032282E-8,0.968027777687873));
#12436=DIRECTION('',(-0.968027777687873,-2.03804319394375E-9,0.250843021877584));
#12437=DIRECTION('',(1.21774746985898E-9,1.,1.28241770243067E-8));
#12438=DIRECTION('',(0.968027777687873,2.03804194083757E-9,-0.250843021877584));
#12439=DIRECTION('',(-1.21775797198159E-9,-1.,-1.28241803355476E-8));
#12440=DIRECTION('',(0.968027777687873,2.03803260509283E-9,-0.250843021877585));
#12441=DIRECTION('',(-1.21775190119614E-9,-1.,-1.28241762931578E-8));
#12442=DIRECTION('',(-0.273560642411731,1.26681239736344E-8,-0.961854757706838));
#12443=DIRECTION('',(-0.968027777687872,-2.03805435838968E-9,0.250843021877588));
#12444=DIRECTION('',(-1.21773512354208E-9,-1.,-1.282417888194E-8));
#12445=DIRECTION('',(-1.2177614631931E-9,-1.,-1.28241739722373E-8));
#12446=DIRECTION('',(-0.968027777687872,-2.03802762931119E-9,0.250843021877589));
#12447=DIRECTION('',(1.21774755532527E-9,1.,1.282417700216E-8));
#12448=DIRECTION('',(-0.968027777687873,-2.03804185254847E-9,0.250843021877584));
#12449=DIRECTION('',(-0.250843021877598,1.27196240885642E-8,-0.968027777687869));
#12450=DIRECTION('',(1.21776173785675E-9,1.,1.28241744095035E-8));
#12451=DIRECTION('',(-0.968027777687873,-2.03803601517317E-9,0.250843021877586));
#12452=DIRECTION('',(-1.21775092371309E-9,-1.,-1.2824166730069E-8));
#12453=DIRECTION('',(0.250843021877599,-1.2719624125147E-8,0.968027777687869));
#12454=DIRECTION('',(-0.968027777687869,-2.03802794209914E-9,0.250843021877599));
#12455=DIRECTION('',(-1.2177573387996E-9,-1.,-1.28241840443794E-8));
#12456=DIRECTION('',(-0.968027777687866,-2.03803414836549E-9,0.250843021877609));
#12457=DIRECTION('',(-1.,0.,0.));
#12458=DIRECTION('',(0.,0.,1.));
#12459=DIRECTION('',(-1.,0.,0.));
#12460=DIRECTION('',(0.,0.,1.));
#12461=DIRECTION('',(0.,0.,1.));
#12462=DIRECTION('',(0.,-1.,0.));
#12463=DIRECTION('',(0.,0.,1.));
#12464=DIRECTION('',(0.,1.,0.));
#12465=DIRECTION('',(0.,0.,1.));
#12466=DIRECTION('',(0.,1.,0.));
#12467=DIRECTION('',(-1.,0.,0.));
#12468=DIRECTION('',(0.,0.,1.));
#12469=DIRECTION('',(-1.,0.,0.));
#12470=DIRECTION('',(0.,0.,1.));
#12471=DIRECTION('',(0.,-1.,0.));
#12472=DIRECTION('',(0.,0.,1.));
#12473=DIRECTION('',(0.,1.,0.));
#12474=DIRECTION('',(0.,0.,1.));
#12475=DIRECTION('',(0.,1.,0.));
#12476=DIRECTION('',(0.,0.,1.));
#12477=DIRECTION('',(1.,0.,0.));
#12478=DIRECTION('',(0.,0.,-1.));
#12479=DIRECTION('',(1.,0.,0.));
#12480=DIRECTION('',(0.,0.,-1.));
#12481=DIRECTION('',(0.,0.,-1.));
#12482=DIRECTION('',(0.,1.,0.));
#12483=DIRECTION('',(0.,0.,-1.));
#12484=DIRECTION('',(0.,-1.,0.));
#12485=DIRECTION('',(0.,0.,-1.));
#12486=DIRECTION('',(0.,-1.,0.));
#12487=DIRECTION('',(1.,0.,0.));
#12488=DIRECTION('',(0.,0.,-1.));
#12489=DIRECTION('',(1.,0.,0.));
#12490=DIRECTION('',(0.,0.,-1.));
#12491=DIRECTION('',(0.,1.,0.));
#12492=DIRECTION('',(0.,0.,-1.));
#12493=DIRECTION('',(0.,-1.,0.));
#12494=DIRECTION('',(0.,0.,-1.));
#12495=DIRECTION('',(0.,-1.,0.));
#12496=DIRECTION('',(0.,0.,-1.));
#12497=DIRECTION('',(0.,1.,0.));
#12498=DIRECTION('',(0.,0.,1.));
#12499=DIRECTION('',(-1.,0.,0.));
#12500=DIRECTION('',(1.,0.,0.));
#12501=DIRECTION('',(0.,-1.,0.));
#12502=DIRECTION('',(1.,0.,0.));
#12503=DIRECTION('',(-1.,0.,0.));
#12504=DIRECTION('',(1.,0.,0.));
#12505=DIRECTION('',(0.,0.,1.));
#12506=DIRECTION('',(1.,0.,0.));
#12507=DIRECTION('',(-1.,0.,0.));
#12508=DIRECTION('',(1.,0.,0.));
#12509=DIRECTION('',(-1.,0.,0.));
#12510=DIRECTION('',(1.,0.,0.));
#12511=DIRECTION('',(-1.,0.,0.));
#12512=DIRECTION('',(0.,0.,1.));
#12513=DIRECTION('',(0.,0.,1.));
#12514=DIRECTION('',(1.,0.,0.));
#12515=DIRECTION('',(1.,0.,0.));
#12516=DIRECTION('',(0.,-1.,0.));
#12517=DIRECTION('',(1.,0.,0.));
#12518=DIRECTION('',(-1.,0.,0.));
#12519=DIRECTION('',(0.,0.,1.));
#12520=DIRECTION('',(0.,1.,0.));
#12521=DIRECTION('',(0.,0.,1.));
#12522=DIRECTION('',(1.,0.,0.));
#12523=DIRECTION('',(0.,0.,-1.));
#12524=DIRECTION('',(1.,0.,0.));
#12525=DIRECTION('',(0.,-1.,0.));
#12526=DIRECTION('',(0.,0.,-1.));
#12527=DIRECTION('',(-1.,0.,0.));
#12528=DIRECTION('',(0.,0.,-1.));
#12529=DIRECTION('',(-1.,0.,0.));
#12530=DIRECTION('',(-1.,0.,0.));
#12531=DIRECTION('',(0.,-1.,0.));
#12532=DIRECTION('',(0.,0.,-1.));
#12533=DIRECTION('',(0.273560642411741,-1.26681241664545E-8,0.961854757706836));
#12534=DIRECTION('',(1.21775351373498E-9,1.,1.28241760350034E-8));
#12535=DIRECTION('',(-1.21774746985898E-9,-1.,-1.28241770243067E-8));
#12536=DIRECTION('',(0.968027777687873,2.03804194083756E-9,-0.250843021877584));
#12537=DIRECTION('',(-1.21776148222305E-9,-1.,-1.28241738032809E-8));
#12538=DIRECTION('',(0.968027777687872,2.03802756850811E-9,-0.250843021877589));
#12539=DIRECTION('',(0.250843021877584,-1.27196232332479E-8,0.968027777687873));
#12540=DIRECTION('',(-0.968027777687873,-2.03803286110558E-9,0.250843021877584));
#12541=DIRECTION('',(1.21776149934057E-9,1.,1.28241737988452E-8));
#12542=DIRECTION('',(0.250843021877598,-1.27196234375999E-8,0.968027777687869));
#12543=DIRECTION('',(0.968027777687872,2.03805437313467E-9,-0.250843021877588));
#12544=DIRECTION('',(0.250843021877588,-1.27196308991356E-8,0.968027777687872));
#12545=DIRECTION('',(0.250843021877584,-1.2719623660378E-8,0.968027777687873));
#12546=DIRECTION('',(-0.968027777687873,-2.03804250661955E-9,0.250843021877584));
#12547=DIRECTION('',(0.968027777687871,2.0380351124617E-9,-0.250843021877592));
#12548=DIRECTION('',(1.21775636765254E-9,1.,1.28241841400532E-8));
#12549=DIRECTION('',(0.250843021877584,-1.27196291386921E-8,0.968027777687873));
#12550=DIRECTION('',(0.968027777687873,2.03803260509283E-9,-0.250843021877584));
#12551=DIRECTION('',(1.21776149934057E-9,1.,1.28241737988452E-8));
#12552=DIRECTION('',(-0.968027777687872,-2.03802755082524E-9,0.250843021877589));
#12553=DIRECTION('',(0.968027777687866,2.03803572460536E-9,-0.25084302187761));
#12554=DIRECTION('',(0.25084302187761,-1.2719632311919E-8,0.968027777687866));
#12555=DIRECTION('',(1.21774695665148E-9,1.,1.28241781636481E-8));
#12556=DIRECTION('',(-0.250843021877585,1.27196240149183E-8,-0.968027777687873));
#12557=DIRECTION('',(-1.21775334283524E-9,-1.,-1.28241760792883E-8));
#12558=DIRECTION('',(-0.968027777687873,-2.03803601858215E-9,0.250843021877585));
#12559=DIRECTION('',(-1.21774755532527E-9,-1.,-1.28241770021601E-8));
#12560=DIRECTION('',(0.250843021877593,-1.27196230407387E-8,0.968027777687871));
#12561=DIRECTION('',(-0.968027777687873,-2.03803677455218E-9,0.250843021877585));
#12562=DIRECTION('',(-0.250843021877585,1.27196235593764E-8,-0.968027777687873));
#12563=DIRECTION('',(-0.250843021877584,1.27196232332479E-8,-0.968027777687873));
#12564=DIRECTION('',(-0.968027777687873,-2.03804168495781E-9,0.250843021877584));
#12565=DIRECTION('',(0.250843021877584,-1.27196293216979E-8,0.968027777687873));
#12566=DIRECTION('',(1.21775630815041E-9,1.,1.28241812224667E-8));
#12567=DIRECTION('',(0.250843021877593,-1.27196236159345E-8,0.968027777687871));
#12568=DIRECTION('',(0.968027777687871,2.0380418525486E-9,-0.250843021877593));
#12569=DIRECTION('',(0.263125608758371,0.961854757706838,-0.0748354133566205));
#12570=DIRECTION('',(0.273560642411732,-1.2668123522408E-8,0.961854757706838));
#12571=DIRECTION('',(-1.21775355921608E-9,-1.,-1.2824176023218E-8));
#12572=DIRECTION('',(-0.968027777687873,-2.03803579505463E-9,0.250843021877585));
#12573=DIRECTION('',(-0.968027777687872,-2.038027678178E-9,0.250843021877588));
#12574=DIRECTION('',(-1.21776141295879E-9,-1.,-1.28241739731886E-8));
#12575=DIRECTION('',(-0.250843021877584,1.27196250752852E-8,-0.968027777687873));
#12576=DIRECTION('',(-1.21775070656783E-9,-1.,-1.2824178287329E-8));
#12577=DIRECTION('',(1.2177533154082E-9,1.,1.28241759852682E-8));
#12578=DIRECTION('',(-0.250843021877585,1.27196235012358E-8,-0.968027777687873));
#12579=DIRECTION('',(1.21775331540819E-9,1.,1.28241759852682E-8));
#12580=DIRECTION('',(-0.250843021877585,1.27196235012358E-8,-0.968027777687873));
#12581=DIRECTION('',(-0.250843021877585,1.27196249773912E-8,-0.968027777687873));
#12582=DIRECTION('',(-1.2177571696222E-9,-1.,-1.2824176511444E-8));
#12583=DIRECTION('',(-0.968027777687869,-2.03802710483123E-9,0.250843021877599));
#12584=DIRECTION('',(-1.21776140108385E-9,-1.,-1.28241716416818E-8));
#12585=DIRECTION('',(-0.968027777687872,-2.03805442083961E-9,0.250843021877588));
#12586=DIRECTION('',(-1.21773506308882E-9,-1.,-1.28241788976052E-8));
#12587=DIRECTION('',(0.968027777687873,2.03803601517317E-9,-0.250843021877586));
#12588=DIRECTION('',(-1.2177509237131E-9,-1.,-1.2824166730069E-8));
#12589=DIRECTION('',(-0.250843021877585,1.2719623660378E-8,-0.968027777687873));
#12590=DIRECTION('',(-0.968027777687873,-2.03804248015601E-9,0.250843021877585));
#12591=DIRECTION('',(1.21774695665147E-9,1.,1.28241781636481E-8));
#12592=DIRECTION('',(-0.250843021877585,1.27196240149183E-8,-0.968027777687873));
#12593=DIRECTION('',(-0.263125608758373,-0.961854757706838,0.0748354133566146));
#12594=DIRECTION('',(-0.273560642411731,1.26681294343456E-8,-0.961854757706839));
#12595=DIRECTION('',(0.250843021877584,-1.27196238410855E-8,0.968027777687873));
#12596=DIRECTION('',(-0.968027777687873,-2.03804586696154E-9,0.250843021877584));
#12597=DIRECTION('',(1.21775710513939E-9,1.,1.28241852233229E-8));
#12598=DIRECTION('',(0.250843021877582,-1.2719633394557E-8,0.968027777687874));
#12599=DIRECTION('',(0.250843021877585,-1.27196236241366E-8,0.968027777687873));
#12600=DIRECTION('',(-0.968027777687873,-2.03802774484525E-9,0.250843021877585));
#12601=DIRECTION('',(1.21774755532527E-9,1.,1.282417700216E-8));
#12602=DIRECTION('',(0.250843021877593,-1.27196230407387E-8,0.968027777687871));
#12603=DIRECTION('',(1.21774689280355E-9,1.,1.28241777415576E-8));
#12604=DIRECTION('',(-0.250843021877585,1.27196235903072E-8,-0.968027777687873));
#12605=DIRECTION('',(-0.968027777687873,-2.03804319394375E-9,0.250843021877585));
#12606=DIRECTION('',(-0.250843021877585,1.2719623721519E-8,-0.968027777687873));
#12607=DIRECTION('',(0.250843021877585,-1.27196235991297E-8,0.968027777687873));
#12608=DIRECTION('',(1.21775340713464E-9,1.,1.28241760626265E-8));
#12609=DIRECTION('',(1.21775705282222E-9,1.,1.28241841184842E-8));
#12610=DIRECTION('',(0.25084302187761,-1.2719632311919E-8,0.968027777687866));
#12611=DIRECTION('',(0.968027777687874,2.03803595604967E-9,-0.250843021877582));
#12612=DIRECTION('',(0.250843021877582,-1.27196333954292E-8,0.968027777687874));
#12613=DIRECTION('',(1.21775710657595E-9,1.,1.28241852229506E-8));
#12614=DIRECTION('',(0.250843021877582,-1.2719633394557E-8,0.968027777687874));
#12615=DIRECTION('',(-0.250843021877598,1.27196240544482E-8,-0.968027777687869));
#12616=DIRECTION('',(1.21776149822608E-9,1.,1.28241744363557E-8));
#12617=DIRECTION('',(-0.250843021877585,1.27196249496358E-8,-0.968027777687873));
#12618=DIRECTION('',(-1.21776639717625E-9,-1.,-1.28241740916549E-8));
#12619=DIRECTION('',(0.00336849674559484,0.,-0.999994326598744));
#12620=DIRECTION('',(-0.999994326598744,0.,-0.00336849674559484));
#12621=DIRECTION('',(0.00336849674559484,0.,-0.999994326598744));
#12622=DIRECTION('',(-0.999994326598744,0.,-0.00336849674559484));
#12623=DIRECTION('',(0.00336849674559484,0.,-0.999994326598744));
#12624=DIRECTION('',(0.999994326598744,0.,0.00336849674559484));
#12625=DIRECTION('',(0.,-1.,0.));
#12626=DIRECTION('',(0.,0.,-1.));
#12627=DIRECTION('',(-1.,0.,0.));
#12628=DIRECTION('',(0.,0.,-1.));
#12629=DIRECTION('',(-1.,0.,0.));
#12630=DIRECTION('',(0.,0.,-1.));
#12631=DIRECTION('',(-1.,0.,0.));
#12632=DIRECTION('',(0.,0.,1.));
#12633=DIRECTION('',(0.,1.,0.));
#12634=DIRECTION('',(0.,0.,-1.));
#12635=DIRECTION('',(0.,1.,0.));
#12636=DIRECTION('',(0.,-1.,0.));
#12637=DIRECTION('',(0.,0.,-1.));
#12638=DIRECTION('',(-1.,0.,0.));
#12639=DIRECTION('',(0.,0.,-1.));
#12640=DIRECTION('',(-1.,0.,0.));
#12641=DIRECTION('',(-1.,0.,0.));
#12642=DIRECTION('',(0.,0.,1.));
#12643=DIRECTION('',(0.,1.,0.));
#12644=DIRECTION('',(0.,1.,0.));
#12645=DIRECTION('',(0.,0.,1.));
#12646=DIRECTION('',(1.,0.,0.));
#12647=DIRECTION('',(0.,0.,1.));
#12648=DIRECTION('',(1.,0.,0.));
#12649=DIRECTION('',(0.,0.,1.));
#12650=DIRECTION('',(1.,0.,0.));
#12651=DIRECTION('',(0.,0.,-1.));
#12652=DIRECTION('',(-1.,0.,0.));
#12653=DIRECTION('',(0.,0.,1.));
#12654=DIRECTION('',(1.,0.,0.));
#12655=DIRECTION('',(0.,1.,0.));
#12656=DIRECTION('',(0.,0.,1.));
#12657=DIRECTION('',(0.250843021877584,-1.27196306098154E-8,0.968027777687873));
#12658=DIRECTION('',(-1.21776118502562E-9,-1.,-1.28241812893939E-8));
#12659=DIRECTION('',(-0.931102123276001,-0.273560646618849,0.24127455036203));
#12660=DIRECTION('',(0.250843021877584,-1.27196298493892E-8,0.968027777687873));
#12661=DIRECTION('',(-0.968027777687873,-2.038036012935E-9,0.250843021877586));
#12662=DIRECTION('',(-1.2177529796811E-9,-1.,-1.28241746553282E-8));
#12663=DIRECTION('',(-1.21775797198159E-9,-1.,-1.28241803355476E-8));
#12664=DIRECTION('',(0.968027777687873,2.03803260509283E-9,-0.250843021877584));
#12665=DIRECTION('',(-0.250843021877584,1.27196232332479E-8,-0.968027777687873));
#12666=DIRECTION('',(-0.968027777687873,-2.03804166452701E-9,0.250843021877584));
#12667=DIRECTION('',(0.250843021877585,-1.2719623596381E-8,0.968027777687873));
#12668=DIRECTION('',(-0.968027777687873,-2.03803602154799E-9,0.250843021877585));
#12669=DIRECTION('',(0.250843021877584,-1.27196305395592E-8,0.968027777687873));
#12670=DIRECTION('',(0.968027777687873,2.03803937357643E-9,-0.250843021877584));
#12671=DIRECTION('',(-0.968027777687873,-2.03804202389345E-9,0.250843021877584));
#12672=DIRECTION('',(-1.2177474374605E-9,-1.,-1.28241772303849E-8));
#12673=DIRECTION('',(0.968027777687872,2.03802767084173E-9,-0.250843021877588));
#12674=DIRECTION('',(1.21776137115406E-9,1.,1.28241737826136E-8));
#12675=DIRECTION('',(0.968027777687873,2.03804241682887E-9,-0.250843021877585));
#12676=DIRECTION('',(1.21774919898909E-9,1.,1.28241855947555E-8));
#12677=DIRECTION('',(-0.968027777687872,-2.03806081866193E-9,0.250843021877587));
#12678=DIRECTION('',(-1.2177312846606E-9,-1.,-1.28241898215641E-8));
#12679=DIRECTION('',(1.21773374776372E-9,1.,1.28241795654495E-8));
#12680=DIRECTION('',(-0.250843021877588,1.27196220585437E-8,-0.968027777687872));
#12681=DIRECTION('',(-1.2177573387996E-9,-1.,-1.28241840443795E-8));
#12682=DIRECTION('',(-0.968027777687866,-2.0380341483655E-9,0.25084302187761));
#12683=DIRECTION('',(0.250843021877585,-1.27196292209887E-8,0.968027777687873));
#12684=DIRECTION('',(-1.21775475016832E-9,-1.,-1.28241815221479E-8));
#12685=DIRECTION('',(0.968027777687874,2.03803584651377E-9,-0.250843021877582));
#12686=DIRECTION('',(0.250843021877582,-1.27196333954292E-8,0.968027777687874));
#12687=DIRECTION('',(1.21774883412967E-9,1.,1.28241785989411E-8));
#12688=DIRECTION('',(0.968027777687871,2.03804101517179E-9,-0.250843021877593));
#12689=DIRECTION('',(-1.21775732295786E-9,-1.,-1.28241851668801E-8));
#12690=DIRECTION('',(0.250843021877582,-1.2719633394557E-8,0.968027777687874));
#12691=DIRECTION('',(0.250843021877585,-1.27196236241366E-8,0.968027777687873));
#12692=DIRECTION('',(-0.968027777687873,-2.03802768515668E-9,0.250843021877585));
#12693=DIRECTION('',(-1.21774746985898E-9,-1.,-1.28241770243067E-8));
#12694=DIRECTION('',(0.968027777687873,2.03804194083757E-9,-0.250843021877584));
#12695=DIRECTION('',(1.21774746985898E-9,1.,1.28241770243067E-8));
#12696=DIRECTION('',(0.968027777687873,2.03804194083757E-9,-0.250843021877584));
#12697=DIRECTION('',(0.968027777687873,2.03804244458445E-9,-0.250843021877584));
#12698=DIRECTION('',(-1.21774711831953E-9,-1.,-1.28241776758972E-8));
#12699=DIRECTION('',(0.968027777687871,2.03804203749237E-9,-0.250843021877592));
#12700=DIRECTION('',(-0.250843021877592,1.27196245106642E-8,-0.968027777687871));
#12701=DIRECTION('',(-1.217756389723E-9,-1.,-1.2824181158667E-8));
#12702=DIRECTION('',(0.968027777687873,2.03803434323684E-9,-0.250843021877584));
#12703=DIRECTION('',(-0.250843021877585,1.27196237751456E-8,-0.968027777687873));
#12704=DIRECTION('',(-0.968027777687873,-2.03804267936064E-9,0.250843021877585));
#12705=DIRECTION('',(0.968027777687873,2.03802950828509E-9,-0.250843021877583));
#12706=DIRECTION('',(1.21776042563312E-9,1.,1.28241774588286E-8));
#12707=DIRECTION('',(-0.968027777687873,-2.03803602612576E-9,0.250843021877585));
#12708=DIRECTION('',(-0.250843021877585,1.27196235991298E-8,-0.968027777687873));
#12709=DIRECTION('',(0.250843021877585,-1.27196235991298E-8,0.968027777687873));
#12710=DIRECTION('',(-0.968027777687873,-2.03803598685353E-9,0.250843021877585));
#12711=DIRECTION('',(0.250843021877593,-1.27196235881789E-8,0.968027777687871));
#12712=DIRECTION('',(0.968027777687871,2.0380418525486E-9,-0.250843021877593));
#12713=DIRECTION('',(-1.21775797198158E-9,-1.,-1.28241803355476E-8));
#12714=DIRECTION('',(0.968027777687873,2.03803260509283E-9,-0.250843021877584));
#12715=DIRECTION('',(0.968027777687873,2.038036070039E-9,-0.250843021877582));
#12716=DIRECTION('',(0.250843021877582,-1.27196333954292E-8,0.968027777687874));
#12717=DIRECTION('',(0.961854757706838,2.33688918133507E-9,-0.273560642411732));
#12718=DIRECTION('',(0.273560642411732,-1.26681241665777E-8,0.961854757706838));
#12719=DIRECTION('',(0.250843021877584,-1.2719629878668E-8,0.968027777687873));
#12720=DIRECTION('',(0.968027777687873,2.03803466248993E-9,-0.250843021877584));
#12721=DIRECTION('',(-0.250843021877585,1.27196250340317E-8,-0.968027777687873));
#12722=DIRECTION('',(-1.2177599502967E-9,-1.,-1.28241758494047E-8));
#12723=DIRECTION('',(1.21773374776372E-9,1.,1.28241795654495E-8));
#12724=DIRECTION('',(-0.96802777768787,-2.03805586163506E-9,0.250843021877597));
#12725=DIRECTION('',(-0.250843021877585,1.27196236085241E-8,-0.968027777687873));
#12726=DIRECTION('',(-0.968027777687873,-2.03803653023991E-9,0.250843021877585));
#12727=DIRECTION('',(-1.21775333996422E-9,-1.,-1.28241760800323E-8));
#12728=DIRECTION('',(-0.250843021877585,1.27196235991298E-8,-0.968027777687873));
#12729=DIRECTION('',(-0.250843021877593,1.27196236159345E-8,-0.968027777687871));
#12730=DIRECTION('',(1.21774733105998E-9,1.,1.28241776544669E-8));
#12731=DIRECTION('',(-0.968027777687872,-2.03805440089029E-9,0.250843021877588));
#12732=DIRECTION('',(0.250843021877588,-1.27196308991356E-8,0.968027777687872));
#12733=DIRECTION('',(-1.21775705282223E-9,-1.,-1.28241841184842E-8));
#12734=DIRECTION('',(0.25084302187761,-1.2719632311919E-8,0.968027777687866));
#12735=DIRECTION('',(0.250843021877585,-1.27196231711778E-8,0.968027777687873));
#12736=DIRECTION('',(0.968027777687873,2.03804198155262E-9,-0.250843021877585));
#12737=DIRECTION('',(0.968027777687873,2.03804203641295E-9,-0.250843021877584));
#12738=DIRECTION('',(1.21774736572313E-9,1.,1.2824177003453E-8));
#12739=DIRECTION('',(-0.273560642411732,1.26681234113857E-8,-0.961854757706838));
#12740=DIRECTION('',(-0.925164573975256,0.273560642411732,0.263125608758371));
#12741=DIRECTION('',(-1.21776149934057E-9,-1.,-1.28241737988452E-8));
#12742=DIRECTION('',(0.250843021877598,-1.27196234375999E-8,0.968027777687869));
#12743=DIRECTION('',(-1.21775579180223E-9,-1.,-1.28241803075351E-8));
#12744=DIRECTION('',(-0.250843021877584,1.27196283064963E-8,-0.968027777687873));
#12745=DIRECTION('',(1.21775331540818E-9,1.,1.28241759852682E-8));
#12746=DIRECTION('',(-0.250843021877594,1.27196235012358E-8,-0.96802777768787));
#12747=DIRECTION('',(0.250843021877584,-1.27196291664474E-8,0.968027777687873));
#12748=DIRECTION('',(0.968027777687873,2.03803260509282E-9,-0.250843021877584));
#12749=DIRECTION('',(0.968027777687873,2.03803608382618E-9,-0.250843021877582));
#12750=DIRECTION('',(0.250843021877582,-1.2719633394557E-8,0.968027777687874));
#12751=DIRECTION('',(0.,0.,1.));
#12752=DIRECTION('',(1.,0.,0.));
#12753=DIRECTION('',(1.,0.,0.));
#12754=DIRECTION('',(0.,-1.,0.));
#12755=DIRECTION('',(1.,0.,0.));
#12756=DIRECTION('',(0.,-1.,0.));
#12757=DIRECTION('',(1.,0.,0.));
#12758=DIRECTION('',(0.,-1.,0.));
#12759=DIRECTION('',(1.,0.,0.));
#12760=DIRECTION('',(0.,-1.,0.));
#12761=DIRECTION('',(0.,-1.,0.));
#12762=DIRECTION('',(1.,0.,0.));
#12763=DIRECTION('',(0.,0.,-1.));
#12764=DIRECTION('',(1.,0.,0.));
#12765=DIRECTION('',(0.,0.,-1.));
#12766=DIRECTION('',(1.,0.,0.));
#12767=DIRECTION('',(0.,0.,-1.));
#12768=DIRECTION('',(1.,0.,0.));
#12769=DIRECTION('',(0.,-1.,0.));
#12770=DIRECTION('',(1.,0.,0.));
#12771=DIRECTION('',(0.,0.,-1.));
#12772=DIRECTION('',(1.,0.,0.));
#12773=DIRECTION('',(0.,0.,-1.));
#12774=DIRECTION('',(1.,0.,0.));
#12775=DIRECTION('',(0.,0.,-1.));
#12776=DIRECTION('',(1.,0.,0.));
#12777=DIRECTION('',(0.,1.,0.));
#12778=DIRECTION('',(0.,0.,1.));
#12779=DIRECTION('',(0.,0.,-1.));
#12780=DIRECTION('',(0.,0.,-1.));
#12781=DIRECTION('',(1.,0.,0.));
#12782=DIRECTION('',(0.,0.,-1.));
#12783=DIRECTION('',(0.,0.,1.));
#12784=DIRECTION('',(1.,0.,0.));
#12785=DIRECTION('',(0.,0.,-1.));
#12786=DIRECTION('',(1.,0.,0.));
#12787=DIRECTION('',(0.,1.,0.));
#12788=DIRECTION('',(0.,0.,1.));
#12789=DIRECTION('',(1.,0.,0.));
#12790=DIRECTION('',(0.,0.,-1.));
#12791=DIRECTION('',(0.,0.,-1.));
#12792=DIRECTION('',(1.,0.,0.));
#12793=DIRECTION('',(0.,0.,-1.));
#12794=DIRECTION('',(1.,0.,0.));
#12795=DIRECTION('',(0.,0.,-1.));
#12796=DIRECTION('',(0.,-1.,0.));
#12797=DIRECTION('',(1.,0.,0.));
#12798=DIRECTION('',(0.,0.,-1.));
#12799=DIRECTION('',(1.,0.,0.));
#12800=DIRECTION('',(0.,0.,-1.));
#12801=DIRECTION('',(0.,-1.,0.));
#12802=DIRECTION('',(0.,0.,1.));
#12803=DIRECTION('',(1.,0.,0.));
#12804=DIRECTION('',(0.,0.,-1.));
#12805=DIRECTION('',(-1.,0.,0.));
#12806=DIRECTION('',(1.,0.,0.));
#12807=DIRECTION('',(0.,-1.,0.));
#12808=DIRECTION('',(0.,-1.,0.));
#12809=DIRECTION('',(0.,-1.,0.));
#12810=DIRECTION('',(-1.,0.,0.));
#12811=DIRECTION('',(0.,0.,1.));
#12812=DIRECTION('',(-1.,0.,0.));
#12813=DIRECTION('',(0.,0.,1.));
#12814=DIRECTION('',(0.,0.,1.));
#12815=DIRECTION('',(0.,-1.,0.));
#12816=DIRECTION('',(0.,0.,-1.));
#12817=DIRECTION('',(-1.,0.,0.));
#12818=DIRECTION('',(0.,-1.,0.));
#12819=DIRECTION('',(-1.,0.,0.));
#12820=DIRECTION('',(0.,0.,1.));
#12821=DIRECTION('',(-1.,0.,0.));
#12822=DIRECTION('',(0.,0.,1.));
#12823=DIRECTION('',(1.,0.,0.));
#12824=DIRECTION('',(0.,0.,-1.));
#12825=DIRECTION('',(1.,0.,0.));
#12826=DIRECTION('',(0.,0.,-1.));
#12827=DIRECTION('',(-1.,0.,0.));
#12828=DIRECTION('',(0.,0.,1.));
#12829=DIRECTION('',(1.,0.,0.));
#12830=DIRECTION('',(0.,0.,-1.));
#12831=DIRECTION('',(1.,0.,0.));
#12832=DIRECTION('',(0.,0.,-1.));
#12833=DIRECTION('',(1.,0.,0.));
#12834=DIRECTION('',(0.,0.,-1.));
#12835=DIRECTION('',(0.,0.,1.));
#12836=DIRECTION('',(0.,-1.,0.));
#12837=DIRECTION('',(1.,0.,0.));
#12838=DIRECTION('',(0.961854757706839,2.33688896851016E-9,-0.273560642411731));
#12839=DIRECTION('',(1.21775235397764E-9,1.,1.28241761423127E-8));
#12840=DIRECTION('',(0.968027777687866,2.03803572287056E-9,-0.25084302187761));
#12841=DIRECTION('',(0.25084302187761,-1.2719632311919E-8,0.968027777687866));
#12842=DIRECTION('',(1.21775333996422E-9,1.,1.28241760800323E-8));
#12843=DIRECTION('',(0.250843021877585,-1.27196235991298E-8,0.968027777687873));
#12844=DIRECTION('',(-0.968027777687872,-2.03802740098815E-9,0.250843021877588));
#12845=DIRECTION('',(1.21776167291046E-9,1.,1.28241738713344E-8));
#12846=DIRECTION('',(0.968027777687873,2.03802737309621E-9,-0.250843021877585));
#12847=DIRECTION('',(0.250843021877585,-1.27196235544406E-8,0.968027777687873));
#12848=DIRECTION('',(-0.968027777687873,-2.03804244458445E-9,0.250843021877584));
#12849=DIRECTION('',(-1.21774711831953E-9,-1.,-1.28241776758972E-8));
#12850=DIRECTION('',(0.968027777687873,2.03803433408202E-9,-0.250843021877584));
#12851=DIRECTION('',(1.21775645642262E-9,1.,1.28241813795711E-8));
#12852=DIRECTION('',(1.21775249511601E-9,1.,1.28241762578897E-8));
#12853=DIRECTION('',(0.250843021877585,-1.27196235593764E-8,0.968027777687873));
#12854=DIRECTION('',(0.968027777687873,2.03803472543916E-9,-0.250843021877584));
#12855=DIRECTION('',(0.250843021877584,-1.27196293418697E-8,0.968027777687873));
#12856=CARTESIAN_POINT('',(0.,0.,0.));
#12857=CARTESIAN_POINT('',(0.,-0.00635,1.63745858404979E-20));
#12858=CARTESIAN_POINT('',(0.,-0.00635,1.63745858404979E-20));
#12859=CARTESIAN_POINT('',(0.,-0.00635,-0.00026998968385923));
#12860=CARTESIAN_POINT('',(0.000269098771953204,-0.00635,1.63745858404979E-20));
#12861=CARTESIAN_POINT('',(0.,-0.00635,1.63745858404979E-20));
#12862=CARTESIAN_POINT('',(-0.000269098771953204,-0.00635,1.63745858404979E-20));
#12863=CARTESIAN_POINT('',(0.,-0.00635,1.63745858404979E-20));
#12864=CARTESIAN_POINT('',(0.,-0.00635,0.00026998968385923));
#12865=CARTESIAN_POINT('',(0.,-0.00635,1.63745858404979E-20));
#12866=CARTESIAN_POINT('',(0.,0.00635,1.63745858404979E-20));
#12867=CARTESIAN_POINT('',(0.,0.00635,-0.000269377804927708));
#12868=CARTESIAN_POINT('',(0.000267052004346624,0.00635,-1.39724362842641E-5));
#12869=CARTESIAN_POINT('',(0.000267052004346624,0.00635,0.));
#12870=CARTESIAN_POINT('',(0.000267052004346624,0.00635,1.39724362842642E-5));
#12871=CARTESIAN_POINT('',(0.,0.00635,1.63745858404979E-20));
#12872=CARTESIAN_POINT('',(0.,0.00635,0.000269377804927708));
#12873=CARTESIAN_POINT('',(0.,0.00635,1.63745858404979E-20));
#12874=CARTESIAN_POINT('',(-0.000267052004346624,0.00635,1.39724362842642E-5));
#12875=CARTESIAN_POINT('',(-0.000267052004346624,0.00635,0.));
#12876=CARTESIAN_POINT('',(-0.000267052004346624,0.00635,-1.39724362842641E-5));
#12877=CARTESIAN_POINT('',(0.,0.00635,1.63745858404979E-20));
#12878=CARTESIAN_POINT('',(0.,-0.00635,0.));
#12879=CARTESIAN_POINT('',(0.000270780263235793,-0.00635,0.));
#12880=CARTESIAN_POINT('',(0.000270780263235793,-0.00635,0.000272562087047845));
#12881=CARTESIAN_POINT('',(0.,-0.00635,0.000272562087047845));
#12882=CARTESIAN_POINT('',(0.,-0.00635,0.));
#12883=CARTESIAN_POINT('',(0.,-0.00635,-0.000272562087047845));
#12884=CARTESIAN_POINT('',(0.000270780263235793,-0.00635,-0.000272562087047845));
#12885=CARTESIAN_POINT('',(0.000270780263235793,-0.00635,0.));
#12886=CARTESIAN_POINT('',(0.,-0.00635,0.));
#12887=CARTESIAN_POINT('',(-0.000270780263235793,-0.00635,0.));
#12888=CARTESIAN_POINT('',(-0.000270780263235793,-0.00635,-0.000272562087047845));
#12889=CARTESIAN_POINT('',(0.,-0.00635,-0.000272562087047845));
#12890=CARTESIAN_POINT('',(0.,-0.00635,0.));
#12891=CARTESIAN_POINT('',(0.,-0.00635,0.000272562087047845));
#12892=CARTESIAN_POINT('',(-0.000270780263235793,-0.00635,0.000272562087047845));
#12893=CARTESIAN_POINT('',(-0.000270780263235793,-0.00635,0.));
#12894=CARTESIAN_POINT('',(0.,-0.0073406,0.000272562087047845));
#12895=CARTESIAN_POINT('',(-0.000270780263235793,-0.0073406,0.000272562087047845));
#12896=CARTESIAN_POINT('',(-0.000270780263235793,-0.0073406,0.000272562087047845));
#12897=CARTESIAN_POINT('',(0.,-0.0073406,0.000272562087047845));
#12898=CARTESIAN_POINT('',(0.000270780263235793,-0.0073406,0.000272562087047845));
#12899=CARTESIAN_POINT('',(0.000270780263235793,-0.0073406,0.000272562087047845));
#12900=CARTESIAN_POINT('',(-0.000270780263235793,-0.0073406,0.));
#12901=CARTESIAN_POINT('',(-0.000270780263235793,-0.0073406,-0.000272562087047845));
#12902=CARTESIAN_POINT('',(-0.000270780263235793,-0.0073406,-0.000272562087047845));
#12903=CARTESIAN_POINT('',(-0.000270780263235793,-0.0073406,0.));
#12904=CARTESIAN_POINT('',(0.,-0.0073406,-0.000272562087047845));
#12905=CARTESIAN_POINT('',(0.000270780263235793,-0.0073406,-0.000272562087047845));
#12906=CARTESIAN_POINT('',(0.000270780263235793,-0.0073406,-0.000272562087047845));
#12907=CARTESIAN_POINT('',(0.,-0.0073406,-0.000272562087047845));
#12908=CARTESIAN_POINT('',(0.000270780263235793,-0.0073406,0.));
#12909=CARTESIAN_POINT('',(0.000270780263235793,-0.0073406,0.));
#12910=CARTESIAN_POINT('',(0.,-0.0073406,0.));
#12911=CARTESIAN_POINT('',(0.,0.00635,0.));
#12912=CARTESIAN_POINT('',(0.,0.00635,0.000271338329184801));
#12913=CARTESIAN_POINT('',(-0.000267052004346624,0.00635,0.000271338329184801));
#12914=CARTESIAN_POINT('',(-0.000267052004346624,0.00635,0.));
#12915=CARTESIAN_POINT('',(0.,0.00635,0.));
#12916=CARTESIAN_POINT('',(0.000267052004346624,0.00635,0.));
#12917=CARTESIAN_POINT('',(0.000267052004346624,0.00635,0.000271338329184801));
#12918=CARTESIAN_POINT('',(0.,0.00635,0.000271338329184801));
#12919=CARTESIAN_POINT('',(0.,0.00635,0.));
#12920=CARTESIAN_POINT('',(0.,0.00635,-0.000271338329184801));
#12921=CARTESIAN_POINT('',(0.000267052004346624,0.00635,-0.000271338329184801));
#12922=CARTESIAN_POINT('',(0.000267052004346624,0.00635,0.));
#12923=CARTESIAN_POINT('',(0.,0.007366,-0.000271338329184801));
#12924=CARTESIAN_POINT('',(0.,0.00635,-0.000271338329184801));
#12925=CARTESIAN_POINT('',(-0.000267052004346624,0.00635,-0.000271338329184801));
#12926=CARTESIAN_POINT('',(-0.000267052004346624,0.007366,-0.000271338329184801));
#12927=CARTESIAN_POINT('',(-0.000267052004346624,0.007366,-0.000271338329184801));
#12928=CARTESIAN_POINT('',(0.,0.007366,-0.000271338329184801));
#12929=CARTESIAN_POINT('',(0.000267052004346624,0.007366,-0.000271338329184801));
#12930=CARTESIAN_POINT('',(0.000267052004346624,0.007366,-0.000271338329184801));
#12931=CARTESIAN_POINT('',(-0.000267052004346624,0.007366,0.));
#12932=CARTESIAN_POINT('',(-0.000267052004346624,0.00635,0.));
#12933=CARTESIAN_POINT('',(-0.000267052004346624,0.007366,0.000271338329184801));
#12934=CARTESIAN_POINT('',(-0.000267052004346624,0.007366,0.000271338329184801));
#12935=CARTESIAN_POINT('',(-0.000267052004346624,0.007366,0.));
#12936=CARTESIAN_POINT('',(0.,0.007366,0.000271338329184801));
#12937=CARTESIAN_POINT('',(0.000267052004346624,0.007366,0.000271338329184801));
#12938=CARTESIAN_POINT('',(0.000267052004346624,0.007366,0.000271338329184801));
#12939=CARTESIAN_POINT('',(0.,0.007366,0.000271338329184801));
#12940=CARTESIAN_POINT('',(0.000267052004346624,0.007366,0.));
#12941=CARTESIAN_POINT('',(0.000267052004346624,0.007366,0.));
#12942=CARTESIAN_POINT('',(0.,0.007366,0.));
#12943=CARTESIAN_POINT('',(0.,0.00635,0.));
#12944=CARTESIAN_POINT('',(0.249167904040913,0.251283064570635,-0.044850313830265));
#12945=CARTESIAN_POINT('',(0.136383066192459,0.0568093142563142,0.0765478377507355));
#12946=CARTESIAN_POINT('',(0.,0.00470848966798337,0.0006858));
#12947=CARTESIAN_POINT('',(0.,0.00470848966798337,0.));
#12948=CARTESIAN_POINT('',(-0.00777611828392313,0.00470848966798337,0.));
#12949=CARTESIAN_POINT('',(0.00777611828392313,0.00470848966798337,0.));
#12950=CARTESIAN_POINT('',(-0.00777611828392313,0.00470848966798337,0.0006858));
#12951=CARTESIAN_POINT('',(-0.00777611828392313,0.00470848966798337,0.0006858));
#12952=CARTESIAN_POINT('',(0.,0.00470848966798337,0.0006858));
#12953=CARTESIAN_POINT('',(0.00777611828392313,0.00470848966798337,0.0006858));
#12954=CARTESIAN_POINT('',(0.00777611828392313,0.00470848966798337,0.0006858));
#12955=CARTESIAN_POINT('',(-0.00777611828392313,0.,0.0006858));
#12956=CARTESIAN_POINT('',(-0.00777611828392313,0.,0.));
#12957=CARTESIAN_POINT('',(-0.00777611828392313,-0.00470848966798337,0.));
#12958=CARTESIAN_POINT('',(-0.00777611828392313,-0.00470848966798337,0.0006858));
#12959=CARTESIAN_POINT('',(-0.00777611828392313,-0.00470848966798337,0.0006858));
#12960=CARTESIAN_POINT('',(-0.00777611828392313,0.,0.0006858));
#12961=CARTESIAN_POINT('',(0.,-0.00470848966798337,0.0006858));
#12962=CARTESIAN_POINT('',(0.,-0.00470848966798337,0.));
#12963=CARTESIAN_POINT('',(0.00777611828392313,-0.00470848966798337,0.));
#12964=CARTESIAN_POINT('',(0.00777611828392313,-0.00470848966798337,0.0006858));
#12965=CARTESIAN_POINT('',(0.00777611828392313,-0.00470848966798337,0.0006858));
#12966=CARTESIAN_POINT('',(0.,-0.00470848966798337,0.0006858));
#12967=CARTESIAN_POINT('',(0.00777611828392313,0.,0.0006858));
#12968=CARTESIAN_POINT('',(0.00777611828392313,0.,0.));
#12969=CARTESIAN_POINT('',(0.00777611828392313,0.,0.0006858));
#12970=CARTESIAN_POINT('',(0.,0.,0.0006858));
#12971=CARTESIAN_POINT('',(0.,0.,0.));
#12972=CARTESIAN_POINT('',(0.157753512072226,0.179234871098415,0.0713643856000857));
#12973=CARTESIAN_POINT('',(0.250884999823692,0.288334826570614,-0.0382238728084996));
#12974=CARTESIAN_POINT('',(0.136383066228277,0.0862225142563143,0.0765478381279355));
#12975=CARTESIAN_POINT('',(0.179029467032175,0.179216395595613,0.0635399628517143));
#12976=CARTESIAN_POINT('',(0.,-0.0635,2.40428024165164E-19));
#12977=CARTESIAN_POINT('',(0.,-0.0635,2.40428024165164E-19));
#12978=CARTESIAN_POINT('',(0.,-0.0635,-0.00392648760985714));
#12979=CARTESIAN_POINT('',(0.,0.,2.40428024165164E-19));
#12980=CARTESIAN_POINT('',(0.,0.,-0.00392648760985714));
#12981=CARTESIAN_POINT('',(0.,-0.06985,0.00447425059974193));
#12982=CARTESIAN_POINT('',(0.,-0.0635,0.00447425059974193));
#12983=CARTESIAN_POINT('',(-0.00416963361203671,-0.0635,0.00447425059974193));
#12984=CARTESIAN_POINT('',(0.00416963361203671,-0.0635,0.00447425059974193));
#12985=CARTESIAN_POINT('',(-0.00416963361203671,-0.06985,0.00447425059974193));
#12986=CARTESIAN_POINT('',(-0.00416963361203671,-0.06985,0.00447425059974193));
#12987=CARTESIAN_POINT('',(0.,-0.06985,0.00447425059974193));
#12988=CARTESIAN_POINT('',(0.00416963361203671,-0.06985,0.00447425059974193));
#12989=CARTESIAN_POINT('',(0.00416963361203671,-0.06985,0.00447425059974193));
#12990=CARTESIAN_POINT('',(-0.00416963361203671,-0.06985,0.));
#12991=CARTESIAN_POINT('',(-0.00416963361203671,-0.0635,0.));
#12992=CARTESIAN_POINT('',(-0.00416963361203671,-0.0635,-0.00447425059974193));
#12993=CARTESIAN_POINT('',(-0.00416963361203671,-0.06985,-0.00447425059974193));
#12994=CARTESIAN_POINT('',(-0.00416963361203671,-0.06985,-0.00447425059974193));
#12995=CARTESIAN_POINT('',(-0.00416963361203671,-0.06985,0.));
#12996=CARTESIAN_POINT('',(0.,-0.06985,-0.00447425059974193));
#12997=CARTESIAN_POINT('',(0.,-0.0635,-0.00447425059974193));
#12998=CARTESIAN_POINT('',(0.00416963361203671,-0.0635,-0.00447425059974193));
#12999=CARTESIAN_POINT('',(0.00416963361203671,-0.06985,-0.00447425059974193));
#13000=CARTESIAN_POINT('',(0.00416963361203671,-0.06985,-0.00447425059974193));
#13001=CARTESIAN_POINT('',(0.,-0.06985,-0.00447425059974193));
#13002=CARTESIAN_POINT('',(0.00416963361203671,-0.06985,0.));
#13003=CARTESIAN_POINT('',(0.00416963361203671,-0.0635,0.));
#13004=CARTESIAN_POINT('',(0.00416963361203671,-0.06985,0.));
#13005=CARTESIAN_POINT('',(0.,-0.06985,0.));
#13006=CARTESIAN_POINT('',(0.,-0.0635,0.));
#13007=CARTESIAN_POINT('',(0.00427872547879815,0.00635,0.));
#13008=CARTESIAN_POINT('',(0.00427872547879815,0.,0.));
#13009=CARTESIAN_POINT('',(0.00427872547879815,0.,-0.00446594087406993));
#13010=CARTESIAN_POINT('',(0.00427872547879815,0.,0.00446594087406993));
#13011=CARTESIAN_POINT('',(0.00427872547879815,0.00635,-0.00446594087406993));
#13012=CARTESIAN_POINT('',(0.00427872547879815,0.00635,-0.00446594087406993));
#13013=CARTESIAN_POINT('',(0.00427872547879815,0.00635,0.));
#13014=CARTESIAN_POINT('',(0.00427872547879815,0.00635,0.00446594087406993));
#13015=CARTESIAN_POINT('',(0.00427872547879815,0.00635,0.00446594087406993));
#13016=CARTESIAN_POINT('',(0.,0.00635,-0.00446594087406993));
#13017=CARTESIAN_POINT('',(0.,0.,-0.00446594087406993));
#13018=CARTESIAN_POINT('',(-0.00427872547879815,0.,-0.00446594087406993));
#13019=CARTESIAN_POINT('',(-0.00427872547879815,0.00635,-0.00446594087406993));
#13020=CARTESIAN_POINT('',(-0.00427872547879815,0.00635,-0.00446594087406993));
#13021=CARTESIAN_POINT('',(0.,0.00635,-0.00446594087406993));
#13022=CARTESIAN_POINT('',(-0.00427872547879815,0.00635,0.));
#13023=CARTESIAN_POINT('',(-0.00427872547879815,0.,0.));
#13024=CARTESIAN_POINT('',(-0.00427872547879815,0.,0.00446594087406993));
#13025=CARTESIAN_POINT('',(-0.00427872547879815,0.00635,0.00446594087406993));
#13026=CARTESIAN_POINT('',(-0.00427872547879815,0.00635,0.00446594087406993));
#13027=CARTESIAN_POINT('',(-0.00427872547879815,0.00635,0.));
#13028=CARTESIAN_POINT('',(0.,0.00635,0.00446594087406993));
#13029=CARTESIAN_POINT('',(0.,0.,0.00446594087406993));
#13030=CARTESIAN_POINT('',(0.,0.00635,0.00446594087406993));
#13031=CARTESIAN_POINT('',(0.,0.00635,0.));
#13032=CARTESIAN_POINT('',(0.,0.,0.));
#13033=CARTESIAN_POINT('',(0.075118066784633,0.171483269204765,0.090555576343583));
#13034=CARTESIAN_POINT('',(0.146844805948563,0.366228864235937,-0.0011849407318519));
#13035=CARTESIAN_POINT('',(0.168403002339719,0.215972445573783,0.128154026780052));
#13036=CARTESIAN_POINT('',(0.0977611358665448,0.432869430344803,-0.0725485984867387));
#13037=CARTESIAN_POINT('',(0.11990179519257,0.432869429222105,0.0128943733108821));
#13038=CARTESIAN_POINT('',(0.157371227420932,0.272889281388328,0.0698891124679306));
#13039=CARTESIAN_POINT('',(0.239594991911255,0.244563467618547,0.109747389620845));
#13040=CARTESIAN_POINT('',(0.196885799965221,0.24456346752863,0.120814533577481));
#13041=CARTESIAN_POINT('',(0.265475534901345,0.179216396073299,0.0180824295091387));
#13042=CARTESIAN_POINT('',(0.13638306617455,0.0421027142563141,0.0765478375621355));
#13043=CARTESIAN_POINT('',(0.0918247057149849,0.432869431786625,-0.184414900691688));
#13044=CARTESIAN_POINT('',(0.211146785186119,0.244563467558654,0.11711911417918));
#13045=CARTESIAN_POINT('',(0.,1.88758841319338E-19,0.01651));
#13046=CARTESIAN_POINT('',(0.,1.88758841319338E-19,0.01651));
#13047=CARTESIAN_POINT('',(0.00308266581761793,1.88758841319338E-19,0.01651));
#13048=CARTESIAN_POINT('',(0.,1.88758841319338E-19,-0.01651));
#13049=CARTESIAN_POINT('',(0.00308266581761793,1.88758841319338E-19,-0.01651));
#13050=CARTESIAN_POINT('',(0.,0.,0.01651));
#13051=CARTESIAN_POINT('',(0.,0.,-0.01651));
#13052=CARTESIAN_POINT('',(0.104283170434895,0.0773671610690255,-0.254262992236959));
#13053=CARTESIAN_POINT('',(0.156505588426784,0.40250006484789,-0.0498209125106972));
#13054=CARTESIAN_POINT('',(0.207214319166315,0.0870010711487907,0.0676177216791265));
#13055=CARTESIAN_POINT('',(0.0938877652996094,0.0352447164111448,-0.0874456886448545));
#13056=CARTESIAN_POINT('',(0.13380287973065,0.388977879870658,-0.195292618071274));
#13057=CARTESIAN_POINT('',(0.136567388667601,0.367185028377035,0.0772085294746096));
#13058=CARTESIAN_POINT('',(0.161786564815136,0.266908629541782,0.129909725572788));
#13059=CARTESIAN_POINT('',(0.193437892624802,0.288334825374328,0.0605147897154627));
#13060=CARTESIAN_POINT('',(0.156505588408845,0.387768064847891,-0.0498209126996231));
#13061=CARTESIAN_POINT('',(0.,0.00100834248587489,0.00127));
#13062=CARTESIAN_POINT('',(0.,0.00100834248587489,0.));
#13063=CARTESIAN_POINT('',(-0.00230555725283921,0.00100834248587489,0.));
#13064=CARTESIAN_POINT('',(0.00230555725283921,0.00100834248587489,0.));
#13065=CARTESIAN_POINT('',(-0.00230555725283921,0.00100834248587489,0.00127));
#13066=CARTESIAN_POINT('',(-0.00230555725283921,0.00100834248587489,0.00127));
#13067=CARTESIAN_POINT('',(0.,0.00100834248587489,0.00127));
#13068=CARTESIAN_POINT('',(0.00230555725283921,0.00100834248587489,0.00127));
#13069=CARTESIAN_POINT('',(0.00230555725283921,0.00100834248587489,0.00127));
#13070=CARTESIAN_POINT('',(-0.00230555725283921,-0.000148058796185069,0.00127));
#13071=CARTESIAN_POINT('',(-0.00230555725283921,-0.000148058796185069,0.));
#13072=CARTESIAN_POINT('',(-0.00230555725283921,-0.00130446007824503,0.));
#13073=CARTESIAN_POINT('',(-0.00230555725283921,-0.00130446007824503,0.00127));
#13074=CARTESIAN_POINT('',(-0.00230555725283921,-0.00130446007824503,0.00127));
#13075=CARTESIAN_POINT('',(-0.00230555725283921,-0.000148058796185069,0.00127));
#13076=CARTESIAN_POINT('',(0.,-0.00130446007824503,0.00127));
#13077=CARTESIAN_POINT('',(0.,-0.00130446007824503,0.));
#13078=CARTESIAN_POINT('',(0.00230555725283921,-0.00130446007824503,0.));
#13079=CARTESIAN_POINT('',(0.00230555725283921,-0.00130446007824503,0.00127));
#13080=CARTESIAN_POINT('',(0.00230555725283921,-0.00130446007824503,0.00127));
#13081=CARTESIAN_POINT('',(0.,-0.00130446007824503,0.00127));
#13082=CARTESIAN_POINT('',(0.00230555725283921,-0.000148058796185069,0.00127));
#13083=CARTESIAN_POINT('',(0.00230555725283921,-0.000148058796185069,0.));
#13084=CARTESIAN_POINT('',(0.00230555725283921,-0.000148058796185069,0.00127));
#13085=CARTESIAN_POINT('',(0.,-0.000148058796185069,0.00127));
#13086=CARTESIAN_POINT('',(0.,-0.000148058796185069,0.));
#13087=CARTESIAN_POINT('',(0.0946743581214105,0.071771608621733,-0.283315891836979));
#13088=CARTESIAN_POINT('',(0.140996608132366,0.101584561052272,0.0066978522491928));
#13089=CARTESIAN_POINT('',(0.15459632680923,0.409345364944704,-0.0571889399442694));
#13090=CARTESIAN_POINT('',(0.12727989116366,0.432869428847981,0.0413671679415711));
#13091=CARTESIAN_POINT('',(0.0752583388162159,0.298531166327714,0.091096900877615));
#13092=CARTESIAN_POINT('',(0.157199199181956,0.195228589640998,0.0692252380220572));
#13093=CARTESIAN_POINT('',(0.,0.0426617202735008,0.0762));
#13094=CARTESIAN_POINT('',(0.,0.0426617202735008,0.));
#13095=CARTESIAN_POINT('',(-0.0423910746650318,0.0426617202735008,0.));
#13096=CARTESIAN_POINT('',(0.0423910746650318,0.0426617202735008,0.));
#13097=CARTESIAN_POINT('',(-0.0423910746650318,0.0426617202735008,0.0762));
#13098=CARTESIAN_POINT('',(-0.0423910746650318,0.0426617202735008,0.0762));
#13099=CARTESIAN_POINT('',(0.,0.0426617202735008,0.0762));
#13100=CARTESIAN_POINT('',(0.0423910746650318,0.0426617202735008,0.0762));
#13101=CARTESIAN_POINT('',(0.0423910746650318,0.0426617202735008,0.0762));
#13102=CARTESIAN_POINT('',(-0.0140066631138325,0.0426617202735008,0.0570376999676228));
#13103=CARTESIAN_POINT('',(-0.015614359639585,0.0426617202735008,0.0570376999676228));
#13104=CARTESIAN_POINT('',(-0.0123989665880799,0.0426617202735008,0.0570376999676228));
#13105=CARTESIAN_POINT('',(-0.015614359639585,0.0426617202735008,0.0560328885912895));
#13106=CARTESIAN_POINT('',(-0.015614359639585,0.0426617202735008,0.0550280772149563));
#13107=CARTESIAN_POINT('',(-0.0140066631138325,0.0426617202735008,0.0550280772149563));
#13108=CARTESIAN_POINT('',(-0.0123989665880799,0.0426617202735008,0.0550280772149563));
#13109=CARTESIAN_POINT('',(-0.0123989665880799,0.0426617202735008,0.0560328885912895));
#13110=CARTESIAN_POINT('',(0.0145299341529608,0.0426617202735008,0.0570376999676228));
#13111=CARTESIAN_POINT('',(0.0130227189511061,0.0426617202735008,0.0570376999676228));
#13112=CARTESIAN_POINT('',(0.0160371493548155,0.0426617202735008,0.0570376999676228));
#13113=CARTESIAN_POINT('',(0.0130227189511061,0.0426617202735008,0.0560328885912895));
#13114=CARTESIAN_POINT('',(0.0130227189511061,0.0426617202735008,0.0550280772149563));
#13115=CARTESIAN_POINT('',(0.0145299341529608,0.0426617202735008,0.0550280772149563));
#13116=CARTESIAN_POINT('',(0.0160371493548155,0.0426617202735008,0.0550280772149563));
#13117=CARTESIAN_POINT('',(0.0160371493548155,0.0426617202735008,0.0560328885912895));
#13118=CARTESIAN_POINT('',(0.,0.0365280304311242,0.00889));
#13119=CARTESIAN_POINT('',(0.,0.0365280304311242,0.0762));
#13120=CARTESIAN_POINT('',(-0.0353865711800635,0.0365280304311242,0.0762));
#13121=CARTESIAN_POINT('',(0.0353865711800635,0.0365280304311242,0.0762));
#13122=CARTESIAN_POINT('',(-0.0353865711800635,0.0365280304311242,0.00889));
#13123=CARTESIAN_POINT('',(-0.0353865711800635,0.0365280304311242,0.00889));
#13124=CARTESIAN_POINT('',(0.,0.0365280304311242,0.00889));
#13125=CARTESIAN_POINT('',(0.0353865711800635,0.0365280304311242,0.00889));
#13126=CARTESIAN_POINT('',(0.0353865711800635,0.0365280304311242,0.00889));
#13127=CARTESIAN_POINT('',(0.,0.0365280304311242,0.0550280772149563));
#13128=CARTESIAN_POINT('',(-0.0123989665880799,0.0365280304311242,0.0550280772149563));
#13129=CARTESIAN_POINT('',(-0.015614359639585,0.0365280304311242,0.0550280772149563));
#13130=CARTESIAN_POINT('',(-0.015614359639585,0.0365280304311242,0.00889));
#13131=CARTESIAN_POINT('',(-0.015614359639585,0.0365280304311242,0.0570376999676228));
#13132=CARTESIAN_POINT('',(0.,0.0365280304311242,0.0570376999676228));
#13133=CARTESIAN_POINT('',(-0.0123989665880799,0.0365280304311242,0.0570376999676228));
#13134=CARTESIAN_POINT('',(-0.0123989665880799,0.0365280304311242,0.00889));
#13135=CARTESIAN_POINT('',(0.,0.0365280304311242,0.0550280772149563));
#13136=CARTESIAN_POINT('',(0.0160371493548155,0.0365280304311242,0.0550280772149563));
#13137=CARTESIAN_POINT('',(0.0130227189511061,0.0365280304311242,0.0550280772149563));
#13138=CARTESIAN_POINT('',(0.0130227189511061,0.0365280304311242,0.00889));
#13139=CARTESIAN_POINT('',(0.0130227189511061,0.0365280304311242,0.0570376999676228));
#13140=CARTESIAN_POINT('',(0.,0.0365280304311242,0.0570376999676228));
#13141=CARTESIAN_POINT('',(0.0160371493548155,0.0365280304311242,0.0570376999676228));
#13142=CARTESIAN_POINT('',(0.0160371493548155,0.0365280304311242,0.00889));
#13143=CARTESIAN_POINT('',(0.,-0.0426617202735008,0.0762));
#13144=CARTESIAN_POINT('',(0.,-0.0426617202735008,0.));
#13145=CARTESIAN_POINT('',(-0.0423910746650318,-0.0426617202735008,0.));
#13146=CARTESIAN_POINT('',(0.0423910746650318,-0.0426617202735008,0.));
#13147=CARTESIAN_POINT('',(0.0423910746650318,-0.0426617202735008,0.0762));
#13148=CARTESIAN_POINT('',(0.0423910746650318,-0.0426617202735008,0.0762));
#13149=CARTESIAN_POINT('',(0.,-0.0426617202735008,0.0762));
#13150=CARTESIAN_POINT('',(-0.0423910746650318,-0.0426617202735008,0.0762));
#13151=CARTESIAN_POINT('',(-0.0423910746650318,-0.0426617202735008,0.0762));
#13152=CARTESIAN_POINT('',(0.00898846704512835,-0.0426617202735008,0.0558297634124756));
#13153=CARTESIAN_POINT('',(0.00898846704512835,-0.0426617202735008,0.0601340979337692));
#13154=CARTESIAN_POINT('',(0.00898846704512835,-0.0426617202735008,0.051525428891182));
#13155=CARTESIAN_POINT('',(0.0145587837323546,-0.0426617202735008,0.0601340979337692));
#13156=CARTESIAN_POINT('',(0.020129100419581,-0.0426617202735008,0.0601340979337692));
#13157=CARTESIAN_POINT('',(0.020129100419581,-0.0426617202735008,0.0558297634124756));
#13158=CARTESIAN_POINT('',(0.020129100419581,-0.0426617202735008,0.051525428891182));
#13159=CARTESIAN_POINT('',(0.0145587837323546,-0.0426617202735008,0.051525428891182));
#13160=CARTESIAN_POINT('',(-0.0137991914525628,-0.0426617202735008,0.0512722320854664));
#13161=CARTESIAN_POINT('',(-0.0188631154596806,-0.0426617202735008,0.0512722320854664));
#13162=CARTESIAN_POINT('',(-0.00873526744544506,-0.0426617202735008,0.0512722320854664));
#13163=CARTESIAN_POINT('',(-0.0188631154596806,-0.0426617202735008,0.0558297634124756));
#13164=CARTESIAN_POINT('',(-0.0188631154596806,-0.0426617202735008,0.0603872947394848));
#13165=CARTESIAN_POINT('',(-0.0137991914525628,-0.0426617202735008,0.0603872947394848));
#13166=CARTESIAN_POINT('',(-0.00873526744544506,-0.0426617202735008,0.0603872947394848));
#13167=CARTESIAN_POINT('',(-0.00873526744544506,-0.0426617202735008,0.0558297634124756));
#13168=CARTESIAN_POINT('',(-0.0109407249838114,-0.0426617202735008,0.0176954348571598));
#13169=CARTESIAN_POINT('',(-0.0109407249838114,-0.0426617202735008,0.0116066830232739));
#13170=CARTESIAN_POINT('',(-0.0109407249838114,-0.0426617202735008,0.0237841866910458));
#13171=CARTESIAN_POINT('',(-9.51359979808331E-5,-0.0426617202735008,0.0237841866910458));
#13172=CARTESIAN_POINT('',(0.0107504529878497,-0.0426617202735008,0.0237841866910458));
#13173=CARTESIAN_POINT('',(0.0107504529878497,-0.0426617202735008,0.0176954348571598));
#13174=CARTESIAN_POINT('',(0.0107504529878497,-0.0426617202735008,0.0116066830232739));
#13175=CARTESIAN_POINT('',(-9.51359979808331E-5,-0.0426617202735008,0.0116066830232739));
#13176=CARTESIAN_POINT('',(0.,-0.0365280304311242,0.00889));
#13177=CARTESIAN_POINT('',(0.,-0.0365280304311242,0.0762));
#13178=CARTESIAN_POINT('',(-0.0353865711800635,-0.0365280304311242,0.0762));
#13179=CARTESIAN_POINT('',(0.0353865711800635,-0.0365280304311242,0.0762));
#13180=CARTESIAN_POINT('',(0.0353865711800635,-0.0365280304311242,0.00889));
#13181=CARTESIAN_POINT('',(0.0353865711800635,-0.0365280304311242,0.00889));
#13182=CARTESIAN_POINT('',(0.,-0.0365280304311242,0.00889));
#13183=CARTESIAN_POINT('',(-0.0353865711800635,-0.0365280304311242,0.00889));
#13184=CARTESIAN_POINT('',(-0.0353865711800635,-0.0365280304311242,0.00889));
#13185=CARTESIAN_POINT('',(0.00907789636403322,-0.0365280304311242,0.0559416059404612));
#13186=CARTESIAN_POINT('',(0.00907789636403322,-0.0365280304311242,0.051515381783247));
#13187=CARTESIAN_POINT('',(0.00907789636403322,-0.0365280304311242,0.0603678300976753));
#13188=CARTESIAN_POINT('',(0.0145807699300349,-0.0365280304311242,0.051515381783247));
#13189=CARTESIAN_POINT('',(0.0200836434960366,-0.0365280304311242,0.051515381783247));
#13190=CARTESIAN_POINT('',(0.0200836434960366,-0.0365280304311242,0.0559416059404612));
#13191=CARTESIAN_POINT('',(0.0200836434960366,-0.0365280304311242,0.0603678300976753));
#13192=CARTESIAN_POINT('',(0.0145807699300349,-0.0365280304311242,0.0603678300976753));
#13193=CARTESIAN_POINT('',(-0.0189149882644415,-0.0365280304311242,0.0559017285704613));
#13194=CARTESIAN_POINT('',(-0.0189149882644415,-0.0365280304311242,0.0514356270432472));
#13195=CARTESIAN_POINT('',(-0.0189149882644415,-0.0365280304311242,0.0603678300976753));
#13196=CARTESIAN_POINT('',(-0.0140102519653738,-0.0365280304311242,0.0514356270432472));
#13197=CARTESIAN_POINT('',(-0.00910551566630602,-0.0365280304311242,0.0514356270432472));
#13198=CARTESIAN_POINT('',(-0.00910551566630602,-0.0365280304311242,0.0559017285704613));
#13199=CARTESIAN_POINT('',(-0.00910551566630602,-0.0365280304311242,0.0603678300976753));
#13200=CARTESIAN_POINT('',(-0.0140102519653738,-0.0365280304311242,0.0603678300976753));
#13201=CARTESIAN_POINT('',(-0.0109407249838114,-0.0365280304311242,0.00889));
#13202=CARTESIAN_POINT('',(-0.0109407249838114,-0.0365280304311242,0.0116066830232739));
#13203=CARTESIAN_POINT('',(-0.0109407249838114,-0.0365280304311242,0.0237841866910458));
#13204=CARTESIAN_POINT('',(0.,-0.0365280304311242,0.0116066830232739));
#13205=CARTESIAN_POINT('',(0.0107504529878497,-0.0365280304311242,0.0116066830232739));
#13206=CARTESIAN_POINT('',(0.0107504529878497,-0.0365280304311242,0.00889));
#13207=CARTESIAN_POINT('',(0.0107504529878497,-0.0365280304311242,0.0237841866910458));
#13208=CARTESIAN_POINT('',(0.,-0.0365280304311242,0.0237841866910458));
#13209=CARTESIAN_POINT('',(0.,0.,0.0762));
#13210=CARTESIAN_POINT('',(-0.0423910746650318,0.,0.0762));
#13211=CARTESIAN_POINT('',(0.0423910746650318,0.,0.0762));
#13212=CARTESIAN_POINT('',(-0.0353865711800635,0.,0.0762));
#13213=CARTESIAN_POINT('',(0.0353865711800635,0.,0.0762));
#13214=CARTESIAN_POINT('',(-0.0423910746650318,0.,0.0762));
#13215=CARTESIAN_POINT('',(-0.0423910746650318,0.,0.));
#13216=CARTESIAN_POINT('',(0.0423910746650318,0.,0.0762));
#13217=CARTESIAN_POINT('',(0.0423910746650318,0.,0.));
#13218=CARTESIAN_POINT('',(0.,0.,0.));
#13219=CARTESIAN_POINT('',(-0.0353865711800635,0.,0.00889));
#13220=CARTESIAN_POINT('',(-0.0353865711800635,0.,0.00889));
#13221=CARTESIAN_POINT('',(0.0353865711800635,0.,0.00889));
#13222=CARTESIAN_POINT('',(0.0353865711800635,0.,0.00889));
#13223=CARTESIAN_POINT('',(0.,0.,0.00889));
#13224=CARTESIAN_POINT('',(0.0145587837323546,-0.0429157202735008,0.0601340979337692));
#13225=CARTESIAN_POINT('',(0.00898846704512835,-0.0429157202735008,0.0601340979337692));
#13226=CARTESIAN_POINT('',(0.00898846704512835,-0.0429157202735008,0.0601340979337692));
#13227=CARTESIAN_POINT('',(0.0145587837323546,-0.0429157202735008,0.0601340979337692));
#13228=CARTESIAN_POINT('',(0.020129100419581,-0.0429157202735008,0.0601340979337692));
#13229=CARTESIAN_POINT('',(0.020129100419581,-0.0429157202735008,0.0601340979337692));
#13230=CARTESIAN_POINT('',(0.00898846704512835,-0.0429157202735008,0.0558297634124756));
#13231=CARTESIAN_POINT('',(0.00898846704512835,-0.0429157202735008,0.051525428891182));
#13232=CARTESIAN_POINT('',(0.00898846704512835,-0.0429157202735008,0.051525428891182));
#13233=CARTESIAN_POINT('',(0.00898846704512835,-0.0429157202735008,0.0558297634124756));
#13234=CARTESIAN_POINT('',(0.0145587837323546,-0.0429157202735008,0.051525428891182));
#13235=CARTESIAN_POINT('',(0.020129100419581,-0.0429157202735008,0.051525428891182));
#13236=CARTESIAN_POINT('',(0.020129100419581,-0.0429157202735008,0.051525428891182));
#13237=CARTESIAN_POINT('',(0.0145587837323546,-0.0429157202735008,0.051525428891182));
#13238=CARTESIAN_POINT('',(0.020129100419581,-0.0429157202735008,0.0558297634124756));
#13239=CARTESIAN_POINT('',(0.020129100419581,-0.0429157202735008,0.0558297634124756));
#13240=CARTESIAN_POINT('',(0.,-0.0429157202735008,0.0381));
#13241=CARTESIAN_POINT('',(-0.0188631154596806,-0.0429157202735008,0.0558297634124756));
#13242=CARTESIAN_POINT('',(-0.0188631154596806,-0.0429157202735008,0.0512722320854664));
#13243=CARTESIAN_POINT('',(-0.0188631154596806,-0.0429157202735008,0.0512722320854664));
#13244=CARTESIAN_POINT('',(-0.0188631154596806,-0.0429157202735008,0.0558297634124756));
#13245=CARTESIAN_POINT('',(-0.0188631154596806,-0.0429157202735008,0.0603872947394848));
#13246=CARTESIAN_POINT('',(-0.0188631154596806,-0.0429157202735008,0.0603872947394848));
#13247=CARTESIAN_POINT('',(-0.0137991914525628,-0.0429157202735008,0.0512722320854664));
#13248=CARTESIAN_POINT('',(-0.00873526744544506,-0.0429157202735008,0.0512722320854664));
#13249=CARTESIAN_POINT('',(-0.00873526744544506,-0.0429157202735008,0.0512722320854664));
#13250=CARTESIAN_POINT('',(-0.0137991914525628,-0.0429157202735008,0.0512722320854664));
#13251=CARTESIAN_POINT('',(-0.00873526744544506,-0.0429157202735008,0.0558297634124756));
#13252=CARTESIAN_POINT('',(-0.00873526744544506,-0.0429157202735008,0.0603872947394848));
#13253=CARTESIAN_POINT('',(-0.00873526744544506,-0.0429157202735008,0.0603872947394848));
#13254=CARTESIAN_POINT('',(-0.00873526744544506,-0.0429157202735008,0.0558297634124756));
#13255=CARTESIAN_POINT('',(-0.0137991914525628,-0.0429157202735008,0.0603872947394848));
#13256=CARTESIAN_POINT('',(-0.0137991914525628,-0.0429157202735008,0.0603872947394848));
#13257=CARTESIAN_POINT('',(0.,-0.0429157202735008,0.0381));
#13258=CARTESIAN_POINT('',(0.0145807699300349,-0.0362740304311241,0.051515381783247));
#13259=CARTESIAN_POINT('',(0.00907789636403322,-0.0362740304311241,0.051515381783247));
#13260=CARTESIAN_POINT('',(0.00907789636403322,-0.0362740304311241,0.051515381783247));
#13261=CARTESIAN_POINT('',(0.0145807699300349,-0.0362740304311241,0.051515381783247));
#13262=CARTESIAN_POINT('',(0.0200836434960366,-0.0362740304311241,0.051515381783247));
#13263=CARTESIAN_POINT('',(0.0200836434960366,-0.0362740304311241,0.051515381783247));
#13264=CARTESIAN_POINT('',(0.00907789636403322,-0.0362740304311241,0.0559416059404612));
#13265=CARTESIAN_POINT('',(0.00907789636403322,-0.0362740304311241,0.0603678300976753));
#13266=CARTESIAN_POINT('',(0.00907789636403322,-0.0362740304311241,0.0603678300976753));
#13267=CARTESIAN_POINT('',(0.00907789636403322,-0.0362740304311241,0.0559416059404612));
#13268=CARTESIAN_POINT('',(0.0145807699300349,-0.0362740304311241,0.0603678300976753));
#13269=CARTESIAN_POINT('',(0.0200836434960366,-0.0362740304311241,0.0603678300976753));
#13270=CARTESIAN_POINT('',(0.0200836434960366,-0.0362740304311241,0.0603678300976753));
#13271=CARTESIAN_POINT('',(0.0145807699300349,-0.0362740304311241,0.0603678300976753));
#13272=CARTESIAN_POINT('',(0.0200836434960366,-0.0362740304311241,0.0559416059404612));
#13273=CARTESIAN_POINT('',(0.0200836434960366,-0.0362740304311241,0.0559416059404612));
#13274=CARTESIAN_POINT('',(0.,-0.0362740304311241,0.042545));
#13275=CARTESIAN_POINT('',(-0.0140102519653738,-0.0362740304311241,0.0514356270432472));
#13276=CARTESIAN_POINT('',(-0.0189149882644415,-0.0362740304311241,0.0514356270432472));
#13277=CARTESIAN_POINT('',(-0.0189149882644415,-0.0362740304311241,0.0514356270432472));
#13278=CARTESIAN_POINT('',(-0.0140102519653738,-0.0362740304311241,0.0514356270432472));
#13279=CARTESIAN_POINT('',(-0.00910551566630602,-0.0362740304311241,0.0514356270432472));
#13280=CARTESIAN_POINT('',(-0.00910551566630602,-0.0362740304311241,0.0514356270432472));
#13281=CARTESIAN_POINT('',(-0.0189149882644415,-0.0362740304311241,0.0559017285704613));
#13282=CARTESIAN_POINT('',(-0.0189149882644415,-0.0362740304311241,0.0603678300976753));
#13283=CARTESIAN_POINT('',(-0.0189149882644415,-0.0362740304311241,0.0603678300976753));
#13284=CARTESIAN_POINT('',(-0.0189149882644415,-0.0362740304311241,0.0559017285704613));
#13285=CARTESIAN_POINT('',(-0.0140102519653738,-0.0362740304311241,0.0603678300976753));
#13286=CARTESIAN_POINT('',(-0.00910551566630602,-0.0362740304311241,0.0603678300976753));
#13287=CARTESIAN_POINT('',(-0.00910551566630602,-0.0362740304311241,0.0603678300976753));
#13288=CARTESIAN_POINT('',(-0.0140102519653738,-0.0362740304311241,0.0603678300976753));
#13289=CARTESIAN_POINT('',(-0.00910551566630602,-0.0362740304311241,0.0559017285704613));
#13290=CARTESIAN_POINT('',(-0.00910551566630602,-0.0362740304311241,0.0559017285704613));
#13291=CARTESIAN_POINT('',(0.,-0.0362740304311241,0.042545));
#13292=CARTESIAN_POINT('',(-0.0109407249838114,-0.0172617202735008,0.0176954348571598));
#13293=CARTESIAN_POINT('',(-0.0109407249838114,-0.0172617202735008,0.0237841866910458));
#13294=CARTESIAN_POINT('',(-0.0109407249838114,-0.0172617202735008,0.0116066830232739));
#13295=CARTESIAN_POINT('',(-9.51359979808331E-5,-0.0172617202735008,0.0116066830232739));
#13296=CARTESIAN_POINT('',(0.0107504529878497,-0.0172617202735008,0.0116066830232739));
#13297=CARTESIAN_POINT('',(0.0107504529878497,-0.0172617202735008,0.0176954348571598));
#13298=CARTESIAN_POINT('',(0.0107504529878497,-0.0172617202735008,0.0237841866910458));
#13299=CARTESIAN_POINT('',(-9.51359979808331E-5,-0.0172617202735008,0.0237841866910458));
#13300=CARTESIAN_POINT('',(-0.015614359639585,0.0172617202735008,0.0560328885912895));
#13301=CARTESIAN_POINT('',(-0.015614359639585,0.0172617202735008,0.0550280772149563));
#13302=CARTESIAN_POINT('',(-0.015614359639585,0.0172617202735008,0.0570376999676228));
#13303=CARTESIAN_POINT('',(-0.0140066631138325,0.0172617202735008,0.0570376999676228));
#13304=CARTESIAN_POINT('',(-0.0123989665880799,0.0172617202735008,0.0570376999676228));
#13305=CARTESIAN_POINT('',(-0.0123989665880799,0.0172617202735008,0.0560328885912895));
#13306=CARTESIAN_POINT('',(-0.0123989665880799,0.0172617202735008,0.0550280772149563));
#13307=CARTESIAN_POINT('',(-0.0140066631138325,0.0172617202735008,0.0550280772149563));
#13308=CARTESIAN_POINT('',(0.0130227189511061,0.0172617202735008,0.0560328885912895));
#13309=CARTESIAN_POINT('',(0.0130227189511061,0.0172617202735008,0.0550280772149563));
#13310=CARTESIAN_POINT('',(0.0130227189511061,0.0172617202735008,0.0570376999676228));
#13311=CARTESIAN_POINT('',(0.0145299341529608,0.0172617202735008,0.0570376999676228));
#13312=CARTESIAN_POINT('',(0.0160371493548155,0.0172617202735008,0.0570376999676228));
#13313=CARTESIAN_POINT('',(0.0160371493548155,0.0172617202735008,0.0560328885912895));
#13314=CARTESIAN_POINT('',(0.0160371493548155,0.0172617202735008,0.0550280772149563));
#13315=CARTESIAN_POINT('',(0.0145299341529608,0.0172617202735008,0.0550280772149563));
#13316=CARTESIAN_POINT('',(0.197578653955134,0.229982698341154,0.0628457386648961));
#13317=CARTESIAN_POINT('',(0.134467293140604,0.0352447143534582,0.069154681823936));
#13318=CARTESIAN_POINT('',(0.,0.00152209075167775,-0.0020574));
#13319=CARTESIAN_POINT('',(0.,0.00152209075167775,0.));
#13320=CARTESIAN_POINT('',(-0.00273581314831972,0.00152209075167775,0.));
#13321=CARTESIAN_POINT('',(0.00273581314831972,0.00152209075167775,0.));
#13322=CARTESIAN_POINT('',(0.00273581314831972,0.00152209075167775,-0.0020574));
#13323=CARTESIAN_POINT('',(0.00273581314831972,0.00152209075167775,-0.0020574));
#13324=CARTESIAN_POINT('',(0.,0.00152209075167775,-0.0020574));
#13325=CARTESIAN_POINT('',(-0.00273581314831972,0.00152209075167775,-0.0020574));
#13326=CARTESIAN_POINT('',(-0.00273581314831972,0.00152209075167775,-0.0020574));
#13327=CARTESIAN_POINT('',(-0.00273581314831972,0.,-0.0020574));
#13328=CARTESIAN_POINT('',(-0.00273581314831972,0.,-0.00106157023064674));
#13329=CARTESIAN_POINT('',(-0.00273581314831972,0.,-0.000408768703273451));
#13330=CARTESIAN_POINT('',(-0.00273581314831972,0.,0.));
#13331=CARTESIAN_POINT('',(-0.00273581314831972,-0.00152209075167775,0.));
#13332=CARTESIAN_POINT('',(-0.00273581314831972,0.,-0.0020574));
#13333=CARTESIAN_POINT('',(-0.00273581314831972,-0.00152209075167775,-0.0020574));
#13334=CARTESIAN_POINT('',(-0.00273581314831972,-0.00152209075167775,-0.0020574));
#13335=CARTESIAN_POINT('',(0.,-0.00152209075167775,-0.0020574));
#13336=CARTESIAN_POINT('',(0.,-0.00152209075167775,0.));
#13337=CARTESIAN_POINT('',(0.00273581314831972,-0.00152209075167775,0.));
#13338=CARTESIAN_POINT('',(0.,-0.00152209075167775,-0.0020574));
#13339=CARTESIAN_POINT('',(0.00273581314831972,-0.00152209075167775,-0.0020574));
#13340=CARTESIAN_POINT('',(0.00273581314831972,-0.00152209075167775,-0.0020574));
#13341=CARTESIAN_POINT('',(0.00273581314831972,0.,-0.0020574));
#13342=CARTESIAN_POINT('',(0.00273581314831972,0.,0.));
#13343=CARTESIAN_POINT('',(0.00273581314831972,0.,-0.0020574));
#13344=CARTESIAN_POINT('',(0.,0.,-0.0020574));
#13345=CARTESIAN_POINT('',(0.,0.,0.));
#13346=CARTESIAN_POINT('',(-0.00527581314831972,0.,-0.00106157023064674));
#13347=CARTESIAN_POINT('',(-0.00527581314831972,0.,-0.00106157023064674));
#13348=CARTESIAN_POINT('',(-0.00527581314831972,0.,-0.000408768703273451));
#13349=CARTESIAN_POINT('',(-0.00527581314831972,0.,-0.0010287));
#13350=CARTESIAN_POINT('',(0.0871720196871917,0.0764064128863081,-0.281010149708127));
#13351=CARTESIAN_POINT('',(0.157753512232377,0.310749086753851,0.071364387286648));
#13352=CARTESIAN_POINT('',(0.00828369951890989,-0.00328348420340433,0.052324));
#13353=CARTESIAN_POINT('',(0.00828369951890989,-0.00328348420340433,0.05207));
#13354=CARTESIAN_POINT('',(0.00828369951890989,0.00101571109545288,0.05207));
#13355=CARTESIAN_POINT('',(0.00828369951890989,-0.00758267950226154,0.05207));
#13356=CARTESIAN_POINT('',(0.00828369951890989,0.00101571109545288,0.052324));
#13357=CARTESIAN_POINT('',(0.00828369951890989,0.00101571109545288,0.0252503472753155));
#13358=CARTESIAN_POINT('',(0.00828369951890989,-0.00573624758208114,0.0252503472753155));
#13359=CARTESIAN_POINT('',(0.00828369951890989,-0.00573624758208114,0.0252503472753155));
#13360=CARTESIAN_POINT('',(0.00828369951890989,-0.00573624758208114,0.026924));
#13361=CARTESIAN_POINT('',(0.00828369951890989,-0.00573624758208114,0.026924));
#13362=CARTESIAN_POINT('',(0.00828369951890989,-0.00328348420340433,0.026924));
#13363=CARTESIAN_POINT('',(0.00828369951890989,-0.00758267950226154,0.026924));
#13364=CARTESIAN_POINT('',(0.00828369951890989,-0.00758267950226154,0.052324));
#13365=CARTESIAN_POINT('',(-0.000484763231788016,-0.00332092207679458,0.052324));
#13366=CARTESIAN_POINT('',(-0.000484763231788016,-0.00332092207679458,0.05207));
#13367=CARTESIAN_POINT('',(-0.000484763231788016,0.00088617502019701,0.05207));
#13368=CARTESIAN_POINT('',(-0.000484763231788016,-0.00752801917378616,0.05207));
#13369=CARTESIAN_POINT('',(-0.000484763231788016,0.00088617502019701,0.052324));
#13370=CARTESIAN_POINT('',(-0.000484763231788016,0.00088617502019701,0.0252503472753155));
#13371=CARTESIAN_POINT('',(-0.000484763231788016,-0.00573624758208114,0.0252503472753155));
#13372=CARTESIAN_POINT('',(-0.000484763231788016,-0.00573624758208114,0.0252503472753155));
#13373=CARTESIAN_POINT('',(-0.000484763231788016,-0.00573624758208114,0.026924));
#13374=CARTESIAN_POINT('',(-0.000484763231788016,-0.00573624758208114,0.026924));
#13375=CARTESIAN_POINT('',(-0.000484763231788016,-0.00332092207679458,0.026924));
#13376=CARTESIAN_POINT('',(-0.000484763231788016,-0.00752801917378616,0.026924));
#13377=CARTESIAN_POINT('',(-0.000484763231788016,-0.00752801917378616,0.052324));
#13378=CARTESIAN_POINT('',(0.0133841514844792,0.00101571109545288,0.052324));
#13379=CARTESIAN_POINT('',(0.0133841514844792,0.00101571109545288,0.05207));
#13380=CARTESIAN_POINT('',(0.0117460397653094,0.00101571109545288,0.05207));
#13381=CARTESIAN_POINT('',(0.0150222632036491,0.00101571109545288,0.05207));
#13382=CARTESIAN_POINT('',(0.0117460397653094,0.00101571109545288,0.052324));
#13383=CARTESIAN_POINT('',(0.0117460397653094,0.00101571109545288,0.0252503472753155));
#13384=CARTESIAN_POINT('',(-0.000373255256028809,0.00101571109545288,0.0252503472753155));
#13385=CARTESIAN_POINT('',(0.0139799369911021,0.00101571109545288,0.0252503472753155));
#13386=CARTESIAN_POINT('',(0.0139799369911021,0.00101571109545288,0.026924));
#13387=CARTESIAN_POINT('',(0.0139799369911021,0.00101571109545288,0.026924));
#13388=CARTESIAN_POINT('',(0.0133841514844792,0.00101571109545288,0.026924));
#13389=CARTESIAN_POINT('',(0.0150222632036491,0.00101571109545288,0.026924));
#13390=CARTESIAN_POINT('',(0.0150222632036491,0.00101571109545288,0.052324));
#13391=CARTESIAN_POINT('',(-0.00970406252535315,-0.00316752942529973,0.052324));
#13392=CARTESIAN_POINT('',(-0.00970406252535315,-0.00316752942529973,0.05207));
#13393=CARTESIAN_POINT('',(-0.00970406252535315,0.00118418721844633,0.05207));
#13394=CARTESIAN_POINT('',(-0.00970406252535315,-0.00751924606904578,0.05207));
#13395=CARTESIAN_POINT('',(-0.00970406252535315,0.00118418721844633,0.052324));
#13396=CARTESIAN_POINT('',(-0.00970406252535315,0.00118418721844633,0.0252503472753155));
#13397=CARTESIAN_POINT('',(-0.00970406252535315,-0.00573624758208114,0.0252503472753155));
#13398=CARTESIAN_POINT('',(-0.00970406252535315,-0.00573624758208114,0.0252503472753155));
#13399=CARTESIAN_POINT('',(-0.00970406252535315,-0.00573624758208114,0.026924));
#13400=CARTESIAN_POINT('',(-0.00970406252535315,-0.00573624758208114,0.026924));
#13401=CARTESIAN_POINT('',(-0.00970406252535315,-0.00316752942529973,0.026924));
#13402=CARTESIAN_POINT('',(-0.00970406252535315,-0.00751924606904578,0.026924));
#13403=CARTESIAN_POINT('',(-0.00970406252535315,-0.00751924606904578,0.052324));
#13404=CARTESIAN_POINT('',(0.0117460397653094,-0.00328935642833702,0.052324));
#13405=CARTESIAN_POINT('',(0.0117460397653094,-0.00328935642833702,0.05207));
#13406=CARTESIAN_POINT('',(0.0117460397653094,-0.00759442395212694,0.05207));
#13407=CARTESIAN_POINT('',(0.0117460397653094,-0.00759442395212694,0.052324));
#13408=CARTESIAN_POINT('',(0.0117460397653094,-0.00759442395212694,0.026924));
#13409=CARTESIAN_POINT('',(0.0117460397653094,-0.00328935642833702,0.026924));
#13410=CARTESIAN_POINT('',(0.0117460397653094,-0.00573624758208114,0.026924));
#13411=CARTESIAN_POINT('',(0.0117460397653094,-0.00573624758208114,0.026924));
#13412=CARTESIAN_POINT('',(0.0117460397653094,-0.00573624758208114,0.0252503472753155));
#13413=CARTESIAN_POINT('',(0.0117460397653094,-0.00573624758208114,0.0252503472753155));
#13414=CARTESIAN_POINT('',(0.0150222632036491,-0.00328935642833702,0.052324));
#13415=CARTESIAN_POINT('',(0.0150222632036491,-0.00328935642833702,0.05207));
#13416=CARTESIAN_POINT('',(0.0150222632036491,-0.00759442395212694,0.05207));
#13417=CARTESIAN_POINT('',(0.0150222632036491,-0.00328935642833702,0.026924));
#13418=CARTESIAN_POINT('',(0.0150222632036491,-0.00759442395212694,0.026924));
#13419=CARTESIAN_POINT('',(0.0150222632036491,-0.00759442395212694,0.052324));
#13420=CARTESIAN_POINT('',(0.0133841514844792,-0.00759442395212694,0.052324));
#13421=CARTESIAN_POINT('',(0.0133841514844792,-0.00759442395212694,0.05207));
#13422=CARTESIAN_POINT('',(0.0133841514844792,-0.00759442395212694,0.026924));
#13423=CARTESIAN_POINT('',(0.00542970811124858,0.00101571109545288,0.052324));
#13424=CARTESIAN_POINT('',(0.00542970811124858,0.00101571109545288,0.05207));
#13425=CARTESIAN_POINT('',(0.00257571670358727,0.00101571109545288,0.05207));
#13426=CARTESIAN_POINT('',(0.00257571670358727,0.00101571109545288,0.052324));
#13427=CARTESIAN_POINT('',(0.00257571670358727,0.00101571109545288,0.0252503472753155));
#13428=CARTESIAN_POINT('',(-0.000373255256028809,0.00101571109545288,0.0252503472753155));
#13429=CARTESIAN_POINT('',(0.00542970811124858,-0.00758267950226154,0.052324));
#13430=CARTESIAN_POINT('',(0.00542970811124858,-0.00758267950226154,0.05207));
#13431=CARTESIAN_POINT('',(0.00257571670358727,-0.00758267950226154,0.05207));
#13432=CARTESIAN_POINT('',(0.00542970811124858,-0.00758267950226154,0.026924));
#13433=CARTESIAN_POINT('',(0.00257571670358727,-0.00758267950226154,0.026924));
#13434=CARTESIAN_POINT('',(0.00257571670358727,-0.00758267950226154,0.052324));
#13435=CARTESIAN_POINT('',(0.00257571670358727,-0.00328348420340433,0.052324));
#13436=CARTESIAN_POINT('',(0.00257571670358727,-0.00328348420340433,0.05207));
#13437=CARTESIAN_POINT('',(0.00257571670358727,-0.00328348420340433,0.026924));
#13438=CARTESIAN_POINT('',(0.00257571670358727,-0.00573624758208114,0.026924));
#13439=CARTESIAN_POINT('',(0.00257571670358727,-0.00573624758208114,0.026924));
#13440=CARTESIAN_POINT('',(0.00257571670358727,-0.00573624758208114,0.0252503472753155));
#13441=CARTESIAN_POINT('',(0.00257571670358727,-0.00573624758208114,0.0252503472753155));
#13442=CARTESIAN_POINT('',(-0.0040210066453782,0.00088617502019701,0.052324));
#13443=CARTESIAN_POINT('',(-0.0040210066453782,0.00088617502019701,0.05207));
#13444=CARTESIAN_POINT('',(-0.0075572500589684,0.00088617502019701,0.05207));
#13445=CARTESIAN_POINT('',(-0.0075572500589684,0.00088617502019701,0.052324));
#13446=CARTESIAN_POINT('',(-0.0075572500589684,0.00088617502019701,0.0252503472753155));
#13447=CARTESIAN_POINT('',(-0.000373255256028809,0.00088617502019701,0.0252503472753155));
#13448=CARTESIAN_POINT('',(-0.0040210066453782,-0.00752801917378616,0.052324));
#13449=CARTESIAN_POINT('',(-0.0040210066453782,-0.00752801917378616,0.05207));
#13450=CARTESIAN_POINT('',(-0.0075572500589684,-0.00752801917378616,0.05207));
#13451=CARTESIAN_POINT('',(-0.0040210066453782,-0.00752801917378616,0.026924));
#13452=CARTESIAN_POINT('',(-0.0075572500589684,-0.00752801917378616,0.026924));
#13453=CARTESIAN_POINT('',(-0.0075572500589684,-0.00752801917378616,0.052324));
#13454=CARTESIAN_POINT('',(-0.0075572500589684,-0.00332092207679458,0.052324));
#13455=CARTESIAN_POINT('',(-0.0075572500589684,-0.00332092207679458,0.05207));
#13456=CARTESIAN_POINT('',(-0.0075572500589684,-0.00332092207679458,0.026924));
#13457=CARTESIAN_POINT('',(-0.0075572500589684,-0.00573624758208114,0.026924));
#13458=CARTESIAN_POINT('',(-0.0075572500589684,-0.00573624758208114,0.026924));
#13459=CARTESIAN_POINT('',(-0.0075572500589684,-0.00573624758208114,0.0252503472753155));
#13460=CARTESIAN_POINT('',(-0.0075572500589684,-0.00573624758208114,0.0252503472753155));
#13461=CARTESIAN_POINT('',(-0.0123472448952281,0.00118418721844633,0.052324));
#13462=CARTESIAN_POINT('',(-0.0123472448952281,0.00118418721844633,0.05207));
#13463=CARTESIAN_POINT('',(-0.014990427265103,0.00118418721844633,0.05207));
#13464=CARTESIAN_POINT('',(-0.014990427265103,0.00118418721844633,0.052324));
#13465=CARTESIAN_POINT('',(-0.014990427265103,0.00118418721844633,0.026924));
#13466=CARTESIAN_POINT('',(-0.0123472448952281,0.00118418721844633,0.026924));
#13467=CARTESIAN_POINT('',(-0.0147264475031598,0.00118418721844633,0.026924));
#13468=CARTESIAN_POINT('',(-0.0147264475031598,0.00118418721844633,0.026924));
#13469=CARTESIAN_POINT('',(-0.0147264475031598,0.00118418721844633,0.0252503472753155));
#13470=CARTESIAN_POINT('',(-0.000373255256028809,0.00118418721844633,0.0252503472753155));
#13471=CARTESIAN_POINT('',(-0.0123472448952281,-0.00751924606904578,0.052324));
#13472=CARTESIAN_POINT('',(-0.0123472448952281,-0.00751924606904578,0.05207));
#13473=CARTESIAN_POINT('',(-0.014990427265103,-0.00751924606904578,0.05207));
#13474=CARTESIAN_POINT('',(-0.0123472448952281,-0.00751924606904578,0.026924));
#13475=CARTESIAN_POINT('',(-0.014990427265103,-0.00751924606904578,0.026924));
#13476=CARTESIAN_POINT('',(-0.014990427265103,-0.00751924606904578,0.052324));
#13477=CARTESIAN_POINT('',(-0.014990427265103,-0.00316752942529973,0.052324));
#13478=CARTESIAN_POINT('',(-0.014990427265103,-0.00316752942529973,0.05207));
#13479=CARTESIAN_POINT('',(-0.014990427265103,-0.00316752942529973,0.026924));
#13480=CARTESIAN_POINT('',(0.0214581177335464,-0.00389117942628111,0.0095577298787009));
#13481=CARTESIAN_POINT('',(0.0212041177335464,-0.00389117942628111,0.0095577298787009));
#13482=CARTESIAN_POINT('',(0.0212041177335464,-0.00093747513420632,0.0095577298787009));
#13483=CARTESIAN_POINT('',(0.0212041177335464,-0.00684488371835591,0.0095577298787009));
#13484=CARTESIAN_POINT('',(0.0214581177335464,-0.00093747513420632,0.0095577298787009));
#13485=CARTESIAN_POINT('',(0.0139799369911021,-0.00093747513420632,0.0095577298787009));
#13486=CARTESIAN_POINT('',(0.0139799369911021,-0.00573624758208114,0.0095577298787009));
#13487=CARTESIAN_POINT('',(0.0139799369911021,-0.00573624758208114,0.0095577298787009));
#13488=CARTESIAN_POINT('',(0.0153621177335464,-0.00573624758208114,0.0095577298787009));
#13489=CARTESIAN_POINT('',(0.0153621177335464,-0.00573624758208114,0.0095577298787009));
#13490=CARTESIAN_POINT('',(0.0153621177335464,-0.00389117942628111,0.0095577298787009));
#13491=CARTESIAN_POINT('',(0.0153621177335464,-0.00684488371835591,0.0095577298787009));
#13492=CARTESIAN_POINT('',(0.0214581177335464,-0.00684488371835591,0.0095577298787009));
#13493=CARTESIAN_POINT('',(0.0214581177335464,-0.00389117942628111,0.0161213358719889));
#13494=CARTESIAN_POINT('',(0.0214581177335464,-0.00093747513420632,0.0161213358719889));
#13495=CARTESIAN_POINT('',(0.0212041177335464,-0.00093747513420632,0.0161213358719889));
#13496=CARTESIAN_POINT('',(0.0139799369911021,-0.00093747513420632,0.0161213358719889));
#13497=CARTESIAN_POINT('',(0.0212041177335464,-0.00389117942628111,0.0161213358719889));
#13498=CARTESIAN_POINT('',(0.0212041177335464,-0.00684488371835591,0.0161213358719889));
#13499=CARTESIAN_POINT('',(0.0214581177335464,-0.00684488371835591,0.0161213358719889));
#13500=CARTESIAN_POINT('',(0.0153621177335464,-0.00684488371835591,0.0161213358719889));
#13501=CARTESIAN_POINT('',(0.0153621177335464,-0.00389117942628111,0.0161213358719889));
#13502=CARTESIAN_POINT('',(0.0153621177335464,-0.00573624758208114,0.0161213358719889));
#13503=CARTESIAN_POINT('',(0.0153621177335464,-0.00573624758208114,0.0161213358719889));
#13504=CARTESIAN_POINT('',(0.0139799369911021,-0.00573624758208114,0.0161213358719889));
#13505=CARTESIAN_POINT('',(0.0139799369911021,-0.00573624758208114,0.0161213358719889));
#13506=CARTESIAN_POINT('',(0.0214581177335464,-0.00093747513420632,0.0128395328753449));
#13507=CARTESIAN_POINT('',(0.0212041177335464,-0.00093747513420632,0.0128395328753449));
#13508=CARTESIAN_POINT('',(0.0139799369911021,-0.00093747513420632,0.013330744141398));
#13509=CARTESIAN_POINT('',(0.0214581177335464,-0.00684488371835591,0.0128395328753449));
#13510=CARTESIAN_POINT('',(0.0212041177335464,-0.00684488371835591,0.0128395328753449));
#13511=CARTESIAN_POINT('',(0.0153621177335464,-0.00684488371835591,0.0128395328753449));
#13512=CARTESIAN_POINT('',(0.0139799369911021,-0.00573624758208114,0.013330744141398));
#13513=CARTESIAN_POINT('',(0.0139799369911021,-0.00573624758208114,0.013330744141398));
#13514=CARTESIAN_POINT('',(0.0139799369911021,-0.00573624758208114,0.026924));
#13515=CARTESIAN_POINT('',(0.0139799369911021,-0.00573624758208114,0.026924));
#13516=CARTESIAN_POINT('',(0.0139799369911021,-0.00573624758208114,0.0252503472753155));
#13517=CARTESIAN_POINT('',(0.0139799369911021,0.00790355241791886,0.0252503472753155));
#13518=CARTESIAN_POINT('',(0.0139799369911021,0.00790355241791886,0.013330744141398));
#13519=CARTESIAN_POINT('',(0.0139799369911021,0.00790355241791886,0.00141114100748053));
#13520=CARTESIAN_POINT('',(0.0139799369911021,-0.00573624758208114,0.00141114100748053));
#13521=CARTESIAN_POINT('',(0.0139799369911021,-0.00573624758208114,0.00141114100748053));
#13522=CARTESIAN_POINT('',(0.0139799369911021,-0.00573624758208114,0.013330744141398));
#13523=CARTESIAN_POINT('',(-0.000373255256028809,-0.00573624758208114,0.0252503472753155));
#13524=CARTESIAN_POINT('',(-0.000373255256028809,-0.00573624758208114,0.0252503472753155));
#13525=CARTESIAN_POINT('',(-0.000373255256028809,-0.00573624758208114,0.0252503472753155));
#13526=CARTESIAN_POINT('',(-0.000373255256028809,-0.00573624758208114,0.0252503472753155));
#13527=CARTESIAN_POINT('',(-0.0147264475031598,-0.00573624758208114,0.0252503472753155));
#13528=CARTESIAN_POINT('',(-0.0147264475031598,0.00790355241791886,0.0252503472753155));
#13529=CARTESIAN_POINT('',(-0.000373255256028809,0.00790355241791886,0.0252503472753155));
#13530=CARTESIAN_POINT('',(0.,-0.00573624758208114,0.013462));
#13531=CARTESIAN_POINT('',(0.00852994550950825,-0.00573624758208114,0.00951467175036669));
#13532=CARTESIAN_POINT('',(0.00607699202373624,-0.00573624758208114,0.00951467175036669));
#13533=CARTESIAN_POINT('',(0.0109828989952803,-0.00573624758208114,0.00951467175036669));
#13534=CARTESIAN_POINT('',(0.0109828989952803,-0.00573624758208114,0.0138978180475533));
#13535=CARTESIAN_POINT('',(0.0109828989952803,-0.00573624758208114,0.0182809643447399));
#13536=CARTESIAN_POINT('',(0.00852994550950825,-0.00573624758208114,0.0182809643447399));
#13537=CARTESIAN_POINT('',(0.00607699202373624,-0.00573624758208114,0.0182809643447399));
#13538=CARTESIAN_POINT('',(0.00607699202373624,-0.00573624758208114,0.0138978180475533));
#13539=CARTESIAN_POINT('',(-0.00779627030715346,-0.00573624758208114,0.0182809643447399));
#13540=CARTESIAN_POINT('',(-0.00518246740102768,-0.00573624758208114,0.0182809643447399));
#13541=CARTESIAN_POINT('',(-0.0104100732132792,-0.00573624758208114,0.0182809643447399));
#13542=CARTESIAN_POINT('',(-0.0104100732132792,-0.00573624758208114,0.0138978180475533));
#13543=CARTESIAN_POINT('',(-0.0104100732132792,-0.00573624758208114,0.00951467175036669));
#13544=CARTESIAN_POINT('',(-0.00779627030715346,-0.00573624758208114,0.00951467175036669));
#13545=CARTESIAN_POINT('',(-0.00518246740102768,-0.00573624758208114,0.00951467175036669));
#13546=CARTESIAN_POINT('',(-0.00518246740102768,-0.00573624758208114,0.0138978180475533));
#13547=CARTESIAN_POINT('',(0.0153621177335464,-0.00573624758208114,0.013462));
#13548=CARTESIAN_POINT('',(-0.000373255256028809,-0.00573624758208114,0.00141114100748053));
#13549=CARTESIAN_POINT('',(-0.0147264475031598,-0.00573624758208114,0.00141114100748053));
#13550=CARTESIAN_POINT('',(-0.0147264475031598,-0.00573624758208114,0.013330744141398));
#13551=CARTESIAN_POINT('',(-0.0147264475031598,-0.00573624758208114,0.026924));
#13552=CARTESIAN_POINT('',(0.,-0.00573624758208114,0.026924));
#13553=CARTESIAN_POINT('',(0.,-0.00573624758208114,0.026924));
#13554=CARTESIAN_POINT('',(0.,-0.00573624758208114,0.026924));
#13555=CARTESIAN_POINT('',(0.,-0.00573624758208114,0.026924));
#13556=CARTESIAN_POINT('',(0.,0.00790355241791886,0.026924));
#13557=CARTESIAN_POINT('',(0.,0.00790355241791886,0.));
#13558=CARTESIAN_POINT('',(-0.0153621177335464,0.00790355241791886,0.));
#13559=CARTESIAN_POINT('',(0.0153621177335464,0.00790355241791886,0.));
#13560=CARTESIAN_POINT('',(-0.0153621177335464,0.00790355241791886,0.026924));
#13561=CARTESIAN_POINT('',(-0.0153621177335464,0.00790355241791886,0.026924));
#13562=CARTESIAN_POINT('',(0.,0.00790355241791886,0.026924));
#13563=CARTESIAN_POINT('',(0.0153621177335464,0.00790355241791886,0.026924));
#13564=CARTESIAN_POINT('',(0.0153621177335464,0.00790355241791886,0.026924));
#13565=CARTESIAN_POINT('',(-0.000373255256028809,0.00790355241791886,0.00141114100748053));
#13566=CARTESIAN_POINT('',(-0.0147264475031598,0.00790355241791886,0.00141114100748053));
#13567=CARTESIAN_POINT('',(-0.0147264475031598,0.00790355241791886,0.013330744141398));
#13568=CARTESIAN_POINT('',(0.0153621177335464,0.,0.026924));
#13569=CARTESIAN_POINT('',(0.0153621177335464,-0.00790355241791886,0.026924));
#13570=CARTESIAN_POINT('',(0.0153621177335464,-0.00790355241791886,0.052324));
#13571=CARTESIAN_POINT('',(0.0153621177335464,-0.00790355241791886,0.0165322237305815));
#13572=CARTESIAN_POINT('',(0.0153621177335464,-0.00395177620895943,0.0165322237305815));
#13573=CARTESIAN_POINT('',(0.0153621177335464,0.,0.0165322237305815));
#13574=CARTESIAN_POINT('',(0.0153621177335464,0.,0.0128395328753449));
#13575=CARTESIAN_POINT('',(0.0153621177335464,0.,0.00914684202010836));
#13576=CARTESIAN_POINT('',(0.0153621177335464,-0.00395177620895943,0.00914684202010836));
#13577=CARTESIAN_POINT('',(0.0153621177335464,-0.00790355241791886,0.00914684202010836));
#13578=CARTESIAN_POINT('',(0.0153621177335464,-0.00790355241791886,0.026924));
#13579=CARTESIAN_POINT('',(0.0153621177335464,-0.00790355241791886,0.));
#13580=CARTESIAN_POINT('',(0.0153621177335464,0.,0.));
#13581=CARTESIAN_POINT('',(0.0153621177335464,0.,0.026924));
#13582=CARTESIAN_POINT('',(0.0153621177335464,0.00151244679393215,0.026924));
#13583=CARTESIAN_POINT('',(0.0153621177335464,0.00151244679393215,0.052324));
#13584=CARTESIAN_POINT('',(0.0153621177335464,0.00151244679393215,0.052324));
#13585=CARTESIAN_POINT('',(0.0153621177335464,0.,0.052324));
#13586=CARTESIAN_POINT('',(0.,0.,0.026924));
#13587=CARTESIAN_POINT('',(-0.0153621177335464,0.,0.026924));
#13588=CARTESIAN_POINT('',(-0.0153621177335464,0.00171494750716242,0.026924));
#13589=CARTESIAN_POINT('',(-0.0122884836337681,0.00171494750716242,0.026924));
#13590=CARTESIAN_POINT('',(-0.00921484953398987,0.00171494750716242,0.026924));
#13591=CARTESIAN_POINT('',(-0.00921484953398987,-0.00309430245537821,0.026924));
#13592=CARTESIAN_POINT('',(-0.00921484953398987,-0.00790355241791886,0.026924));
#13593=CARTESIAN_POINT('',(0.,-0.00790355241791886,0.026924));
#13594=CARTESIAN_POINT('',(-0.00794692348328151,-0.00790355241791886,0.026924));
#13595=CARTESIAN_POINT('',(-0.00794692348328151,-0.00320168732424681,0.026924));
#13596=CARTESIAN_POINT('',(-0.00794692348328151,0.00150017776942524,0.026924));
#13597=CARTESIAN_POINT('',(-0.00397346174164076,0.00150017776942524,0.026924));
#13598=CARTESIAN_POINT('',(0.,0.00150017776942524,0.026924));
#13599=CARTESIAN_POINT('',(0.,-0.00320168732424681,0.026924));
#13600=CARTESIAN_POINT('',(0.,-0.00790355241791886,0.026924));
#13601=CARTESIAN_POINT('',(0.,-0.00790355241791886,0.026924));
#13602=CARTESIAN_POINT('',(0.00210687087392597,-0.00790355241791886,0.026924));
#13603=CARTESIAN_POINT('',(0.00210687087392597,-0.00321660758719461,0.026924));
#13604=CARTESIAN_POINT('',(0.00210687087392597,0.00147033724352965,0.026924));
#13605=CARTESIAN_POINT('',(0.00546088454778931,0.00147033724352965,0.026924));
#13606=CARTESIAN_POINT('',(0.00881489822165264,0.00147033724352965,0.026924));
#13607=CARTESIAN_POINT('',(0.00881489822165264,-0.00321660758719461,0.026924));
#13608=CARTESIAN_POINT('',(0.00881489822165264,-0.00790355241791886,0.026924));
#13609=CARTESIAN_POINT('',(0.,-0.00790355241791886,0.026924));
#13610=CARTESIAN_POINT('',(0.0113802057481344,-0.00790355241791886,0.026924));
#13611=CARTESIAN_POINT('',(0.0113802057481344,-0.00319555281199336,0.026924));
#13612=CARTESIAN_POINT('',(0.0113802057481344,0.00151244679393215,0.026924));
#13613=CARTESIAN_POINT('',(0.0133711617408404,0.00151244679393215,0.026924));
#13614=CARTESIAN_POINT('',(-0.0153621177335464,0.,0.026924));
#13615=CARTESIAN_POINT('',(-0.0153621177335464,0.00171494750716242,0.052324));
#13616=CARTESIAN_POINT('',(-0.0153621177335464,0.00171494750716242,0.052324));
#13617=CARTESIAN_POINT('',(-0.0153621177335464,0.,0.));
#13618=CARTESIAN_POINT('',(-0.0153621177335464,-0.00790355241791886,0.));
#13619=CARTESIAN_POINT('',(-0.0153621177335464,-0.00790355241791886,0.026924));
#13620=CARTESIAN_POINT('',(-0.0153621177335464,-0.00790355241791886,0.052324));
#13621=CARTESIAN_POINT('',(-0.0153621177335464,0.,0.052324));
#13622=CARTESIAN_POINT('',(0.,-0.00790355241791886,0.026924));
#13623=CARTESIAN_POINT('',(0.00210687087392597,-0.00790355241791886,0.052324));
#13624=CARTESIAN_POINT('',(0.00210687087392597,-0.00790355241791886,0.052324));
#13625=CARTESIAN_POINT('',(0.,-0.00790355241791886,0.052324));
#13626=CARTESIAN_POINT('',(0.,-0.00790355241791886,0.052324));
#13627=CARTESIAN_POINT('',(0.,-0.00790355241791886,0.052324));
#13628=CARTESIAN_POINT('',(-0.00794692348328151,-0.00790355241791886,0.052324));
#13629=CARTESIAN_POINT('',(-0.00794692348328151,-0.00790355241791886,0.052324));
#13630=CARTESIAN_POINT('',(-0.00921484953398987,-0.00790355241791886,0.052324));
#13631=CARTESIAN_POINT('',(-0.00921484953398987,-0.00790355241791886,0.052324));
#13632=CARTESIAN_POINT('',(0.,-0.00790355241791886,0.052324));
#13633=CARTESIAN_POINT('',(0.,-0.00790355241791886,0.));
#13634=CARTESIAN_POINT('',(0.0214581177335464,-0.00790355241791886,0.00914684202010836));
#13635=CARTESIAN_POINT('',(0.0214581177335464,-0.00790355241791886,0.00914684202010836));
#13636=CARTESIAN_POINT('',(0.0214581177335464,-0.00790355241791886,0.026924));
#13637=CARTESIAN_POINT('',(0.0214581177335464,-0.00790355241791886,0.0419322237305814));
#13638=CARTESIAN_POINT('',(0.0214581177335464,-0.00790355241791886,0.0419322237305814));
#13639=CARTESIAN_POINT('',(0.0184101177335464,-0.00790355241791886,0.0419322237305814));
#13640=CARTESIAN_POINT('',(0.0184101177335464,-0.00790355241791886,0.0419322237305814));
#13641=CARTESIAN_POINT('',(0.0184101177335464,-0.00790355241791886,0.0165322237305815));
#13642=CARTESIAN_POINT('',(0.0214581177335464,-0.00790355241791886,0.0165322237305815));
#13643=CARTESIAN_POINT('',(0.,-0.00790355241791886,0.052324));
#13644=CARTESIAN_POINT('',(0.0113802057481344,-0.00790355241791886,0.052324));
#13645=CARTESIAN_POINT('',(0.0113802057481344,-0.00790355241791886,0.052324));
#13646=CARTESIAN_POINT('',(0.00881489822165264,-0.00790355241791886,0.052324));
#13647=CARTESIAN_POINT('',(0.00881489822165264,-0.00790355241791886,0.052324));
#13648=CARTESIAN_POINT('',(0.,-0.00790355241791886,0.052324));
#13649=CARTESIAN_POINT('',(0.,0.,0.));
#13650=CARTESIAN_POINT('',(0.,0.,0.));
#13651=CARTESIAN_POINT('',(0.003302,0.,0.));
#13652=CARTESIAN_POINT('',(0.0133711617408404,0.00151244679393215,0.052324));
#13653=CARTESIAN_POINT('',(0.0113802057481344,0.00151244679393215,0.052324));
#13654=CARTESIAN_POINT('',(0.0113802057481344,0.00151244679393215,0.052324));
#13655=CARTESIAN_POINT('',(0.0133711617408404,0.00151244679393215,0.052324));
#13656=CARTESIAN_POINT('',(0.0113802057481344,-0.00319555281199336,0.052324));
#13657=CARTESIAN_POINT('',(0.0113802057481344,-0.00319555281199336,0.052324));
#13658=CARTESIAN_POINT('',(0.,0.,0.052324));
#13659=CARTESIAN_POINT('',(0.00210687087392597,-0.00321660758719461,0.052324));
#13660=CARTESIAN_POINT('',(0.00210687087392597,-0.00321660758719461,0.052324));
#13661=CARTESIAN_POINT('',(0.00210687087392597,0.00147033724352965,0.052324));
#13662=CARTESIAN_POINT('',(0.00210687087392597,0.00147033724352965,0.052324));
#13663=CARTESIAN_POINT('',(0.00881489822165264,-0.00321660758719461,0.052324));
#13664=CARTESIAN_POINT('',(0.00881489822165264,0.00147033724352965,0.052324));
#13665=CARTESIAN_POINT('',(0.00881489822165264,0.00147033724352965,0.052324));
#13666=CARTESIAN_POINT('',(0.00881489822165264,-0.00321660758719461,0.052324));
#13667=CARTESIAN_POINT('',(0.00546088454778931,0.00147033724352965,0.052324));
#13668=CARTESIAN_POINT('',(0.00546088454778931,0.00147033724352965,0.052324));
#13669=CARTESIAN_POINT('',(0.,0.,0.052324));
#13670=CARTESIAN_POINT('',(-0.00794692348328151,-0.00320168732424681,0.052324));
#13671=CARTESIAN_POINT('',(-0.00794692348328151,-0.00320168732424681,0.052324));
#13672=CARTESIAN_POINT('',(-0.00794692348328151,0.00150017776942524,0.052324));
#13673=CARTESIAN_POINT('',(-0.00794692348328151,0.00150017776942524,0.052324));
#13674=CARTESIAN_POINT('',(0.,-0.00320168732424681,0.052324));
#13675=CARTESIAN_POINT('',(0.,0.00150017776942524,0.052324));
#13676=CARTESIAN_POINT('',(0.,0.00150017776942524,0.052324));
#13677=CARTESIAN_POINT('',(0.,-0.00320168732424681,0.052324));
#13678=CARTESIAN_POINT('',(-0.00397346174164076,0.00150017776942524,0.052324));
#13679=CARTESIAN_POINT('',(-0.00397346174164076,0.00150017776942524,0.052324));
#13680=CARTESIAN_POINT('',(0.,0.,0.052324));
#13681=CARTESIAN_POINT('',(-0.0122884836337681,0.00171494750716242,0.052324));
#13682=CARTESIAN_POINT('',(-0.00921484953398987,0.00171494750716242,0.052324));
#13683=CARTESIAN_POINT('',(-0.00921484953398987,0.00171494750716242,0.052324));
#13684=CARTESIAN_POINT('',(-0.0122884836337681,0.00171494750716242,0.052324));
#13685=CARTESIAN_POINT('',(-0.00921484953398987,-0.00309430245537821,0.052324));
#13686=CARTESIAN_POINT('',(-0.00921484953398987,-0.00309430245537821,0.052324));
#13687=CARTESIAN_POINT('',(0.,0.,0.052324));
#13688=CARTESIAN_POINT('',(0.0214581177335464,-0.00395177620895943,0.00914684202010836));
#13689=CARTESIAN_POINT('',(0.0214581177335464,0.,0.00914684202010836));
#13690=CARTESIAN_POINT('',(0.0214581177335464,0.,0.00914684202010836));
#13691=CARTESIAN_POINT('',(0.0214581177335464,-0.00395177620895943,0.00914684202010836));
#13692=CARTESIAN_POINT('',(0.0214581177335464,0.,0.0128395328753449));
#13693=CARTESIAN_POINT('',(0.0214581177335464,0.,0.0165322237305815));
#13694=CARTESIAN_POINT('',(0.0184101177335464,0.,0.0165322237305815));
#13695=CARTESIAN_POINT('',(0.0184101177335464,0.,0.0419322237305814));
#13696=CARTESIAN_POINT('',(0.0184101177335464,0.,0.0419322237305814));
#13697=CARTESIAN_POINT('',(0.0214581177335464,0.,0.0419322237305814));
#13698=CARTESIAN_POINT('',(0.0214581177335464,0.,0.0419322237305814));
#13699=CARTESIAN_POINT('',(0.0214581177335464,0.,0.0128395328753449));
#13700=CARTESIAN_POINT('',(0.0214581177335464,-0.00395177620895943,0.0165322237305815));
#13701=CARTESIAN_POINT('',(0.0184101177335464,-0.00395177620895943,0.0165322237305815));
#13702=CARTESIAN_POINT('',(0.0214581177335464,0.,0.026162));
#13703=CARTESIAN_POINT('',(0.0214581177335464,-0.00395177620895943,0.0419322237305814));
#13704=CARTESIAN_POINT('',(0.0184101177335464,-0.00395177620895943,0.0419322237305814));
#13705=CARTESIAN_POINT('',(0.0184101177335464,-0.00395177620895943,0.0419322237305814));
#13706=CARTESIAN_POINT('',(0.0184101177335464,-0.00395177620895943,0.0419322237305814));
#13707=CARTESIAN_POINT('',(0.,0.,0.));
#13708=CARTESIAN_POINT('',(0.,0.,0.00141114100748053));
#13709=CARTESIAN_POINT('',(-0.003302,0.,0.00141114100748053));
#13710=CARTESIAN_POINT('',(-0.000373255256028809,-0.00573624758208114,0.00141114100748053));
#13711=CARTESIAN_POINT('',(-0.0147264475031598,-0.00573624758208114,0.00141114100748053));
#13712=CARTESIAN_POINT('',(-0.0147264475031598,-0.00573624758208114,0.013330744141398));
#13713=CARTESIAN_POINT('',(-0.0147264475031598,-0.00573624758208114,0.026924));
#13714=CARTESIAN_POINT('',(0.,0.,0.026924));
#13715=CARTESIAN_POINT('',(0.,0.,0.026924));
#13716=CARTESIAN_POINT('',(0.,0.,0.026924));
#13717=CARTESIAN_POINT('',(0.0133841514844792,-0.00328935642833702,0.026924));
#13718=CARTESIAN_POINT('',(0.0153621177335464,0.,0.026162));
#13719=CARTESIAN_POINT('',(0.0212041177335464,-0.00395177620895943,0.0255395328753449));
#13720=CARTESIAN_POINT('',(0.,-0.00309430245537821,0.05207));
#13721=CARTESIAN_POINT('',(0.,-0.00309430245537821,0.05207));
#13722=CARTESIAN_POINT('',(0.,-0.00309430245537821,0.05207));
#13723=CARTESIAN_POINT('',(0.,-0.00309430245537821,0.05207));
#13724=CARTESIAN_POINT('',(-0.00779627030715346,-0.00548224758208114,0.0182809643447399));
#13725=CARTESIAN_POINT('',(-0.00518246740102768,-0.00548224758208114,0.0182809643447399));
#13726=CARTESIAN_POINT('',(-0.00518246740102768,-0.00548224758208114,0.0182809643447399));
#13727=CARTESIAN_POINT('',(-0.00779627030715346,-0.00548224758208114,0.0182809643447399));
#13728=CARTESIAN_POINT('',(-0.0104100732132792,-0.00548224758208114,0.0182809643447399));
#13729=CARTESIAN_POINT('',(-0.0104100732132792,-0.00548224758208114,0.0182809643447399));
#13730=CARTESIAN_POINT('',(-0.00518246740102768,-0.00548224758208114,0.0138978180475533));
#13731=CARTESIAN_POINT('',(-0.00518246740102768,-0.00548224758208114,0.00951467175036669));
#13732=CARTESIAN_POINT('',(-0.00518246740102768,-0.00548224758208114,0.00951467175036669));
#13733=CARTESIAN_POINT('',(-0.00518246740102768,-0.00548224758208114,0.0138978180475533));
#13734=CARTESIAN_POINT('',(-0.00779627030715346,-0.00548224758208114,0.00951467175036669));
#13735=CARTESIAN_POINT('',(-0.0104100732132792,-0.00548224758208114,0.00951467175036669));
#13736=CARTESIAN_POINT('',(-0.0104100732132792,-0.00548224758208114,0.00951467175036669));
#13737=CARTESIAN_POINT('',(-0.00779627030715346,-0.00548224758208114,0.00951467175036669));
#13738=CARTESIAN_POINT('',(-0.0104100732132792,-0.00548224758208114,0.0138978180475533));
#13739=CARTESIAN_POINT('',(-0.0104100732132792,-0.00548224758208114,0.0138978180475533));
#13740=CARTESIAN_POINT('',(0.000317835115193308,-0.00548224758208114,0.0141675705037403));
#13741=CARTESIAN_POINT('',(0.00852994550950825,-0.00548224758208114,0.00951467175036669));
#13742=CARTESIAN_POINT('',(0.00607699202373624,-0.00548224758208114,0.00951467175036669));
#13743=CARTESIAN_POINT('',(0.00607699202373624,-0.00548224758208114,0.00951467175036669));
#13744=CARTESIAN_POINT('',(0.00852994550950825,-0.00548224758208114,0.00951467175036669));
#13745=CARTESIAN_POINT('',(0.0109828989952803,-0.00548224758208114,0.00951467175036669));
#13746=CARTESIAN_POINT('',(0.0109828989952803,-0.00548224758208114,0.00951467175036669));
#13747=CARTESIAN_POINT('',(0.00607699202373624,-0.00548224758208114,0.0138978180475533));
#13748=CARTESIAN_POINT('',(0.00607699202373624,-0.00548224758208114,0.0182809643447399));
#13749=CARTESIAN_POINT('',(0.00607699202373624,-0.00548224758208114,0.0182809643447399));
#13750=CARTESIAN_POINT('',(0.00607699202373624,-0.00548224758208114,0.0138978180475533));
#13751=CARTESIAN_POINT('',(0.00852994550950825,-0.00548224758208114,0.0182809643447399));
#13752=CARTESIAN_POINT('',(0.0109828989952803,-0.00548224758208114,0.0182809643447399));
#13753=CARTESIAN_POINT('',(0.0109828989952803,-0.00548224758208114,0.0182809643447399));
#13754=CARTESIAN_POINT('',(0.00852994550950825,-0.00548224758208114,0.0182809643447399));
#13755=CARTESIAN_POINT('',(0.0109828989952803,-0.00548224758208114,0.0138978180475533));
#13756=CARTESIAN_POINT('',(0.0109828989952803,-0.00548224758208114,0.0138978180475533));
#13757=CARTESIAN_POINT('',(0.000317835115193308,-0.00548224758208114,0.0141675705037403));
#13758=CARTESIAN_POINT('',(0.107732947168174,0.38599906636099,-0.272575197323926));
#13759=CARTESIAN_POINT('',(0.1577535120186,0.135198249870555,0.0713643850353523));
#13760=CARTESIAN_POINT('',(0.225373179506652,0.215972445693725,0.113391463425117));
#13761=CARTESIAN_POINT('',(0.156334635102265,0.0947265617668616,-0.050480640626071));
#13762=CARTESIAN_POINT('',(0.15249920726231,0.303167130012721,0.0940689038857272));
#13763=CARTESIAN_POINT('',(0.261786486915799,0.179216396260361,0.00384603219379414));
#13764=CARTESIAN_POINT('',(0.116028424625635,0.0352447152884472,-0.00200271684723347));
#13765=CARTESIAN_POINT('',(0.130968939149205,0.432869428660918,0.0556035652569156));
#13766=CARTESIAN_POINT('',(0.157925540403409,0.33261517361556,0.072028261017001));
#13767=CARTESIAN_POINT('',(0.000907011330127716,-0.00042817581561394,0.000508));
#13768=CARTESIAN_POINT('',(0.000907011330127716,-0.00042817581561394,0.));
#13769=CARTESIAN_POINT('',(0.000907011330127716,0.,0.));
#13770=CARTESIAN_POINT('',(0.000907011330127716,-0.000856351631227881,0.));
#13771=CARTESIAN_POINT('',(0.000907011330127716,0.,0.000508));
#13772=CARTESIAN_POINT('',(0.000907011330127716,0.,0.000508));
#13773=CARTESIAN_POINT('',(0.000907011330127716,-0.00042817581561394,0.000508));
#13774=CARTESIAN_POINT('',(0.000907011330127716,-0.000856351631227881,0.000508));
#13775=CARTESIAN_POINT('',(0.000907011330127716,-0.000856351631227881,0.000508));
#13776=CARTESIAN_POINT('',(0.000453505665063858,0.,0.000508));
#13777=CARTESIAN_POINT('',(0.000453505665063858,0.,0.));
#13778=CARTESIAN_POINT('',(0.,0.,0.));
#13779=CARTESIAN_POINT('',(0.,0.,0.000508));
#13780=CARTESIAN_POINT('',(0.,0.,0.000508));
#13781=CARTESIAN_POINT('',(0.000453505665063858,0.,0.000508));
#13782=CARTESIAN_POINT('',(0.,0.00042817581561394,0.000508));
#13783=CARTESIAN_POINT('',(0.,0.00042817581561394,0.));
#13784=CARTESIAN_POINT('',(0.,0.000856351631227881,0.));
#13785=CARTESIAN_POINT('',(0.,0.000856351631227881,0.000508));
#13786=CARTESIAN_POINT('',(0.,0.000856351631227881,0.000508));
#13787=CARTESIAN_POINT('',(0.,0.00042817581561394,0.000508));
#13788=CARTESIAN_POINT('',(-0.000453505665063858,0.000856351631227881,0.000508));
#13789=CARTESIAN_POINT('',(-0.000453505665063858,0.000856351631227881,0.));
#13790=CARTESIAN_POINT('',(-0.000907011330127716,0.000856351631227881,0.));
#13791=CARTESIAN_POINT('',(-0.000907011330127716,0.000856351631227881,0.000508));
#13792=CARTESIAN_POINT('',(-0.000907011330127716,0.000856351631227881,0.000508));
#13793=CARTESIAN_POINT('',(-0.000453505665063858,0.000856351631227881,0.000508));
#13794=CARTESIAN_POINT('',(-0.000907011330127716,0.,0.000508));
#13795=CARTESIAN_POINT('',(-0.000907011330127716,0.,0.));
#13796=CARTESIAN_POINT('',(-0.000907011330127716,-0.000856351631227881,
0.));
#13797=CARTESIAN_POINT('',(-0.000907011330127716,-0.000856351631227881,
0.000508));
#13798=CARTESIAN_POINT('',(-0.000907011330127716,-0.000856351631227881,
0.000508));
#13799=CARTESIAN_POINT('',(-0.000907011330127716,0.,0.000508));
#13800=CARTESIAN_POINT('',(0.,-0.000856351631227881,0.000508));
#13801=CARTESIAN_POINT('',(0.,-0.000856351631227881,0.));
#13802=CARTESIAN_POINT('',(0.,-0.000856351631227881,0.000508));
#13803=CARTESIAN_POINT('',(0.,0.,0.000508));
#13804=CARTESIAN_POINT('',(0.,0.,0.));
#13805=CARTESIAN_POINT('',(0.101642123070744,0.390954789062771,-0.287503256071397));
#13806=CARTESIAN_POINT('',(0.0756332193660311,0.432869431466854,-0.157942394473252));
#13807=CARTESIAN_POINT('',(0.168413005334532,0.244563467468685,0.128192629548571));
#13808=CARTESIAN_POINT('',(0.143206123103993,0.315457576386664,0.0754882473672111));
#13809=CARTESIAN_POINT('',(0.250211453608897,0.179216395745476,0.0450947229239898));
#13810=CARTESIAN_POINT('',(0.133620282111102,0.079136269758633,-0.19595375674637));
#13811=CARTESIAN_POINT('',(0.249167904076731,0.280696264570636,-0.0448503134530647));
#13812=CARTESIAN_POINT('',(0.130784616567815,0.0352447145401975,0.0549428724141447));
#13813=CARTESIAN_POINT('',(0.221910687255491,0.288334825434273,0.0531366937443729));
#13814=CARTESIAN_POINT('',(0.,7.81858064241826E-19,0.01905));
#13815=CARTESIAN_POINT('',(0.,7.81858064241826E-19,0.01905));
#13816=CARTESIAN_POINT('',(0.0127687111873593,7.81858064241826E-19,0.01905));
#13817=CARTESIAN_POINT('',(0.,7.81858064241826E-19,0.));
#13818=CARTESIAN_POINT('',(0.0127687111873593,7.81858064241826E-19,0.));
#13819=CARTESIAN_POINT('',(0.,0.,0.01905));
#13820=CARTESIAN_POINT('',(0.,0.,0.01905));
#13821=CARTESIAN_POINT('',(-0.0078501021489501,0.,0.01905));
#13822=CARTESIAN_POINT('',(-0.00386881129816175,0.,0.01905));
#13823=CARTESIAN_POINT('',(-0.0078501021489501,0.,0.01905));
#13824=CARTESIAN_POINT('',(-0.0078501021489501,0.00738061964511871,0.01905));
#13825=CARTESIAN_POINT('',(0.,0.00738061964511871,0.01905));
#13826=CARTESIAN_POINT('',(-0.00386881129816175,0.00738061964511871,0.01905));
#13827=CARTESIAN_POINT('',(-0.00386881129816175,0.,0.01905));
#13828=CARTESIAN_POINT('',(0.00401414465159178,0.,0.01905));
#13829=CARTESIAN_POINT('',(0.00401414465159178,0.00722136814147234,0.01905));
#13830=CARTESIAN_POINT('',(0.00401414465159178,0.,0.01905));
#13831=CARTESIAN_POINT('',(0.,0.00722136814147234,0.01905));
#13832=CARTESIAN_POINT('',(0.00807506125420332,0.00722136814147234,0.01905));
#13833=CARTESIAN_POINT('',(0.00807506125420332,0.,0.01905));
#13834=CARTESIAN_POINT('',(0.00807506125420332,0.,0.01905));
#13835=CARTESIAN_POINT('',(0.,0.,0.01905));
#13836=CARTESIAN_POINT('',(0.,-0.00392624642699957,0.01905));
#13837=CARTESIAN_POINT('',(0.00234200223349035,-0.00392624642699957,0.01905));
#13838=CARTESIAN_POINT('',(-0.00219666934572161,-0.00392624642699957,0.01905));
#13839=CARTESIAN_POINT('',(0.00234200223349035,0.,0.01905));
#13840=CARTESIAN_POINT('',(0.00234200223349035,-0.0096593052148819,0.01905));
#13841=CARTESIAN_POINT('',(0.,-0.0096593052148819,0.01905));
#13842=CARTESIAN_POINT('',(-0.00219666934572161,-0.0096593052148819,0.01905));
#13843=CARTESIAN_POINT('',(-0.00219666934572161,0.,0.01905));
#13844=CARTESIAN_POINT('',(0.,0.,0.));
#13845=CARTESIAN_POINT('',(0.,-2.50278289769009E-19,0.));
#13846=CARTESIAN_POINT('',(-0.00408735465512608,-2.50278289769009E-19,0.));
#13847=CARTESIAN_POINT('',(7.26664438843727E-5,-0.00392624642699957,0.0254));
#13848=CARTESIAN_POINT('',(0.00234200223349035,-0.00392624642699957,0.0254));
#13849=CARTESIAN_POINT('',(0.00234200223349035,-0.00392624642699957,0.0254));
#13850=CARTESIAN_POINT('',(-0.00219666934572161,-0.00392624642699957,0.0254));
#13851=CARTESIAN_POINT('',(-0.00219666934572161,-0.00392624642699957,0.0254));
#13852=CARTESIAN_POINT('',(7.26664438843727E-5,-0.00392624642699957,0.0254));
#13853=CARTESIAN_POINT('',(-0.00219666934572161,-0.00679277582094073,0.0254));
#13854=CARTESIAN_POINT('',(-0.00219666934572161,-0.0096593052148819,0.0254));
#13855=CARTESIAN_POINT('',(-0.00219666934572161,-0.0096593052148819,0.0254));
#13856=CARTESIAN_POINT('',(-0.00219666934572161,-0.00679277582094073,0.0254));
#13857=CARTESIAN_POINT('',(7.26664438843727E-5,-0.0096593052148819,0.0254));
#13858=CARTESIAN_POINT('',(0.00234200223349035,-0.0096593052148819,0.0254));
#13859=CARTESIAN_POINT('',(0.00234200223349035,-0.0096593052148819,0.0254));
#13860=CARTESIAN_POINT('',(7.26664438843727E-5,-0.0096593052148819,0.0254));
#13861=CARTESIAN_POINT('',(0.00234200223349035,-0.00679277582094073,0.0254));
#13862=CARTESIAN_POINT('',(0.00234200223349035,-0.00679277582094073,0.0254));
#13863=CARTESIAN_POINT('',(0.,0.,0.0254));
#13864=CARTESIAN_POINT('',(0.00401414465159178,0.00361068407073617,0.0254));
#13865=CARTESIAN_POINT('',(0.00401414465159178,0.00722136814147234,0.0254));
#13866=CARTESIAN_POINT('',(0.00401414465159178,0.00722136814147234,0.0254));
#13867=CARTESIAN_POINT('',(0.00401414465159178,0.,0.0254));
#13868=CARTESIAN_POINT('',(0.00401414465159178,0.,0.0254));
#13869=CARTESIAN_POINT('',(0.00401414465159178,0.00361068407073617,0.0254));
#13870=CARTESIAN_POINT('',(0.00604460295289755,0.,0.0254));
#13871=CARTESIAN_POINT('',(0.00807506125420332,0.,0.0254));
#13872=CARTESIAN_POINT('',(0.00807506125420332,0.,0.0254));
#13873=CARTESIAN_POINT('',(0.00604460295289755,0.,0.0254));
#13874=CARTESIAN_POINT('',(0.00807506125420332,0.00361068407073617,0.0254));
#13875=CARTESIAN_POINT('',(0.00807506125420332,0.00722136814147234,0.0254));
#13876=CARTESIAN_POINT('',(0.00807506125420332,0.00722136814147234,0.0254));
#13877=CARTESIAN_POINT('',(0.00807506125420332,0.00361068407073617,0.0254));
#13878=CARTESIAN_POINT('',(0.00604460295289755,0.00722136814147234,0.0254));
#13879=CARTESIAN_POINT('',(0.00604460295289755,0.00722136814147234,0.0254));
#13880=CARTESIAN_POINT('',(0.,0.,0.0254));
#13881=CARTESIAN_POINT('',(-0.00585945672355592,0.,0.0254));
#13882=CARTESIAN_POINT('',(-0.0078501021489501,0.,0.0254));
#13883=CARTESIAN_POINT('',(-0.0078501021489501,0.,0.0254));
#13884=CARTESIAN_POINT('',(-0.00386881129816175,0.,0.0254));
#13885=CARTESIAN_POINT('',(-0.00386881129816175,0.,0.0254));
#13886=CARTESIAN_POINT('',(-0.00585945672355592,0.,0.0254));
#13887=CARTESIAN_POINT('',(-0.00386881129816175,0.00369030982255935,0.0254));
#13888=CARTESIAN_POINT('',(-0.00386881129816175,0.00738061964511871,0.0254));
#13889=CARTESIAN_POINT('',(-0.00386881129816175,0.00738061964511871,0.0254));
#13890=CARTESIAN_POINT('',(-0.00386881129816175,0.00369030982255935,0.0254));
#13891=CARTESIAN_POINT('',(-0.00585945672355592,0.00738061964511871,0.0254));
#13892=CARTESIAN_POINT('',(-0.0078501021489501,0.00738061964511871,0.0254));
#13893=CARTESIAN_POINT('',(-0.0078501021489501,0.00738061964511871,0.0254));
#13894=CARTESIAN_POINT('',(-0.00585945672355592,0.00738061964511871,0.0254));
#13895=CARTESIAN_POINT('',(-0.0078501021489501,0.00369030982255935,0.0254));
#13896=CARTESIAN_POINT('',(-0.0078501021489501,0.00369030982255935,0.0254));
#13897=CARTESIAN_POINT('',(0.,0.,0.0254));
#13898=CARTESIAN_POINT('',(0.,-2.50278289769009E-19,-0.012192));
#13899=CARTESIAN_POINT('',(0.,-2.50278289769009E-19,-0.012192));
#13900=CARTESIAN_POINT('',(-0.00408735465512608,-2.50278289769009E-19,-0.012192));
#13901=CARTESIAN_POINT('',(0.,0.,-0.012192));
#13902=CARTESIAN_POINT('',(0.0573091677623273,0.298531166289924,0.0957480321892689));
#13903=CARTESIAN_POINT('',(0.148249010197759,0.157368784119475,0.0807281021198266));
#13904=CARTESIAN_POINT('',(0.269158211474134,0.179216395886559,0.0322942389189303));
#13905=CARTESIAN_POINT('',(0.123406520596725,0.0352447149143224,0.0264700777834557));
#13906=CARTESIAN_POINT('',(0.,0.,0.));
#13907=CARTESIAN_POINT('',(0.,0.003000408411026,0.));
#13908=CARTESIAN_POINT('',(-0.00554210226982832,0.003000408411026,0.));
#13909=CARTESIAN_POINT('',(0.00554210226982832,0.003000408411026,0.));
#13910=CARTESIAN_POINT('',(-0.00554210226982832,0.,0.));
#13911=CARTESIAN_POINT('',(-0.00554210226982832,0.00196363450959325,0.));
#13912=CARTESIAN_POINT('',(0.,0.00196363450959325,0.));
#13913=CARTESIAN_POINT('',(0.00554210226982832,0.00196363450959325,0.));
#13914=CARTESIAN_POINT('',(0.00554210226982832,0.,0.));
#13915=CARTESIAN_POINT('',(0.,-0.00210370728746057,0.));
#13916=CARTESIAN_POINT('',(-0.00558197777718306,-0.00210370728746057,0.));
#13917=CARTESIAN_POINT('',(0.00558197777718306,-0.00210370728746057,0.));
#13918=CARTESIAN_POINT('',(-0.00558197777718306,0.,0.));
#13919=CARTESIAN_POINT('',(-0.00558197777718306,-0.00298097729682922,0.));
#13920=CARTESIAN_POINT('',(0.,-0.00298097729682922,0.));
#13921=CARTESIAN_POINT('',(0.00558197777718306,-0.00298097729682922,0.));
#13922=CARTESIAN_POINT('',(0.00558197777718306,0.,0.));
#13923=CARTESIAN_POINT('',(0.,0.00635641906410456,0.));
#13924=CARTESIAN_POINT('',(-0.00802432373166084,0.00635641906410456,0.));
#13925=CARTESIAN_POINT('',(0.00802432373166084,0.00635641906410456,0.));
#13926=CARTESIAN_POINT('',(0.00802432373166084,0.,0.));
#13927=CARTESIAN_POINT('',(0.00802432373166084,-0.00635641906410456,0.));
#13928=CARTESIAN_POINT('',(0.,-0.00635641906410456,0.));
#13929=CARTESIAN_POINT('',(-0.00802432373166084,-0.00635641906410456,0.));
#13930=CARTESIAN_POINT('',(-0.00802432373166084,0.,0.));
#13931=CARTESIAN_POINT('',(0.,-0.00457601342350245,0.));
#13932=CARTESIAN_POINT('',(-0.00538259837776423,-0.00457601342350245,0.));
#13933=CARTESIAN_POINT('',(0.00538259837776423,-0.00457601342350245,0.));
#13934=CARTESIAN_POINT('',(-0.00538259837776423,0.,0.));
#13935=CARTESIAN_POINT('',(-0.00538259837776423,-0.00553303491324186,0.));
#13936=CARTESIAN_POINT('',(0.,-0.00553303491324186,0.));
#13937=CARTESIAN_POINT('',(0.00538259837776423,-0.00553303491324186,0.));
#13938=CARTESIAN_POINT('',(0.00538259837776423,0.,0.));
#13939=CARTESIAN_POINT('',(0.,0.000528102333191782,0.));
#13940=CARTESIAN_POINT('',(-0.00566172925755382,0.000528102333191782,0.));
#13941=CARTESIAN_POINT('',(0.00566172925755382,0.000528102333191782,0.));
#13942=CARTESIAN_POINT('',(-0.00566172925755382,0.,0.));
#13943=CARTESIAN_POINT('',(-0.00566172925755382,-0.000528102333191782,0.));
#13944=CARTESIAN_POINT('',(0.,-0.000528102333191782,0.));
#13945=CARTESIAN_POINT('',(0.00566172925755382,-0.000528102333191782,0.));
#13946=CARTESIAN_POINT('',(0.00566172925755382,0.,0.));
#13947=CARTESIAN_POINT('',(0.,0.005193583201617,0.));
#13948=CARTESIAN_POINT('',(-0.00558197777718306,0.005193583201617,0.));
#13949=CARTESIAN_POINT('',(0.00558197777718306,0.005193583201617,0.));
#13950=CARTESIAN_POINT('',(-0.00558197777718306,0.,0.));
#13951=CARTESIAN_POINT('',(-0.00558197777718306,0.00415680883452297,0.));
#13952=CARTESIAN_POINT('',(0.,0.00415680883452297,0.));
#13953=CARTESIAN_POINT('',(0.00558197777718306,0.00415680883452297,0.));
#13954=CARTESIAN_POINT('',(0.00558197777718306,0.,0.));
#13955=CARTESIAN_POINT('',(0.,0.,0.003302));
#13956=CARTESIAN_POINT('',(0.,0.00635641906410456,0.003302));
#13957=CARTESIAN_POINT('',(-0.00802432373166084,0.00635641906410456,0.003302));
#13958=CARTESIAN_POINT('',(0.00802432373166084,0.00635641906410456,0.003302));
#13959=CARTESIAN_POINT('',(-0.00802432373166084,0.,0.003302));
#13960=CARTESIAN_POINT('',(-0.00802432373166084,-0.00635641906410456,0.003302));
#13961=CARTESIAN_POINT('',(0.,-0.00635641906410456,0.003302));
#13962=CARTESIAN_POINT('',(0.00802432373166084,-0.00635641906410456,0.003302));
#13963=CARTESIAN_POINT('',(0.00802432373166084,0.,0.003302));
#13964=CARTESIAN_POINT('',(-0.00538259837776423,-0.00505452416837215,0.003302));
#13965=CARTESIAN_POINT('',(-0.00538259837776423,-0.00457601342350245,0.003302));
#13966=CARTESIAN_POINT('',(-0.00538259837776423,-0.00553303491324186,0.003302));
#13967=CARTESIAN_POINT('',(0.,-0.00457601342350245,0.003302));
#13968=CARTESIAN_POINT('',(0.00538259837776423,-0.00457601342350245,0.003302));
#13969=CARTESIAN_POINT('',(0.00538259837776423,-0.00505452416837215,0.003302));
#13970=CARTESIAN_POINT('',(0.00538259837776423,-0.00553303491324186,0.003302));
#13971=CARTESIAN_POINT('',(0.,-0.00553303491324186,0.003302));
#13972=CARTESIAN_POINT('',(-0.00558197777718306,-0.0025423422921449,0.003302));
#13973=CARTESIAN_POINT('',(-0.00558197777718306,-0.00210370728746057,0.003302));
#13974=CARTESIAN_POINT('',(-0.00558197777718306,-0.00298097729682922,0.003302));
#13975=CARTESIAN_POINT('',(0.,-0.00210370728746057,0.003302));
#13976=CARTESIAN_POINT('',(0.00558197777718306,-0.00210370728746057,0.003302));
#13977=CARTESIAN_POINT('',(0.00558197777718306,-0.0025423422921449,0.003302));
#13978=CARTESIAN_POINT('',(0.00558197777718306,-0.00298097729682922,0.003302));
#13979=CARTESIAN_POINT('',(0.,-0.00298097729682922,0.003302));
#13980=CARTESIAN_POINT('',(-0.00566172925755382,0.,0.003302));
#13981=CARTESIAN_POINT('',(-0.00566172925755382,0.000528102333191782,0.003302));
#13982=CARTESIAN_POINT('',(-0.00566172925755382,-0.000528102333191782,0.003302));
#13983=CARTESIAN_POINT('',(0.,0.000528102333191782,0.003302));
#13984=CARTESIAN_POINT('',(0.00566172925755382,0.000528102333191782,0.003302));
#13985=CARTESIAN_POINT('',(0.00566172925755382,0.,0.003302));
#13986=CARTESIAN_POINT('',(0.00566172925755382,-0.000528102333191782,0.003302));
#13987=CARTESIAN_POINT('',(0.,-0.000528102333191782,0.003302));
#13988=CARTESIAN_POINT('',(-0.00554210226982832,0.00248202146030963,0.003302));
#13989=CARTESIAN_POINT('',(-0.00554210226982832,0.003000408411026,0.003302));
#13990=CARTESIAN_POINT('',(-0.00554210226982832,0.00196363450959325,0.003302));
#13991=CARTESIAN_POINT('',(0.,0.003000408411026,0.003302));
#13992=CARTESIAN_POINT('',(0.00554210226982832,0.003000408411026,0.003302));
#13993=CARTESIAN_POINT('',(0.00554210226982832,0.00248202146030963,0.003302));
#13994=CARTESIAN_POINT('',(0.00554210226982832,0.00196363450959325,0.003302));
#13995=CARTESIAN_POINT('',(0.,0.00196363450959325,0.003302));
#13996=CARTESIAN_POINT('',(-0.00558197777718306,0.00467519601806998,0.003302));
#13997=CARTESIAN_POINT('',(-0.00558197777718306,0.005193583201617,0.003302));
#13998=CARTESIAN_POINT('',(-0.00558197777718306,0.00415680883452297,0.003302));
#13999=CARTESIAN_POINT('',(0.,0.005193583201617,0.003302));
#14000=CARTESIAN_POINT('',(0.00558197777718306,0.005193583201617,0.003302));
#14001=CARTESIAN_POINT('',(0.00558197777718306,0.00467519601806998,0.003302));
#14002=CARTESIAN_POINT('',(0.00558197777718306,0.00415680883452297,0.003302));
#14003=CARTESIAN_POINT('',(0.,0.00415680883452297,0.003302));
#14004=CARTESIAN_POINT('',(0.,0.00635641906410456,0.003302));
#14005=CARTESIAN_POINT('',(-0.00802432373166084,0.00635641906410456,0.003302));
#14006=CARTESIAN_POINT('',(0.00802432373166084,0.00635641906410456,0.003302));
#14007=CARTESIAN_POINT('',(-0.00802432373166084,0.,0.003302));
#14008=CARTESIAN_POINT('',(-0.00802432373166084,-0.00635641906410456,0.003302));
#14009=CARTESIAN_POINT('',(0.,-0.00635641906410456,0.003302));
#14010=CARTESIAN_POINT('',(0.00802432373166084,-0.00635641906410456,0.003302));
#14011=CARTESIAN_POINT('',(0.00802432373166084,0.,0.003302));
#14012=CARTESIAN_POINT('',(0.,-0.00457601342350245,0.004572));
#14013=CARTESIAN_POINT('',(-0.00538259837776423,-0.00457601342350245,0.004572));
#14014=CARTESIAN_POINT('',(-0.00538259837776423,-0.00457601342350245,0.004572));
#14015=CARTESIAN_POINT('',(0.,-0.00457601342350245,0.004572));
#14016=CARTESIAN_POINT('',(0.00538259837776423,-0.00457601342350245,0.004572));
#14017=CARTESIAN_POINT('',(0.00538259837776423,-0.00457601342350245,0.004572));
#14018=CARTESIAN_POINT('',(-0.00538259837776423,-0.00505452416837215,0.004572));
#14019=CARTESIAN_POINT('',(-0.00538259837776423,-0.00553303491324186,0.004572));
#14020=CARTESIAN_POINT('',(-0.00538259837776423,-0.00553303491324186,0.004572));
#14021=CARTESIAN_POINT('',(-0.00538259837776423,-0.00505452416837215,0.004572));
#14022=CARTESIAN_POINT('',(0.,-0.00553303491324186,0.004572));
#14023=CARTESIAN_POINT('',(0.00538259837776423,-0.00553303491324186,0.004572));
#14024=CARTESIAN_POINT('',(0.00538259837776423,-0.00553303491324186,0.004572));
#14025=CARTESIAN_POINT('',(0.,-0.00553303491324186,0.004572));
#14026=CARTESIAN_POINT('',(0.00538259837776423,-0.00505452416837215,0.004572));
#14027=CARTESIAN_POINT('',(0.00538259837776423,-0.00505452416837215,0.004572));
#14028=CARTESIAN_POINT('',(0.,0.,0.004572));
#14029=CARTESIAN_POINT('',(0.,-0.00210370728746057,0.004572));
#14030=CARTESIAN_POINT('',(-0.00558197777718306,-0.00210370728746057,0.004572));
#14031=CARTESIAN_POINT('',(-0.00558197777718306,-0.00210370728746057,0.004572));
#14032=CARTESIAN_POINT('',(0.,-0.00210370728746057,0.004572));
#14033=CARTESIAN_POINT('',(0.00558197777718306,-0.00210370728746057,0.004572));
#14034=CARTESIAN_POINT('',(0.00558197777718306,-0.00210370728746057,0.004572));
#14035=CARTESIAN_POINT('',(-0.00558197777718306,-0.0025423422921449,0.004572));
#14036=CARTESIAN_POINT('',(-0.00558197777718306,-0.00298097729682922,0.004572));
#14037=CARTESIAN_POINT('',(-0.00558197777718306,-0.00298097729682922,0.004572));
#14038=CARTESIAN_POINT('',(-0.00558197777718306,-0.0025423422921449,0.004572));
#14039=CARTESIAN_POINT('',(0.,-0.00298097729682922,0.004572));
#14040=CARTESIAN_POINT('',(0.00558197777718306,-0.00298097729682922,0.004572));
#14041=CARTESIAN_POINT('',(0.00558197777718306,-0.00298097729682922,0.004572));
#14042=CARTESIAN_POINT('',(0.,-0.00298097729682922,0.004572));
#14043=CARTESIAN_POINT('',(0.00558197777718306,-0.0025423422921449,0.004572));
#14044=CARTESIAN_POINT('',(0.00558197777718306,-0.0025423422921449,0.004572));
#14045=CARTESIAN_POINT('',(0.,0.,0.004572));
#14046=CARTESIAN_POINT('',(0.,0.000528102333191782,0.004572));
#14047=CARTESIAN_POINT('',(-0.00566172925755382,0.000528102333191782,0.004572));
#14048=CARTESIAN_POINT('',(-0.00566172925755382,0.000528102333191782,0.004572));
#14049=CARTESIAN_POINT('',(0.,0.000528102333191782,0.004572));
#14050=CARTESIAN_POINT('',(0.00566172925755382,0.000528102333191782,0.004572));
#14051=CARTESIAN_POINT('',(0.00566172925755382,0.000528102333191782,0.004572));
#14052=CARTESIAN_POINT('',(-0.00566172925755382,0.,0.004572));
#14053=CARTESIAN_POINT('',(-0.00566172925755382,-0.000528102333191782,0.004572));
#14054=CARTESIAN_POINT('',(-0.00566172925755382,-0.000528102333191782,0.004572));
#14055=CARTESIAN_POINT('',(-0.00566172925755382,0.,0.004572));
#14056=CARTESIAN_POINT('',(0.,-0.000528102333191782,0.004572));
#14057=CARTESIAN_POINT('',(0.00566172925755382,-0.000528102333191782,0.004572));
#14058=CARTESIAN_POINT('',(0.00566172925755382,-0.000528102333191782,0.004572));
#14059=CARTESIAN_POINT('',(0.,-0.000528102333191782,0.004572));
#14060=CARTESIAN_POINT('',(0.00566172925755382,0.,0.004572));
#14061=CARTESIAN_POINT('',(0.00566172925755382,0.,0.004572));
#14062=CARTESIAN_POINT('',(0.,0.,0.004572));
#14063=CARTESIAN_POINT('',(0.,0.003000408411026,0.004572));
#14064=CARTESIAN_POINT('',(-0.00554210226982832,0.003000408411026,0.004572));
#14065=CARTESIAN_POINT('',(-0.00554210226982832,0.003000408411026,0.004572));
#14066=CARTESIAN_POINT('',(0.,0.003000408411026,0.004572));
#14067=CARTESIAN_POINT('',(0.00554210226982832,0.003000408411026,0.004572));
#14068=CARTESIAN_POINT('',(0.00554210226982832,0.003000408411026,0.004572));
#14069=CARTESIAN_POINT('',(-0.00554210226982832,0.00248202146030963,0.004572));
#14070=CARTESIAN_POINT('',(-0.00554210226982832,0.00196363450959325,0.004572));
#14071=CARTESIAN_POINT('',(-0.00554210226982832,0.00196363450959325,0.004572));
#14072=CARTESIAN_POINT('',(-0.00554210226982832,0.00248202146030963,0.004572));
#14073=CARTESIAN_POINT('',(0.,0.00196363450959325,0.004572));
#14074=CARTESIAN_POINT('',(0.00554210226982832,0.00196363450959325,0.004572));
#14075=CARTESIAN_POINT('',(0.00554210226982832,0.00196363450959325,0.004572));
#14076=CARTESIAN_POINT('',(0.,0.00196363450959325,0.004572));
#14077=CARTESIAN_POINT('',(0.00554210226982832,0.00248202146030963,0.004572));
#14078=CARTESIAN_POINT('',(0.00554210226982832,0.00248202146030963,0.004572));
#14079=CARTESIAN_POINT('',(0.,0.,0.004572));
#14080=CARTESIAN_POINT('',(0.,0.005193583201617,0.004572));
#14081=CARTESIAN_POINT('',(-0.00558197777718306,0.005193583201617,0.004572));
#14082=CARTESIAN_POINT('',(-0.00558197777718306,0.005193583201617,0.004572));
#14083=CARTESIAN_POINT('',(0.,0.005193583201617,0.004572));
#14084=CARTESIAN_POINT('',(0.00558197777718306,0.005193583201617,0.004572));
#14085=CARTESIAN_POINT('',(0.00558197777718306,0.005193583201617,0.004572));
#14086=CARTESIAN_POINT('',(-0.00558197777718306,0.00467519601806998,0.004572));
#14087=CARTESIAN_POINT('',(-0.00558197777718306,0.00415680883452297,0.004572));
#14088=CARTESIAN_POINT('',(-0.00558197777718306,0.00415680883452297,0.004572));
#14089=CARTESIAN_POINT('',(-0.00558197777718306,0.00467519601806998,0.004572));
#14090=CARTESIAN_POINT('',(0.,0.00415680883452297,0.004572));
#14091=CARTESIAN_POINT('',(0.00558197777718306,0.00415680883452297,0.004572));
#14092=CARTESIAN_POINT('',(0.00558197777718306,0.00415680883452297,0.004572));
#14093=CARTESIAN_POINT('',(0.,0.00415680883452297,0.004572));
#14094=CARTESIAN_POINT('',(0.00558197777718306,0.00467519601806998,0.004572));
#14095=CARTESIAN_POINT('',(0.00558197777718306,0.00467519601806998,0.004572));
#14096=CARTESIAN_POINT('',(0.,0.,0.004572));
#14097=CARTESIAN_POINT('',(0.,-0.00457601342350245,-0.0007366));
#14098=CARTESIAN_POINT('',(-0.00538259837776423,-0.00457601342350245,-0.0007366));
#14099=CARTESIAN_POINT('',(-0.00538259837776423,-0.00457601342350245,-0.0007366));
#14100=CARTESIAN_POINT('',(0.00538259837776423,-0.00457601342350245,-0.0007366));
#14101=CARTESIAN_POINT('',(0.00538259837776423,-0.00457601342350245,-0.0007366));
#14102=CARTESIAN_POINT('',(0.,-0.00457601342350245,-0.0007366));
#14103=CARTESIAN_POINT('',(-0.00538259837776423,-0.00505452416837215,-0.0007366));
#14104=CARTESIAN_POINT('',(-0.00538259837776423,-0.00505452416837215,-0.0007366));
#14105=CARTESIAN_POINT('',(-0.00538259837776423,-0.00553303491324186,-0.0007366));
#14106=CARTESIAN_POINT('',(-0.00538259837776423,-0.00553303491324186,-0.0007366));
#14107=CARTESIAN_POINT('',(0.,-0.00553303491324186,-0.0007366));
#14108=CARTESIAN_POINT('',(0.,-0.00553303491324186,-0.0007366));
#14109=CARTESIAN_POINT('',(0.00538259837776423,-0.00553303491324186,-0.0007366));
#14110=CARTESIAN_POINT('',(0.00538259837776423,-0.00553303491324186,-0.0007366));
#14111=CARTESIAN_POINT('',(0.00538259837776423,-0.00505452416837215,-0.0007366));
#14112=CARTESIAN_POINT('',(0.00538259837776423,-0.00505452416837215,-0.0007366));
#14113=CARTESIAN_POINT('',(0.,0.,-0.0007366));
#14114=CARTESIAN_POINT('',(0.,-0.00210370728746057,-0.0007366));
#14115=CARTESIAN_POINT('',(-0.00558197777718306,-0.00210370728746057,-0.0007366));
#14116=CARTESIAN_POINT('',(-0.00558197777718306,-0.00210370728746057,-0.0007366));
#14117=CARTESIAN_POINT('',(0.00558197777718306,-0.00210370728746057,-0.0007366));
#14118=CARTESIAN_POINT('',(0.00558197777718306,-0.00210370728746057,-0.0007366));
#14119=CARTESIAN_POINT('',(0.,-0.00210370728746057,-0.0007366));
#14120=CARTESIAN_POINT('',(-0.00558197777718306,-0.0025423422921449,-0.0007366));
#14121=CARTESIAN_POINT('',(-0.00558197777718306,-0.0025423422921449,-0.0007366));
#14122=CARTESIAN_POINT('',(-0.00558197777718306,-0.00298097729682922,-0.0007366));
#14123=CARTESIAN_POINT('',(-0.00558197777718306,-0.00298097729682922,-0.0007366));
#14124=CARTESIAN_POINT('',(0.,-0.00298097729682922,-0.0007366));
#14125=CARTESIAN_POINT('',(0.,-0.00298097729682922,-0.0007366));
#14126=CARTESIAN_POINT('',(0.00558197777718306,-0.00298097729682922,-0.0007366));
#14127=CARTESIAN_POINT('',(0.00558197777718306,-0.00298097729682922,-0.0007366));
#14128=CARTESIAN_POINT('',(0.00558197777718306,-0.0025423422921449,-0.0007366));
#14129=CARTESIAN_POINT('',(0.00558197777718306,-0.0025423422921449,-0.0007366));
#14130=CARTESIAN_POINT('',(0.,0.,-0.0007366));
#14131=CARTESIAN_POINT('',(0.,0.000528102333191782,-0.0007366));
#14132=CARTESIAN_POINT('',(-0.00566172925755382,0.000528102333191782,-0.0007366));
#14133=CARTESIAN_POINT('',(-0.00566172925755382,0.000528102333191782,-0.0007366));
#14134=CARTESIAN_POINT('',(0.00566172925755382,0.000528102333191782,-0.0007366));
#14135=CARTESIAN_POINT('',(0.00566172925755382,0.000528102333191782,-0.0007366));
#14136=CARTESIAN_POINT('',(0.,0.000528102333191782,-0.0007366));
#14137=CARTESIAN_POINT('',(-0.00566172925755382,0.,-0.0007366));
#14138=CARTESIAN_POINT('',(-0.00566172925755382,0.,-0.0007366));
#14139=CARTESIAN_POINT('',(-0.00566172925755382,-0.000528102333191782,-0.0007366));
#14140=CARTESIAN_POINT('',(-0.00566172925755382,-0.000528102333191782,-0.0007366));
#14141=CARTESIAN_POINT('',(0.,-0.000528102333191782,-0.0007366));
#14142=CARTESIAN_POINT('',(0.,-0.000528102333191782,-0.0007366));
#14143=CARTESIAN_POINT('',(0.00566172925755382,-0.000528102333191782,-0.0007366));
#14144=CARTESIAN_POINT('',(0.00566172925755382,-0.000528102333191782,-0.0007366));
#14145=CARTESIAN_POINT('',(0.00566172925755382,0.,-0.0007366));
#14146=CARTESIAN_POINT('',(0.00566172925755382,0.,-0.0007366));
#14147=CARTESIAN_POINT('',(0.,0.,-0.0007366));
#14148=CARTESIAN_POINT('',(0.,0.003000408411026,-0.0007366));
#14149=CARTESIAN_POINT('',(-0.00554210226982832,0.003000408411026,-0.0007366));
#14150=CARTESIAN_POINT('',(-0.00554210226982832,0.003000408411026,-0.0007366));
#14151=CARTESIAN_POINT('',(0.00554210226982832,0.003000408411026,-0.0007366));
#14152=CARTESIAN_POINT('',(0.00554210226982832,0.003000408411026,-0.0007366));
#14153=CARTESIAN_POINT('',(0.,0.003000408411026,-0.0007366));
#14154=CARTESIAN_POINT('',(-0.00554210226982832,0.00248202146030963,-0.0007366));
#14155=CARTESIAN_POINT('',(-0.00554210226982832,0.00248202146030963,-0.0007366));
#14156=CARTESIAN_POINT('',(-0.00554210226982832,0.00196363450959325,-0.0007366));
#14157=CARTESIAN_POINT('',(-0.00554210226982832,0.00196363450959325,-0.0007366));
#14158=CARTESIAN_POINT('',(0.,0.00196363450959325,-0.0007366));
#14159=CARTESIAN_POINT('',(0.,0.00196363450959325,-0.0007366));
#14160=CARTESIAN_POINT('',(0.00554210226982832,0.00196363450959325,-0.0007366));
#14161=CARTESIAN_POINT('',(0.00554210226982832,0.00196363450959325,-0.0007366));
#14162=CARTESIAN_POINT('',(0.00554210226982832,0.00248202146030963,-0.0007366));
#14163=CARTESIAN_POINT('',(0.00554210226982832,0.00248202146030963,-0.0007366));
#14164=CARTESIAN_POINT('',(0.,0.,-0.0007366));
#14165=CARTESIAN_POINT('',(0.,0.005193583201617,-0.0007366));
#14166=CARTESIAN_POINT('',(-0.00558197777718306,0.005193583201617,-0.0007366));
#14167=CARTESIAN_POINT('',(-0.00558197777718306,0.005193583201617,-0.0007366));
#14168=CARTESIAN_POINT('',(0.00558197777718306,0.005193583201617,-0.0007366));
#14169=CARTESIAN_POINT('',(0.00558197777718306,0.005193583201617,-0.0007366));
#14170=CARTESIAN_POINT('',(0.,0.005193583201617,-0.0007366));
#14171=CARTESIAN_POINT('',(-0.00558197777718306,0.00467519601806998,-0.0007366));
#14172=CARTESIAN_POINT('',(-0.00558197777718306,0.00467519601806998,-0.0007366));
#14173=CARTESIAN_POINT('',(-0.00558197777718306,0.00415680883452297,-0.0007366));
#14174=CARTESIAN_POINT('',(-0.00558197777718306,0.00415680883452297,-0.0007366));
#14175=CARTESIAN_POINT('',(0.,0.00415680883452297,-0.0007366));
#14176=CARTESIAN_POINT('',(0.,0.00415680883452297,-0.0007366));
#14177=CARTESIAN_POINT('',(0.00558197777718306,0.00415680883452297,-0.0007366));
#14178=CARTESIAN_POINT('',(0.00558197777718306,0.00415680883452297,-0.0007366));
#14179=CARTESIAN_POINT('',(0.00558197777718306,0.00467519601806998,-0.0007366));
#14180=CARTESIAN_POINT('',(0.00558197777718306,0.00467519601806998,-0.0007366));
#14181=CARTESIAN_POINT('',(0.,0.,-0.0007366));
#14182=CARTESIAN_POINT('',(0.159766357831474,0.299024619030994,0.0791321554056991));
#14183=CARTESIAN_POINT('',(0.154425373432222,0.058468061863675,-0.0578486686124144));
#14184=CARTESIAN_POINT('',(0.165792010771869,0.366228864376998,-0.0139836998819663));
#14185=CARTESIAN_POINT('',(0.258263095794782,0.288334826196489,-0.00975107817781043));
#14186=CARTESIAN_POINT('',(0.172300901206344,0.179234871133585,0.0672405255799051));
#14187=CARTESIAN_POINT('',(0.102830950566916,0.39021683220909,-0.285526802129213));
#14188=CARTESIAN_POINT('',(0.248995875853839,0.21624275899599,-0.045514187729567));
#14189=CARTESIAN_POINT('',(0.200773695837033,0.17923487119353,0.0598624296088153));
#14190=CARTESIAN_POINT('',(0.156505588390967,0.37308686484789,-0.0498209128878974));
#14191=CARTESIAN_POINT('',(0.157667497913816,0.108442560206933,0.0710324479672635));
#14192=CARTESIAN_POINT('',(0.152063752089,0.101584560491085,0.049407044195227));
#14193=CARTESIAN_POINT('',(0.0830049439243652,0.432869431093053,-0.129494187748117));
#14194=CARTESIAN_POINT('',(0.,0.00544224606208856,0.00508));
#14195=CARTESIAN_POINT('',(0.,0.00544224606208856,0.));
#14196=CARTESIAN_POINT('',(-0.00938795241205474,0.00544224606208856,0.));
#14197=CARTESIAN_POINT('',(0.00938795241205474,0.00544224606208856,0.));
#14198=CARTESIAN_POINT('',(-0.00938795241205474,0.00544224606208856,0.00508));
#14199=CARTESIAN_POINT('',(-0.00938795241205474,0.00544224606208856,0.00508));
#14200=CARTESIAN_POINT('',(0.,0.00544224606208856,0.00508));
#14201=CARTESIAN_POINT('',(0.00938795241205474,0.00544224606208856,0.00508));
#14202=CARTESIAN_POINT('',(0.00938795241205474,0.00544224606208856,0.00508));
#14203=CARTESIAN_POINT('',(-0.00938795241205474,0.,0.00508));
#14204=CARTESIAN_POINT('',(-0.00938795241205474,0.,0.));
#14205=CARTESIAN_POINT('',(-0.00938795241205474,-0.00544224606208856,0.));
#14206=CARTESIAN_POINT('',(-0.00938795241205474,-0.00544224606208856,0.00508));
#14207=CARTESIAN_POINT('',(-0.00938795241205474,-0.00544224606208856,0.00508));
#14208=CARTESIAN_POINT('',(-0.00938795241205474,0.,0.00508));
#14209=CARTESIAN_POINT('',(0.,-0.00544224606208856,0.00508));
#14210=CARTESIAN_POINT('',(0.,-0.00544224606208856,0.));
#14211=CARTESIAN_POINT('',(0.00938795241205474,-0.00544224606208856,0.));
#14212=CARTESIAN_POINT('',(0.00938795241205474,-0.00544224606208856,0.00508));
#14213=CARTESIAN_POINT('',(0.00938795241205474,-0.00544224606208856,0.00508));
#14214=CARTESIAN_POINT('',(0.,-0.00544224606208856,0.00508));
#14215=CARTESIAN_POINT('',(0.00938795241205474,0.,0.00508));
#14216=CARTESIAN_POINT('',(0.00938795241205474,0.,0.));
#14217=CARTESIAN_POINT('',(0.00938795241205474,0.,0.00508));
#14218=CARTESIAN_POINT('',(0.,0.,0.00508));
#14219=CARTESIAN_POINT('',(-0.00437829876318574,1.82413071458494E-19,0.00508));
#14220=CARTESIAN_POINT('',(-0.00139926723204553,1.82413071458494E-19,0.00508));
#14221=CARTESIAN_POINT('',(0.00510043790563941,1.82413071458494E-19,0.00508));
#14222=CARTESIAN_POINT('',(0.00807946943677962,1.82413071458494E-19,0.00508));
#14223=CARTESIAN_POINT('',(0.,0.,0.));
#14224=CARTESIAN_POINT('',(0.00510043790563941,1.82413071458494E-19,0.0127));
#14225=CARTESIAN_POINT('',(0.00510043790563941,1.82413071458494E-19,0.0127));
#14226=CARTESIAN_POINT('',(0.00807946943677962,1.82413071458494E-19,0.0127));
#14227=CARTESIAN_POINT('',(0.,0.,0.0127));
#14228=CARTESIAN_POINT('',(-0.00437829876318574,1.82413071458494E-19,0.0127));
#14229=CARTESIAN_POINT('',(-0.00437829876318574,1.82413071458494E-19,0.0127));
#14230=CARTESIAN_POINT('',(-0.00139926723204553,1.82413071458494E-19,0.0127));
#14231=CARTESIAN_POINT('',(0.,0.,0.0127));
#14232=CARTESIAN_POINT('',(0.253126769862191,0.244541481450838,0.106125391697161));
#14233=CARTESIAN_POINT('',(0.0289909653365612,-0.0136578046219885,0.0126785291758528));
#14234=CARTESIAN_POINT('',(0.0289909653365612,0.0136725953780115,0.0126785291758528));
#14235=CARTESIAN_POINT('',(0.0289909653365612,0.0136725953780115,0.00254));
#14236=CARTESIAN_POINT('',(0.0289909653365612,0.0136725953780115,0.0253570583517057));
#14237=CARTESIAN_POINT('',(0.0289909653365612,-0.0136578046219885,0.0253570583517057));
#14238=CARTESIAN_POINT('',(0.0289909653365612,-0.0136578046219885,0.0253570583517057));
#14239=CARTESIAN_POINT('',(0.0289909653365612,-0.0136578046219885,0.0126785291758528));
#14240=CARTESIAN_POINT('',(0.0289909653365612,-0.0136578046219885,0.00254));
#14241=CARTESIAN_POINT('',(0.0289909653365612,-0.0136578046219885,0.00254));
#14242=CARTESIAN_POINT('',(-1.43663526408551E-18,-0.0136578046219885,0.00254));
#14243=CARTESIAN_POINT('',(3.46944695195361E-18,0.0136725953780115,0.00254));
#14244=CARTESIAN_POINT('',(-0.028674317945597,0.0136725953780115,0.00254));
#14245=CARTESIAN_POINT('',(-1.43663526408551E-18,-0.0136578046219885,0.00254));
#14246=CARTESIAN_POINT('',(-0.028674317945597,-0.0136578046219885,0.00254));
#14247=CARTESIAN_POINT('',(-0.028674317945597,-0.0136578046219885,0.00254));
#14248=CARTESIAN_POINT('',(-0.028674317945597,-0.0136578046219885,0.0126785291758528));
#14249=CARTESIAN_POINT('',(-0.028674317945597,5.14732903030856E-18,0.0147998247400151));
#14250=CARTESIAN_POINT('',(-0.028674317945597,0.00330200000000001,0.0147998247400151));
#14251=CARTESIAN_POINT('',(-0.028674317945597,0.0136725953780115,0.0126785291758528));
#14252=CARTESIAN_POINT('',(-0.028674317945597,0.0136725953780115,0.0253570583517057));
#14253=CARTESIAN_POINT('',(-0.028674317945597,-0.0136578046219885,0.0126785291758528));
#14254=CARTESIAN_POINT('',(-0.028674317945597,-0.0136578046219885,0.0253570583517057));
#14255=CARTESIAN_POINT('',(-0.028674317945597,-0.0136578046219885,0.0253570583517057));
#14256=CARTESIAN_POINT('',(0.000158323695482096,-0.0136578046219885,0.0253570583517057));
#14257=CARTESIAN_POINT('',(0.000158323695482101,0.0136725953780115,0.0253570583517057));
#14258=CARTESIAN_POINT('',(0.000158323695482096,-0.0136578046219885,0.0253570583517057));
#14259=CARTESIAN_POINT('',(-2.45171356314122E-18,-0.0136578046219885,0.0126785291758528));
#14260=CARTESIAN_POINT('',(0.0172262616779586,-0.0136578046219885,0.0135638821174659));
#14261=CARTESIAN_POINT('',(0.0140512616779586,-0.0136578046219885,0.0135638821174659));
#14262=CARTESIAN_POINT('',(2.4543686528979E-18,0.0136725953780115,0.0126785291758528));
#14263=CARTESIAN_POINT('',(0.0172262616779586,0.0136725953780115,0.0135638821174659));
#14264=CARTESIAN_POINT('',(0.0205282616779586,0.0136725953780115,0.0135638821174659));
#14265=CARTESIAN_POINT('',(-0.003274317945597,5.87773067446917E-19,0.0147998247400151));
#14266=CARTESIAN_POINT('',(-0.0013665854801845,4.33680868994202E-19,0.0147998247400151));
#14267=CARTESIAN_POINT('',(-0.003274317945597,5.87773067446917E-19,0.0147998247400151));
#14268=CARTESIAN_POINT('',(-0.003274317945597,0.003175,0.0147998247400151));
#14269=CARTESIAN_POINT('',(-0.028674317945597,5.14732903030856E-18,0.0147998247400151));
#14270=CARTESIAN_POINT('',(-0.022324317945597,4.00744003959314E-18,0.0147998247400151));
#14271=CARTESIAN_POINT('',(-0.022324317945597,0.003175,0.0147998247400151));
#14272=CARTESIAN_POINT('',(-0.022324317945597,0.003302,0.0147998247400151));
#14273=CARTESIAN_POINT('',(-0.022324317945597,4.00744003959314E-18,0.0147998247400151));
#14274=CARTESIAN_POINT('',(-0.022324317945597,0.003302,0.0147998247400151));
#14275=CARTESIAN_POINT('',(-0.028674317945597,5.14732903030856E-18,0.0147998247400151));
#14276=CARTESIAN_POINT('',(0.0172262616779586,0.0136725953780115,0.0135638821174659));
#14277=CARTESIAN_POINT('',(0.0172262616779586,0.00732259537801146,0.0135638821174659));
#14278=CARTESIAN_POINT('',(0.0204012616779586,0.00732259537801146,0.0135638821174659));
#14279=CARTESIAN_POINT('',(0.0205282616779586,0.00732259537801146,0.0135638821174659));
#14280=CARTESIAN_POINT('',(0.0172262616779586,0.00732259537801146,0.0135638821174659));
#14281=CARTESIAN_POINT('',(0.0205282616779586,0.00732259537801146,0.0135638821174659));
#14282=CARTESIAN_POINT('',(0.0172262616779586,0.0136725953780115,0.0135638821174659));
#14283=CARTESIAN_POINT('',(0.138601437336378,0.0518668162317853,-0.0837380217892862));
#14284=CARTESIAN_POINT('',(0.0719441713804863,0.432869431653917,-0.172178791788597));
#14285=CARTESIAN_POINT('',(0.0717598487990952,0.0352447175331961,-0.172839484631369));
#14286=CARTESIAN_POINT('',(0.261958515193082,0.288334826009103,0.00450990704308743));
#14287=CARTESIAN_POINT('',(0.136567388703419,0.396598228377035,0.0772085298518097));
#14288=CARTESIAN_POINT('',(0.105876780448938,0.0352447176958769,-0.188764641520005));
#14289=CARTESIAN_POINT('',(0.142169008277083,0.414975025014061,-0.0853074964244652));
#14290=CARTESIAN_POINT('',(0.105145603250391,0.432869429970355,-0.0440512159504962));
#14291=CARTESIAN_POINT('',(0.1598773032334,0.303167129638596,0.122541698516416));
#14292=CARTESIAN_POINT('',(0.207674289940147,0.2883348254043,0.0568257417299178));
#14293=CARTESIAN_POINT('',(0.161786564797227,0.252202029541782,0.129909725384188));
#14294=CARTESIAN_POINT('',(0.144856609389911,0.366228863946237,0.0215939771268147));
#14295=CARTESIAN_POINT('',(0.00064179131329424,0.0348850414156914,0.015494));
#14296=CARTESIAN_POINT('',(0.00064179131329424,0.0348850414156914,0.));
#14297=CARTESIAN_POINT('',(-0.0752631923012635,0.0348850414156914,0.));
#14298=CARTESIAN_POINT('',(0.076546774927852,0.0348850414156914,0.));
#14299=CARTESIAN_POINT('',(0.076546774927852,0.0348850414156914,0.015494));
#14300=CARTESIAN_POINT('',(0.076546774927852,0.0348850414156914,0.015494));
#14301=CARTESIAN_POINT('',(0.00064179131329424,0.0348850414156914,0.015494));
#14302=CARTESIAN_POINT('',(-0.0752631923012635,0.0348850414156914,0.015494));
#14303=CARTESIAN_POINT('',(-0.0752631923012635,0.0348850414156914,0.015494));
#14304=CARTESIAN_POINT('',(0.076546774927852,0.,0.015494));
#14305=CARTESIAN_POINT('',(0.076546774927852,0.,0.));
#14306=CARTESIAN_POINT('',(0.076546774927852,-0.0348850414156914,0.));
#14307=CARTESIAN_POINT('',(0.076546774927852,-0.0348850414156914,0.015494));
#14308=CARTESIAN_POINT('',(0.076546774927852,-0.0348850414156914,0.015494));
#14309=CARTESIAN_POINT('',(0.076546774927852,0.,0.015494));
#14310=CARTESIAN_POINT('',(0.00064179131329424,-0.0348850414156914,0.015494));
#14311=CARTESIAN_POINT('',(0.00064179131329424,-0.0348850414156914,0.));
#14312=CARTESIAN_POINT('',(-0.0752631923012635,-0.0348850414156914,0.));
#14313=CARTESIAN_POINT('',(-0.0752631923012635,-0.0348850414156914,0.015494));
#14314=CARTESIAN_POINT('',(-0.0752631923012635,-0.0348850414156914,0.015494));
#14315=CARTESIAN_POINT('',(0.00064179131329424,-0.0348850414156914,0.015494));
#14316=CARTESIAN_POINT('',(0.0997387180630403,0.0348850414156914,0.015494));
#14317=CARTESIAN_POINT('',(0.0997387180630403,0.0348850414156914,0.));
#14318=CARTESIAN_POINT('',(0.0996190611091555,0.0348850414156914,0.));
#14319=CARTESIAN_POINT('',(0.0998583750169252,0.0348850414156914,0.));
#14320=CARTESIAN_POINT('',(0.0996190611091555,0.0348850414156914,0.015494));
#14321=CARTESIAN_POINT('',(0.0996190611091555,0.0348850414156914,0.015494));
#14322=CARTESIAN_POINT('',(0.0997387180630403,0.0348850414156914,0.015494));
#14323=CARTESIAN_POINT('',(0.0998583750169252,0.0348850414156914,0.015494));
#14324=CARTESIAN_POINT('',(0.0998583750169252,0.0348850414156914,0.015494));
#14325=CARTESIAN_POINT('',(0.0996190611091555,0.0479475688189268,0.015494));
#14326=CARTESIAN_POINT('',(0.0996190611091555,0.0479475688189268,0.));
#14327=CARTESIAN_POINT('',(0.0996190611091555,0.0610100962221623,0.));
#14328=CARTESIAN_POINT('',(0.0996190611091555,0.0610100962221623,0.015494));
#14329=CARTESIAN_POINT('',(0.0996190611091555,0.0610100962221623,0.015494));
#14330=CARTESIAN_POINT('',(0.0996190611091555,0.0479475688189268,0.015494));
#14331=CARTESIAN_POINT('',(-0.000683630351493755,0.0610100962221623,0.015494));
#14332=CARTESIAN_POINT('',(-0.000683630351493755,0.0610100962221623,0.));
#14333=CARTESIAN_POINT('',(-0.100986321812143,0.0610100962221623,0.));
#14334=CARTESIAN_POINT('',(-0.100986321812143,0.0610100962221623,0.015494));
#14335=CARTESIAN_POINT('',(-0.100986321812143,0.0610100962221623,0.015494));
#14336=CARTESIAN_POINT('',(-0.000683630351493755,0.0610100962221623,0.015494));
#14337=CARTESIAN_POINT('',(-0.100986321812143,0.0479475688189268,0.015494));
#14338=CARTESIAN_POINT('',(-0.100986321812143,0.0479475688189268,0.));
#14339=CARTESIAN_POINT('',(-0.100986321812143,-0.0603709258139134,0.));
#14340=CARTESIAN_POINT('',(-0.100986321812143,-0.0603709258139134,0.015494));
#14341=CARTESIAN_POINT('',(-0.100986321812143,-0.0603709258139134,0.015494));
#14342=CARTESIAN_POINT('',(-0.100986321812143,0.0479475688189268,0.015494));
#14343=CARTESIAN_POINT('',(-0.000519985495112008,-0.0603709258139134,0.015494));
#14344=CARTESIAN_POINT('',(-0.000519985495112008,-0.0603709258139134,0.));
#14345=CARTESIAN_POINT('',(0.099946350821919,-0.0603709258139134,0.));
#14346=CARTESIAN_POINT('',(0.099946350821919,-0.0603709258139134,0.015494));
#14347=CARTESIAN_POINT('',(0.099946350821919,-0.0603709258139134,0.015494));
#14348=CARTESIAN_POINT('',(-0.000519985495112008,-0.0603709258139134,0.015494));
#14349=CARTESIAN_POINT('',(0.099946350821919,-0.0476279836148024,0.015494));
#14350=CARTESIAN_POINT('',(0.099946350821919,-0.0476279836148024,0.));
#14351=CARTESIAN_POINT('',(0.099946350821919,-0.0348850414156914,0.));
#14352=CARTESIAN_POINT('',(0.099946350821919,-0.0348850414156914,0.015494));
#14353=CARTESIAN_POINT('',(0.099946350821919,-0.0348850414156914,0.015494));
#14354=CARTESIAN_POINT('',(0.099946350821919,-0.0476279836148024,0.015494));
#14355=CARTESIAN_POINT('',(0.0999023629194221,-0.0348850414156914,0.015494));
#14356=CARTESIAN_POINT('',(0.0999023629194221,-0.0348850414156914,0.));
#14357=CARTESIAN_POINT('',(0.0998583750169252,-0.0348850414156914,0.));
#14358=CARTESIAN_POINT('',(0.0998583750169252,-0.0348850414156914,0.015494));
#14359=CARTESIAN_POINT('',(0.0998583750169252,-0.0348850414156914,0.015494));
#14360=CARTESIAN_POINT('',(0.0999023629194221,-0.0348850414156914,0.015494));
#14361=CARTESIAN_POINT('',(0.0998583750169252,0.,0.015494));
#14362=CARTESIAN_POINT('',(0.0998583750169252,0.,0.));
#14363=CARTESIAN_POINT('',(0.0998583750169252,0.,0.015494));
#14364=CARTESIAN_POINT('',(-0.0752631923012635,0.,0.015494));
#14365=CARTESIAN_POINT('',(-0.0752631923012635,0.,0.));
#14366=CARTESIAN_POINT('',(-0.0752631923012635,0.,0.015494));
#14367=CARTESIAN_POINT('',(-0.000519985495112008,0.000319585204124451,0.015494));
#14368=CARTESIAN_POINT('',(-0.000519985495112008,0.0520318225026131,0.015494));
#14369=CARTESIAN_POINT('',(-0.0302705354988575,0.0520318225026131,0.015494));
#14370=CARTESIAN_POINT('',(-0.0479942746460438,0.0520318225026131,0.015494));
#14371=CARTESIAN_POINT('',(-0.0302705354988575,0.000319585204124451,0.015494));
#14372=CARTESIAN_POINT('',(-0.0302705354988575,0.0459551066160202,0.015494));
#14373=CARTESIAN_POINT('',(-0.000519985495112008,0.0459551066160202,0.015494));
#14374=CARTESIAN_POINT('',(-0.0479942746460438,0.0459551066160202,0.015494));
#14375=CARTESIAN_POINT('',(-0.0479942746460438,0.000319585204124451,0.015494));
#14376=CARTESIAN_POINT('',(-0.000519985495112008,0.0520318225026131,0.015494));
#14377=CARTESIAN_POINT('',(0.0482202880084515,0.0520318225026131,0.015494));
#14378=CARTESIAN_POINT('',(0.0330285094678402,0.0520318225026131,0.015494));
#14379=CARTESIAN_POINT('',(0.0482202880084515,0.000319585204124451,0.015494));
#14380=CARTESIAN_POINT('',(0.0482202880084515,0.0459551066160202,0.015494));
#14381=CARTESIAN_POINT('',(-0.000519985495112008,0.0459551066160202,0.015494));
#14382=CARTESIAN_POINT('',(0.0330285094678402,0.0459551066160202,0.015494));
#14383=CARTESIAN_POINT('',(0.0330285094678402,0.000319585204124451,0.015494));
#14384=CARTESIAN_POINT('',(0.,-0.0513840281240362,0.015494));
#14385=CARTESIAN_POINT('',(-0.003302,-0.0513840281240362,0.015494));
#14386=CARTESIAN_POINT('',(-0.0762009573828639,0.0488118641078472,0.015494));
#14387=CARTESIAN_POINT('',(-0.0795029573828639,0.0488118641078472,0.015494));
#14388=CARTESIAN_POINT('',(0.0771667663775395,0.0488118641078472,0.015494));
#14389=CARTESIAN_POINT('',(0.0738647663775395,0.0488118641078472,0.015494));
#14390=CARTESIAN_POINT('',(0.0771667663775395,-0.0513840281240362,0.015494));
#14391=CARTESIAN_POINT('',(0.0738647663775395,-0.0513840281240362,0.015494));
#14392=CARTESIAN_POINT('',(-0.0762009573828639,-0.0513840281240362,0.015494));
#14393=CARTESIAN_POINT('',(-0.0795029573828639,-0.0513840281240362,0.015494));
#14394=CARTESIAN_POINT('',(0.,0.0488118641078472,0.015494));
#14395=CARTESIAN_POINT('',(-0.003302,0.0488118641078472,0.015494));
#14396=CARTESIAN_POINT('',(-0.000519985495112008,0.000319585204124451,0.));
#14397=CARTESIAN_POINT('',(0.,-0.0513840281240362,0.));
#14398=CARTESIAN_POINT('',(0.003175,-0.0513840281240362,0.));
#14399=CARTESIAN_POINT('',(-0.0762009573828639,0.0488118641078472,0.));
#14400=CARTESIAN_POINT('',(-0.0730259573828639,0.0488118641078472,0.));
#14401=CARTESIAN_POINT('',(0.0771667663775395,0.0488118641078472,0.));
#14402=CARTESIAN_POINT('',(0.0803417663775395,0.0488118641078472,0.));
#14403=CARTESIAN_POINT('',(0.0771667663775395,-0.0513840281240362,0.));
#14404=CARTESIAN_POINT('',(0.0803417663775395,-0.0513840281240362,0.));
#14405=CARTESIAN_POINT('',(-0.0762009573828639,-0.0513840281240362,0.));
#14406=CARTESIAN_POINT('',(-0.0730259573828639,-0.0513840281240362,0.));
#14407=CARTESIAN_POINT('',(0.,0.0488118641078472,0.));
#14408=CARTESIAN_POINT('',(0.003175,0.0488118641078472,0.));
#14409=CARTESIAN_POINT('',(0.,0.0488118641078472,0.015494));
#14410=CARTESIAN_POINT('',(0.,0.0488118641078472,0.009144));
#14411=CARTESIAN_POINT('',(-0.003175,0.0488118641078472,0.009144));
#14412=CARTESIAN_POINT('',(0.003302,0.0488118641078472,0.009144));
#14413=CARTESIAN_POINT('',(0.,0.0488118641078472,0.009144));
#14414=CARTESIAN_POINT('',(-0.003302,0.0488118641078472,0.009144));
#14415=CARTESIAN_POINT('',(0.,0.0488118641078472,0.015494));
#14416=CARTESIAN_POINT('',(-0.0762009573828639,-0.0513840281240362,0.015494));
#14417=CARTESIAN_POINT('',(-0.0762009573828639,-0.0513840281240362,0.009144));
#14418=CARTESIAN_POINT('',(-0.0793759573828639,-0.0513840281240362,0.009144));
#14419=CARTESIAN_POINT('',(-0.0728989573828639,-0.0513840281240362,0.009144));
#14420=CARTESIAN_POINT('',(-0.0762009573828639,-0.0513840281240362,0.009144));
#14421=CARTESIAN_POINT('',(-0.0795029573828639,-0.0513840281240362,0.009144));
#14422=CARTESIAN_POINT('',(-0.0762009573828639,-0.0513840281240362,0.015494));
#14423=CARTESIAN_POINT('',(0.0771667663775395,-0.0513840281240362,0.015494));
#14424=CARTESIAN_POINT('',(0.0771667663775395,-0.0513840281240362,0.009144));
#14425=CARTESIAN_POINT('',(0.0739917663775395,-0.0513840281240362,0.009144));
#14426=CARTESIAN_POINT('',(0.0804687663775395,-0.0513840281240362,0.009144));
#14427=CARTESIAN_POINT('',(0.0771667663775395,-0.0513840281240362,0.009144));
#14428=CARTESIAN_POINT('',(0.0738647663775395,-0.0513840281240362,0.009144));
#14429=CARTESIAN_POINT('',(0.0771667663775395,-0.0513840281240362,0.015494));
#14430=CARTESIAN_POINT('',(0.0771667663775395,0.0488118641078472,0.015494));
#14431=CARTESIAN_POINT('',(0.0771667663775395,0.0488118641078472,0.009144));
#14432=CARTESIAN_POINT('',(0.0739917663775395,0.0488118641078472,0.009144));
#14433=CARTESIAN_POINT('',(0.0804687663775395,0.0488118641078472,0.009144));
#14434=CARTESIAN_POINT('',(0.0771667663775395,0.0488118641078472,0.009144));
#14435=CARTESIAN_POINT('',(0.0738647663775395,0.0488118641078472,0.009144));
#14436=CARTESIAN_POINT('',(0.0771667663775395,0.0488118641078472,0.015494));
#14437=CARTESIAN_POINT('',(-0.0762009573828639,0.0488118641078472,0.015494));
#14438=CARTESIAN_POINT('',(-0.0762009573828639,0.0488118641078472,0.009144));
#14439=CARTESIAN_POINT('',(-0.0793759573828639,0.0488118641078472,0.009144));
#14440=CARTESIAN_POINT('',(-0.0728989573828639,0.0488118641078472,0.009144));
#14441=CARTESIAN_POINT('',(-0.0762009573828639,0.0488118641078472,0.009144));
#14442=CARTESIAN_POINT('',(-0.0795029573828639,0.0488118641078472,0.009144));
#14443=CARTESIAN_POINT('',(-0.0762009573828639,0.0488118641078472,0.015494));
#14444=CARTESIAN_POINT('',(0.,-0.0513840281240362,0.015494));
#14445=CARTESIAN_POINT('',(0.,-0.0513840281240362,0.009144));
#14446=CARTESIAN_POINT('',(-0.003175,-0.0513840281240362,0.009144));
#14447=CARTESIAN_POINT('',(0.003302,-0.0513840281240362,0.009144));
#14448=CARTESIAN_POINT('',(0.,-0.0513840281240362,0.009144));
#14449=CARTESIAN_POINT('',(-0.003302,-0.0513840281240362,0.009144));
#14450=CARTESIAN_POINT('',(0.,-0.0513840281240362,0.015494));
#14451=CARTESIAN_POINT('',(0.0406243987381458,0.0520318225026131,0.018796));
#14452=CARTESIAN_POINT('',(0.0482202880084515,0.0520318225026131,0.018796));
#14453=CARTESIAN_POINT('',(0.0482202880084515,0.0520318225026131,0.018796));
#14454=CARTESIAN_POINT('',(0.0330285094678402,0.0520318225026131,0.018796));
#14455=CARTESIAN_POINT('',(0.0330285094678402,0.0520318225026131,0.018796));
#14456=CARTESIAN_POINT('',(0.0406243987381458,0.0520318225026131,0.018796));
#14457=CARTESIAN_POINT('',(0.0330285094678402,0.0489934645593166,0.018796));
#14458=CARTESIAN_POINT('',(0.0330285094678402,0.0459551066160202,0.018796));
#14459=CARTESIAN_POINT('',(0.0330285094678402,0.0459551066160202,0.018796));
#14460=CARTESIAN_POINT('',(0.0330285094678402,0.0489934645593166,0.018796));
#14461=CARTESIAN_POINT('',(0.0406243987381458,0.0459551066160202,0.018796));
#14462=CARTESIAN_POINT('',(0.0482202880084515,0.0459551066160202,0.018796));
#14463=CARTESIAN_POINT('',(0.0482202880084515,0.0459551066160202,0.018796));
#14464=CARTESIAN_POINT('',(0.0406243987381458,0.0459551066160202,0.018796));
#14465=CARTESIAN_POINT('',(0.0482202880084515,0.0489934645593166,0.018796));
#14466=CARTESIAN_POINT('',(0.0482202880084515,0.0489934645593166,0.018796));
#14467=CARTESIAN_POINT('',(-0.000519985495112008,0.000319585204124451,0.018796));
#14468=CARTESIAN_POINT('',(-0.0391324050724507,0.0520318225026131,0.018796));
#14469=CARTESIAN_POINT('',(-0.0302705354988575,0.0520318225026131,0.018796));
#14470=CARTESIAN_POINT('',(-0.0302705354988575,0.0520318225026131,0.018796));
#14471=CARTESIAN_POINT('',(-0.0479942746460438,0.0520318225026131,0.018796));
#14472=CARTESIAN_POINT('',(-0.0479942746460438,0.0520318225026131,0.018796));
#14473=CARTESIAN_POINT('',(-0.0391324050724507,0.0520318225026131,0.018796));
#14474=CARTESIAN_POINT('',(-0.0479942746460438,0.0489934645593166,0.018796));
#14475=CARTESIAN_POINT('',(-0.0479942746460438,0.0459551066160202,0.018796));
#14476=CARTESIAN_POINT('',(-0.0479942746460438,0.0459551066160202,0.018796));
#14477=CARTESIAN_POINT('',(-0.0479942746460438,0.0489934645593166,0.018796));
#14478=CARTESIAN_POINT('',(-0.0391324050724507,0.0459551066160202,0.018796));
#14479=CARTESIAN_POINT('',(-0.0302705354988575,0.0459551066160202,0.018796));
#14480=CARTESIAN_POINT('',(-0.0302705354988575,0.0459551066160202,0.018796));
#14481=CARTESIAN_POINT('',(-0.0391324050724507,0.0459551066160202,0.018796));
#14482=CARTESIAN_POINT('',(-0.0302705354988575,0.0489934645593166,0.018796));
#14483=CARTESIAN_POINT('',(-0.0302705354988575,0.0489934645593166,0.018796));
#14484=CARTESIAN_POINT('',(-0.000519985495112008,0.000319585204124451,0.018796));
#14485=CARTESIAN_POINT('',(0.204131868929175,0.234548129514728,0.0557517277523451));
#14486=CARTESIAN_POINT('',(0.134657987134749,0.432869428473857,0.0698399625722601));
#14487=CARTESIAN_POINT('',(0.136383066210368,0.0715159142563143,0.0765478379393355));
#14488=CARTESIAN_POINT('',(0.00987464016045125,-0.00648435476185099,0.001778));
#14489=CARTESIAN_POINT('',(0.00987464016045125,-0.00648435476185099,0.));
#14490=CARTESIAN_POINT('',(0.00987464016045125,-3.05046562884493E-22,0.));
#14491=CARTESIAN_POINT('',(0.00987464016045125,-0.012968709523702,0.));
#14492=CARTESIAN_POINT('',(0.00987464016045125,-3.05046562884493E-22,0.001778));
#14493=CARTESIAN_POINT('',(0.00987464016045125,-3.05046562884493E-22,0.001778));
#14494=CARTESIAN_POINT('',(0.00987464016045125,-0.00648435476185099,0.001778));
#14495=CARTESIAN_POINT('',(0.00987464016045125,-0.012968709523702,0.001778));
#14496=CARTESIAN_POINT('',(0.00987464016045125,-0.012968709523702,0.001778));
#14497=CARTESIAN_POINT('',(0.00493732008022563,-3.05046562884493E-22,0.001778));
#14498=CARTESIAN_POINT('',(0.00493732008022563,-3.05046562884493E-22,0.));
#14499=CARTESIAN_POINT('',(2.76876031920817E-22,0.,0.));
#14500=CARTESIAN_POINT('',(2.76876031920817E-22,0.,0.001778));
#14501=CARTESIAN_POINT('',(2.76876031920817E-22,0.,0.001778));
#14502=CARTESIAN_POINT('',(0.00493732008022563,-3.05046562884493E-22,0.001778));
#14503=CARTESIAN_POINT('',(2.76876031920817E-22,0.00648435476185099,0.001778));
#14504=CARTESIAN_POINT('',(2.76876031920817E-22,0.00648435476185099,0.));
#14505=CARTESIAN_POINT('',(2.76876031920817E-22,0.012968709523702,0.));
#14506=CARTESIAN_POINT('',(2.76876031920817E-22,0.012968709523702,0.001778));
#14507=CARTESIAN_POINT('',(2.76876031920817E-22,0.012968709523702,0.001778));
#14508=CARTESIAN_POINT('',(2.76876031920817E-22,0.00648435476185099,0.001778));
#14509=CARTESIAN_POINT('',(-0.00493732008022563,0.012968709523702,0.001778));
#14510=CARTESIAN_POINT('',(-0.00493732008022563,0.012968709523702,0.));
#14511=CARTESIAN_POINT('',(-0.00987464016045125,0.012968709523702,0.));
#14512=CARTESIAN_POINT('',(-0.00987464016045125,0.012968709523702,0.001778));
#14513=CARTESIAN_POINT('',(-0.00987464016045125,0.012968709523702,0.001778));
#14514=CARTESIAN_POINT('',(-0.00493732008022563,0.012968709523702,0.001778));
#14515=CARTESIAN_POINT('',(-0.00987464016045125,0.,0.001778));
#14516=CARTESIAN_POINT('',(-0.00987464016045125,0.,0.));
#14517=CARTESIAN_POINT('',(-0.00987464016045125,-0.012968709523702,0.));
#14518=CARTESIAN_POINT('',(-0.00987464016045125,-0.012968709523702,0.001778));
#14519=CARTESIAN_POINT('',(-0.00987464016045125,-0.012968709523702,0.001778));
#14520=CARTESIAN_POINT('',(-0.00987464016045125,0.,0.001778));
#14521=CARTESIAN_POINT('',(0.,-0.012968709523702,0.001778));
#14522=CARTESIAN_POINT('',(0.,-0.012968709523702,0.));
#14523=CARTESIAN_POINT('',(0.,-0.012968709523702,0.001778));
#14524=CARTESIAN_POINT('',(0.,0.,0.001778));
#14525=CARTESIAN_POINT('',(0.,0.,0.));
#14526=CARTESIAN_POINT('',(0.163425263495367,0.265523281412851,0.0674019805357143));
#14527=CARTESIAN_POINT('',(0.0901987173140643,0.0352447165982072,-0.101682085960199));
#14528=CARTESIAN_POINT('',(0.16369923416723,0.202594589642906,0.0684592596674956));
#14529=CARTESIAN_POINT('',(0.101272232683455,0.0352447160366968,-0.058948306108612));
#14530=CARTESIAN_POINT('',(0.143009506855789,0.152660294533501,0.0748307432422865));
#14531=CARTESIAN_POINT('',(0.120297500345674,0.432869431846571,-0.191792996662778));
#14532=CARTESIAN_POINT('',(0.0791315733574294,0.0352447171593944,-0.144391277906233));
#14533=CARTESIAN_POINT('',(0.157667497931694,0.123123760206933,0.0710324481555377));
#14534=CARTESIAN_POINT('',(0.265647563178627,0.288334825822041,0.018746304358432));
#14535=CARTESIAN_POINT('',(0.146673852676563,0.10158456115491,-0.00184466829412894));
#14536=CARTESIAN_POINT('',(0.140988309606215,0.0575843697741452,-0.197863018648645));
#14537=CARTESIAN_POINT('',(0.159347975612507,0.322056427488127,0.0775175776523335));
#14538=CARTESIAN_POINT('',(0.10882827982318,0.432869429783616,-0.0298394065407049));
#14539=CARTESIAN_POINT('',(0.200970312020143,0.288578552482866,0.0605199330482413));
#14540=CARTESIAN_POINT('',(0.136567388721328,0.411304828377035,0.0772085300404097));
#14541=CARTESIAN_POINT('',(0.248995875818021,0.186829558995989,-0.0455141881067671));
#14542=CARTESIAN_POINT('',(0.152234705361001,0.366228863572112,0.0500667717575041));
#14543=CARTESIAN_POINT('',(0.110182495946913,0.391860207793643,-0.287566781786058));
#14544=CARTESIAN_POINT('',(0.254574047809237,0.288334826383552,-0.023987475493155));
#14545=CARTESIAN_POINT('',(0.161081203263907,0.36622886426591,-0.00487398871739682));
#14546=CARTESIAN_POINT('',(0.,0.,0.));
#14547=CARTESIAN_POINT('',(0.,-0.00865153130143881,0.));
#14548=CARTESIAN_POINT('',(-0.00349589157849551,-0.00865153130143881,0.));
#14549=CARTESIAN_POINT('',(0.00349589157849551,-0.00865153130143881,0.));
#14550=CARTESIAN_POINT('',(-0.00349589157849551,0.,0.));
#14551=CARTESIAN_POINT('',(-0.00349589157849551,-0.010661150328815,0.));
#14552=CARTESIAN_POINT('',(0.,-0.010661150328815,0.));
#14553=CARTESIAN_POINT('',(0.00349589157849551,-0.010661150328815,0.));
#14554=CARTESIAN_POINT('',(0.00349589157849551,0.,0.));
#14555=CARTESIAN_POINT('',(0.,0.0235772673040629,0.));
#14556=CARTESIAN_POINT('',(-0.0024943903554231,0.0235772673040629,0.));
#14557=CARTESIAN_POINT('',(0.0024943903554231,0.0235772673040629,0.));
#14558=CARTESIAN_POINT('',(-0.0024943903554231,0.,0.));
#14559=CARTESIAN_POINT('',(-0.0024943903554231,0.0207638014107943,0.));
#14560=CARTESIAN_POINT('',(0.,0.0207638014107943,0.));
#14561=CARTESIAN_POINT('',(0.0024943903554231,0.0207638014107943,-2.16840434497101E-19));
#14562=CARTESIAN_POINT('',(0.0024943903554231,0.,0.));
#14563=CARTESIAN_POINT('',(0.,0.0305192053849067,0.));
#14564=CARTESIAN_POINT('',(-0.0147033827553219,0.0305192053849067,0.));
#14565=CARTESIAN_POINT('',(0.0147033827553219,0.0305192053849067,0.));
#14566=CARTESIAN_POINT('',(0.0147033827553219,0.,0.));
#14567=CARTESIAN_POINT('',(0.0147033827553219,-0.0305192053849067,0.));
#14568=CARTESIAN_POINT('',(0.,-0.0305192053849067,0.));
#14569=CARTESIAN_POINT('',(-0.0147033827553219,-0.0305192053849067,0.));
#14570=CARTESIAN_POINT('',(-0.0147033827553219,0.,0.));
#14571=CARTESIAN_POINT('',(0.,0.00137097004335374,0.));
#14572=CARTESIAN_POINT('',(-0.00269535207189619,0.00137097004335374,0.));
#14573=CARTESIAN_POINT('',(0.00269535207189619,0.00137097004335374,0.));
#14574=CARTESIAN_POINT('',(-0.00269535207189619,0.,0.));
#14575=CARTESIAN_POINT('',(-0.00269535207189619,-0.00137097004335374,0.));
#14576=CARTESIAN_POINT('',(0.,-0.00137097004335374,0.));
#14577=CARTESIAN_POINT('',(0.00269535207189619,-0.00137097004335374,-2.16840434497101E-19));
#14578=CARTESIAN_POINT('',(0.00269535207189619,0.,0.));
#14579=CARTESIAN_POINT('',(0.,-0.020430551841855,0.));
#14580=CARTESIAN_POINT('',(-0.00256322231143713,-0.020430551841855,0.));
#14581=CARTESIAN_POINT('',(0.00256322231143713,-0.020430551841855,0.));
#14582=CARTESIAN_POINT('',(-0.00256322231143713,0.,0.));
#14583=CARTESIAN_POINT('',(-0.00256322231143713,-0.0233016218990087,0.));
#14584=CARTESIAN_POINT('',(0.,-0.0233016218990087,0.));
#14585=CARTESIAN_POINT('',(0.00256322231143713,-0.0233016218990087,-2.16840434497101E-19));
#14586=CARTESIAN_POINT('',(0.00256322231143713,0.,0.));
#14587=CARTESIAN_POINT('',(0.,0.0143586127087474,0.));
#14588=CARTESIAN_POINT('',(-0.00319444830529392,0.0143586127087474,0.));
#14589=CARTESIAN_POINT('',(0.00319444830529392,0.0143586127087474,0.));
#14590=CARTESIAN_POINT('',(-0.00319444830529392,0.,0.));
#14591=CARTESIAN_POINT('',(-0.00319444830529392,0.0123923225328326,0.));
#14592=CARTESIAN_POINT('',(0.,0.0123923225328326,0.));
#14593=CARTESIAN_POINT('',(0.00319444830529392,0.0123923225328326,0.));
#14594=CARTESIAN_POINT('',(0.00319444830529392,0.,0.));
#14595=CARTESIAN_POINT('',(0.,0.,0.00254));
#14596=CARTESIAN_POINT('',(-0.0114929052069783,-0.0132519919425249,0.00254));
#14597=CARTESIAN_POINT('',(-0.0114929052069783,-0.0149601688608527,0.00254));
#14598=CARTESIAN_POINT('',(-0.0114929052069783,-0.0115438150241971,0.00254));
#14599=CARTESIAN_POINT('',(-0.00998569000512362,-0.0115438150241971,0.00254));
#14600=CARTESIAN_POINT('',(-0.00847847480326891,-0.0115438150241971,0.00254));
#14601=CARTESIAN_POINT('',(-0.00847847480326891,-0.0132519919425249,0.00254));
#14602=CARTESIAN_POINT('',(-0.00847847480326891,-0.0149601688608527,0.00254));
#14603=CARTESIAN_POINT('',(-0.00998569000512362,-0.0149601688608527,0.00254));
#14604=CARTESIAN_POINT('',(-0.0105885760858655,0.0158874914050102,0.00254));
#14605=CARTESIAN_POINT('',(-0.0105885760858655,0.014179315418005,0.00254));
#14606=CARTESIAN_POINT('',(-0.0105885760858655,0.0175956673920155,0.00254));
#14607=CARTESIAN_POINT('',(-0.00918184220790863,0.0175956673920155,0.00254));
#14608=CARTESIAN_POINT('',(-0.00777510832995176,0.0175956673920155,0.00254));
#14609=CARTESIAN_POINT('',(-0.00777510832995176,0.0158874914050102,0.00254));
#14610=CARTESIAN_POINT('',(-0.00777510832995176,0.014179315418005,0.00254));
#14611=CARTESIAN_POINT('',(-0.00918184220790863,0.014179315418005,0.00254));
#14612=CARTESIAN_POINT('',(0.0101105058565736,0.0152846062555909,0.00254));
#14613=CARTESIAN_POINT('',(0.0101105058565736,0.01337546762079,0.00254));
#14614=CARTESIAN_POINT('',(0.0101105058565736,0.0171937448903919,0.00254));
#14615=CARTESIAN_POINT('',(0.0114167584106326,0.0171937448903919,0.00254));
#14616=CARTESIAN_POINT('',(0.0127230109646916,0.0171937448903919,0.00254));
#14617=CARTESIAN_POINT('',(0.0127230109646916,0.0152846062555909,0.00254));
#14618=CARTESIAN_POINT('',(0.0127230109646916,0.01337546762079,0.00254));
#14619=CARTESIAN_POINT('',(0.0114167584106326,0.01337546762079,0.00254));
#14620=CARTESIAN_POINT('',(0.0104119479656219,-0.0141563210636377,0.00254));
#14621=CARTESIAN_POINT('',(0.0104119479656219,-0.0155630549415946,0.00254));
#14622=CARTESIAN_POINT('',(0.0104119479656219,-0.0127495871856809,0.00254));
#14623=CARTESIAN_POINT('',(0.0116177210584283,-0.0127495871856809,0.00254));
#14624=CARTESIAN_POINT('',(0.0128234941512346,-0.0127495871856809,0.00254));
#14625=CARTESIAN_POINT('',(0.0128234941512346,-0.0141563210636377,0.00254));
#14626=CARTESIAN_POINT('',(0.0128234941512346,-0.0155630549415946,0.00254));
#14627=CARTESIAN_POINT('',(0.0116177210584283,-0.0155630549415946,0.00254));
#14628=CARTESIAN_POINT('',(0.,0.0143586127087474,0.00254));
#14629=CARTESIAN_POINT('',(-0.00319444830529392,0.0143586127087474,0.00254));
#14630=CARTESIAN_POINT('',(0.00319444830529392,0.0143586127087474,0.00254));
#14631=CARTESIAN_POINT('',(0.00319444830529392,0.01337546762079,0.00254));
#14632=CARTESIAN_POINT('',(0.00319444830529392,0.0123923225328326,0.00254));
#14633=CARTESIAN_POINT('',(0.,0.0123923225328326,0.00254));
#14634=CARTESIAN_POINT('',(-0.00319444830529392,0.0123923225328326,0.00254));
#14635=CARTESIAN_POINT('',(-0.00319444830529392,0.01337546762079,0.00254));
#14636=CARTESIAN_POINT('',(0.,-0.00865153130143881,0.00254));
#14637=CARTESIAN_POINT('',(-0.00349589157849551,-0.00865153130143881,0.00254));
#14638=CARTESIAN_POINT('',(0.00349589157849551,-0.00865153130143881,0.00254));
#14639=CARTESIAN_POINT('',(0.00349589157849551,-0.0096563408151269,0.00254));
#14640=CARTESIAN_POINT('',(0.00349589157849551,-0.010661150328815,0.00254));
#14641=CARTESIAN_POINT('',(0.,-0.010661150328815,0.00254));
#14642=CARTESIAN_POINT('',(-0.00349589157849551,-0.010661150328815,0.00254));
#14643=CARTESIAN_POINT('',(-0.00349589157849551,-0.0096563408151269,0.00254));
#14644=CARTESIAN_POINT('',(0.0127178448199511,0.,0.00254));
#14645=CARTESIAN_POINT('',(0.0127178448199511,-0.00137097004335374,0.00254));
#14646=CARTESIAN_POINT('',(0.0127178448199511,0.00137097004335374,0.00254));
#14647=CARTESIAN_POINT('',(0.0127178448199511,-0.00137097004335374,0.00254));
#14648=CARTESIAN_POINT('',(0.0103810448199511,-0.00137097004335374,0.00254));
#14649=CARTESIAN_POINT('',(0.0103810448199511,0.,0.00254));
#14650=CARTESIAN_POINT('',(0.0103810448199511,0.00137097004335374,0.00254));
#14651=CARTESIAN_POINT('',(0.0127178448199511,0.00137097004335374,0.00254));
#14652=CARTESIAN_POINT('',(0.,0.0305192053849067,0.00254));
#14653=CARTESIAN_POINT('',(-0.0147033827553219,0.0305192053849067,0.00254));
#14654=CARTESIAN_POINT('',(0.0147033827553219,0.0305192053849067,0.00254));
#14655=CARTESIAN_POINT('',(-0.0147033827553219,0.,0.00254));
#14656=CARTESIAN_POINT('',(-0.0147033827553219,-0.0305192053849067,0.00254));
#14657=CARTESIAN_POINT('',(0.,-0.0305192053849067,0.00254));
#14658=CARTESIAN_POINT('',(0.0147033827553219,-0.0305192053849067,0.00254));
#14659=CARTESIAN_POINT('',(0.0147033827553219,0.,0.00254));
#14660=CARTESIAN_POINT('',(-0.00269535207189619,0.,0.00254));
#14661=CARTESIAN_POINT('',(-0.00269535207189619,0.00137097004335374,0.00254));
#14662=CARTESIAN_POINT('',(-0.00269535207189619,-0.00137097004335374,0.00254));
#14663=CARTESIAN_POINT('',(0.,0.00137097004335374,0.00254));
#14664=CARTESIAN_POINT('',(0.00269535207189619,0.00137097004335374,0.00254));
#14665=CARTESIAN_POINT('',(0.00269535207189619,0.,0.00254));
#14666=CARTESIAN_POINT('',(0.00269535207189619,-0.00137097004335374,0.00254));
#14667=CARTESIAN_POINT('',(0.,-0.00137097004335374,0.00254));
#14668=CARTESIAN_POINT('',(-0.0024943903554231,0.0221705343574286,0.00254));
#14669=CARTESIAN_POINT('',(-0.0024943903554231,0.0235772673040629,0.00254));
#14670=CARTESIAN_POINT('',(-0.0024943903554231,0.0207638014107943,0.00254));
#14671=CARTESIAN_POINT('',(0.,0.0235772673040629,0.00254));
#14672=CARTESIAN_POINT('',(0.0024943903554231,0.0235772673040629,0.00254));
#14673=CARTESIAN_POINT('',(0.0024943903554231,0.0221705343574286,0.00254));
#14674=CARTESIAN_POINT('',(0.0024943903554231,0.0207638014107943,0.00254));
#14675=CARTESIAN_POINT('',(0.,0.0207638014107943,0.00254));
#14676=CARTESIAN_POINT('',(-0.00256322231143713,-0.0218660868704319,0.00254));
#14677=CARTESIAN_POINT('',(-0.00256322231143713,-0.020430551841855,0.00254));
#14678=CARTESIAN_POINT('',(-0.00256322231143713,-0.0233016218990087,0.00254));
#14679=CARTESIAN_POINT('',(0.,-0.020430551841855,0.00254));
#14680=CARTESIAN_POINT('',(0.00256322231143713,-0.020430551841855,0.00254));
#14681=CARTESIAN_POINT('',(0.00256322231143713,-0.0218660868704319,0.00254));
#14682=CARTESIAN_POINT('',(0.00256322231143713,-0.0233016218990087,0.00254));
#14683=CARTESIAN_POINT('',(0.,-0.0233016218990087,0.00254));
#14684=CARTESIAN_POINT('',(-0.0108874375000596,0.,0.00254));
#14685=CARTESIAN_POINT('',(-0.0108874375000596,-0.00137097004335374,0.00254));
#14686=CARTESIAN_POINT('',(-0.0108874375000596,0.00137097004335374,0.00254));
#14687=CARTESIAN_POINT('',(-0.00652506677962542,0.00137097004335374,0.00254));
#14688=CARTESIAN_POINT('',(-0.00652506677962542,0.00137097004335374,0.00254));
#14689=CARTESIAN_POINT('',(-0.00652506677962542,0.,0.00254));
#14690=CARTESIAN_POINT('',(-0.00652506677962542,-0.00137097004335374,0.00254));
#14691=CARTESIAN_POINT('',(-0.00652506677962542,-0.00137097004335374,0.00254));
#14692=CARTESIAN_POINT('',(0.0147033827553219,0.,0.00254));
#14693=CARTESIAN_POINT('',(0.0147033827553219,0.0305192053849067,0.00254));
#14694=CARTESIAN_POINT('',(0.0147033827553219,-0.0305192053849067,0.00254));
#14695=CARTESIAN_POINT('',(0.0147033827553219,-0.0141144851222634,0.00189857243094594));
#14696=CARTESIAN_POINT('',(0.0147033827553219,-0.0125320078805089,0.00189857243094594));
#14697=CARTESIAN_POINT('',(0.0147033827553219,-0.0156969623640179,0.00189857243094594));
#14698=CARTESIAN_POINT('',(0.0147033827553219,-0.0125320078805089,0.00132888101506978));
#14699=CARTESIAN_POINT('',(0.0147033827553219,-0.0125320078805089,0.000759189599193633));
#14700=CARTESIAN_POINT('',(0.0147033827553219,-0.0141144851222634,0.000759189599193633));
#14701=CARTESIAN_POINT('',(0.0147033827553219,-0.0156969623640179,0.000759189599193633));
#14702=CARTESIAN_POINT('',(0.0147033827553219,-0.0156969623640179,0.00132888101506978));
#14703=CARTESIAN_POINT('',(0.0147033827553219,0.0122179202735424,0.00170867529232055));
#14704=CARTESIAN_POINT('',(0.0147033827553219,0.0137370973825455,0.00170867529232055));
#14705=CARTESIAN_POINT('',(0.0147033827553219,0.0106987431645393,0.00170867529232055));
#14706=CARTESIAN_POINT('',(0.0147033827553219,0.0137370973825455,0.00120228284504265));
#14707=CARTESIAN_POINT('',(0.0147033827553219,0.0137370973825455,0.000695890397764742));
#14708=CARTESIAN_POINT('',(0.0147033827553219,0.0122179202735424,0.000695890397764742));
#14709=CARTESIAN_POINT('',(0.0147033827553219,0.0106987431645393,0.000695890397764742));
#14710=CARTESIAN_POINT('',(0.0147033827553219,0.0106987431645393,0.00120228284504265));
#14711=CARTESIAN_POINT('',(-0.0147033827553219,0.,0.00254));
#14712=CARTESIAN_POINT('',(-0.0147033827553219,0.,0.0017448712605983));
#14713=CARTESIAN_POINT('',(-0.0147033827553219,0.0204548817127943,0.0017448712605983));
#14714=CARTESIAN_POINT('',(-0.0147033827553219,0.0243736412376165,0.0017448712605983));
#14715=CARTESIAN_POINT('',(-0.0147033827553219,0.0204548817127943,0.00254));
#14716=CARTESIAN_POINT('',(-0.0147033827553219,0.0204548817127943,0.000740061281248927));
#14717=CARTESIAN_POINT('',(-0.0147033827553219,0.,0.000740061281248927));
#14718=CARTESIAN_POINT('',(-0.0147033827553219,0.0243736412376165,0.000740061281248927));
#14719=CARTESIAN_POINT('',(-0.0147033827553219,0.0243736412376165,0.00254));
#14720=CARTESIAN_POINT('',(-0.0147033827553219,-0.0305192053849067,0.00254));
#14721=CARTESIAN_POINT('',(-0.0147033827553219,0.0305192053849067,0.00254));
#14722=CARTESIAN_POINT('',(-0.0147033827553219,0.,0.00194583320990205));
#14723=CARTESIAN_POINT('',(-0.0147033827553219,-0.0238069910556078,0.00194583320990205));
#14724=CARTESIAN_POINT('',(-0.0147033827553219,-0.0198882315307856,0.00194583320990205));
#14725=CARTESIAN_POINT('',(-0.0147033827553219,-0.0238069910556078,0.00254));
#14726=CARTESIAN_POINT('',(-0.0147033827553219,-0.0238069910556078,0.000539099331945181));
#14727=CARTESIAN_POINT('',(-0.0147033827553219,0.,0.000539099331945181));
#14728=CARTESIAN_POINT('',(-0.0147033827553219,-0.0198882315307856,0.000539099331945181));
#14729=CARTESIAN_POINT('',(-0.0147033827553219,-0.0198882315307856,0.00254));
#14730=CARTESIAN_POINT('',(0.,0.0305192053849067,0.00254));
#14731=CARTESIAN_POINT('',(0.,-0.0305192053849067,0.00254));
#14732=CARTESIAN_POINT('',(0.,0.00137097004335374,0.002794));
#14733=CARTESIAN_POINT('',(-0.00269535207189619,0.00137097004335374,0.002794));
#14734=CARTESIAN_POINT('',(-0.00269535207189619,0.00137097004335374,0.002794));
#14735=CARTESIAN_POINT('',(0.,0.00137097004335374,0.002794));
#14736=CARTESIAN_POINT('',(0.00269535207189619,0.00137097004335374,0.002794));
#14737=CARTESIAN_POINT('',(0.00269535207189619,0.00137097004335374,0.002794));
#14738=CARTESIAN_POINT('',(-0.00269535207189619,0.,0.002794));
#14739=CARTESIAN_POINT('',(-0.00269535207189619,-0.00137097004335374,0.002794));
#14740=CARTESIAN_POINT('',(-0.00269535207189619,-0.00137097004335374,0.002794));
#14741=CARTESIAN_POINT('',(-0.00269535207189619,0.,0.002794));
#14742=CARTESIAN_POINT('',(0.,-0.00137097004335374,0.002794));
#14743=CARTESIAN_POINT('',(0.00269535207189619,-0.00137097004335374,0.002794));
#14744=CARTESIAN_POINT('',(0.00269535207189619,-0.00137097004335374,0.002794));
#14745=CARTESIAN_POINT('',(0.,-0.00137097004335374,0.002794));
#14746=CARTESIAN_POINT('',(0.00269535207189619,0.,0.002794));
#14747=CARTESIAN_POINT('',(0.00269535207189619,0.,0.002794));
#14748=CARTESIAN_POINT('',(0.,0.,0.002794));
#14749=CARTESIAN_POINT('',(0.,0.0235772673040629,0.002794));
#14750=CARTESIAN_POINT('',(-0.0024943903554231,0.0235772673040629,0.002794));
#14751=CARTESIAN_POINT('',(-0.0024943903554231,0.0235772673040629,0.002794));
#14752=CARTESIAN_POINT('',(0.,0.0235772673040629,0.002794));
#14753=CARTESIAN_POINT('',(0.0024943903554231,0.0235772673040629,0.002794));
#14754=CARTESIAN_POINT('',(0.0024943903554231,0.0235772673040629,0.002794));
#14755=CARTESIAN_POINT('',(-0.0024943903554231,0.0221705343574286,0.002794));
#14756=CARTESIAN_POINT('',(-0.0024943903554231,0.0207638014107943,0.002794));
#14757=CARTESIAN_POINT('',(-0.0024943903554231,0.0207638014107943,0.002794));
#14758=CARTESIAN_POINT('',(-0.0024943903554231,0.0221705343574286,0.002794));
#14759=CARTESIAN_POINT('',(0.,0.0207638014107943,0.002794));
#14760=CARTESIAN_POINT('',(0.0024943903554231,0.0207638014107943,0.002794));
#14761=CARTESIAN_POINT('',(0.0024943903554231,0.0207638014107943,0.002794));
#14762=CARTESIAN_POINT('',(0.,0.0207638014107943,0.002794));
#14763=CARTESIAN_POINT('',(0.0024943903554231,0.0221705343574286,0.002794));
#14764=CARTESIAN_POINT('',(0.0024943903554231,0.0221705343574286,0.002794));
#14765=CARTESIAN_POINT('',(0.,0.,0.002794));
#14766=CARTESIAN_POINT('',(0.,-0.020430551841855,0.002794));
#14767=CARTESIAN_POINT('',(-0.00256322231143713,-0.020430551841855,0.002794));
#14768=CARTESIAN_POINT('',(-0.00256322231143713,-0.020430551841855,0.002794));
#14769=CARTESIAN_POINT('',(0.,-0.020430551841855,0.002794));
#14770=CARTESIAN_POINT('',(0.00256322231143713,-0.020430551841855,0.002794));
#14771=CARTESIAN_POINT('',(0.00256322231143713,-0.020430551841855,0.002794));
#14772=CARTESIAN_POINT('',(-0.00256322231143713,-0.0218660868704319,0.002794));
#14773=CARTESIAN_POINT('',(-0.00256322231143713,-0.0233016218990087,0.002794));
#14774=CARTESIAN_POINT('',(-0.00256322231143713,-0.0233016218990087,0.002794));
#14775=CARTESIAN_POINT('',(-0.00256322231143713,-0.0218660868704319,0.002794));
#14776=CARTESIAN_POINT('',(0.,-0.0233016218990087,0.002794));
#14777=CARTESIAN_POINT('',(0.00256322231143713,-0.0233016218990087,0.002794));
#14778=CARTESIAN_POINT('',(0.00256322231143713,-0.0233016218990087,0.002794));
#14779=CARTESIAN_POINT('',(0.,-0.0233016218990087,0.002794));
#14780=CARTESIAN_POINT('',(0.00256322231143713,-0.0218660868704319,0.002794));
#14781=CARTESIAN_POINT('',(0.00256322231143713,-0.0218660868704319,0.002794));
#14782=CARTESIAN_POINT('',(0.,0.,0.002794));
#14783=CARTESIAN_POINT('',(0.,0.00137097004335374,-0.0006858));
#14784=CARTESIAN_POINT('',(-0.00269535207189619,0.00137097004335374,-0.0006858));
#14785=CARTESIAN_POINT('',(-0.00269535207189619,0.00137097004335374,-0.0006858));
#14786=CARTESIAN_POINT('',(0.00269535207189619,0.00137097004335374,-0.0006858));
#14787=CARTESIAN_POINT('',(0.00269535207189619,0.00137097004335374,-0.0006858));
#14788=CARTESIAN_POINT('',(0.,0.00137097004335374,-0.0006858));
#14789=CARTESIAN_POINT('',(-0.00269535207189619,0.,-0.0006858));
#14790=CARTESIAN_POINT('',(-0.00269535207189619,0.,-0.0006858));
#14791=CARTESIAN_POINT('',(-0.00269535207189619,-0.00137097004335374,-0.0006858));
#14792=CARTESIAN_POINT('',(-0.00269535207189619,-0.00137097004335374,-0.0006858));
#14793=CARTESIAN_POINT('',(0.,-0.00137097004335374,-0.0006858));
#14794=CARTESIAN_POINT('',(0.,-0.00137097004335374,-0.0006858));
#14795=CARTESIAN_POINT('',(0.00269535207189619,-0.00137097004335374,-0.0006858));
#14796=CARTESIAN_POINT('',(0.00269535207189619,-0.00137097004335374,-0.0006858));
#14797=CARTESIAN_POINT('',(0.00269535207189619,0.,-0.0006858));
#14798=CARTESIAN_POINT('',(0.00269535207189619,0.,-0.0006858));
#14799=CARTESIAN_POINT('',(0.,0.,-0.0006858));
#14800=CARTESIAN_POINT('',(0.,0.0235772673040629,-0.0006858));
#14801=CARTESIAN_POINT('',(-0.0024943903554231,0.0235772673040629,-0.0006858));
#14802=CARTESIAN_POINT('',(-0.0024943903554231,0.0235772673040629,-0.0006858));
#14803=CARTESIAN_POINT('',(0.0024943903554231,0.0235772673040629,-0.0006858));
#14804=CARTESIAN_POINT('',(0.0024943903554231,0.0235772673040629,-0.0006858));
#14805=CARTESIAN_POINT('',(0.,0.0235772673040629,-0.0006858));
#14806=CARTESIAN_POINT('',(-0.0024943903554231,0.0221705343574286,-0.0006858));
#14807=CARTESIAN_POINT('',(-0.0024943903554231,0.0221705343574286,-0.0006858));
#14808=CARTESIAN_POINT('',(-0.0024943903554231,0.0207638014107943,-0.0006858));
#14809=CARTESIAN_POINT('',(-0.0024943903554231,0.0207638014107943,-0.0006858));
#14810=CARTESIAN_POINT('',(0.,0.0207638014107943,-0.0006858));
#14811=CARTESIAN_POINT('',(0.,0.0207638014107943,-0.0006858));
#14812=CARTESIAN_POINT('',(0.0024943903554231,0.0207638014107943,-0.0006858));
#14813=CARTESIAN_POINT('',(0.0024943903554231,0.0207638014107943,-0.0006858));
#14814=CARTESIAN_POINT('',(0.0024943903554231,0.0221705343574286,-0.0006858));
#14815=CARTESIAN_POINT('',(0.0024943903554231,0.0221705343574286,-0.0006858));
#14816=CARTESIAN_POINT('',(0.,0.,-0.0006858));
#14817=CARTESIAN_POINT('',(0.,-0.020430551841855,-0.0006858));
#14818=CARTESIAN_POINT('',(-0.00256322231143713,-0.020430551841855,-0.0006858));
#14819=CARTESIAN_POINT('',(-0.00256322231143713,-0.020430551841855,-0.0006858));
#14820=CARTESIAN_POINT('',(0.00256322231143713,-0.020430551841855,-0.0006858));
#14821=CARTESIAN_POINT('',(0.00256322231143713,-0.020430551841855,-0.0006858));
#14822=CARTESIAN_POINT('',(0.,-0.020430551841855,-0.0006858));
#14823=CARTESIAN_POINT('',(-0.00256322231143713,-0.0218660868704319,-0.0006858));
#14824=CARTESIAN_POINT('',(-0.00256322231143713,-0.0218660868704319,-0.0006858));
#14825=CARTESIAN_POINT('',(-0.00256322231143713,-0.0233016218990087,-0.0006858));
#14826=CARTESIAN_POINT('',(-0.00256322231143713,-0.0233016218990087,-0.0006858));
#14827=CARTESIAN_POINT('',(0.,-0.0233016218990087,-0.0006858));
#14828=CARTESIAN_POINT('',(0.,-0.0233016218990087,-0.0006858));
#14829=CARTESIAN_POINT('',(0.00256322231143713,-0.0233016218990087,-0.0006858));
#14830=CARTESIAN_POINT('',(0.00256322231143713,-0.0233016218990087,-0.0006858));
#14831=CARTESIAN_POINT('',(0.00256322231143713,-0.0218660868704319,-0.0006858));
#14832=CARTESIAN_POINT('',(0.00256322231143713,-0.0218660868704319,-0.0006858));
#14833=CARTESIAN_POINT('',(0.,0.,-0.0006858));
#14834=CARTESIAN_POINT('',(-0.00652506677962542,0.,0.002794));
#14835=CARTESIAN_POINT('',(-0.00652506677962542,0.00137097004335374,0.002794));
#14836=CARTESIAN_POINT('',(-0.00652506677962542,0.00137097004335374,0.002794));
#14837=CARTESIAN_POINT('',(-0.0108874375000596,0.00137097004335374,0.002794));
#14838=CARTESIAN_POINT('',(-0.0108874375000596,0.,0.002794));
#14839=CARTESIAN_POINT('',(-0.0108874375000596,-0.00137097004335374,0.002794));
#14840=CARTESIAN_POINT('',(-0.00652506677962542,-0.00137097004335374,0.002794));
#14841=CARTESIAN_POINT('',(-0.00652506677962542,-0.00137097004335374,0.002794));
#14842=CARTESIAN_POINT('',(-0.00652506677962542,0.,0.002794));
#14843=CARTESIAN_POINT('',(-0.00652506677962542,-0.00137097004335374,0.00254));
#14844=CARTESIAN_POINT('',(-0.0108874375000596,-0.00137097004335374,0.002794));
#14845=CARTESIAN_POINT('',(-0.00652506677962542,-0.00137097004335374,0.00254));
#14846=CARTESIAN_POINT('',(-0.00652506677962542,0.00137097004335374,0.00254));
#14847=CARTESIAN_POINT('',(-0.0108874375000596,0.00137097004335374,0.002794));
#14848=CARTESIAN_POINT('',(-0.00652506677962542,0.00137097004335374,0.00254));
#14849=CARTESIAN_POINT('',(-0.00652506677962542,0.,0.00254));
#14850=CARTESIAN_POINT('',(0.0127178448199511,0.,0.002794));
#14851=CARTESIAN_POINT('',(0.0127178448199511,0.00137097004335374,0.002794));
#14852=CARTESIAN_POINT('',(0.0127178448199511,0.00137097004335374,0.002794));
#14853=CARTESIAN_POINT('',(0.0103810448199511,0.00137097004335374,0.002794));
#14854=CARTESIAN_POINT('',(0.0103810448199511,0.,0.002794));
#14855=CARTESIAN_POINT('',(0.0103810448199511,-0.00137097004335374,0.002794));
#14856=CARTESIAN_POINT('',(0.0127178448199511,-0.00137097004335374,0.002794));
#14857=CARTESIAN_POINT('',(0.0127178448199511,-0.00137097004335374,0.002794));
#14858=CARTESIAN_POINT('',(0.0127178448199511,0.,0.002794));
#14859=CARTESIAN_POINT('',(0.0127178448199511,-0.00137097004335374,0.00254));
#14860=CARTESIAN_POINT('',(0.0103810448199511,-0.00137097004335374,0.00254));
#14861=CARTESIAN_POINT('',(0.0127178448199511,-0.00137097004335374,0.00254));
#14862=CARTESIAN_POINT('',(0.0127178448199511,0.00137097004335374,0.00254));
#14863=CARTESIAN_POINT('',(0.0103810448199511,0.00137097004335374,0.00254));
#14864=CARTESIAN_POINT('',(0.0127178448199511,0.00137097004335374,0.00254));
#14865=CARTESIAN_POINT('',(0.0127178448199511,0.,0.00254));
#14866=CARTESIAN_POINT('',(0.0103810448199511,0.,0.00254));
#14867=CARTESIAN_POINT('',(-0.0151924172446781,0.0224142614752054,0.0017448712605983));
#14868=CARTESIAN_POINT('',(-0.0151924172446781,0.0204548817127943,0.0017448712605983));
#14869=CARTESIAN_POINT('',(-0.0151924172446781,0.0204548817127943,0.0017448712605983));
#14870=CARTESIAN_POINT('',(-0.0151924172446781,0.0243736412376165,0.0017448712605983));
#14871=CARTESIAN_POINT('',(-0.0151924172446781,0.0243736412376165,0.0017448712605983));
#14872=CARTESIAN_POINT('',(-0.0151924172446781,0.0224142614752054,0.0017448712605983));
#14873=CARTESIAN_POINT('',(-0.0151924172446781,0.0204548817127943,0.00124246627092361));
#14874=CARTESIAN_POINT('',(-0.0151924172446781,0.0204548817127943,0.00124246627092361));
#14875=CARTESIAN_POINT('',(-0.0151924172446781,0.0204548817127943,0.000740061281248927));
#14876=CARTESIAN_POINT('',(-0.0151924172446781,0.0204548817127943,0.000740061281248927));
#14877=CARTESIAN_POINT('',(-0.0151924172446781,0.0224142614752054,0.000740061281248927));
#14878=CARTESIAN_POINT('',(-0.0151924172446781,0.0224142614752054,0.000740061281248927));
#14879=CARTESIAN_POINT('',(-0.0151924172446781,0.0243736412376165,0.000740061281248927));
#14880=CARTESIAN_POINT('',(-0.0151924172446781,0.0243736412376165,0.000740061281248927));
#14881=CARTESIAN_POINT('',(-0.0151924172446781,0.0243736412376165,0.00124246627092361));
#14882=CARTESIAN_POINT('',(-0.0151924172446781,0.0243736412376165,0.00124246627092361));
#14883=CARTESIAN_POINT('',(-0.0151924172446781,0.,0.00127));
#14884=CARTESIAN_POINT('',(-0.0151924172446781,-0.0218476112931967,0.00194583320990205));
#14885=CARTESIAN_POINT('',(-0.0151924172446781,-0.0238069910556078,0.00194583320990205));
#14886=CARTESIAN_POINT('',(-0.0151924172446781,-0.0238069910556078,0.00194583320990205));
#14887=CARTESIAN_POINT('',(-0.0151924172446781,-0.0198882315307856,0.00194583320990205));
#14888=CARTESIAN_POINT('',(-0.0151924172446781,-0.0198882315307856,0.00194583320990205));
#14889=CARTESIAN_POINT('',(-0.0151924172446781,-0.0218476112931967,0.00194583320990205));
#14890=CARTESIAN_POINT('',(-0.0151924172446781,-0.0238069910556078,0.00124246627092361));
#14891=CARTESIAN_POINT('',(-0.0151924172446781,-0.0238069910556078,0.00124246627092361));
#14892=CARTESIAN_POINT('',(-0.0151924172446781,-0.0238069910556078,0.000539099331945181));
#14893=CARTESIAN_POINT('',(-0.0151924172446781,-0.0238069910556078,0.000539099331945181));
#14894=CARTESIAN_POINT('',(-0.0151924172446781,-0.0218476112931967,0.000539099331945181));
#14895=CARTESIAN_POINT('',(-0.0151924172446781,-0.0218476112931967,0.000539099331945181));
#14896=CARTESIAN_POINT('',(-0.0151924172446781,-0.0198882315307856,0.000539099331945181));
#14897=CARTESIAN_POINT('',(-0.0151924172446781,-0.0198882315307856,0.000539099331945181));
#14898=CARTESIAN_POINT('',(-0.0151924172446781,-0.0198882315307856,0.00124246627092361));
#14899=CARTESIAN_POINT('',(-0.0151924172446781,-0.0198882315307856,0.00124246627092361));
#14900=CARTESIAN_POINT('',(-0.0151924172446781,0.,0.00127));
#14901=CARTESIAN_POINT('',(0.0149573827553219,-0.0125320078805089,0.00132888101506978));
#14902=CARTESIAN_POINT('',(0.0149573827553219,-0.0125320078805089,0.00189857243094594));
#14903=CARTESIAN_POINT('',(0.0149573827553219,-0.0125320078805089,0.00189857243094594));
#14904=CARTESIAN_POINT('',(0.0149573827553219,-0.0125320078805089,0.00132888101506978));
#14905=CARTESIAN_POINT('',(0.0149573827553219,-0.0125320078805089,0.000759189599193633));
#14906=CARTESIAN_POINT('',(0.0149573827553219,-0.0125320078805089,0.000759189599193633));
#14907=CARTESIAN_POINT('',(0.0149573827553219,-0.0141144851222634,0.00189857243094594));
#14908=CARTESIAN_POINT('',(0.0149573827553219,-0.0156969623640179,0.00189857243094594));
#14909=CARTESIAN_POINT('',(0.0149573827553219,-0.0156969623640179,0.00189857243094594));
#14910=CARTESIAN_POINT('',(0.0149573827553219,-0.0141144851222634,0.00189857243094594));
#14911=CARTESIAN_POINT('',(0.0149573827553219,-0.0156969623640179,0.00132888101506978));
#14912=CARTESIAN_POINT('',(0.0149573827553219,-0.0156969623640179,0.000759189599193633));
#14913=CARTESIAN_POINT('',(0.0149573827553219,-0.0156969623640179,0.000759189599193633));
#14914=CARTESIAN_POINT('',(0.0149573827553219,-0.0156969623640179,0.00132888101506978));
#14915=CARTESIAN_POINT('',(0.0149573827553219,-0.0141144851222634,0.000759189599193633));
#14916=CARTESIAN_POINT('',(0.0149573827553219,-0.0141144851222634,0.000759189599193633));
#14917=CARTESIAN_POINT('',(0.0149573827553219,0.,0.00127));
#14918=CARTESIAN_POINT('',(0.0149573827553219,0.0137370973825455,0.00120228284504265));
#14919=CARTESIAN_POINT('',(0.0149573827553219,0.0137370973825455,0.00170867529232055));
#14920=CARTESIAN_POINT('',(0.0149573827553219,0.0137370973825455,0.00170867529232055));
#14921=CARTESIAN_POINT('',(0.0149573827553219,0.0137370973825455,0.00120228284504265));
#14922=CARTESIAN_POINT('',(0.0149573827553219,0.0137370973825455,0.000695890397764742));
#14923=CARTESIAN_POINT('',(0.0149573827553219,0.0137370973825455,0.000695890397764742));
#14924=CARTESIAN_POINT('',(0.0149573827553219,0.0122179202735424,0.00170867529232055));
#14925=CARTESIAN_POINT('',(0.0149573827553219,0.0106987431645393,0.00170867529232055));
#14926=CARTESIAN_POINT('',(0.0149573827553219,0.0106987431645393,0.00170867529232055));
#14927=CARTESIAN_POINT('',(0.0149573827553219,0.0122179202735424,0.00170867529232055));
#14928=CARTESIAN_POINT('',(0.0149573827553219,0.0106987431645393,0.00120228284504265));
#14929=CARTESIAN_POINT('',(0.0149573827553219,0.0106987431645393,0.000695890397764742));
#14930=CARTESIAN_POINT('',(0.0149573827553219,0.0106987431645393,0.000695890397764742));
#14931=CARTESIAN_POINT('',(0.0149573827553219,0.0106987431645393,0.00120228284504265));
#14932=CARTESIAN_POINT('',(0.0149573827553219,0.0122179202735424,0.000695890397764742));
#14933=CARTESIAN_POINT('',(0.0149573827553219,0.0122179202735424,0.000695890397764742));
#14934=CARTESIAN_POINT('',(0.0149573827553219,0.,0.00127));
#14935=CARTESIAN_POINT('',(0.,-0.00865153130143881,0.002794));
#14936=CARTESIAN_POINT('',(-0.00349589157849551,-0.00865153130143881,0.002794));
#14937=CARTESIAN_POINT('',(-0.00349589157849551,-0.00865153130143881,0.002794));
#14938=CARTESIAN_POINT('',(0.,-0.00865153130143881,0.002794));
#14939=CARTESIAN_POINT('',(0.00349589157849551,-0.00865153130143881,0.002794));
#14940=CARTESIAN_POINT('',(0.00349589157849551,-0.00865153130143881,0.002794));
#14941=CARTESIAN_POINT('',(-0.00349589157849551,-0.0096563408151269,0.002794));
#14942=CARTESIAN_POINT('',(-0.00349589157849551,-0.010661150328815,0.002794));
#14943=CARTESIAN_POINT('',(-0.00349589157849551,-0.010661150328815,0.002794));
#14944=CARTESIAN_POINT('',(-0.00349589157849551,-0.0096563408151269,0.002794));
#14945=CARTESIAN_POINT('',(0.,-0.010661150328815,0.002794));
#14946=CARTESIAN_POINT('',(0.00349589157849551,-0.010661150328815,0.002794));
#14947=CARTESIAN_POINT('',(0.00349589157849551,-0.010661150328815,0.002794));
#14948=CARTESIAN_POINT('',(0.,-0.010661150328815,0.002794));
#14949=CARTESIAN_POINT('',(0.00349589157849551,-0.0096563408151269,0.002794));
#14950=CARTESIAN_POINT('',(0.00349589157849551,-0.0096563408151269,0.002794));
#14951=CARTESIAN_POINT('',(0.,0.,0.002794));
#14952=CARTESIAN_POINT('',(0.,0.0143586127087474,0.002794));
#14953=CARTESIAN_POINT('',(-0.00319444830529392,0.0143586127087474,0.002794));
#14954=CARTESIAN_POINT('',(-0.00319444830529392,0.0143586127087474,0.002794));
#14955=CARTESIAN_POINT('',(0.,0.0143586127087474,0.002794));
#14956=CARTESIAN_POINT('',(0.00319444830529392,0.0143586127087474,0.002794));
#14957=CARTESIAN_POINT('',(0.00319444830529392,0.0143586127087474,0.002794));
#14958=CARTESIAN_POINT('',(-0.00319444830529392,0.01337546762079,0.002794));
#14959=CARTESIAN_POINT('',(-0.00319444830529392,0.0123923225328326,0.002794));
#14960=CARTESIAN_POINT('',(-0.00319444830529392,0.0123923225328326,0.002794));
#14961=CARTESIAN_POINT('',(-0.00319444830529392,0.01337546762079,0.002794));
#14962=CARTESIAN_POINT('',(0.,0.0123923225328326,0.002794));
#14963=CARTESIAN_POINT('',(0.00319444830529392,0.0123923225328326,0.002794));
#14964=CARTESIAN_POINT('',(0.00319444830529392,0.0123923225328326,0.002794));
#14965=CARTESIAN_POINT('',(0.,0.0123923225328326,0.002794));
#14966=CARTESIAN_POINT('',(0.00319444830529392,0.01337546762079,0.002794));
#14967=CARTESIAN_POINT('',(0.00319444830529392,0.01337546762079,0.002794));
#14968=CARTESIAN_POINT('',(0.,0.,0.002794));
#14969=CARTESIAN_POINT('',(-0.0108874375000596,0.,0.002794));
#14970=CARTESIAN_POINT('',(0.0104119479656219,-0.0141563210636377,0.002794));
#14971=CARTESIAN_POINT('',(0.0104119479656219,-0.0155630549415946,0.002794));
#14972=CARTESIAN_POINT('',(0.0104119479656219,-0.0155630549415946,0.002794));
#14973=CARTESIAN_POINT('',(0.0104119479656219,-0.0141563210636377,0.002794));
#14974=CARTESIAN_POINT('',(0.0104119479656219,-0.0127495871856809,0.002794));
#14975=CARTESIAN_POINT('',(0.0104119479656219,-0.0127495871856809,0.002794));
#14976=CARTESIAN_POINT('',(0.0116177210584283,-0.0155630549415946,0.002794));
#14977=CARTESIAN_POINT('',(0.0128234941512346,-0.0155630549415946,0.002794));
#14978=CARTESIAN_POINT('',(0.0128234941512346,-0.0155630549415946,0.002794));
#14979=CARTESIAN_POINT('',(0.0116177210584283,-0.0155630549415946,0.002794));
#14980=CARTESIAN_POINT('',(0.0128234941512346,-0.0141563210636377,0.002794));
#14981=CARTESIAN_POINT('',(0.0128234941512346,-0.0127495871856809,0.002794));
#14982=CARTESIAN_POINT('',(0.0128234941512346,-0.0127495871856809,0.002794));
#14983=CARTESIAN_POINT('',(0.0128234941512346,-0.0141563210636377,0.002794));
#14984=CARTESIAN_POINT('',(0.0116177210584283,-0.0127495871856809,0.002794));
#14985=CARTESIAN_POINT('',(0.0116177210584283,-0.0127495871856809,0.002794));
#14986=CARTESIAN_POINT('',(0.,0.,0.002794));
#14987=CARTESIAN_POINT('',(0.0101105058565736,0.0152846062555909,0.002794));
#14988=CARTESIAN_POINT('',(0.0101105058565736,0.01337546762079,0.002794));
#14989=CARTESIAN_POINT('',(0.0101105058565736,0.01337546762079,0.002794));
#14990=CARTESIAN_POINT('',(0.0101105058565736,0.0152846062555909,0.002794));
#14991=CARTESIAN_POINT('',(0.0101105058565736,0.0171937448903919,0.002794));
#14992=CARTESIAN_POINT('',(0.0101105058565736,0.0171937448903919,0.002794));
#14993=CARTESIAN_POINT('',(0.0114167584106326,0.01337546762079,0.002794));
#14994=CARTESIAN_POINT('',(0.0127230109646916,0.01337546762079,0.002794));
#14995=CARTESIAN_POINT('',(0.0127230109646916,0.01337546762079,0.002794));
#14996=CARTESIAN_POINT('',(0.0114167584106326,0.01337546762079,0.002794));
#14997=CARTESIAN_POINT('',(0.0127230109646916,0.0152846062555909,0.002794));
#14998=CARTESIAN_POINT('',(0.0127230109646916,0.0171937448903919,0.002794));
#14999=CARTESIAN_POINT('',(0.0127230109646916,0.0171937448903919,0.002794));
#15000=CARTESIAN_POINT('',(0.0127230109646916,0.0152846062555909,0.002794));
#15001=CARTESIAN_POINT('',(0.0114167584106326,0.0171937448903919,0.002794));
#15002=CARTESIAN_POINT('',(0.0114167584106326,0.0171937448903919,0.002794));
#15003=CARTESIAN_POINT('',(0.,0.,0.002794));
#15004=CARTESIAN_POINT('',(-0.0105885760858655,0.0158874914050102,0.002794));
#15005=CARTESIAN_POINT('',(-0.0105885760858655,0.014179315418005,0.002794));
#15006=CARTESIAN_POINT('',(-0.0105885760858655,0.014179315418005,0.002794));
#15007=CARTESIAN_POINT('',(-0.0105885760858655,0.0158874914050102,0.002794));
#15008=CARTESIAN_POINT('',(-0.0105885760858655,0.0175956673920155,0.002794));
#15009=CARTESIAN_POINT('',(-0.0105885760858655,0.0175956673920155,0.002794));
#15010=CARTESIAN_POINT('',(-0.00918184220790863,0.014179315418005,0.002794));
#15011=CARTESIAN_POINT('',(-0.00777510832995176,0.014179315418005,0.002794));
#15012=CARTESIAN_POINT('',(-0.00777510832995176,0.014179315418005,0.002794));
#15013=CARTESIAN_POINT('',(-0.00918184220790863,0.014179315418005,0.002794));
#15014=CARTESIAN_POINT('',(-0.00777510832995176,0.0158874914050102,0.002794));
#15015=CARTESIAN_POINT('',(-0.00777510832995176,0.0175956673920155,0.002794));
#15016=CARTESIAN_POINT('',(-0.00777510832995176,0.0175956673920155,0.002794));
#15017=CARTESIAN_POINT('',(-0.00777510832995176,0.0158874914050102,0.002794));
#15018=CARTESIAN_POINT('',(-0.00918184220790863,0.0175956673920155,0.002794));
#15019=CARTESIAN_POINT('',(-0.00918184220790863,0.0175956673920155,0.002794));
#15020=CARTESIAN_POINT('',(0.,0.,0.002794));
#15021=CARTESIAN_POINT('',(-0.0114929052069783,-0.0132519919425249,0.002794));
#15022=CARTESIAN_POINT('',(-0.0114929052069783,-0.0149601688608527,0.002794));
#15023=CARTESIAN_POINT('',(-0.0114929052069783,-0.0149601688608527,0.002794));
#15024=CARTESIAN_POINT('',(-0.0114929052069783,-0.0132519919425249,0.002794));
#15025=CARTESIAN_POINT('',(-0.0114929052069783,-0.0115438150241971,0.002794));
#15026=CARTESIAN_POINT('',(-0.0114929052069783,-0.0115438150241971,0.002794));
#15027=CARTESIAN_POINT('',(-0.00998569000512362,-0.0149601688608527,0.002794));
#15028=CARTESIAN_POINT('',(-0.00847847480326891,-0.0149601688608527,0.002794));
#15029=CARTESIAN_POINT('',(-0.00847847480326891,-0.0149601688608527,0.002794));
#15030=CARTESIAN_POINT('',(-0.00998569000512362,-0.0149601688608527,0.002794));
#15031=CARTESIAN_POINT('',(-0.00847847480326891,-0.0132519919425249,0.002794));
#15032=CARTESIAN_POINT('',(-0.00847847480326891,-0.0115438150241971,0.002794));
#15033=CARTESIAN_POINT('',(-0.00847847480326891,-0.0115438150241971,0.002794));
#15034=CARTESIAN_POINT('',(-0.00847847480326891,-0.0132519919425249,0.002794));
#15035=CARTESIAN_POINT('',(-0.00998569000512362,-0.0115438150241971,0.002794));
#15036=CARTESIAN_POINT('',(-0.00998569000512362,-0.0115438150241971,0.002794));
#15037=CARTESIAN_POINT('',(0.,0.,0.002794));
#15038=CARTESIAN_POINT('',(0.,-0.00865153130143881,-0.001016));
#15039=CARTESIAN_POINT('',(-0.00349589157849551,-0.00865153130143881,-0.001016));
#15040=CARTESIAN_POINT('',(-0.00349589157849551,-0.00865153130143881,-0.001016));
#15041=CARTESIAN_POINT('',(0.00349589157849551,-0.00865153130143881,-0.001016));
#15042=CARTESIAN_POINT('',(0.00349589157849551,-0.00865153130143881,-0.001016));
#15043=CARTESIAN_POINT('',(0.,-0.00865153130143881,-0.001016));
#15044=CARTESIAN_POINT('',(-0.00349589157849551,-0.0096563408151269,-0.001016));
#15045=CARTESIAN_POINT('',(-0.00349589157849551,-0.0096563408151269,-0.001016));
#15046=CARTESIAN_POINT('',(-0.00349589157849551,-0.010661150328815,-0.001016));
#15047=CARTESIAN_POINT('',(-0.00349589157849551,-0.010661150328815,-0.001016));
#15048=CARTESIAN_POINT('',(0.,-0.010661150328815,-0.001016));
#15049=CARTESIAN_POINT('',(0.,-0.010661150328815,-0.001016));
#15050=CARTESIAN_POINT('',(0.00349589157849551,-0.010661150328815,-0.001016));
#15051=CARTESIAN_POINT('',(0.00349589157849551,-0.010661150328815,-0.001016));
#15052=CARTESIAN_POINT('',(0.00349589157849551,-0.0096563408151269,-0.001016));
#15053=CARTESIAN_POINT('',(0.00349589157849551,-0.0096563408151269,-0.001016));
#15054=CARTESIAN_POINT('',(0.,0.,-0.001016));
#15055=CARTESIAN_POINT('',(0.,0.0143586127087474,-0.001016));
#15056=CARTESIAN_POINT('',(-0.00319444830529392,0.0143586127087474,-0.001016));
#15057=CARTESIAN_POINT('',(-0.00319444830529392,0.0143586127087474,-0.001016));
#15058=CARTESIAN_POINT('',(0.00319444830529392,0.0143586127087474,-0.001016));
#15059=CARTESIAN_POINT('',(0.00319444830529392,0.0143586127087474,-0.001016));
#15060=CARTESIAN_POINT('',(0.,0.0143586127087474,-0.001016));
#15061=CARTESIAN_POINT('',(-0.00319444830529392,0.01337546762079,-0.001016));
#15062=CARTESIAN_POINT('',(-0.00319444830529392,0.01337546762079,-0.001016));
#15063=CARTESIAN_POINT('',(-0.00319444830529392,0.0123923225328326,-0.001016));
#15064=CARTESIAN_POINT('',(-0.00319444830529392,0.0123923225328326,-0.001016));
#15065=CARTESIAN_POINT('',(0.,0.0123923225328326,-0.001016));
#15066=CARTESIAN_POINT('',(0.,0.0123923225328326,-0.001016));
#15067=CARTESIAN_POINT('',(0.00319444830529392,0.0123923225328326,-0.001016));
#15068=CARTESIAN_POINT('',(0.00319444830529392,0.0123923225328326,-0.001016));
#15069=CARTESIAN_POINT('',(0.00319444830529392,0.01337546762079,-0.001016));
#15070=CARTESIAN_POINT('',(0.00319444830529392,0.01337546762079,-0.001016));
#15071=CARTESIAN_POINT('',(0.,0.,-0.001016));
#15072=CARTESIAN_POINT('',(0.157052656829251,0.31074908678939,0.068659717675788));
#15073=CARTESIAN_POINT('',(0.239584988916443,0.215972445723646,0.109708786852328));
#15074=CARTESIAN_POINT('',(0.264619879201525,0.288334825524191,0.0420695497877381));
#15075=CARTESIAN_POINT('',(0.158413914800779,0.366228864751123,-0.0424564945126554));
#15076=CARTESIAN_POINT('',(0.140988309588306,0.0428777697741452,-0.197863018837245));
#15077=CARTESIAN_POINT('',(0.151938058183303,0.157368783932413,0.094964499435171));
#15078=CARTESIAN_POINT('',(0.123590843178115,0.432869429035043,0.0271307706262266));
#15079=CARTESIAN_POINT('',(0.13656738868551,0.381891628377034,0.0772085296632097));
#15080=CARTESIAN_POINT('',(0.0975768132851545,0.0352447162240823,-0.0732092913295099));
#15081=CARTESIAN_POINT('',(0.11233937664009,0.0352447154755096,-0.0162391141625783));
#15082=CARTESIAN_POINT('',(0.108650328654545,0.035244715662572,-0.030475511477923));
#15083=CARTESIAN_POINT('',(0.207596752576052,0.296217114583865,0.058802837408541));
#15084=CARTESIAN_POINT('',(0.116212747207025,0.432869429409168,-0.00134202400446243));
#15085=CARTESIAN_POINT('',(0.258091067517498,0.179216396447747,-0.0104149530271037));
#15086=CARTESIAN_POINT('',(0.14693549468931,0.0652092118597184,-0.10401772767628));
#15087=CARTESIAN_POINT('',(0.158242961528779,0.101584561670095,-0.0431162220749325));
#15088=CARTESIAN_POINT('',(0.12709556858227,0.03524471472726,0.0407064750988002));
#15089=CARTESIAN_POINT('',(0.0793158959388203,0.432869431280115,-0.143730585063461));
#15090=CARTESIAN_POINT('',(0.120113177764283,0.0352447177258493,-0.192453689505551));
#15091=CARTESIAN_POINT('',(0.148374704103456,0.101584560678147,0.0351706468798824));
#15092=CARTESIAN_POINT('',(0.140988309624124,0.0722909697741452,-0.197863018460045));
#15093=CARTESIAN_POINT('',(0.148810159276765,0.303167130199784,0.0798325065703828));
#15094=CARTESIAN_POINT('',(-0.0236075539230474,-0.0508,0.));
#15095=CARTESIAN_POINT('',(-0.0236075539230474,-0.0254,0.080129708170139));
#15096=CARTESIAN_POINT('',(-0.0236075539230474,-0.0254,0.0832239405417184));
#15097=CARTESIAN_POINT('',(-0.0236075539230474,-0.00409982180781247,-0.0566066413569022));
#15098=CARTESIAN_POINT('',(-0.0236075539230474,-0.00409982180781248,-0.113213282713804));
#15099=CARTESIAN_POINT('',(-0.0236075539230474,-0.00409982180781247,0.));
#15100=CARTESIAN_POINT('',(-0.0236075539230474,-0.0274499109039062,0.));
#15101=CARTESIAN_POINT('',(-0.0236075539230474,-0.0508,0.));
#15102=CARTESIAN_POINT('',(-0.0236075539230474,-0.0508,0.));
#15103=CARTESIAN_POINT('',(-0.0236075539230474,-0.0508,0.113213282713804));
#15104=CARTESIAN_POINT('',(-0.0236075539230474,-0.0508,0.113213282713804));
#15105=CARTESIAN_POINT('',(-0.0236075539230474,0.,0.113213282713804));
#15106=CARTESIAN_POINT('',(-0.0236075539230474,0.,0.));
#15107=CARTESIAN_POINT('',(-0.0236075539230474,0.,-0.113213282713804));
#15108=CARTESIAN_POINT('',(-0.0236075539230474,-0.0508,-0.113213282713804));
#15109=CARTESIAN_POINT('',(0.0291259020380478,-0.0508,0.));
#15110=CARTESIAN_POINT('',(0.0291259020380478,-0.0254,0.080129708170139));
#15111=CARTESIAN_POINT('',(0.0291259020380478,-0.0254,0.0832239405417184));
#15112=CARTESIAN_POINT('',(0.0291259020380478,-0.0508,0.));
#15113=CARTESIAN_POINT('',(0.0291259020380478,-0.00409982180781247,0.));
#15114=CARTESIAN_POINT('',(0.0291259020380478,-0.0508,0.));
#15115=CARTESIAN_POINT('',(0.0291259020380478,-0.00409982180781248,0.));
#15116=CARTESIAN_POINT('',(0.0291259020380478,-0.00409982180781248,-0.113213282713804));
#15117=CARTESIAN_POINT('',(0.0291259020380478,-0.0508,-0.113213282713804));
#15118=CARTESIAN_POINT('',(0.0291259020380478,0.,-0.113213282713804));
#15119=CARTESIAN_POINT('',(0.0291259020380478,0.,0.));
#15120=CARTESIAN_POINT('',(0.0291259020380478,0.,0.113213282713804));
#15121=CARTESIAN_POINT('',(0.0291259020380478,-0.0508,0.113213282713804));
#15122=CARTESIAN_POINT('',(0.0291259020380478,-0.0508,0.113213282713804));
#15123=CARTESIAN_POINT('',(0.0291259020380478,-0.0508,0.));
#15124=CARTESIAN_POINT('',(-0.0196661595255136,-0.0253608461935073,0.107512717286196));
#15125=CARTESIAN_POINT('',(-0.0196661595255136,-0.0254,0.080129708170139));
#15126=CARTESIAN_POINT('',(-0.0196661595255136,-0.0254,0.0770354757985596));
#15127=CARTESIAN_POINT('',(-0.0196661595255136,-0.0473723448812962,0.107512717286196));
#15128=CARTESIAN_POINT('',(-0.0196661595255136,-0.0473723448812962,0.107512717286196));
#15129=CARTESIAN_POINT('',(-0.0196661595255136,-0.0473723448812962,0.));
#15130=CARTESIAN_POINT('',(-0.0196661595255136,-0.0253608461935073,0.));
#15131=CARTESIAN_POINT('',(-0.0196661595255136,-0.00409982180781247,0.));
#15132=CARTESIAN_POINT('',(-0.0196661595255136,-0.00409982180781247,0.107512717286196));
#15133=CARTESIAN_POINT('',(-0.0196661595255136,-0.00409982180781248,-0.113213282713804));
#15134=CARTESIAN_POINT('',(-0.0196661595255136,-0.0253608461935073,-0.113213282713804));
#15135=CARTESIAN_POINT('',(-0.0196661595255136,-0.00334934750571847,-0.113213282713804));
#15136=CARTESIAN_POINT('',(-0.0196661595255136,-0.00334934750571847,0.107512717286196));
#15137=CARTESIAN_POINT('',(-0.0196661595255136,-0.00334934750571847,0.107512717286196));
#15138=CARTESIAN_POINT('',(-0.0196661595255136,-0.0253608461935073,0.107512717286196));
#15139=CARTESIAN_POINT('',(0.0249948538839817,-0.0253608461935073,0.107512717286196));
#15140=CARTESIAN_POINT('',(0.0249948538839817,-0.0254,0.080129708170139));
#15141=CARTESIAN_POINT('',(0.0249948538839817,-0.0254,0.0770354757985596));
#15142=CARTESIAN_POINT('',(0.0249948538839817,-0.0253608461935073,0.));
#15143=CARTESIAN_POINT('',(0.0249948538839817,-0.0473723448812962,0.));
#15144=CARTESIAN_POINT('',(0.0249948538839817,-0.00409982180781247,0.));
#15145=CARTESIAN_POINT('',(0.0249948538839817,-0.0473723448812962,0.107512717286196));
#15146=CARTESIAN_POINT('',(0.0249948538839817,-0.0473723448812962,0.107512717286196));
#15147=CARTESIAN_POINT('',(0.0249948538839817,-0.0253608461935073,0.107512717286196));
#15148=CARTESIAN_POINT('',(0.0249948538839817,-0.00334934750571847,0.107512717286196));
#15149=CARTESIAN_POINT('',(0.0249948538839817,-0.00334934750571847,0.107512717286196));
#15150=CARTESIAN_POINT('',(0.0249948538839817,-0.00334934750571847,-0.113213282713804));
#15151=CARTESIAN_POINT('',(0.0249948538839817,-0.0253608461935073,-0.113213282713804));
#15152=CARTESIAN_POINT('',(0.0249948538839817,-0.00409982180781248,-0.113213282713804));
#15153=CARTESIAN_POINT('',(0.0249948538839817,-0.00409982180781247,0.107512717286196));
#15154=CARTESIAN_POINT('',(0.00266434717923403,-0.0473723448812962,0.107512717286196));
#15155=CARTESIAN_POINT('',(0.00266434717923403,-0.0473723448812962,0.));
#15156=CARTESIAN_POINT('',(0.00266434717923403,-0.0473723448812962,0.107512717286196));
#15157=CARTESIAN_POINT('',(0.00275917405750025,-0.0508,0.));
#15158=CARTESIAN_POINT('',(0.0734204460769527,-0.0508,0.));
#15159=CARTESIAN_POINT('',(0.00275917405750025,-0.0508,0.113213282713804));
#15160=CARTESIAN_POINT('',(0.00275917405750025,-0.0508,-0.113213282713804));
#15161=CARTESIAN_POINT('',(0.0734204460769527,-0.00409982180781248,-0.113213282713804));
#15162=CARTESIAN_POINT('',(0.00266434717923403,-0.00334934750571847,-0.113213282713804));
#15163=CARTESIAN_POINT('',(0.0734204460769527,-0.00409982180781248,-0.113213282713804));
#15164=CARTESIAN_POINT('',(0.00275917405750025,0.,-0.113213282713804));
#15165=CARTESIAN_POINT('',(0.315736446076953,-0.0254,0.080129708170139));
#15166=CARTESIAN_POINT('',(0.00275917405750025,-0.0508,0.113213282713804));
#15167=CARTESIAN_POINT('',(0.00275917405750025,0.,0.113213282713804));
#15168=CARTESIAN_POINT('',(0.00275917405750025,0.,0.));
#15169=CARTESIAN_POINT('',(0.315736446076953,-0.0254,0.080129708170139));
#15170=CARTESIAN_POINT('',(0.00266434717923403,-0.00334934750571847,0.107512717286196));
#15171=CARTESIAN_POINT('',(0.00266434717923403,-0.00334934750571847,0.107512717286196));
#15172=CARTESIAN_POINT('',(0.00315250997210721,-0.0254,0.107512717286196));
#15173=CARTESIAN_POINT('',(0.0734204460769527,-0.00409982180781247,-0.0566066413569022));
#15174=CARTESIAN_POINT('',(0.0734204460769527,-0.00409982180781247,0.));
#15175=CARTESIAN_POINT('',(0.0734204460769527,-0.0274499109039062,0.));
#15176=CARTESIAN_POINT('',(0.0734204460769527,-0.00409982180781247,0.));
#15177=CARTESIAN_POINT('',(0.0734204460769527,-0.00409982180781247,-0.0566066413569022));
#15178=CARTESIAN_POINT('',(0.160862873841806,0.0578751700664796,-0.00250697941423955));
#15179=CARTESIAN_POINT('',(0.0940720878809998,0.432869430531865,-0.0867849958020832));
#15180=CARTESIAN_POINT('',(0.104954909256245,0.0352447158499575,-0.0447364966988208));
#15181=CARTESIAN_POINT('',(0.136567388613905,0.323090628377035,0.0772085289091352));
#15182=CARTESIAN_POINT('',(0.0916403831335937,0.0352447176659044,-0.18507559353446));
#15183=CARTESIAN_POINT('',(0.156334635084386,0.0800453617668614,-0.0504806408143455));
#15184=CARTESIAN_POINT('',(0.157839526345911,0.344689663287905,0.0716963244468773));
#15185=CARTESIAN_POINT('',(0.253126769827657,0.216183506265921,0.106125391333493));
#15186=CARTESIAN_POINT('',(0.24899587583593,0.201536158995989,-0.045514187918167));
#15187=CARTESIAN_POINT('',(0.0754425253718844,0.0352447173464569,-0.158627675221578));
#15188=CARTESIAN_POINT('',(0.161786564850954,0.296321829541782,0.129909725949988));
#15189=CARTESIAN_POINT('',(0.172497517389454,0.28857855242292,0.0678980290193311));
#15190=CARTESIAN_POINT('',(0.155627106168849,0.157368783745351,0.109200896750515));
#15191=CARTESIAN_POINT('',(0.0776128963051936,0.432869431756704,-0.180732224118899));
#15192=CARTESIAN_POINT('',(0.207412430327147,0.171622932878322,0.0581421480671619));
#15193=CARTESIAN_POINT('',(0.136567388649692,0.352478428377035,0.0772085292860096));
#15194=CARTESIAN_POINT('',(0.162512117996398,0.403652765435165,-0.00357493467316525));
#15195=CARTESIAN_POINT('',(0.141172632133198,0.410529779886174,-0.197202326378848));
#15196=CARTESIAN_POINT('',(0.102276456187842,0.0719402027993495,-0.285305995183607));
#15197=CARTESIAN_POINT('',(0.159316154154393,0.157368783558289,0.12343729406586));
#15198=CARTESIAN_POINT('',(0.0865096693285193,0.0352447167852696,-0.115918483275544));
#15199=CARTESIAN_POINT('',(0.236147084570835,0.288334825464246,0.0494476457588279));
#15200=CARTESIAN_POINT('',(0.207502261662863,0.179216395655558,0.0561618668806245));
#15201=CARTESIAN_POINT('',(0.193265864347519,0.179216395625586,0.0598509148661694));
#15202=CARTESIAN_POINT('',(0.235975056293552,0.179216395715503,0.0487837709095347));
#15203=CARTESIAN_POINT('',(0.125065774586124,0.0791362698418003,-0.201626630952584));
#15204=CARTESIAN_POINT('',(0.161932009514324,0.101584561483033,-0.0288798247595879));
#15205=CARTESIAN_POINT('',(0.155759171487302,0.101584560303699,0.0636680294161249));
#15206=CARTESIAN_POINT('',(0.157839526363789,0.359370863287905,0.0716963246351516));
#15207=CARTESIAN_POINT('',(0.186733914704798,0.288578552452893,0.0642089810337862));
#15208=CARTESIAN_POINT('',(0.0959093814227853,0.0725095654221346,-0.281367970245917));
#15209=CARTESIAN_POINT('',(0.207412430309238,0.156916332878322,0.0581421478785619));
#15210=CARTESIAN_POINT('',(0.182639399655064,0.215972445603756,0.124464978794507));
#15211=CARTESIAN_POINT('',(0.136383066282004,0.130342314256314,0.0765478386937355));
#15212=CARTESIAN_POINT('',(0.106061103030329,0.432869431816598,-0.188103948677233));
#15213=CARTESIAN_POINT('',(0.179201495309458,0.288334825344355,0.0642038377010076));
#15214=CARTESIAN_POINT('',(0.207596752593961,0.310923714583865,0.058802837597141));
#15215=CARTESIAN_POINT('',(0.203501886456428,0.129010389282636,0.0532910807646146));
#15216=CARTESIAN_POINT('',(0.182649402649877,0.244563467498658,0.124503581563026));
#15217=CARTESIAN_POINT('',(0.161033249901354,0.165007345558267,0.130063734710425));
#15218=CARTESIAN_POINT('',(0.196875796970409,0.215972445633728,0.120775930808962));
#15219=CARTESIAN_POINT('',(0.134349575079627,0.0352447177558217,-0.196142737491095));
#15220=CARTESIAN_POINT('',(0.264447850924242,0.179216395775449,0.0414056749384448));
#15221=CARTESIAN_POINT('',(-0.00419832766056061,0.000141980732107163,0.00496649974957109));
#15222=CARTESIAN_POINT('',(-0.0041384482756257,0.00437629036605358,0.00496670145422872));
#15223=CARTESIAN_POINT('',(-0.00525936944246193,0.00437629036605358,0.0049629256135043));
#15224=CARTESIAN_POINT('',(-0.0041384482756257,0.00437629036605358,0.00496670145422872));
#15225=CARTESIAN_POINT('',(-0.000589521790911312,0.00437629036605358,0.00497865606936616));
#15226=CARTESIAN_POINT('',(-0.0041384482756257,0.,0.00254));
#15227=CARTESIAN_POINT('',(-0.0041384482756257,0.,0.));
#15228=CARTESIAN_POINT('',(0.,0.,0.));
#15229=CARTESIAN_POINT('',(-0.00827689655125141,0.,0.));
#15230=CARTESIAN_POINT('',(0.,0.,0.00254));
#15231=CARTESIAN_POINT('',(0.,0.,0.00254));
#15232=CARTESIAN_POINT('',(-0.0041384482756257,0.,0.00254));
#15233=CARTESIAN_POINT('',(-0.00827689655125141,0.,0.00254));
#15234=CARTESIAN_POINT('',(-0.00827689655125141,0.,0.00254));
#15235=CARTESIAN_POINT('',(0.,0.00437629036605358,0.00254));
#15236=CARTESIAN_POINT('',(0.,0.00437629036605358,0.));
#15237=CARTESIAN_POINT('',(0.,0.00875258073210716,0.));
#15238=CARTESIAN_POINT('',(0.,0.00875258073210716,0.00254));
#15239=CARTESIAN_POINT('',(0.,0.00875258073210716,0.00254));
#15240=CARTESIAN_POINT('',(0.,0.00437629036605358,0.00254));
#15241=CARTESIAN_POINT('',(-0.0041384482756257,0.00875258073210716,0.00254));
#15242=CARTESIAN_POINT('',(-0.0041384482756257,0.00875258073210716,0.));
#15243=CARTESIAN_POINT('',(-0.00827689655125141,0.00875258073210716,0.));
#15244=CARTESIAN_POINT('',(-0.00827689655125141,0.00875258073210716,0.00254));
#15245=CARTESIAN_POINT('',(-0.00827689655125141,0.00875258073210716,0.00254));
#15246=CARTESIAN_POINT('',(-0.0041384482756257,0.00875258073210716,0.00254));
#15247=CARTESIAN_POINT('',(-0.00827689655125141,0.00437629036605358,0.00254));
#15248=CARTESIAN_POINT('',(-0.00827689655125141,0.00437629036605358,0.));
#15249=CARTESIAN_POINT('',(-0.00827689655125141,0.00437629036605358,0.00254));
#15250=CARTESIAN_POINT('',(-0.0041384482756257,0.00437629036605358,0.00254));
#15251=CARTESIAN_POINT('',(-0.0041384482756257,0.00437629036605358,0.00254));
#15252=CARTESIAN_POINT('',(-0.00301752710878948,0.00437629036605358,0.00254));
#15253=CARTESIAN_POINT('',(-0.0041384482756257,0.00437629036605358,0.));
#15254=CARTESIAN_POINT('',(-0.0041384482756257,0.00437629036605358,0.00508));
#15255=CARTESIAN_POINT('',(-0.0041384482756257,0.00437629036605358,0.004191));
#15256=CARTESIAN_POINT('',(-0.00747235953648346,0.00291802895982816,0.00654229785089982));
#15257=CARTESIAN_POINT('',(-0.00779443101507203,0.00437799111501851,0.00611078557650273));
#15258=CARTESIAN_POINT('',(-0.00747416496526903,0.00582774877641928,0.00654015571016419));
#15259=CARTESIAN_POINT('',(-0.00672808801103222,0.00691781224161241,0.00721731032759129));
#15260=CARTESIAN_POINT('',(-0.00559826225760507,0.00771766216076974,0.00780016715792232));
#15261=CARTESIAN_POINT('',(-0.00411942651004698,0.00803173698582101,0.00803774312417878));
#15262=CARTESIAN_POINT('',(-0.00265761991114937,0.00770646960168777,0.00775463666771149));
#15263=CARTESIAN_POINT('',(-0.00153909029614694,0.006905385792215,0.00713414555630591));
#15264=CARTESIAN_POINT('',(-0.000804592329766396,0.00582963448717765,0.00642135058765503));
#15265=CARTESIAN_POINT('',(-0.000483001287031214,0.00437879229862343,0.00595312849726741));
#15266=CARTESIAN_POINT('',(-0.000800542224814367,0.00293246958882167,0.00641665022041249));
#15267=CARTESIAN_POINT('',(-0.00153398537233123,0.00185429117063272,0.00712898531200031));
#15268=CARTESIAN_POINT('',(-0.00263390577746442,0.00105755608533249,0.00774534373810895));
#15269=CARTESIAN_POINT('',(-0.00410062371940541,0.000720408695697416,0.00803786761768476));
#15270=CARTESIAN_POINT('',(-0.00557905356455461,0.001026080248295,0.00780680927341445));
#15271=CARTESIAN_POINT('',(-0.00672185213068378,0.00182707515602421,0.00722277961961837));
#15272=CARTESIAN_POINT('',(-0.00747235953648346,0.00291802895982816,0.00654229785089982));
#15273=CARTESIAN_POINT('',(-0.00779443101507203,0.00437799111501851,0.00611078557650273));
#15274=CARTESIAN_POINT('',(-0.00747416496526903,0.00582774877641928,0.00654015571016419));
#15275=CARTESIAN_POINT('',(-0.0076873747603401,0.00437629036605358,0.00625426597784582));
#15276=CARTESIAN_POINT('',(-0.00419340992843737,0.000141980732107163,0.00350658911453634));
#15277=CARTESIAN_POINT('',(0.244612962746542,0.235665568026619,-0.0449819474081756));
#15278=CARTESIAN_POINT('',(0.0949811217349574,0.387393997637998,-0.28362768140578));
#15279=CARTESIAN_POINT('',(0.144685656117911,0.10158456086521,0.0209342495645377));
#15280=CARTESIAN_POINT('',(0.254402019531953,0.179216396634809,-0.0246513503424483));
#15281=CARTESIAN_POINT('',(0.136567388631783,0.337771828377035,0.0772085290974095));
#15282=CARTESIAN_POINT('',(0.157581483901194,0.157368784236706,0.0707005118697328));
#15283=CARTESIAN_POINT('',(0.249167904058822,0.265989664570636,-0.0448503136416649));
#15284=CARTESIAN_POINT('',(0.0903830398954549,0.432869430718927,-0.101021393117428));
#15285=CARTESIAN_POINT('',(0.0828206213429743,0.035244716972332,-0.130154880590888));
#15286=CARTESIAN_POINT('',(0.141167561404366,0.366228864133299,0.00735757981146982));
#15287=CARTESIAN_POINT('',(0.162102962786324,0.366228864564061,-0.0282200971973109));
#15288=CARTESIAN_POINT('',(0.160910249991908,0.101584561184882,-0.00553371627967387));
#15289=CARTESIAN_POINT('',(0.156188255247855,0.303167129825659,0.108305301201072));
#15290=CARTESIAN_POINT('',(0.20348756884922,0.338802287184848,0.0532947936129605));
#15291=CARTESIAN_POINT('',(0.161033249919263,0.179713945558267,0.130063734899025));
#15292=CARTESIAN_POINT('',(0.125254743618428,0.388977879953502,-0.200940904371936));
#15293=CARTESIAN_POINT('',(0.211136782191306,0.215972445663753,0.117080511410662));
#15294=CARTESIAN_POINT('',(0.136383066264095,0.115635714256314,0.0765478385051355));
#15295=CARTESIAN_POINT('',(0.10145018385209,0.43286943015774,-0.0583122011713941));
#15296=CARTESIAN_POINT('',(0.11252369922148,0.43286942959623,-0.0155784213198071));
#15297=CARTESIAN_POINT('',(0.155930124759302,0.366228863384726,0.0643277569784019));
#15298=CARTESIAN_POINT('',(0.141172632115289,0.395823179886174,-0.197202326567448));
#15299=CARTESIAN_POINT('',(0.207200001665288,0.383986604942197,0.0676214356456592));
#15300=CARTESIAN_POINT('',(0.157925540349783,0.288578552387699,0.0720282604522674));
#15301=CARTESIAN_POINT('',(0.269330239751417,0.288334825635302,0.0329581137682236));
#15302=CARTESIAN_POINT('',(0.0571688957307444,0.171483269166976,0.0952067076552372));
#15303=CARTESIAN_POINT('',(0.156880628498068,0.157368784272245,0.0679958422588728));
#15304=CARTESIAN_POINT('',(0.141172632151106,0.425236379886174,-0.197202326190248));
#15305=CARTESIAN_POINT('',(0.250712971546408,0.179216396821872,-0.0388877476577928));
#15306=CARTESIAN_POINT('',(0.161033249937172,0.194420545558267,0.130063735087625));
#15307=CARTESIAN_POINT('',(0.0961549433540859,0.0773671607516327,-0.228741591244966));
#15308=CARTESIAN_POINT('',(0.111874365459373,0.385999066150989,-0.256593058714299));
#15309=CARTESIAN_POINT('',(0.25038348188618,0.288334825494219,0.045758597773283));
#15310=CARTESIAN_POINT('',(0.165621057499869,0.10158456129597,-0.0146434274442434));
#15311=CARTESIAN_POINT('',(0.136383066299883,0.145023514256314,0.0765478388820098));
#15312=CARTESIAN_POINT('',(0.159594329528337,0.168676124949767,0.0784682802841478));
#15313=CARTESIAN_POINT('',(0.134533897661018,0.432869431876543,-0.195482044648323));
#15314=CARTESIAN_POINT('',(0.156334635066446,0.0653133617668611,-0.0504806410032714));
#15315=CARTESIAN_POINT('',(0.225383182501463,0.244563467588627,0.113430066193635));
#15316=CARTESIAN_POINT('',(0.136567388739237,0.426011428377036,0.0772085302290098));
#15317=CARTESIAN_POINT('',(0.0866939919099101,0.43286943090599,-0.115257790432772));
#15318=CARTESIAN_POINT('',(0.0997666842286778,0.0773671612781762,-0.270143214286699));
#15319=CARTESIAN_POINT('',(0.0774285737238024,0.0352447176359837,-0.181392916961671));
#15320=CARTESIAN_POINT('',(0.150978135388489,0.401317220638827,-0.105385401588336));
#15321=CARTESIAN_POINT('',(0.221738658978208,0.179216395685531,0.0524728188950796));
#15322=CARTESIAN_POINT('',(0.252683438112355,0.223608759020578,-0.0477816837841097));
#15323=CARTESIAN_POINT('',(0.161033249955081,0.209127145558267,0.130063735276225));
#15324=CARTESIAN_POINT('',(0.,0.,0.0254));
#15325=CARTESIAN_POINT('',(0.,0.0738626128087044,0.0254));
#15326=CARTESIAN_POINT('',(-0.0123421025157765,0.0738626128087044,0.0254));
#15327=CARTESIAN_POINT('',(0.0122655374350762,0.0738626128087044,0.0254));
#15328=CARTESIAN_POINT('',(0.0122655374350762,0.0738626128087044,0.0254));
#15329=CARTESIAN_POINT('',(0.0122655374350762,-0.0897133871912956,0.0254));
#15330=CARTESIAN_POINT('',(0.,-0.0897133871912956,0.0254));
#15331=CARTESIAN_POINT('',(0.0153255518525839,-0.0897133871912956,0.0254));
#15332=CARTESIAN_POINT('',(0.0153255518525839,0.,0.0254));
#15333=CARTESIAN_POINT('',(0.0153255518525839,0.0897133871912956,0.0254));
#15334=CARTESIAN_POINT('',(0.,0.0897133871912956,0.0254));
#15335=CARTESIAN_POINT('',(-0.0153255518525839,0.0897133871912956,0.0254));
#15336=CARTESIAN_POINT('',(-0.0153255518525839,0.,0.0254));
#15337=CARTESIAN_POINT('',(-0.0153255518525839,-0.0897133871912956,0.0254));
#15338=CARTESIAN_POINT('',(0.,-0.0897133871912956,0.0254));
#15339=CARTESIAN_POINT('',(-0.0123421025157765,-0.0897133871912956,0.0254));
#15340=CARTESIAN_POINT('',(-0.0123421025157765,0.0738626128087044,0.0254));
#15341=CARTESIAN_POINT('',(0.,0.0751326128087044,0.0127));
#15342=CARTESIAN_POINT('',(0.0123421025157765,0.0751326128087044,0.0131985311167527));
#15343=CARTESIAN_POINT('',(0.0123421025157765,0.0751326128087044,0.0100099038021839));
#15344=CARTESIAN_POINT('',(0.0123421025157765,0.0751326128087044,0.00459050003031821));
#15345=CARTESIAN_POINT('',(-0.0153255518525839,0.0751326128087044,0.0100099038021839));
#15346=CARTESIAN_POINT('',(-0.00897555185258388,0.0751326128087044,0.0100099038021839));
#15347=CARTESIAN_POINT('',(-0.00897555185258388,0.0751326128087044,0.0127));
#15348=CARTESIAN_POINT('',(-0.00897555185258388,0.0751326128087044,0.00982830848977431));
#15349=CARTESIAN_POINT('',(-0.0153255518525839,0.0751326128087044,0.00982830848977431));
#15350=CARTESIAN_POINT('',(-0.0123421025157765,0.0751326128087044,0.00982830848977431));
#15351=CARTESIAN_POINT('',(-0.0123421025157765,0.0751326128087044,0.0131985311167527));
#15352=CARTESIAN_POINT('',(-0.0123421025157765,0.0751326128087044,0.00459050003031821));
#15353=CARTESIAN_POINT('',(0.,0.0751326128087044,0.00459050003031821));
#15354=CARTESIAN_POINT('',(0.,0.0751326128087044,0.0127));
#15355=CARTESIAN_POINT('',(-0.00897555185258388,0.0751326128087044,0.0127));
#15356=CARTESIAN_POINT('',(-0.00897555185258388,0.0751326128087044,0.0145396407710799));
#15357=CARTESIAN_POINT('',(-0.00897555185258388,0.0751326128087044,0.0143580454586703));
#15358=CARTESIAN_POINT('',(-0.0153255518525839,0.0751326128087044,0.0143580454586703));
#15359=CARTESIAN_POINT('',(0.0123421025157765,0.0751326128087044,0.0143580454586703));
#15360=CARTESIAN_POINT('',(0.0123421025157765,0.0751326128087044,0.0131985311167527));
#15361=CARTESIAN_POINT('',(0.0123421025157765,0.0751326128087044,0.0218065622031871));
#15362=CARTESIAN_POINT('',(0.,0.0751326128087044,0.0218065622031871));
#15363=CARTESIAN_POINT('',(-0.0123421025157765,0.0751326128087044,0.0218065622031871));
#15364=CARTESIAN_POINT('',(-0.0123421025157765,0.0751326128087044,0.0131985311167527));
#15365=CARTESIAN_POINT('',(-0.0123421025157765,0.0751326128087044,0.0145396407710799));
#15366=CARTESIAN_POINT('',(-0.0153255518525839,0.0751326128087044,0.0145396407710799));
#15367=CARTESIAN_POINT('',(0.,-0.0897133871912956,0.0254));
#15368=CARTESIAN_POINT('',(-0.0123421025157765,-0.0897133871912956,0.0131985311167527));
#15369=CARTESIAN_POINT('',(-0.0123421025157765,-0.0897133871912956,0.00459050003031821));
#15370=CARTESIAN_POINT('',(-0.0153255518525839,-0.0897133871912956,0.0254));
#15371=CARTESIAN_POINT('',(-0.0153255518525839,-0.0897133871912956,0.));
#15372=CARTESIAN_POINT('',(0.,-0.0897133871912956,0.));
#15373=CARTESIAN_POINT('',(0.0153255518525839,-0.0897133871912956,0.));
#15374=CARTESIAN_POINT('',(0.0153255518525839,-0.0897133871912956,0.0254));
#15375=CARTESIAN_POINT('',(0.0122655374350762,-0.0897133871912956,0.0236032811015936));
#15376=CARTESIAN_POINT('',(0.0122655374350762,-0.0897133871912956,0.0218065622031871));
#15377=CARTESIAN_POINT('',(0.,-0.0897133871912956,0.0218065622031871));
#15378=CARTESIAN_POINT('',(0.0123421025157765,-0.0897133871912956,0.0218065622031871));
#15379=CARTESIAN_POINT('',(0.0123421025157765,-0.0897133871912956,0.0131985311167527));
#15380=CARTESIAN_POINT('',(0.0123421025157765,-0.0897133871912956,0.00459050003031821));
#15381=CARTESIAN_POINT('',(0.,-0.0897133871912956,0.00459050003031821));
#15382=CARTESIAN_POINT('',(0.,0.0897133871912956,0.0254));
#15383=CARTESIAN_POINT('',(0.,0.0897133871912956,0.));
#15384=CARTESIAN_POINT('',(-0.0153255518525839,0.0897133871912956,0.));
#15385=CARTESIAN_POINT('',(0.0153255518525839,0.0897133871912956,0.));
#15386=CARTESIAN_POINT('',(-0.0153255518525839,0.0897133871912956,0.0254));
#15387=CARTESIAN_POINT('',(0.0153255518525839,0.0897133871912956,0.0254));
#15388=CARTESIAN_POINT('',(-0.0153255518525839,0.,0.0254));
#15389=CARTESIAN_POINT('',(-0.0153255518525839,0.0728187327267248,0.0121839746304271));
#15390=CARTESIAN_POINT('',(-0.0153255518525839,0.0728187327267248,0.0088819746304271));
#15391=CARTESIAN_POINT('',(-0.0153255518525839,0.,0.));
#15392=CARTESIAN_POINT('',(0.0153255518525839,0.,0.0254));
#15393=CARTESIAN_POINT('',(0.0153255518525839,0.0728187327267248,0.0121839746304271));
#15394=CARTESIAN_POINT('',(0.0153255518525839,0.0728187327267248,0.0090089746304271));
#15395=CARTESIAN_POINT('',(0.0153255518525839,0.,0.));
#15396=CARTESIAN_POINT('',(0.,0.,0.));
#15397=CARTESIAN_POINT('',(0.,0.0751326128087044,0.0218065622031871));
#15398=CARTESIAN_POINT('',(0.,0.0738626128087044,0.0218065622031871));
#15399=CARTESIAN_POINT('',(-0.0123421025157765,0.0738626128087044,0.0218065622031871));
#15400=CARTESIAN_POINT('',(0.0122655374350762,0.0738626128087044,0.0218065622031871));
#15401=CARTESIAN_POINT('',(-0.0123421025157765,0.0751326128087044,0.0218065622031871));
#15402=CARTESIAN_POINT('',(0.0123421025157765,0.0751326128087044,0.0218065622031871));
#15403=CARTESIAN_POINT('',(0.0122655374350762,0.0738626128087044,0.0218065622031871));
#15404=CARTESIAN_POINT('',(-0.0123421025157765,0.0751326128087044,0.0131985311167527));
#15405=CARTESIAN_POINT('',(-0.0123421025157765,0.0728187327267248,0.0121839746304271));
#15406=CARTESIAN_POINT('',(-0.0123421025157765,0.0738626128087044,0.0236032811015936));
#15407=CARTESIAN_POINT('',(-0.0123421025157765,0.0751326128087044,0.00459050003031821));
#15408=CARTESIAN_POINT('',(0.,0.0751326128087044,0.00459050003031821));
#15409=CARTESIAN_POINT('',(0.0123421025157765,0.0751326128087044,0.00459050003031821));
#15410=CARTESIAN_POINT('',(0.0123421025157765,0.0751326128087044,0.0131985311167527));
#15411=CARTESIAN_POINT('',(0.0123421025157765,0.0728187327267248,0.0121839746304271));
#15412=CARTESIAN_POINT('',(-0.0153255518525839,0.0728187327267248,0.0121839746304271));
#15413=CARTESIAN_POINT('',(-0.00897555185258388,0.0728187327267248,0.0121839746304271));
#15414=CARTESIAN_POINT('',(-0.00897555185258388,0.0761207327267248,0.0121839746304271));
#15415=CARTESIAN_POINT('',(-0.00897555185258388,0.0728187327267248,0.0121839746304271));
#15416=CARTESIAN_POINT('',(-0.0153255518525839,0.0728187327267248,0.0121839746304271));
#15417=CARTESIAN_POINT('',(0.0122655374350762,0.0738626128087044,0.0236032811015936));
#15418=CARTESIAN_POINT('',(0.0122655374350762,0.0738626128087044,0.0236032811015936));
#15419=CARTESIAN_POINT('',(0.,0.0738626128087044,0.0127));
#15420=CARTESIAN_POINT('',(0.11529594143372,0.0773597646063064,-0.170725716116814));
#15421=CARTESIAN_POINT('',(0.161786564833045,0.281615229541782,0.129909725761388));
#15422=CARTESIAN_POINT('',(0.15959432949627,0.14234231651385,0.0784682799464384));
#15423=CARTESIAN_POINT('',(0.11971747261118,0.0352447151013848,0.0122336804681113));
#15424=CARTESIAN_POINT('',(0.136383066246186,0.100929114256314,0.0765478383165355));
#15425=CARTESIAN_POINT('',(0.148545657375456,0.366228863759175,0.0358303744421594));
#15426=CARTESIAN_POINT('',(0.12091763851846,0.38599166968764,-0.172819692785596));
#15427=CARTESIAN_POINT('',(0.186537298521688,0.179234871163558,0.0635514775943602));
#15428=CARTESIAN_POINT('',(0.103147623380956,0.385999065836869,-0.231270066063982));
#15429=MECHANICAL_DESIGN_GEOMETRIC_PRESENTATION_REPRESENTATION('',(#9304,
#9305,#9306,#9307,#9308,#9309,#9310,#9311,#9312,#9313,#9314,#9315,#9316,
#9317,#9318,#9319,#9320,#9321,#9322),#15430);
#15430=(
GEOMETRIC_REPRESENTATION_CONTEXT(3)
GLOBAL_UNCERTAINTY_ASSIGNED_CONTEXT((#15450))
GLOBAL_UNIT_ASSIGNED_CONTEXT((#15472,#15471,#15470))
REPRESENTATION_CONTEXT('Full Design','TOP_LEVEL_ASSEMBLY_PART')
);
#15431=(
GEOMETRIC_REPRESENTATION_CONTEXT(3)
GLOBAL_UNCERTAINTY_ASSIGNED_CONTEXT((#15451))
GLOBAL_UNIT_ASSIGNED_CONTEXT((#15472,#15471,#15470))
REPRESENTATION_CONTEXT('Part 1','COMPONENT_PART')
);
#15432=(
GEOMETRIC_REPRESENTATION_CONTEXT(3)
GLOBAL_UNCERTAINTY_ASSIGNED_CONTEXT((#15452))
GLOBAL_UNIT_ASSIGNED_CONTEXT((#15472,#15471,#15470))
REPRESENTATION_CONTEXT('Part 1','COMPONENT_PART')
);
#15433=(
GEOMETRIC_REPRESENTATION_CONTEXT(3)
GLOBAL_UNCERTAINTY_ASSIGNED_CONTEXT((#15453))
GLOBAL_UNIT_ASSIGNED_CONTEXT((#15472,#15471,#15470))
REPRESENTATION_CONTEXT('Part 1','COMPONENT_PART')
);
#15434=(
GEOMETRIC_REPRESENTATION_CONTEXT(3)
GLOBAL_UNCERTAINTY_ASSIGNED_CONTEXT((#15454))
GLOBAL_UNIT_ASSIGNED_CONTEXT((#15472,#15471,#15470))
REPRESENTATION_CONTEXT('Part 1','COMPONENT_PART')
);
#15435=(
GEOMETRIC_REPRESENTATION_CONTEXT(3)
GLOBAL_UNCERTAINTY_ASSIGNED_CONTEXT((#15455))
GLOBAL_UNIT_ASSIGNED_CONTEXT((#15472,#15471,#15470))
REPRESENTATION_CONTEXT('Part 1','COMPONENT_PART')
);
#15436=(
GEOMETRIC_REPRESENTATION_CONTEXT(3)
GLOBAL_UNCERTAINTY_ASSIGNED_CONTEXT((#15456))
GLOBAL_UNIT_ASSIGNED_CONTEXT((#15472,#15471,#15470))
REPRESENTATION_CONTEXT('Part 1','COMPONENT_PART')
);
#15437=(
GEOMETRIC_REPRESENTATION_CONTEXT(3)
GLOBAL_UNCERTAINTY_ASSIGNED_CONTEXT((#15457))
GLOBAL_UNIT_ASSIGNED_CONTEXT((#15472,#15471,#15470))
REPRESENTATION_CONTEXT('Part 1','COMPONENT_PART')
);
#15438=(
GEOMETRIC_REPRESENTATION_CONTEXT(3)
GLOBAL_UNCERTAINTY_ASSIGNED_CONTEXT((#15458))
GLOBAL_UNIT_ASSIGNED_CONTEXT((#15472,#15471,#15470))
REPRESENTATION_CONTEXT('Part 1','COMPONENT_PART')
);
#15439=(
GEOMETRIC_REPRESENTATION_CONTEXT(3)
GLOBAL_UNCERTAINTY_ASSIGNED_CONTEXT((#15459))
GLOBAL_UNIT_ASSIGNED_CONTEXT((#15472,#15471,#15470))
REPRESENTATION_CONTEXT('Part 1','COMPONENT_PART')
);
#15440=(
GEOMETRIC_REPRESENTATION_CONTEXT(3)
GLOBAL_UNCERTAINTY_ASSIGNED_CONTEXT((#15460))
GLOBAL_UNIT_ASSIGNED_CONTEXT((#15472,#15471,#15470))
REPRESENTATION_CONTEXT('Part 1','COMPONENT_PART')
);
#15441=(
GEOMETRIC_REPRESENTATION_CONTEXT(3)
GLOBAL_UNCERTAINTY_ASSIGNED_CONTEXT((#15461))
GLOBAL_UNIT_ASSIGNED_CONTEXT((#15472,#15471,#15470))
REPRESENTATION_CONTEXT('Part 1','COMPONENT_PART')
);
#15442=(
GEOMETRIC_REPRESENTATION_CONTEXT(3)
GLOBAL_UNCERTAINTY_ASSIGNED_CONTEXT((#15462))
GLOBAL_UNIT_ASSIGNED_CONTEXT((#15472,#15471,#15470))
REPRESENTATION_CONTEXT('Part 1','COMPONENT_PART')
);
#15443=(
GEOMETRIC_REPRESENTATION_CONTEXT(3)
GLOBAL_UNCERTAINTY_ASSIGNED_CONTEXT((#15463))
GLOBAL_UNIT_ASSIGNED_CONTEXT((#15472,#15471,#15470))
REPRESENTATION_CONTEXT('Part 2','COMPONENT_PART')
);
#15444=(
GEOMETRIC_REPRESENTATION_CONTEXT(3)
GLOBAL_UNCERTAINTY_ASSIGNED_CONTEXT((#15464))
GLOBAL_UNIT_ASSIGNED_CONTEXT((#15472,#15471,#15470))
REPRESENTATION_CONTEXT('Part 1','COMPONENT_PART')
);
#15445=(
GEOMETRIC_REPRESENTATION_CONTEXT(3)
GLOBAL_UNCERTAINTY_ASSIGNED_CONTEXT((#15465))
GLOBAL_UNIT_ASSIGNED_CONTEXT((#15472,#15471,#15470))
REPRESENTATION_CONTEXT('Part 1','COMPONENT_PART')
);
#15446=(
GEOMETRIC_REPRESENTATION_CONTEXT(3)
GLOBAL_UNCERTAINTY_ASSIGNED_CONTEXT((#15466))
GLOBAL_UNIT_ASSIGNED_CONTEXT((#15472,#15471,#15470))
REPRESENTATION_CONTEXT('Part 1','COMPONENT_PART')
);
#15447=(
GEOMETRIC_REPRESENTATION_CONTEXT(3)
GLOBAL_UNCERTAINTY_ASSIGNED_CONTEXT((#15467))
GLOBAL_UNIT_ASSIGNED_CONTEXT((#15472,#15471,#15470))
REPRESENTATION_CONTEXT('Part 1','COMPONENT_PART')
);
#15448=(
GEOMETRIC_REPRESENTATION_CONTEXT(3)
GLOBAL_UNCERTAINTY_ASSIGNED_CONTEXT((#15468))
GLOBAL_UNIT_ASSIGNED_CONTEXT((#15472,#15471,#15470))
REPRESENTATION_CONTEXT('Part 1','COMPONENT_PART')
);
#15449=(
GEOMETRIC_REPRESENTATION_CONTEXT(3)
GLOBAL_UNCERTAINTY_ASSIGNED_CONTEXT((#15469))
GLOBAL_UNIT_ASSIGNED_CONTEXT((#15472,#15471,#15470))
REPRESENTATION_CONTEXT('Part 1','COMPONENT_PART')
);
#15450=UNCERTAINTY_MEASURE_WITH_UNIT(LENGTH_MEASURE(1.E-8),#15472,
'DISTANCE_ACCURACY_VALUE','Maximum Tolerance applied to model');
#15451=UNCERTAINTY_MEASURE_WITH_UNIT(LENGTH_MEASURE(2.5144806377229E-5),
#15472,'DISTANCE_ACCURACY_VALUE','Maximum Tolerance applied to model');
#15452=UNCERTAINTY_MEASURE_WITH_UNIT(LENGTH_MEASURE(1.E-8),#15472,
'DISTANCE_ACCURACY_VALUE','Maximum Tolerance applied to model');
#15453=UNCERTAINTY_MEASURE_WITH_UNIT(LENGTH_MEASURE(1.E-8),#15472,
'DISTANCE_ACCURACY_VALUE','Maximum Tolerance applied to model');
#15454=UNCERTAINTY_MEASURE_WITH_UNIT(LENGTH_MEASURE(1.E-8),#15472,
'DISTANCE_ACCURACY_VALUE','Maximum Tolerance applied to model');
#15455=UNCERTAINTY_MEASURE_WITH_UNIT(LENGTH_MEASURE(1.E-8),#15472,
'DISTANCE_ACCURACY_VALUE','Maximum Tolerance applied to model');
#15456=UNCERTAINTY_MEASURE_WITH_UNIT(LENGTH_MEASURE(1.E-8),#15472,
'DISTANCE_ACCURACY_VALUE','Maximum Tolerance applied to model');
#15457=UNCERTAINTY_MEASURE_WITH_UNIT(LENGTH_MEASURE(1.E-8),#15472,
'DISTANCE_ACCURACY_VALUE','Maximum Tolerance applied to model');
#15458=UNCERTAINTY_MEASURE_WITH_UNIT(LENGTH_MEASURE(1.E-8),#15472,
'DISTANCE_ACCURACY_VALUE','Maximum Tolerance applied to model');
#15459=UNCERTAINTY_MEASURE_WITH_UNIT(LENGTH_MEASURE(1.E-8),#15472,
'DISTANCE_ACCURACY_VALUE','Maximum Tolerance applied to model');
#15460=UNCERTAINTY_MEASURE_WITH_UNIT(LENGTH_MEASURE(1.E-8),#15472,
'DISTANCE_ACCURACY_VALUE','Maximum Tolerance applied to model');
#15461=UNCERTAINTY_MEASURE_WITH_UNIT(LENGTH_MEASURE(1.E-8),#15472,
'DISTANCE_ACCURACY_VALUE','Maximum Tolerance applied to model');
#15462=UNCERTAINTY_MEASURE_WITH_UNIT(LENGTH_MEASURE(1.E-8),#15472,
'DISTANCE_ACCURACY_VALUE','Maximum Tolerance applied to model');
#15463=UNCERTAINTY_MEASURE_WITH_UNIT(LENGTH_MEASURE(1.E-8),#15472,
'DISTANCE_ACCURACY_VALUE','Maximum Tolerance applied to model');
#15464=UNCERTAINTY_MEASURE_WITH_UNIT(LENGTH_MEASURE(1.E-8),#15472,
'DISTANCE_ACCURACY_VALUE','Maximum Tolerance applied to model');
#15465=UNCERTAINTY_MEASURE_WITH_UNIT(LENGTH_MEASURE(1.E-8),#15472,
'DISTANCE_ACCURACY_VALUE','Maximum Tolerance applied to model');
#15466=UNCERTAINTY_MEASURE_WITH_UNIT(LENGTH_MEASURE(1.E-8),#15472,
'DISTANCE_ACCURACY_VALUE','Maximum Tolerance applied to model');
#15467=UNCERTAINTY_MEASURE_WITH_UNIT(LENGTH_MEASURE(1.E-8),#15472,
'DISTANCE_ACCURACY_VALUE','Maximum Tolerance applied to model');
#15468=UNCERTAINTY_MEASURE_WITH_UNIT(LENGTH_MEASURE(2.E-5),#15472,
'DISTANCE_ACCURACY_VALUE','Maximum Tolerance applied to model');
#15469=UNCERTAINTY_MEASURE_WITH_UNIT(LENGTH_MEASURE(1.E-8),#15472,
'DISTANCE_ACCURACY_VALUE','Maximum Tolerance applied to model');
#15470=(
NAMED_UNIT(*)
SI_UNIT($,.STERADIAN.)
SOLID_ANGLE_UNIT()
);
#15471=(
NAMED_UNIT(*)
PLANE_ANGLE_UNIT()
SI_UNIT($,.RADIAN.)
);
#15472=(
LENGTH_UNIT()
NAMED_UNIT(*)
SI_UNIT($,.METRE.)
);
#15473=PRODUCT_DEFINITION_SHAPE('','',#15721);
#15474=PRODUCT_DEFINITION_SHAPE('','',#15722);
#15475=PRODUCT_DEFINITION_SHAPE(' ','NAUO PRDDFN',#244);
#15476=PRODUCT_DEFINITION_SHAPE(' ','NAUO PRDDFN',#245);
#15477=PRODUCT_DEFINITION_SHAPE('','',#15723);
#15478=PRODUCT_DEFINITION_SHAPE(' ','NAUO PRDDFN',#246);
#15479=PRODUCT_DEFINITION_SHAPE(' ','NAUO PRDDFN',#247);
#15480=PRODUCT_DEFINITION_SHAPE(' ','NAUO PRDDFN',#248);
#15481=PRODUCT_DEFINITION_SHAPE(' ','NAUO PRDDFN',#249);
#15482=PRODUCT_DEFINITION_SHAPE('','',#15724);
#15483=PRODUCT_DEFINITION_SHAPE(' ','NAUO PRDDFN',#250);
#15484=PRODUCT_DEFINITION_SHAPE(' ','NAUO PRDDFN',#251);
#15485=PRODUCT_DEFINITION_SHAPE(' ','NAUO PRDDFN',#252);
#15486=PRODUCT_DEFINITION_SHAPE(' ','NAUO PRDDFN',#253);
#15487=PRODUCT_DEFINITION_SHAPE(' ','NAUO PRDDFN',#254);
#15488=PRODUCT_DEFINITION_SHAPE(' ','NAUO PRDDFN',#255);
#15489=PRODUCT_DEFINITION_SHAPE(' ','NAUO PRDDFN',#256);
#15490=PRODUCT_DEFINITION_SHAPE(' ','NAUO PRDDFN',#257);
#15491=PRODUCT_DEFINITION_SHAPE(' ','NAUO PRDDFN',#258);
#15492=PRODUCT_DEFINITION_SHAPE(' ','NAUO PRDDFN',#259);
#15493=PRODUCT_DEFINITION_SHAPE(' ','NAUO PRDDFN',#260);
#15494=PRODUCT_DEFINITION_SHAPE(' ','NAUO PRDDFN',#261);
#15495=PRODUCT_DEFINITION_SHAPE('','',#15725);
#15496=PRODUCT_DEFINITION_SHAPE(' ','NAUO PRDDFN',#262);
#15497=PRODUCT_DEFINITION_SHAPE(' ','NAUO PRDDFN',#263);
#15498=PRODUCT_DEFINITION_SHAPE(' ','NAUO PRDDFN',#264);
#15499=PRODUCT_DEFINITION_SHAPE(' ','NAUO PRDDFN',#265);
#15500=PRODUCT_DEFINITION_SHAPE(' ','NAUO PRDDFN',#266);
#15501=PRODUCT_DEFINITION_SHAPE(' ','NAUO PRDDFN',#267);
#15502=PRODUCT_DEFINITION_SHAPE(' ','NAUO PRDDFN',#268);
#15503=PRODUCT_DEFINITION_SHAPE(' ','NAUO PRDDFN',#269);
#15504=PRODUCT_DEFINITION_SHAPE(' ','NAUO PRDDFN',#270);
#15505=PRODUCT_DEFINITION_SHAPE('','',#15726);
#15506=PRODUCT_DEFINITION_SHAPE(' ','NAUO PRDDFN',#271);
#15507=PRODUCT_DEFINITION_SHAPE(' ','NAUO PRDDFN',#272);
#15508=PRODUCT_DEFINITION_SHAPE(' ','NAUO PRDDFN',#273);
#15509=PRODUCT_DEFINITION_SHAPE(' ','NAUO PRDDFN',#274);
#15510=PRODUCT_DEFINITION_SHAPE(' ','NAUO PRDDFN',#275);
#15511=PRODUCT_DEFINITION_SHAPE(' ','NAUO PRDDFN',#276);
#15512=PRODUCT_DEFINITION_SHAPE('','',#15727);
#15513=PRODUCT_DEFINITION_SHAPE(' ','NAUO PRDDFN',#277);
#15514=PRODUCT_DEFINITION_SHAPE(' ','NAUO PRDDFN',#278);
#15515=PRODUCT_DEFINITION_SHAPE('','',#15728);
#15516=PRODUCT_DEFINITION_SHAPE(' ','NAUO PRDDFN',#279);
#15517=PRODUCT_DEFINITION_SHAPE(' ','NAUO PRDDFN',#280);
#15518=PRODUCT_DEFINITION_SHAPE('','',#15729);
#15519=PRODUCT_DEFINITION_SHAPE(' ','NAUO PRDDFN',#281);
#15520=PRODUCT_DEFINITION_SHAPE(' ','NAUO PRDDFN',#282);
#15521=PRODUCT_DEFINITION_SHAPE(' ','NAUO PRDDFN',#283);
#15522=PRODUCT_DEFINITION_SHAPE(' ','NAUO PRDDFN',#284);
#15523=PRODUCT_DEFINITION_SHAPE(' ','NAUO PRDDFN',#285);
#15524=PRODUCT_DEFINITION_SHAPE(' ','NAUO PRDDFN',#286);
#15525=PRODUCT_DEFINITION_SHAPE(' ','NAUO PRDDFN',#287);
#15526=PRODUCT_DEFINITION_SHAPE(' ','NAUO PRDDFN',#288);
#15527=PRODUCT_DEFINITION_SHAPE(' ','NAUO PRDDFN',#289);
#15528=PRODUCT_DEFINITION_SHAPE('','',#15730);
#15529=PRODUCT_DEFINITION_SHAPE(' ','NAUO PRDDFN',#290);
#15530=PRODUCT_DEFINITION_SHAPE(' ','NAUO PRDDFN',#291);
#15531=PRODUCT_DEFINITION_SHAPE(' ','NAUO PRDDFN',#292);
#15532=PRODUCT_DEFINITION_SHAPE(' ','NAUO PRDDFN',#293);
#15533=PRODUCT_DEFINITION_SHAPE(' ','NAUO PRDDFN',#294);
#15534=PRODUCT_DEFINITION_SHAPE(' ','NAUO PRDDFN',#295);
#15535=PRODUCT_DEFINITION_SHAPE(' ','NAUO PRDDFN',#296);
#15536=PRODUCT_DEFINITION_SHAPE(' ','NAUO PRDDFN',#297);
#15537=PRODUCT_DEFINITION_SHAPE(' ','NAUO PRDDFN',#298);
#15538=PRODUCT_DEFINITION_SHAPE('','',#15731);
#15539=PRODUCT_DEFINITION_SHAPE(' ','NAUO PRDDFN',#299);
#15540=PRODUCT_DEFINITION_SHAPE(' ','NAUO PRDDFN',#300);
#15541=PRODUCT_DEFINITION_SHAPE(' ','NAUO PRDDFN',#301);
#15542=PRODUCT_DEFINITION_SHAPE(' ','NAUO PRDDFN',#302);
#15543=PRODUCT_DEFINITION_SHAPE('','',#15732);
#15544=PRODUCT_DEFINITION_SHAPE(' ','NAUO PRDDFN',#303);
#15545=PRODUCT_DEFINITION_SHAPE(' ','NAUO PRDDFN',#304);
#15546=PRODUCT_DEFINITION_SHAPE(' ','NAUO PRDDFN',#305);
#15547=PRODUCT_DEFINITION_SHAPE(' ','NAUO PRDDFN',#306);
#15548=PRODUCT_DEFINITION_SHAPE(' ','NAUO PRDDFN',#307);
#15549=PRODUCT_DEFINITION_SHAPE(' ','NAUO PRDDFN',#308);
#15550=PRODUCT_DEFINITION_SHAPE(' ','NAUO PRDDFN',#309);
#15551=PRODUCT_DEFINITION_SHAPE(' ','NAUO PRDDFN',#310);
#15552=PRODUCT_DEFINITION_SHAPE(' ','NAUO PRDDFN',#311);
#15553=PRODUCT_DEFINITION_SHAPE(' ','NAUO PRDDFN',#312);
#15554=PRODUCT_DEFINITION_SHAPE(' ','NAUO PRDDFN',#313);
#15555=PRODUCT_DEFINITION_SHAPE(' ','NAUO PRDDFN',#314);
#15556=PRODUCT_DEFINITION_SHAPE('','',#15733);
#15557=PRODUCT_DEFINITION_SHAPE(' ','NAUO PRDDFN',#315);
#15558=PRODUCT_DEFINITION_SHAPE('','',#15734);
#15559=PRODUCT_DEFINITION_SHAPE(' ','NAUO PRDDFN',#316);
#15560=PRODUCT_DEFINITION_SHAPE(' ','NAUO PRDDFN',#317);
#15561=PRODUCT_DEFINITION_SHAPE(' ','NAUO PRDDFN',#318);
#15562=PRODUCT_DEFINITION_SHAPE(' ','NAUO PRDDFN',#319);
#15563=PRODUCT_DEFINITION_SHAPE(' ','NAUO PRDDFN',#320);
#15564=PRODUCT_DEFINITION_SHAPE(' ','NAUO PRDDFN',#321);
#15565=PRODUCT_DEFINITION_SHAPE(' ','NAUO PRDDFN',#322);
#15566=PRODUCT_DEFINITION_SHAPE(' ','NAUO PRDDFN',#323);
#15567=PRODUCT_DEFINITION_SHAPE(' ','NAUO PRDDFN',#324);
#15568=PRODUCT_DEFINITION_SHAPE(' ','NAUO PRDDFN',#325);
#15569=PRODUCT_DEFINITION_SHAPE(' ','NAUO PRDDFN',#326);
#15570=PRODUCT_DEFINITION_SHAPE(' ','NAUO PRDDFN',#327);
#15571=PRODUCT_DEFINITION_SHAPE('','',#15735);
#15572=PRODUCT_DEFINITION_SHAPE(' ','NAUO PRDDFN',#328);
#15573=PRODUCT_DEFINITION_SHAPE(' ','NAUO PRDDFN',#329);
#15574=PRODUCT_DEFINITION_SHAPE(' ','NAUO PRDDFN',#330);
#15575=PRODUCT_DEFINITION_SHAPE('','',#15736);
#15576=PRODUCT_DEFINITION_SHAPE(' ','NAUO PRDDFN',#331);
#15577=PRODUCT_DEFINITION_SHAPE(' ','NAUO PRDDFN',#332);
#15578=PRODUCT_DEFINITION_SHAPE(' ','NAUO PRDDFN',#333);
#15579=PRODUCT_DEFINITION_SHAPE(' ','NAUO PRDDFN',#334);
#15580=PRODUCT_DEFINITION_SHAPE(' ','NAUO PRDDFN',#335);
#15581=PRODUCT_DEFINITION_SHAPE(' ','NAUO PRDDFN',#336);
#15582=PRODUCT_DEFINITION_SHAPE(' ','NAUO PRDDFN',#337);
#15583=PRODUCT_DEFINITION_SHAPE(' ','NAUO PRDDFN',#338);
#15584=PRODUCT_DEFINITION_SHAPE(' ','NAUO PRDDFN',#339);
#15585=PRODUCT_DEFINITION_SHAPE(' ','NAUO PRDDFN',#340);
#15586=PRODUCT_DEFINITION_SHAPE(' ','NAUO PRDDFN',#341);
#15587=PRODUCT_DEFINITION_SHAPE(' ','NAUO PRDDFN',#342);
#15588=PRODUCT_DEFINITION_SHAPE(' ','NAUO PRDDFN',#343);
#15589=PRODUCT_DEFINITION_SHAPE(' ','NAUO PRDDFN',#344);
#15590=PRODUCT_DEFINITION_SHAPE(' ','NAUO PRDDFN',#345);
#15591=PRODUCT_DEFINITION_SHAPE(' ','NAUO PRDDFN',#346);
#15592=PRODUCT_DEFINITION_SHAPE(' ','NAUO PRDDFN',#347);
#15593=PRODUCT_DEFINITION_SHAPE(' ','NAUO PRDDFN',#348);
#15594=PRODUCT_DEFINITION_SHAPE(' ','NAUO PRDDFN',#349);
#15595=PRODUCT_DEFINITION_SHAPE(' ','NAUO PRDDFN',#350);
#15596=PRODUCT_DEFINITION_SHAPE('','',#15737);
#15597=PRODUCT_DEFINITION_SHAPE(' ','NAUO PRDDFN',#351);
#15598=PRODUCT_DEFINITION_SHAPE(' ','NAUO PRDDFN',#352);
#15599=PRODUCT_DEFINITION_SHAPE(' ','NAUO PRDDFN',#353);
#15600=PRODUCT_DEFINITION_SHAPE(' ','NAUO PRDDFN',#354);
#15601=PRODUCT_DEFINITION_SHAPE(' ','NAUO PRDDFN',#355);
#15602=PRODUCT_DEFINITION_SHAPE(' ','NAUO PRDDFN',#356);
#15603=PRODUCT_DEFINITION_SHAPE(' ','NAUO PRDDFN',#357);
#15604=PRODUCT_DEFINITION_SHAPE(' ','NAUO PRDDFN',#358);
#15605=PRODUCT_DEFINITION_SHAPE(' ','NAUO PRDDFN',#359);
#15606=PRODUCT_DEFINITION_SHAPE(' ','NAUO PRDDFN',#360);
#15607=PRODUCT_DEFINITION_SHAPE(' ','NAUO PRDDFN',#361);
#15608=PRODUCT_DEFINITION_SHAPE(' ','NAUO PRDDFN',#362);
#15609=PRODUCT_DEFINITION_SHAPE(' ','NAUO PRDDFN',#363);
#15610=PRODUCT_DEFINITION_SHAPE(' ','NAUO PRDDFN',#364);
#15611=PRODUCT_DEFINITION_SHAPE(' ','NAUO PRDDFN',#365);
#15612=PRODUCT_DEFINITION_SHAPE(' ','NAUO PRDDFN',#366);
#15613=PRODUCT_DEFINITION_SHAPE(' ','NAUO PRDDFN',#367);
#15614=PRODUCT_DEFINITION_SHAPE(' ','NAUO PRDDFN',#368);
#15615=PRODUCT_DEFINITION_SHAPE(' ','NAUO PRDDFN',#369);
#15616=PRODUCT_DEFINITION_SHAPE(' ','NAUO PRDDFN',#370);
#15617=PRODUCT_DEFINITION_SHAPE(' ','NAUO PRDDFN',#371);
#15618=PRODUCT_DEFINITION_SHAPE(' ','NAUO PRDDFN',#372);
#15619=PRODUCT_DEFINITION_SHAPE('','',#15738);
#15620=PRODUCT_DEFINITION_SHAPE(' ','NAUO PRDDFN',#373);
#15621=PRODUCT_DEFINITION_SHAPE(' ','NAUO PRDDFN',#374);
#15622=PRODUCT_DEFINITION_SHAPE(' ','NAUO PRDDFN',#375);
#15623=PRODUCT_DEFINITION_SHAPE(' ','NAUO PRDDFN',#376);
#15624=PRODUCT_DEFINITION_SHAPE(' ','NAUO PRDDFN',#377);
#15625=PRODUCT_DEFINITION_SHAPE(' ','NAUO PRDDFN',#378);
#15626=PRODUCT_DEFINITION_SHAPE(' ','NAUO PRDDFN',#379);
#15627=PRODUCT_DEFINITION_SHAPE(' ','NAUO PRDDFN',#380);
#15628=PRODUCT_DEFINITION_SHAPE(' ','NAUO PRDDFN',#381);
#15629=PRODUCT_DEFINITION_SHAPE(' ','NAUO PRDDFN',#382);
#15630=PRODUCT_DEFINITION_SHAPE(' ','NAUO PRDDFN',#383);
#15631=PRODUCT_DEFINITION_SHAPE(' ','NAUO PRDDFN',#384);
#15632=PRODUCT_DEFINITION_SHAPE(' ','NAUO PRDDFN',#385);
#15633=PRODUCT_DEFINITION_SHAPE(' ','NAUO PRDDFN',#386);
#15634=PRODUCT_DEFINITION_SHAPE(' ','NAUO PRDDFN',#387);
#15635=PRODUCT_DEFINITION_SHAPE(' ','NAUO PRDDFN',#388);
#15636=PRODUCT_DEFINITION_SHAPE(' ','NAUO PRDDFN',#389);
#15637=PRODUCT_DEFINITION_SHAPE(' ','NAUO PRDDFN',#390);
#15638=PRODUCT_DEFINITION_SHAPE(' ','NAUO PRDDFN',#391);
#15639=PRODUCT_DEFINITION_SHAPE(' ','NAUO PRDDFN',#392);
#15640=PRODUCT_DEFINITION_SHAPE(' ','NAUO PRDDFN',#393);
#15641=PRODUCT_DEFINITION_SHAPE(' ','NAUO PRDDFN',#394);
#15642=PRODUCT_DEFINITION_SHAPE(' ','NAUO PRDDFN',#395);
#15643=PRODUCT_DEFINITION_SHAPE(' ','NAUO PRDDFN',#396);
#15644=PRODUCT_DEFINITION_SHAPE(' ','NAUO PRDDFN',#397);
#15645=PRODUCT_DEFINITION_SHAPE(' ','NAUO PRDDFN',#398);
#15646=PRODUCT_DEFINITION_SHAPE(' ','NAUO PRDDFN',#399);
#15647=PRODUCT_DEFINITION_SHAPE(' ','NAUO PRDDFN',#400);
#15648=PRODUCT_DEFINITION_SHAPE(' ','NAUO PRDDFN',#401);
#15649=PRODUCT_DEFINITION_SHAPE(' ','NAUO PRDDFN',#402);
#15650=PRODUCT_DEFINITION_SHAPE(' ','NAUO PRDDFN',#403);
#15651=PRODUCT_DEFINITION_SHAPE(' ','NAUO PRDDFN',#404);
#15652=PRODUCT_DEFINITION_SHAPE(' ','NAUO PRDDFN',#405);
#15653=PRODUCT_DEFINITION_SHAPE(' ','NAUO PRDDFN',#406);
#15654=PRODUCT_DEFINITION_SHAPE(' ','NAUO PRDDFN',#407);
#15655=PRODUCT_DEFINITION_SHAPE(' ','NAUO PRDDFN',#408);
#15656=PRODUCT_DEFINITION_SHAPE(' ','NAUO PRDDFN',#409);
#15657=PRODUCT_DEFINITION_SHAPE(' ','NAUO PRDDFN',#410);
#15658=PRODUCT_DEFINITION_SHAPE(' ','NAUO PRDDFN',#411);
#15659=PRODUCT_DEFINITION_SHAPE(' ','NAUO PRDDFN',#412);
#15660=PRODUCT_DEFINITION_SHAPE(' ','NAUO PRDDFN',#413);
#15661=PRODUCT_DEFINITION_SHAPE(' ','NAUO PRDDFN',#414);
#15662=PRODUCT_DEFINITION_SHAPE(' ','NAUO PRDDFN',#415);
#15663=PRODUCT_DEFINITION_SHAPE('','',#15739);
#15664=PRODUCT_DEFINITION_SHAPE(' ','NAUO PRDDFN',#416);
#15665=PRODUCT_DEFINITION_SHAPE(' ','NAUO PRDDFN',#417);
#15666=PRODUCT_DEFINITION_SHAPE(' ','NAUO PRDDFN',#418);
#15667=PRODUCT_DEFINITION_SHAPE(' ','NAUO PRDDFN',#419);
#15668=PRODUCT_DEFINITION_SHAPE(' ','NAUO PRDDFN',#420);
#15669=PRODUCT_DEFINITION_SHAPE(' ','NAUO PRDDFN',#421);
#15670=PRODUCT_DEFINITION_SHAPE(' ','NAUO PRDDFN',#422);
#15671=PRODUCT_DEFINITION_SHAPE(' ','NAUO PRDDFN',#423);
#15672=PRODUCT_DEFINITION_SHAPE(' ','NAUO PRDDFN',#424);
#15673=PRODUCT_DEFINITION_SHAPE(' ','NAUO PRDDFN',#425);
#15674=PRODUCT_DEFINITION_SHAPE(' ','NAUO PRDDFN',#426);
#15675=PRODUCT_DEFINITION_SHAPE(' ','NAUO PRDDFN',#427);
#15676=PRODUCT_DEFINITION_SHAPE(' ','NAUO PRDDFN',#428);
#15677=PRODUCT_DEFINITION_SHAPE(' ','NAUO PRDDFN',#429);
#15678=PRODUCT_DEFINITION_SHAPE(' ','NAUO PRDDFN',#430);
#15679=PRODUCT_DEFINITION_SHAPE(' ','NAUO PRDDFN',#431);
#15680=PRODUCT_DEFINITION_SHAPE(' ','NAUO PRDDFN',#432);
#15681=PRODUCT_DEFINITION_SHAPE(' ','NAUO PRDDFN',#433);
#15682=PRODUCT_DEFINITION_SHAPE(' ','NAUO PRDDFN',#434);
#15683=PRODUCT_DEFINITION_SHAPE(' ','NAUO PRDDFN',#435);
#15684=PRODUCT_DEFINITION_SHAPE(' ','NAUO PRDDFN',#436);
#15685=PRODUCT_DEFINITION_SHAPE(' ','NAUO PRDDFN',#437);
#15686=PRODUCT_DEFINITION_SHAPE(' ','NAUO PRDDFN',#438);
#15687=PRODUCT_DEFINITION_SHAPE(' ','NAUO PRDDFN',#439);
#15688=PRODUCT_DEFINITION_SHAPE(' ','NAUO PRDDFN',#440);
#15689=PRODUCT_DEFINITION_SHAPE(' ','NAUO PRDDFN',#441);
#15690=PRODUCT_DEFINITION_SHAPE(' ','NAUO PRDDFN',#442);
#15691=PRODUCT_DEFINITION_SHAPE(' ','NAUO PRDDFN',#443);
#15692=PRODUCT_DEFINITION_SHAPE(' ','NAUO PRDDFN',#444);
#15693=PRODUCT_DEFINITION_SHAPE(' ','NAUO PRDDFN',#445);
#15694=PRODUCT_DEFINITION_SHAPE(' ','NAUO PRDDFN',#446);
#15695=PRODUCT_DEFINITION_SHAPE(' ','NAUO PRDDFN',#447);
#15696=PRODUCT_DEFINITION_SHAPE(' ','NAUO PRDDFN',#448);
#15697=PRODUCT_DEFINITION_SHAPE(' ','NAUO PRDDFN',#449);
#15698=PRODUCT_DEFINITION_SHAPE(' ','NAUO PRDDFN',#450);
#15699=PRODUCT_DEFINITION_SHAPE(' ','NAUO PRDDFN',#451);
#15700=PRODUCT_DEFINITION_SHAPE(' ','NAUO PRDDFN',#452);
#15701=PRODUCT_DEFINITION_SHAPE(' ','NAUO PRDDFN',#453);
#15702=PRODUCT_DEFINITION_SHAPE(' ','NAUO PRDDFN',#454);
#15703=PRODUCT_DEFINITION_SHAPE(' ','NAUO PRDDFN',#455);
#15704=PRODUCT_DEFINITION_SHAPE(' ','NAUO PRDDFN',#456);
#15705=PRODUCT_DEFINITION_SHAPE(' ','NAUO PRDDFN',#457);
#15706=PRODUCT_DEFINITION_SHAPE(' ','NAUO PRDDFN',#458);
#15707=PRODUCT_DEFINITION_SHAPE(' ','NAUO PRDDFN',#459);
#15708=PRODUCT_DEFINITION_SHAPE(' ','NAUO PRDDFN',#460);
#15709=PRODUCT_DEFINITION_SHAPE(' ','NAUO PRDDFN',#461);
#15710=PRODUCT_DEFINITION_SHAPE(' ','NAUO PRDDFN',#462);
#15711=PRODUCT_DEFINITION_SHAPE('','',#15740);
#15712=PRODUCT_DEFINITION_SHAPE(' ','NAUO PRDDFN',#463);
#15713=PRODUCT_DEFINITION_SHAPE(' ','NAUO PRDDFN',#464);
#15714=PRODUCT_DEFINITION_SHAPE(' ','NAUO PRDDFN',#465);
#15715=PRODUCT_DEFINITION_SHAPE(' ','NAUO PRDDFN',#466);
#15716=PRODUCT_DEFINITION_SHAPE(' ','NAUO PRDDFN',#467);
#15717=PRODUCT_DEFINITION_SHAPE(' ','NAUO PRDDFN',#468);
#15718=PRODUCT_DEFINITION_SHAPE(' ','NAUO PRDDFN',#469);
#15719=PRODUCT_DEFINITION_SHAPE(' ','NAUO PRDDFN',#470);
#15720=PRODUCT_DEFINITION_SHAPE(' ','NAUO PRDDFN',#471);
#15721=PRODUCT_DEFINITION('','',#15761,#15741);
#15722=PRODUCT_DEFINITION('','',#15762,#15742);
#15723=PRODUCT_DEFINITION('','',#15763,#15743);
#15724=PRODUCT_DEFINITION('','',#15764,#15744);
#15725=PRODUCT_DEFINITION('','',#15765,#15745);
#15726=PRODUCT_DEFINITION('','',#15766,#15746);
#15727=PRODUCT_DEFINITION('','',#15767,#15747);
#15728=PRODUCT_DEFINITION('','',#15768,#15748);
#15729=PRODUCT_DEFINITION('','',#15769,#15749);
#15730=PRODUCT_DEFINITION('','',#15770,#15750);
#15731=PRODUCT_DEFINITION('','',#15771,#15751);
#15732=PRODUCT_DEFINITION('','',#15772,#15752);
#15733=PRODUCT_DEFINITION('','',#15773,#15753);
#15734=PRODUCT_DEFINITION('','',#15774,#15754);
#15735=PRODUCT_DEFINITION('','',#15775,#15755);
#15736=PRODUCT_DEFINITION('','',#15776,#15756);
#15737=PRODUCT_DEFINITION('','',#15777,#15757);
#15738=PRODUCT_DEFINITION('','',#15778,#15758);
#15739=PRODUCT_DEFINITION('','',#15779,#15759);
#15740=PRODUCT_DEFINITION('','',#15780,#15760);
#15741=PRODUCT_DEFINITION_CONTEXT('',#15862,'design');
#15742=PRODUCT_DEFINITION_CONTEXT('',#15862,'design');
#15743=PRODUCT_DEFINITION_CONTEXT('',#15862,'design');
#15744=PRODUCT_DEFINITION_CONTEXT('',#15862,'design');
#15745=PRODUCT_DEFINITION_CONTEXT('',#15862,'design');
#15746=PRODUCT_DEFINITION_CONTEXT('',#15862,'design');
#15747=PRODUCT_DEFINITION_CONTEXT('',#15862,'design');
#15748=PRODUCT_DEFINITION_CONTEXT('',#15862,'design');
#15749=PRODUCT_DEFINITION_CONTEXT('',#15862,'design');
#15750=PRODUCT_DEFINITION_CONTEXT('',#15862,'design');
#15751=PRODUCT_DEFINITION_CONTEXT('',#15862,'design');
#15752=PRODUCT_DEFINITION_CONTEXT('',#15862,'design');
#15753=PRODUCT_DEFINITION_CONTEXT('',#15862,'design');
#15754=PRODUCT_DEFINITION_CONTEXT('',#15862,'design');
#15755=PRODUCT_DEFINITION_CONTEXT('',#15862,'design');
#15756=PRODUCT_DEFINITION_CONTEXT('',#15862,'design');
#15757=PRODUCT_DEFINITION_CONTEXT('',#15862,'design');
#15758=PRODUCT_DEFINITION_CONTEXT('',#15862,'design');
#15759=PRODUCT_DEFINITION_CONTEXT('',#15862,'design');
#15760=PRODUCT_DEFINITION_CONTEXT('',#15862,'design');
#15761=PRODUCT_DEFINITION_FORMATION_WITH_SPECIFIED_SOURCE('','',#15801,
 .NOT_KNOWN.);
#15762=PRODUCT_DEFINITION_FORMATION_WITH_SPECIFIED_SOURCE('','',#15802,
 .NOT_KNOWN.);
#15763=PRODUCT_DEFINITION_FORMATION_WITH_SPECIFIED_SOURCE('','',#15803,
 .NOT_KNOWN.);
#15764=PRODUCT_DEFINITION_FORMATION_WITH_SPECIFIED_SOURCE('','',#15804,
 .NOT_KNOWN.);
#15765=PRODUCT_DEFINITION_FORMATION_WITH_SPECIFIED_SOURCE('','',#15805,
 .NOT_KNOWN.);
#15766=PRODUCT_DEFINITION_FORMATION_WITH_SPECIFIED_SOURCE('','',#15806,
 .NOT_KNOWN.);
#15767=PRODUCT_DEFINITION_FORMATION_WITH_SPECIFIED_SOURCE('','',#15807,
 .NOT_KNOWN.);
#15768=PRODUCT_DEFINITION_FORMATION_WITH_SPECIFIED_SOURCE('','',#15808,
 .NOT_KNOWN.);
#15769=PRODUCT_DEFINITION_FORMATION_WITH_SPECIFIED_SOURCE('','',#15809,
 .NOT_KNOWN.);
#15770=PRODUCT_DEFINITION_FORMATION_WITH_SPECIFIED_SOURCE('','',#15810,
 .NOT_KNOWN.);
#15771=PRODUCT_DEFINITION_FORMATION_WITH_SPECIFIED_SOURCE('','',#15811,
 .NOT_KNOWN.);
#15772=PRODUCT_DEFINITION_FORMATION_WITH_SPECIFIED_SOURCE('','',#15812,
 .NOT_KNOWN.);
#15773=PRODUCT_DEFINITION_FORMATION_WITH_SPECIFIED_SOURCE('','',#15813,
 .NOT_KNOWN.);
#15774=PRODUCT_DEFINITION_FORMATION_WITH_SPECIFIED_SOURCE('','',#15814,
 .NOT_KNOWN.);
#15775=PRODUCT_DEFINITION_FORMATION_WITH_SPECIFIED_SOURCE('','',#15815,
 .NOT_KNOWN.);
#15776=PRODUCT_DEFINITION_FORMATION_WITH_SPECIFIED_SOURCE('','',#15816,
 .NOT_KNOWN.);
#15777=PRODUCT_DEFINITION_FORMATION_WITH_SPECIFIED_SOURCE('','',#15817,
 .NOT_KNOWN.);
#15778=PRODUCT_DEFINITION_FORMATION_WITH_SPECIFIED_SOURCE('','',#15818,
 .NOT_KNOWN.);
#15779=PRODUCT_DEFINITION_FORMATION_WITH_SPECIFIED_SOURCE('','',#15819,
 .NOT_KNOWN.);
#15780=PRODUCT_DEFINITION_FORMATION_WITH_SPECIFIED_SOURCE('','',#15820,
 .NOT_KNOWN.);
#15781=PRODUCT_RELATED_PRODUCT_CATEGORY('','',(#15801));
#15782=PRODUCT_RELATED_PRODUCT_CATEGORY('','',(#15802));
#15783=PRODUCT_RELATED_PRODUCT_CATEGORY('','',(#15803));
#15784=PRODUCT_RELATED_PRODUCT_CATEGORY('','',(#15804));
#15785=PRODUCT_RELATED_PRODUCT_CATEGORY('','',(#15805));
#15786=PRODUCT_RELATED_PRODUCT_CATEGORY('','',(#15806));
#15787=PRODUCT_RELATED_PRODUCT_CATEGORY('','',(#15807));
#15788=PRODUCT_RELATED_PRODUCT_CATEGORY('','',(#15808));
#15789=PRODUCT_RELATED_PRODUCT_CATEGORY('','',(#15809));
#15790=PRODUCT_RELATED_PRODUCT_CATEGORY('','',(#15810));
#15791=PRODUCT_RELATED_PRODUCT_CATEGORY('','',(#15811));
#15792=PRODUCT_RELATED_PRODUCT_CATEGORY('','',(#15812));
#15793=PRODUCT_RELATED_PRODUCT_CATEGORY('','',(#15813));
#15794=PRODUCT_RELATED_PRODUCT_CATEGORY('','',(#15814));
#15795=PRODUCT_RELATED_PRODUCT_CATEGORY('','',(#15815));
#15796=PRODUCT_RELATED_PRODUCT_CATEGORY('','',(#15816));
#15797=PRODUCT_RELATED_PRODUCT_CATEGORY('','',(#15817));
#15798=PRODUCT_RELATED_PRODUCT_CATEGORY('','',(#15818));
#15799=PRODUCT_RELATED_PRODUCT_CATEGORY('','',(#15819));
#15800=PRODUCT_RELATED_PRODUCT_CATEGORY('','',(#15820));
#15801=PRODUCT('Full Design','Full Design','Full Design',(#15841));
#15802=PRODUCT('Part 1','Part 1','Part 1',(#15842));
#15803=PRODUCT('Part 1','Part 1','Part 1',(#15843));
#15804=PRODUCT('Part 1','Part 1','Part 1',(#15844));
#15805=PRODUCT('Part 1','Part 1','Part 1',(#15845));
#15806=PRODUCT('Part 1','Part 1','Part 1',(#15846));
#15807=PRODUCT('Part 1','Part 1','Part 1',(#15847));
#15808=PRODUCT('Part 1','Part 1','Part 1',(#15848));
#15809=PRODUCT('Part 1','Part 1','Part 1',(#15849));
#15810=PRODUCT('Part 1','Part 1','Part 1',(#15850));
#15811=PRODUCT('Part 1','Part 1','Part 1',(#15851));
#15812=PRODUCT('Part 1','Part 1','Part 1',(#15852));
#15813=PRODUCT('Part 1','Part 1','Part 1',(#15853));
#15814=PRODUCT('Part 2','Part 2','Part 2',(#15854));
#15815=PRODUCT('Part 1','Part 1','Part 1',(#15855));
#15816=PRODUCT('Part 1','Part 1','Part 1',(#15856));
#15817=PRODUCT('Part 1','Part 1','Part 1',(#15857));
#15818=PRODUCT('Part 1','Part 1','Part 1',(#15858));
#15819=PRODUCT('Part 1','Part 1','Part 1',(#15859));
#15820=PRODUCT('Part 1','Part 1','Part 1',(#15860));
#15821=PRODUCT_CATEGORY('','');
#15822=PRODUCT_CATEGORY('','');
#15823=PRODUCT_CATEGORY('','');
#15824=PRODUCT_CATEGORY('','');
#15825=PRODUCT_CATEGORY('','');
#15826=PRODUCT_CATEGORY('','');
#15827=PRODUCT_CATEGORY('','');
#15828=PRODUCT_CATEGORY('','');
#15829=PRODUCT_CATEGORY('','');
#15830=PRODUCT_CATEGORY('','');
#15831=PRODUCT_CATEGORY('','');
#15832=PRODUCT_CATEGORY('','');
#15833=PRODUCT_CATEGORY('','');
#15834=PRODUCT_CATEGORY('','');
#15835=PRODUCT_CATEGORY('','');
#15836=PRODUCT_CATEGORY('','');
#15837=PRODUCT_CATEGORY('','');
#15838=PRODUCT_CATEGORY('','');
#15839=PRODUCT_CATEGORY('','');
#15840=PRODUCT_CATEGORY('','');
#15841=PRODUCT_CONTEXT('',#15862,'mechanical');
#15842=PRODUCT_CONTEXT('',#15862,'mechanical');
#15843=PRODUCT_CONTEXT('',#15862,'mechanical');
#15844=PRODUCT_CONTEXT('',#15862,'mechanical');
#15845=PRODUCT_CONTEXT('',#15862,'mechanical');
#15846=PRODUCT_CONTEXT('',#15862,'mechanical');
#15847=PRODUCT_CONTEXT('',#15862,'mechanical');
#15848=PRODUCT_CONTEXT('',#15862,'mechanical');
#15849=PRODUCT_CONTEXT('',#15862,'mechanical');
#15850=PRODUCT_CONTEXT('',#15862,'mechanical');
#15851=PRODUCT_CONTEXT('',#15862,'mechanical');
#15852=PRODUCT_CONTEXT('',#15862,'mechanical');
#15853=PRODUCT_CONTEXT('',#15862,'mechanical');
#15854=PRODUCT_CONTEXT('',#15862,'mechanical');
#15855=PRODUCT_CONTEXT('',#15862,'mechanical');
#15856=PRODUCT_CONTEXT('',#15862,'mechanical');
#15857=PRODUCT_CONTEXT('',#15862,'mechanical');
#15858=PRODUCT_CONTEXT('',#15862,'mechanical');
#15859=PRODUCT_CONTEXT('',#15862,'mechanical');
#15860=PRODUCT_CONTEXT('',#15862,'mechanical');
#15861=APPLICATION_PROTOCOL_DEFINITION('international standard',
'ap242_managed_model_based_3d_engineering',2020,#15862);
#15862=APPLICATION_CONTEXT('managed model based 3d engineering');
ENDSEC;
END-ISO-10303-21;
