ISO-10303-21;
HEADER;
/* Generated by software containing ST-Developer
 * from STEP Tools, Inc. (www.steptools.com) 
 */
/* OPTION: using custom renumber hook */

FILE_DESCRIPTION(
/* description */ ('STEP AP242 Edition 2',
'CAx-IF Rec.Pracs.---Representation and Presentation of Product Manufa
cturing Information (PMI)---4.0---2014-10-13',
'CAx-IF Rec.Pracs.---3D Tessellated Geometry---0.4---2014-09-14','2;1',
'CAx-IF Rec.Pracs.---User Defined Attributes---1.5---2016-08-15'),
/* implementation_level */ '2;1');

FILE_NAME(
/* name */ 'za hando',
/* time_stamp */ '2026-06-19T18:08:04Z',
/* author */ (''),
/* organization */ (''),
/* preprocessor_version */ 'ST-DEVELOPER v20',
/* originating_system */ 'ONSHAPE BY PTC INC, 1.216',
/* authorisation */ '  ');

FILE_SCHEMA (('AP242_MANAGED_MODEL_BASED_3D_ENGINEERING_MIM_LF { 1 0 10303 442 3 1 4 }'));
ENDSEC;

DATA;
#10=SHAPE_REPRESENTATION_RELATIONSHIP('','',#2862,#11);
#11=ADVANCED_BREP_SHAPE_REPRESENTATION('',(#2860),#4499);
#12=ORIENTED_EDGE('',*,*,#796,.F.);
#13=ORIENTED_EDGE('',*,*,#797,.T.);
#14=ORIENTED_EDGE('',*,*,#798,.T.);
#15=ORIENTED_EDGE('',*,*,#799,.F.);
#16=ORIENTED_EDGE('',*,*,#800,.F.);
#17=ORIENTED_EDGE('',*,*,#801,.T.);
#18=ORIENTED_EDGE('',*,*,#802,.T.);
#19=ORIENTED_EDGE('',*,*,#803,.F.);
#20=ORIENTED_EDGE('',*,*,#804,.T.);
#21=ORIENTED_EDGE('',*,*,#805,.T.);
#22=ORIENTED_EDGE('',*,*,#806,.F.);
#23=ORIENTED_EDGE('',*,*,#807,.T.);
#24=ORIENTED_EDGE('',*,*,#808,.T.);
#25=ORIENTED_EDGE('',*,*,#809,.F.);
#26=ORIENTED_EDGE('',*,*,#810,.F.);
#27=ORIENTED_EDGE('',*,*,#811,.T.);
#28=ORIENTED_EDGE('',*,*,#812,.F.);
#29=ORIENTED_EDGE('',*,*,#813,.T.);
#30=ORIENTED_EDGE('',*,*,#814,.F.);
#31=ORIENTED_EDGE('',*,*,#815,.F.);
#32=ORIENTED_EDGE('',*,*,#816,.F.);
#33=ORIENTED_EDGE('',*,*,#817,.T.);
#34=ORIENTED_EDGE('',*,*,#818,.F.);
#35=ORIENTED_EDGE('',*,*,#819,.T.);
#36=ORIENTED_EDGE('',*,*,#820,.T.);
#37=ORIENTED_EDGE('',*,*,#821,.F.);
#38=ORIENTED_EDGE('',*,*,#822,.F.);
#39=ORIENTED_EDGE('',*,*,#823,.T.);
#40=ORIENTED_EDGE('',*,*,#824,.T.);
#41=ORIENTED_EDGE('',*,*,#825,.F.);
#42=ORIENTED_EDGE('',*,*,#826,.F.);
#43=ORIENTED_EDGE('',*,*,#827,.T.);
#44=ORIENTED_EDGE('',*,*,#828,.T.);
#45=ORIENTED_EDGE('',*,*,#829,.F.);
#46=ORIENTED_EDGE('',*,*,#830,.F.);
#47=ORIENTED_EDGE('',*,*,#831,.F.);
#48=ORIENTED_EDGE('',*,*,#832,.T.);
#49=ORIENTED_EDGE('',*,*,#833,.T.);
#50=ORIENTED_EDGE('',*,*,#834,.T.);
#51=ORIENTED_EDGE('',*,*,#835,.T.);
#52=ORIENTED_EDGE('',*,*,#836,.F.);
#53=ORIENTED_EDGE('',*,*,#837,.F.);
#54=ORIENTED_EDGE('',*,*,#838,.T.);
#55=ORIENTED_EDGE('',*,*,#839,.T.);
#56=ORIENTED_EDGE('',*,*,#840,.F.);
#57=ORIENTED_EDGE('',*,*,#841,.F.);
#58=ORIENTED_EDGE('',*,*,#842,.T.);
#59=ORIENTED_EDGE('',*,*,#843,.T.);
#60=ORIENTED_EDGE('',*,*,#844,.F.);
#61=ORIENTED_EDGE('',*,*,#845,.F.);
#62=ORIENTED_EDGE('',*,*,#846,.T.);
#63=ORIENTED_EDGE('',*,*,#847,.T.);
#64=ORIENTED_EDGE('',*,*,#848,.T.);
#65=ORIENTED_EDGE('',*,*,#849,.F.);
#66=ORIENTED_EDGE('',*,*,#850,.F.);
#67=ORIENTED_EDGE('',*,*,#851,.T.);
#68=ORIENTED_EDGE('',*,*,#852,.T.);
#69=ORIENTED_EDGE('',*,*,#853,.F.);
#70=ORIENTED_EDGE('',*,*,#854,.T.);
#71=ORIENTED_EDGE('',*,*,#855,.F.);
#72=ORIENTED_EDGE('',*,*,#856,.F.);
#73=ORIENTED_EDGE('',*,*,#857,.F.);
#74=ORIENTED_EDGE('',*,*,#858,.T.);
#75=ORIENTED_EDGE('',*,*,#859,.T.);
#76=ORIENTED_EDGE('',*,*,#860,.F.);
#77=ORIENTED_EDGE('',*,*,#861,.F.);
#78=ORIENTED_EDGE('',*,*,#862,.T.);
#79=ORIENTED_EDGE('',*,*,#863,.T.);
#80=ORIENTED_EDGE('',*,*,#848,.F.);
#81=ORIENTED_EDGE('',*,*,#864,.T.);
#82=ORIENTED_EDGE('',*,*,#858,.F.);
#83=ORIENTED_EDGE('',*,*,#865,.T.);
#84=ORIENTED_EDGE('',*,*,#866,.T.);
#85=ORIENTED_EDGE('',*,*,#867,.T.);
#86=ORIENTED_EDGE('',*,*,#868,.T.);
#87=ORIENTED_EDGE('',*,*,#869,.T.);
#88=ORIENTED_EDGE('',*,*,#870,.F.);
#89=ORIENTED_EDGE('',*,*,#871,.F.);
#90=ORIENTED_EDGE('',*,*,#872,.F.);
#91=ORIENTED_EDGE('',*,*,#873,.F.);
#92=ORIENTED_EDGE('',*,*,#874,.F.);
#93=ORIENTED_EDGE('',*,*,#875,.T.);
#94=ORIENTED_EDGE('',*,*,#876,.F.);
#95=ORIENTED_EDGE('',*,*,#877,.F.);
#96=ORIENTED_EDGE('',*,*,#865,.F.);
#97=ORIENTED_EDGE('',*,*,#857,.T.);
#98=ORIENTED_EDGE('',*,*,#878,.F.);
#99=ORIENTED_EDGE('',*,*,#879,.T.);
#100=ORIENTED_EDGE('',*,*,#866,.F.);
#101=ORIENTED_EDGE('',*,*,#880,.T.);
#102=ORIENTED_EDGE('',*,*,#881,.T.);
#103=ORIENTED_EDGE('',*,*,#882,.F.);
#104=ORIENTED_EDGE('',*,*,#883,.T.);
#105=ORIENTED_EDGE('',*,*,#830,.T.);
#106=ORIENTED_EDGE('',*,*,#884,.T.);
#107=ORIENTED_EDGE('',*,*,#849,.T.);
#108=ORIENTED_EDGE('',*,*,#885,.F.);
#109=ORIENTED_EDGE('',*,*,#886,.T.);
#110=ORIENTED_EDGE('',*,*,#887,.F.);
#111=ORIENTED_EDGE('',*,*,#888,.T.);
#112=ORIENTED_EDGE('',*,*,#889,.T.);
#113=ORIENTED_EDGE('',*,*,#890,.T.);
#114=ORIENTED_EDGE('',*,*,#891,.T.);
#115=ORIENTED_EDGE('',*,*,#832,.F.);
#116=ORIENTED_EDGE('',*,*,#892,.F.);
#117=ORIENTED_EDGE('',*,*,#893,.F.);
#118=ORIENTED_EDGE('',*,*,#894,.T.);
#119=ORIENTED_EDGE('',*,*,#895,.T.);
#120=ORIENTED_EDGE('',*,*,#896,.F.);
#121=ORIENTED_EDGE('',*,*,#897,.T.);
#122=ORIENTED_EDGE('',*,*,#898,.T.);
#123=ORIENTED_EDGE('',*,*,#899,.T.);
#124=ORIENTED_EDGE('',*,*,#872,.T.);
#125=ORIENTED_EDGE('',*,*,#900,.T.);
#126=ORIENTED_EDGE('',*,*,#901,.T.);
#127=ORIENTED_EDGE('',*,*,#902,.F.);
#128=ORIENTED_EDGE('',*,*,#903,.F.);
#129=ORIENTED_EDGE('',*,*,#904,.F.);
#130=ORIENTED_EDGE('',*,*,#905,.T.);
#131=ORIENTED_EDGE('',*,*,#887,.T.);
#132=ORIENTED_EDGE('',*,*,#906,.T.);
#133=ORIENTED_EDGE('',*,*,#907,.T.);
#134=ORIENTED_EDGE('',*,*,#889,.F.);
#135=ORIENTED_EDGE('',*,*,#908,.F.);
#136=ORIENTED_EDGE('',*,*,#900,.F.);
#137=ORIENTED_EDGE('',*,*,#871,.T.);
#138=ORIENTED_EDGE('',*,*,#909,.T.);
#139=ORIENTED_EDGE('',*,*,#910,.T.);
#140=ORIENTED_EDGE('',*,*,#911,.F.);
#141=ORIENTED_EDGE('',*,*,#885,.T.);
#142=ORIENTED_EDGE('',*,*,#912,.F.);
#143=ORIENTED_EDGE('',*,*,#913,.F.);
#144=ORIENTED_EDGE('',*,*,#909,.F.);
#145=ORIENTED_EDGE('',*,*,#870,.T.);
#146=ORIENTED_EDGE('',*,*,#914,.T.);
#147=ORIENTED_EDGE('',*,*,#915,.T.);
#148=ORIENTED_EDGE('',*,*,#906,.F.);
#149=ORIENTED_EDGE('',*,*,#916,.F.);
#150=ORIENTED_EDGE('',*,*,#904,.T.);
#151=ORIENTED_EDGE('',*,*,#917,.T.);
#152=ORIENTED_EDGE('',*,*,#913,.T.);
#153=ORIENTED_EDGE('',*,*,#918,.T.);
#154=ORIENTED_EDGE('',*,*,#919,.F.);
#155=ORIENTED_EDGE('',*,*,#920,.T.);
#156=ORIENTED_EDGE('',*,*,#873,.T.);
#157=ORIENTED_EDGE('',*,*,#899,.F.);
#158=ORIENTED_EDGE('',*,*,#921,.F.);
#159=ORIENTED_EDGE('',*,*,#922,.T.);
#160=ORIENTED_EDGE('',*,*,#874,.T.);
#161=ORIENTED_EDGE('',*,*,#920,.F.);
#162=ORIENTED_EDGE('',*,*,#923,.F.);
#163=ORIENTED_EDGE('',*,*,#883,.F.);
#164=ORIENTED_EDGE('',*,*,#924,.T.);
#165=ORIENTED_EDGE('',*,*,#896,.T.);
#166=ORIENTED_EDGE('',*,*,#925,.T.);
#167=ORIENTED_EDGE('',*,*,#926,.T.);
#168=ORIENTED_EDGE('',*,*,#927,.F.);
#169=ORIENTED_EDGE('',*,*,#892,.T.);
#170=ORIENTED_EDGE('',*,*,#831,.T.);
#171=ORIENTED_EDGE('',*,*,#928,.F.);
#172=ORIENTED_EDGE('',*,*,#929,.T.);
#173=ORIENTED_EDGE('',*,*,#925,.F.);
#174=ORIENTED_EDGE('',*,*,#895,.F.);
#175=ORIENTED_EDGE('',*,*,#930,.T.);
#176=ORIENTED_EDGE('',*,*,#931,.F.);
#177=ORIENTED_EDGE('',*,*,#932,.F.);
#178=ORIENTED_EDGE('',*,*,#933,.T.);
#179=ORIENTED_EDGE('',*,*,#934,.T.);
#180=ORIENTED_EDGE('',*,*,#935,.F.);
#181=ORIENTED_EDGE('',*,*,#893,.T.);
#182=ORIENTED_EDGE('',*,*,#927,.T.);
#183=ORIENTED_EDGE('',*,*,#936,.F.);
#184=ORIENTED_EDGE('',*,*,#932,.T.);
#185=ORIENTED_EDGE('',*,*,#926,.F.);
#186=ORIENTED_EDGE('',*,*,#929,.F.);
#187=ORIENTED_EDGE('',*,*,#934,.F.);
#188=ORIENTED_EDGE('',*,*,#937,.T.);
#189=ORIENTED_EDGE('',*,*,#931,.T.);
#190=ORIENTED_EDGE('',*,*,#938,.F.);
#191=ORIENTED_EDGE('',*,*,#939,.F.);
#192=ORIENTED_EDGE('',*,*,#881,.F.);
#193=ORIENTED_EDGE('',*,*,#940,.T.);
#194=ORIENTED_EDGE('',*,*,#941,.T.);
#195=ORIENTED_EDGE('',*,*,#942,.T.);
#196=ORIENTED_EDGE('',*,*,#943,.F.);
#197=ORIENTED_EDGE('',*,*,#944,.F.);
#198=ORIENTED_EDGE('',*,*,#945,.T.);
#199=ORIENTED_EDGE('',*,*,#946,.F.);
#200=ORIENTED_EDGE('',*,*,#876,.T.);
#201=ORIENTED_EDGE('',*,*,#947,.T.);
#202=ORIENTED_EDGE('',*,*,#945,.F.);
#203=ORIENTED_EDGE('',*,*,#948,.F.);
#204=ORIENTED_EDGE('',*,*,#949,.F.);
#205=ORIENTED_EDGE('',*,*,#950,.T.);
#206=ORIENTED_EDGE('',*,*,#951,.T.);
#207=ORIENTED_EDGE('',*,*,#952,.T.);
#208=ORIENTED_EDGE('',*,*,#941,.F.);
#209=ORIENTED_EDGE('',*,*,#953,.T.);
#210=ORIENTED_EDGE('',*,*,#954,.T.);
#211=ORIENTED_EDGE('',*,*,#955,.F.);
#212=ORIENTED_EDGE('',*,*,#956,.F.);
#213=ORIENTED_EDGE('',*,*,#957,.T.);
#214=ORIENTED_EDGE('',*,*,#958,.T.);
#215=ORIENTED_EDGE('',*,*,#959,.T.);
#216=ORIENTED_EDGE('',*,*,#960,.T.);
#217=ORIENTED_EDGE('',*,*,#961,.T.);
#218=ORIENTED_EDGE('',*,*,#962,.T.);
#219=ORIENTED_EDGE('',*,*,#963,.F.);
#220=ORIENTED_EDGE('',*,*,#964,.F.);
#221=ORIENTED_EDGE('',*,*,#965,.T.);
#222=ORIENTED_EDGE('',*,*,#966,.T.);
#223=ORIENTED_EDGE('',*,*,#967,.F.);
#224=ORIENTED_EDGE('',*,*,#968,.F.);
#225=ORIENTED_EDGE('',*,*,#880,.F.);
#226=ORIENTED_EDGE('',*,*,#877,.T.);
#227=ORIENTED_EDGE('',*,*,#946,.T.);
#228=ORIENTED_EDGE('',*,*,#940,.F.);
#229=ORIENTED_EDGE('',*,*,#944,.T.);
#230=ORIENTED_EDGE('',*,*,#969,.F.);
#231=ORIENTED_EDGE('',*,*,#970,.F.);
#232=ORIENTED_EDGE('',*,*,#948,.T.);
#233=ORIENTED_EDGE('',*,*,#943,.T.);
#234=ORIENTED_EDGE('',*,*,#971,.F.);
#235=ORIENTED_EDGE('',*,*,#972,.F.);
#236=ORIENTED_EDGE('',*,*,#973,.F.);
#237=ORIENTED_EDGE('',*,*,#974,.F.);
#238=ORIENTED_EDGE('',*,*,#969,.T.);
#239=ORIENTED_EDGE('',*,*,#975,.F.);
#240=ORIENTED_EDGE('',*,*,#971,.T.);
#241=ORIENTED_EDGE('',*,*,#942,.F.);
#242=ORIENTED_EDGE('',*,*,#952,.F.);
#243=ORIENTED_EDGE('',*,*,#949,.T.);
#244=ORIENTED_EDGE('',*,*,#970,.T.);
#245=ORIENTED_EDGE('',*,*,#974,.T.);
#246=ORIENTED_EDGE('',*,*,#976,.F.);
#247=ORIENTED_EDGE('',*,*,#975,.T.);
#248=ORIENTED_EDGE('',*,*,#951,.F.);
#249=ORIENTED_EDGE('',*,*,#977,.F.);
#250=ORIENTED_EDGE('',*,*,#972,.T.);
#251=ORIENTED_EDGE('',*,*,#973,.T.);
#252=ORIENTED_EDGE('',*,*,#977,.T.);
#253=ORIENTED_EDGE('',*,*,#950,.F.);
#254=ORIENTED_EDGE('',*,*,#976,.T.);
#255=ORIENTED_EDGE('',*,*,#935,.T.);
#256=ORIENTED_EDGE('',*,*,#938,.T.);
#257=ORIENTED_EDGE('',*,*,#930,.F.);
#258=ORIENTED_EDGE('',*,*,#894,.F.);
#259=ORIENTED_EDGE('',*,*,#978,.F.);
#260=ORIENTED_EDGE('',*,*,#979,.T.);
#261=ORIENTED_EDGE('',*,*,#980,.T.);
#262=ORIENTED_EDGE('',*,*,#808,.F.);
#263=ORIENTED_EDGE('',*,*,#936,.T.);
#264=ORIENTED_EDGE('',*,*,#928,.T.);
#265=ORIENTED_EDGE('',*,*,#937,.F.);
#266=ORIENTED_EDGE('',*,*,#933,.F.);
#267=ORIENTED_EDGE('',*,*,#888,.F.);
#268=ORIENTED_EDGE('',*,*,#905,.F.);
#269=ORIENTED_EDGE('',*,*,#916,.T.);
#270=ORIENTED_EDGE('',*,*,#908,.T.);
#271=ORIENTED_EDGE('',*,*,#902,.T.);
#272=ORIENTED_EDGE('',*,*,#981,.F.);
#273=ORIENTED_EDGE('',*,*,#918,.F.);
#274=ORIENTED_EDGE('',*,*,#912,.T.);
#275=ORIENTED_EDGE('',*,*,#901,.F.);
#276=ORIENTED_EDGE('',*,*,#910,.F.);
#277=ORIENTED_EDGE('',*,*,#919,.T.);
#278=ORIENTED_EDGE('',*,*,#981,.T.);
#279=ORIENTED_EDGE('',*,*,#947,.F.);
#280=ORIENTED_EDGE('',*,*,#875,.F.);
#281=ORIENTED_EDGE('',*,*,#922,.F.);
#282=ORIENTED_EDGE('',*,*,#982,.T.);
#283=ORIENTED_EDGE('',*,*,#897,.F.);
#284=ORIENTED_EDGE('',*,*,#924,.F.);
#285=ORIENTED_EDGE('',*,*,#882,.T.);
#286=ORIENTED_EDGE('',*,*,#939,.T.);
#287=ORIENTED_EDGE('',*,*,#898,.F.);
#288=ORIENTED_EDGE('',*,*,#982,.F.);
#289=ORIENTED_EDGE('',*,*,#923,.T.);
#290=ORIENTED_EDGE('',*,*,#921,.T.);
#291=ORIENTED_EDGE('',*,*,#983,.F.);
#292=ORIENTED_EDGE('',*,*,#984,.F.);
#293=ORIENTED_EDGE('',*,*,#914,.F.);
#294=ORIENTED_EDGE('',*,*,#869,.F.);
#295=ORIENTED_EDGE('',*,*,#985,.F.);
#296=ORIENTED_EDGE('',*,*,#915,.F.);
#297=ORIENTED_EDGE('',*,*,#986,.F.);
#298=ORIENTED_EDGE('',*,*,#987,.F.);
#299=ORIENTED_EDGE('',*,*,#988,.T.);
#300=ORIENTED_EDGE('',*,*,#890,.F.);
#301=ORIENTED_EDGE('',*,*,#907,.F.);
#302=ORIENTED_EDGE('',*,*,#917,.F.);
#303=ORIENTED_EDGE('',*,*,#903,.T.);
#304=ORIENTED_EDGE('',*,*,#886,.F.);
#305=ORIENTED_EDGE('',*,*,#911,.T.);
#306=ORIENTED_EDGE('',*,*,#891,.F.);
#307=ORIENTED_EDGE('',*,*,#988,.F.);
#308=ORIENTED_EDGE('',*,*,#989,.T.);
#309=ORIENTED_EDGE('',*,*,#850,.T.);
#310=ORIENTED_EDGE('',*,*,#884,.F.);
#311=ORIENTED_EDGE('',*,*,#833,.F.);
#312=ORIENTED_EDGE('',*,*,#984,.T.);
#313=ORIENTED_EDGE('',*,*,#990,.T.);
#314=ORIENTED_EDGE('',*,*,#852,.F.);
#315=ORIENTED_EDGE('',*,*,#991,.F.);
#316=ORIENTED_EDGE('',*,*,#986,.T.);
#317=ORIENTED_EDGE('',*,*,#989,.F.);
#318=ORIENTED_EDGE('',*,*,#987,.T.);
#319=ORIENTED_EDGE('',*,*,#991,.T.);
#320=ORIENTED_EDGE('',*,*,#851,.F.);
#321=ORIENTED_EDGE('',*,*,#983,.T.);
#322=ORIENTED_EDGE('',*,*,#992,.T.);
#323=ORIENTED_EDGE('',*,*,#863,.F.);
#324=ORIENTED_EDGE('',*,*,#993,.F.);
#325=ORIENTED_EDGE('',*,*,#853,.T.);
#326=ORIENTED_EDGE('',*,*,#990,.F.);
#327=ORIENTED_EDGE('',*,*,#994,.F.);
#328=ORIENTED_EDGE('',*,*,#854,.F.);
#329=ORIENTED_EDGE('',*,*,#993,.T.);
#330=ORIENTED_EDGE('',*,*,#862,.F.);
#331=ORIENTED_EDGE('',*,*,#965,.F.);
#332=ORIENTED_EDGE('',*,*,#995,.F.);
#333=ORIENTED_EDGE('',*,*,#996,.T.);
#334=ORIENTED_EDGE('',*,*,#997,.T.);
#335=ORIENTED_EDGE('',*,*,#818,.T.);
#336=ORIENTED_EDGE('',*,*,#998,.T.);
#337=ORIENTED_EDGE('',*,*,#968,.T.);
#338=ORIENTED_EDGE('',*,*,#999,.F.);
#339=ORIENTED_EDGE('',*,*,#1000,.F.);
#340=ORIENTED_EDGE('',*,*,#995,.T.);
#341=ORIENTED_EDGE('',*,*,#967,.T.);
#342=ORIENTED_EDGE('',*,*,#1001,.F.);
#343=ORIENTED_EDGE('',*,*,#820,.F.);
#344=ORIENTED_EDGE('',*,*,#1002,.F.);
#345=ORIENTED_EDGE('',*,*,#1003,.F.);
#346=ORIENTED_EDGE('',*,*,#999,.T.);
#347=ORIENTED_EDGE('',*,*,#966,.F.);
#348=ORIENTED_EDGE('',*,*,#998,.F.);
#349=ORIENTED_EDGE('',*,*,#821,.T.);
#350=ORIENTED_EDGE('',*,*,#1001,.T.);
#351=ORIENTED_EDGE('',*,*,#961,.F.);
#352=ORIENTED_EDGE('',*,*,#1004,.F.);
#353=ORIENTED_EDGE('',*,*,#1005,.T.);
#354=ORIENTED_EDGE('',*,*,#1006,.T.);
#355=ORIENTED_EDGE('',*,*,#822,.T.);
#356=ORIENTED_EDGE('',*,*,#1007,.T.);
#357=ORIENTED_EDGE('',*,*,#964,.T.);
#358=ORIENTED_EDGE('',*,*,#1008,.F.);
#359=ORIENTED_EDGE('',*,*,#1009,.F.);
#360=ORIENTED_EDGE('',*,*,#1004,.T.);
#361=ORIENTED_EDGE('',*,*,#963,.T.);
#362=ORIENTED_EDGE('',*,*,#1010,.F.);
#363=ORIENTED_EDGE('',*,*,#824,.F.);
#364=ORIENTED_EDGE('',*,*,#1011,.F.);
#365=ORIENTED_EDGE('',*,*,#1012,.F.);
#366=ORIENTED_EDGE('',*,*,#1008,.T.);
#367=ORIENTED_EDGE('',*,*,#962,.F.);
#368=ORIENTED_EDGE('',*,*,#1007,.F.);
#369=ORIENTED_EDGE('',*,*,#825,.T.);
#370=ORIENTED_EDGE('',*,*,#1010,.T.);
#371=ORIENTED_EDGE('',*,*,#957,.F.);
#372=ORIENTED_EDGE('',*,*,#1013,.F.);
#373=ORIENTED_EDGE('',*,*,#1014,.T.);
#374=ORIENTED_EDGE('',*,*,#1015,.T.);
#375=ORIENTED_EDGE('',*,*,#960,.F.);
#376=ORIENTED_EDGE('',*,*,#1016,.F.);
#377=ORIENTED_EDGE('',*,*,#1017,.T.);
#378=ORIENTED_EDGE('',*,*,#1018,.T.);
#379=ORIENTED_EDGE('',*,*,#1019,.F.);
#380=ORIENTED_EDGE('',*,*,#1013,.T.);
#381=ORIENTED_EDGE('',*,*,#959,.F.);
#382=ORIENTED_EDGE('',*,*,#1020,.F.);
#383=ORIENTED_EDGE('',*,*,#1021,.F.);
#384=ORIENTED_EDGE('',*,*,#1016,.T.);
#385=ORIENTED_EDGE('',*,*,#958,.F.);
#386=ORIENTED_EDGE('',*,*,#1015,.F.);
#387=ORIENTED_EDGE('',*,*,#1022,.T.);
#388=ORIENTED_EDGE('',*,*,#1023,.F.);
#389=ORIENTED_EDGE('',*,*,#1024,.F.);
#390=ORIENTED_EDGE('',*,*,#1020,.T.);
#391=ORIENTED_EDGE('',*,*,#953,.F.);
#392=ORIENTED_EDGE('',*,*,#1025,.F.);
#393=ORIENTED_EDGE('',*,*,#1026,.T.);
#394=ORIENTED_EDGE('',*,*,#1027,.T.);
#395=ORIENTED_EDGE('',*,*,#826,.T.);
#396=ORIENTED_EDGE('',*,*,#1028,.T.);
#397=ORIENTED_EDGE('',*,*,#956,.T.);
#398=ORIENTED_EDGE('',*,*,#1029,.F.);
#399=ORIENTED_EDGE('',*,*,#1030,.F.);
#400=ORIENTED_EDGE('',*,*,#1025,.T.);
#401=ORIENTED_EDGE('',*,*,#955,.T.);
#402=ORIENTED_EDGE('',*,*,#1031,.F.);
#403=ORIENTED_EDGE('',*,*,#828,.F.);
#404=ORIENTED_EDGE('',*,*,#1032,.F.);
#405=ORIENTED_EDGE('',*,*,#1033,.F.);
#406=ORIENTED_EDGE('',*,*,#1029,.T.);
#407=ORIENTED_EDGE('',*,*,#954,.F.);
#408=ORIENTED_EDGE('',*,*,#1028,.F.);
#409=ORIENTED_EDGE('',*,*,#829,.T.);
#410=ORIENTED_EDGE('',*,*,#1031,.T.);
#411=ORIENTED_EDGE('',*,*,#1034,.T.);
#412=ORIENTED_EDGE('',*,*,#1035,.F.);
#413=ORIENTED_EDGE('',*,*,#1036,.F.);
#414=ORIENTED_EDGE('',*,*,#843,.F.);
#415=ORIENTED_EDGE('',*,*,#844,.T.);
#416=ORIENTED_EDGE('',*,*,#1036,.T.);
#417=ORIENTED_EDGE('',*,*,#1037,.T.);
#418=ORIENTED_EDGE('',*,*,#1038,.F.);
#419=ORIENTED_EDGE('',*,*,#845,.T.);
#420=ORIENTED_EDGE('',*,*,#1038,.T.);
#421=ORIENTED_EDGE('',*,*,#1039,.T.);
#422=ORIENTED_EDGE('',*,*,#1040,.F.);
#423=ORIENTED_EDGE('',*,*,#1040,.T.);
#424=ORIENTED_EDGE('',*,*,#1041,.F.);
#425=ORIENTED_EDGE('',*,*,#1034,.F.);
#426=ORIENTED_EDGE('',*,*,#842,.F.);
#427=ORIENTED_EDGE('',*,*,#1042,.T.);
#428=ORIENTED_EDGE('',*,*,#1043,.F.);
#429=ORIENTED_EDGE('',*,*,#1044,.F.);
#430=ORIENTED_EDGE('',*,*,#839,.F.);
#431=ORIENTED_EDGE('',*,*,#840,.T.);
#432=ORIENTED_EDGE('',*,*,#1044,.T.);
#433=ORIENTED_EDGE('',*,*,#1045,.T.);
#434=ORIENTED_EDGE('',*,*,#1046,.F.);
#435=ORIENTED_EDGE('',*,*,#841,.T.);
#436=ORIENTED_EDGE('',*,*,#1046,.T.);
#437=ORIENTED_EDGE('',*,*,#1047,.T.);
#438=ORIENTED_EDGE('',*,*,#1048,.F.);
#439=ORIENTED_EDGE('',*,*,#1048,.T.);
#440=ORIENTED_EDGE('',*,*,#1049,.F.);
#441=ORIENTED_EDGE('',*,*,#1042,.F.);
#442=ORIENTED_EDGE('',*,*,#838,.F.);
#443=ORIENTED_EDGE('',*,*,#1050,.T.);
#444=ORIENTED_EDGE('',*,*,#1051,.F.);
#445=ORIENTED_EDGE('',*,*,#1052,.F.);
#446=ORIENTED_EDGE('',*,*,#835,.F.);
#447=ORIENTED_EDGE('',*,*,#836,.T.);
#448=ORIENTED_EDGE('',*,*,#1052,.T.);
#449=ORIENTED_EDGE('',*,*,#1053,.T.);
#450=ORIENTED_EDGE('',*,*,#1054,.F.);
#451=ORIENTED_EDGE('',*,*,#837,.T.);
#452=ORIENTED_EDGE('',*,*,#1054,.T.);
#453=ORIENTED_EDGE('',*,*,#1055,.T.);
#454=ORIENTED_EDGE('',*,*,#1056,.F.);
#455=ORIENTED_EDGE('',*,*,#1056,.T.);
#456=ORIENTED_EDGE('',*,*,#1057,.F.);
#457=ORIENTED_EDGE('',*,*,#1050,.F.);
#458=ORIENTED_EDGE('',*,*,#834,.F.);
#459=ORIENTED_EDGE('',*,*,#1058,.T.);
#460=ORIENTED_EDGE('',*,*,#1059,.F.);
#461=ORIENTED_EDGE('',*,*,#1060,.F.);
#462=ORIENTED_EDGE('',*,*,#859,.F.);
#463=ORIENTED_EDGE('',*,*,#864,.F.);
#464=ORIENTED_EDGE('',*,*,#847,.F.);
#465=ORIENTED_EDGE('',*,*,#860,.T.);
#466=ORIENTED_EDGE('',*,*,#1060,.T.);
#467=ORIENTED_EDGE('',*,*,#1061,.T.);
#468=ORIENTED_EDGE('',*,*,#1062,.F.);
#469=ORIENTED_EDGE('',*,*,#855,.T.);
#470=ORIENTED_EDGE('',*,*,#994,.T.);
#471=ORIENTED_EDGE('',*,*,#861,.T.);
#472=ORIENTED_EDGE('',*,*,#1062,.T.);
#473=ORIENTED_EDGE('',*,*,#1063,.T.);
#474=ORIENTED_EDGE('',*,*,#1064,.F.);
#475=ORIENTED_EDGE('',*,*,#1064,.T.);
#476=ORIENTED_EDGE('',*,*,#1065,.F.);
#477=ORIENTED_EDGE('',*,*,#1058,.F.);
#478=ORIENTED_EDGE('',*,*,#846,.F.);
#479=ORIENTED_EDGE('',*,*,#1066,.F.);
#480=ORIENTED_EDGE('',*,*,#1026,.F.);
#481=ORIENTED_EDGE('',*,*,#1030,.T.);
#482=ORIENTED_EDGE('',*,*,#1033,.T.);
#483=ORIENTED_EDGE('',*,*,#827,.F.);
#484=ORIENTED_EDGE('',*,*,#1027,.F.);
#485=ORIENTED_EDGE('',*,*,#1066,.T.);
#486=ORIENTED_EDGE('',*,*,#1032,.T.);
#487=ORIENTED_EDGE('',*,*,#1067,.F.);
#488=ORIENTED_EDGE('',*,*,#1068,.T.);
#489=ORIENTED_EDGE('',*,*,#1069,.T.);
#490=ORIENTED_EDGE('',*,*,#1070,.F.);
#491=ORIENTED_EDGE('',*,*,#1037,.F.);
#492=ORIENTED_EDGE('',*,*,#1035,.T.);
#493=ORIENTED_EDGE('',*,*,#1041,.T.);
#494=ORIENTED_EDGE('',*,*,#1039,.F.);
#495=ORIENTED_EDGE('',*,*,#1071,.F.);
#496=ORIENTED_EDGE('',*,*,#1072,.T.);
#497=ORIENTED_EDGE('',*,*,#1073,.T.);
#498=ORIENTED_EDGE('',*,*,#1074,.F.);
#499=ORIENTED_EDGE('',*,*,#1045,.F.);
#500=ORIENTED_EDGE('',*,*,#1043,.T.);
#501=ORIENTED_EDGE('',*,*,#1049,.T.);
#502=ORIENTED_EDGE('',*,*,#1047,.F.);
#503=ORIENTED_EDGE('',*,*,#1014,.F.);
#504=ORIENTED_EDGE('',*,*,#1019,.T.);
#505=ORIENTED_EDGE('',*,*,#1075,.T.);
#506=ORIENTED_EDGE('',*,*,#1022,.F.);
#507=ORIENTED_EDGE('',*,*,#1075,.F.);
#508=ORIENTED_EDGE('',*,*,#1018,.F.);
#509=ORIENTED_EDGE('',*,*,#1076,.T.);
#510=ORIENTED_EDGE('',*,*,#1023,.T.);
#511=ORIENTED_EDGE('',*,*,#1017,.F.);
#512=ORIENTED_EDGE('',*,*,#1021,.T.);
#513=ORIENTED_EDGE('',*,*,#1024,.T.);
#514=ORIENTED_EDGE('',*,*,#1076,.F.);
#515=ORIENTED_EDGE('',*,*,#1005,.F.);
#516=ORIENTED_EDGE('',*,*,#1009,.T.);
#517=ORIENTED_EDGE('',*,*,#1012,.T.);
#518=ORIENTED_EDGE('',*,*,#1077,.F.);
#519=ORIENTED_EDGE('',*,*,#823,.F.);
#520=ORIENTED_EDGE('',*,*,#1006,.F.);
#521=ORIENTED_EDGE('',*,*,#1077,.T.);
#522=ORIENTED_EDGE('',*,*,#1011,.T.);
#523=ORIENTED_EDGE('',*,*,#1078,.F.);
#524=ORIENTED_EDGE('',*,*,#1079,.T.);
#525=ORIENTED_EDGE('',*,*,#1080,.T.);
#526=ORIENTED_EDGE('',*,*,#1081,.F.);
#527=ORIENTED_EDGE('',*,*,#1053,.F.);
#528=ORIENTED_EDGE('',*,*,#1051,.T.);
#529=ORIENTED_EDGE('',*,*,#1057,.T.);
#530=ORIENTED_EDGE('',*,*,#1055,.F.);
#531=ORIENTED_EDGE('',*,*,#996,.F.);
#532=ORIENTED_EDGE('',*,*,#1000,.T.);
#533=ORIENTED_EDGE('',*,*,#1003,.T.);
#534=ORIENTED_EDGE('',*,*,#1082,.F.);
#535=ORIENTED_EDGE('',*,*,#819,.F.);
#536=ORIENTED_EDGE('',*,*,#997,.F.);
#537=ORIENTED_EDGE('',*,*,#1082,.T.);
#538=ORIENTED_EDGE('',*,*,#1002,.T.);
#539=ORIENTED_EDGE('',*,*,#1083,.F.);
#540=ORIENTED_EDGE('',*,*,#1084,.T.);
#541=ORIENTED_EDGE('',*,*,#1085,.T.);
#542=ORIENTED_EDGE('',*,*,#1086,.F.);
#543=ORIENTED_EDGE('',*,*,#1061,.F.);
#544=ORIENTED_EDGE('',*,*,#1059,.T.);
#545=ORIENTED_EDGE('',*,*,#1065,.T.);
#546=ORIENTED_EDGE('',*,*,#1063,.F.);
#547=ORIENTED_EDGE('',*,*,#1084,.F.);
#548=ORIENTED_EDGE('',*,*,#1087,.F.);
#549=ORIENTED_EDGE('',*,*,#1088,.T.);
#550=ORIENTED_EDGE('',*,*,#1089,.T.);
#551=ORIENTED_EDGE('',*,*,#1083,.T.);
#552=ORIENTED_EDGE('',*,*,#1090,.F.);
#553=ORIENTED_EDGE('',*,*,#1091,.F.);
#554=ORIENTED_EDGE('',*,*,#1087,.T.);
#555=ORIENTED_EDGE('',*,*,#1086,.T.);
#556=ORIENTED_EDGE('',*,*,#1092,.F.);
#557=ORIENTED_EDGE('',*,*,#1093,.F.);
#558=ORIENTED_EDGE('',*,*,#1090,.T.);
#559=ORIENTED_EDGE('',*,*,#1094,.F.);
#560=ORIENTED_EDGE('',*,*,#1095,.F.);
#561=ORIENTED_EDGE('',*,*,#1096,.T.);
#562=ORIENTED_EDGE('',*,*,#1097,.T.);
#563=ORIENTED_EDGE('',*,*,#1085,.F.);
#564=ORIENTED_EDGE('',*,*,#1089,.F.);
#565=ORIENTED_EDGE('',*,*,#1098,.T.);
#566=ORIENTED_EDGE('',*,*,#1092,.T.);
#567=ORIENTED_EDGE('',*,*,#1088,.F.);
#568=ORIENTED_EDGE('',*,*,#1091,.T.);
#569=ORIENTED_EDGE('',*,*,#1093,.T.);
#570=ORIENTED_EDGE('',*,*,#1098,.F.);
#571=ORIENTED_EDGE('',*,*,#1079,.F.);
#572=ORIENTED_EDGE('',*,*,#1099,.F.);
#573=ORIENTED_EDGE('',*,*,#1100,.F.);
#574=ORIENTED_EDGE('',*,*,#1097,.F.);
#575=ORIENTED_EDGE('',*,*,#1101,.T.);
#576=ORIENTED_EDGE('',*,*,#817,.F.);
#577=ORIENTED_EDGE('',*,*,#1102,.T.);
#578=ORIENTED_EDGE('',*,*,#1103,.T.);
#579=ORIENTED_EDGE('',*,*,#1104,.F.);
#580=ORIENTED_EDGE('',*,*,#1105,.T.);
#581=ORIENTED_EDGE('',*,*,#1099,.T.);
#582=ORIENTED_EDGE('',*,*,#1078,.T.);
#583=ORIENTED_EDGE('',*,*,#1081,.T.);
#584=ORIENTED_EDGE('',*,*,#1106,.F.);
#585=ORIENTED_EDGE('',*,*,#1107,.F.);
#586=ORIENTED_EDGE('',*,*,#815,.T.);
#587=ORIENTED_EDGE('',*,*,#1108,.F.);
#588=ORIENTED_EDGE('',*,*,#1095,.T.);
#589=ORIENTED_EDGE('',*,*,#1109,.T.);
#590=ORIENTED_EDGE('',*,*,#1104,.T.);
#591=ORIENTED_EDGE('',*,*,#1080,.F.);
#592=ORIENTED_EDGE('',*,*,#1103,.F.);
#593=ORIENTED_EDGE('',*,*,#1110,.T.);
#594=ORIENTED_EDGE('',*,*,#1106,.T.);
#595=ORIENTED_EDGE('',*,*,#1102,.F.);
#596=ORIENTED_EDGE('',*,*,#816,.T.);
#597=ORIENTED_EDGE('',*,*,#1107,.T.);
#598=ORIENTED_EDGE('',*,*,#1110,.F.);
#599=ORIENTED_EDGE('',*,*,#1072,.F.);
#600=ORIENTED_EDGE('',*,*,#1111,.F.);
#601=ORIENTED_EDGE('',*,*,#1112,.T.);
#602=ORIENTED_EDGE('',*,*,#1113,.T.);
#603=ORIENTED_EDGE('',*,*,#1071,.T.);
#604=ORIENTED_EDGE('',*,*,#1114,.F.);
#605=ORIENTED_EDGE('',*,*,#1115,.F.);
#606=ORIENTED_EDGE('',*,*,#1111,.T.);
#607=ORIENTED_EDGE('',*,*,#1074,.T.);
#608=ORIENTED_EDGE('',*,*,#1116,.F.);
#609=ORIENTED_EDGE('',*,*,#1117,.F.);
#610=ORIENTED_EDGE('',*,*,#1114,.T.);
#611=ORIENTED_EDGE('',*,*,#1073,.F.);
#612=ORIENTED_EDGE('',*,*,#1113,.F.);
#613=ORIENTED_EDGE('',*,*,#1118,.T.);
#614=ORIENTED_EDGE('',*,*,#1116,.T.);
#615=ORIENTED_EDGE('',*,*,#1112,.F.);
#616=ORIENTED_EDGE('',*,*,#1115,.T.);
#617=ORIENTED_EDGE('',*,*,#1117,.T.);
#618=ORIENTED_EDGE('',*,*,#1118,.F.);
#619=ORIENTED_EDGE('',*,*,#1119,.F.);
#620=ORIENTED_EDGE('',*,*,#1120,.T.);
#621=ORIENTED_EDGE('',*,*,#1068,.F.);
#622=ORIENTED_EDGE('',*,*,#1121,.F.);
#623=ORIENTED_EDGE('',*,*,#1122,.T.);
#624=ORIENTED_EDGE('',*,*,#1121,.T.);
#625=ORIENTED_EDGE('',*,*,#1067,.T.);
#626=ORIENTED_EDGE('',*,*,#1123,.F.);
#627=ORIENTED_EDGE('',*,*,#1124,.F.);
#628=ORIENTED_EDGE('',*,*,#1125,.F.);
#629=ORIENTED_EDGE('',*,*,#1126,.F.);
#630=ORIENTED_EDGE('',*,*,#1127,.T.);
#631=ORIENTED_EDGE('',*,*,#1123,.T.);
#632=ORIENTED_EDGE('',*,*,#1070,.T.);
#633=ORIENTED_EDGE('',*,*,#1128,.F.);
#634=ORIENTED_EDGE('',*,*,#1126,.T.);
#635=ORIENTED_EDGE('',*,*,#1069,.F.);
#636=ORIENTED_EDGE('',*,*,#1120,.F.);
#637=ORIENTED_EDGE('',*,*,#979,.F.);
#638=ORIENTED_EDGE('',*,*,#1129,.F.);
#639=ORIENTED_EDGE('',*,*,#1130,.T.);
#640=ORIENTED_EDGE('',*,*,#1131,.T.);
#641=ORIENTED_EDGE('',*,*,#1132,.F.);
#642=ORIENTED_EDGE('',*,*,#1133,.T.);
#643=ORIENTED_EDGE('',*,*,#1134,.T.);
#644=ORIENTED_EDGE('',*,*,#1135,.F.);
#645=ORIENTED_EDGE('',*,*,#1136,.T.);
#646=ORIENTED_EDGE('',*,*,#1137,.T.);
#647=ORIENTED_EDGE('',*,*,#805,.F.);
#648=ORIENTED_EDGE('',*,*,#1138,.F.);
#649=ORIENTED_EDGE('',*,*,#811,.F.);
#650=ORIENTED_EDGE('',*,*,#1139,.F.);
#651=ORIENTED_EDGE('',*,*,#1129,.T.);
#652=ORIENTED_EDGE('',*,*,#978,.T.);
#653=ORIENTED_EDGE('',*,*,#807,.F.);
#654=ORIENTED_EDGE('',*,*,#1140,.F.);
#655=ORIENTED_EDGE('',*,*,#980,.F.);
#656=ORIENTED_EDGE('',*,*,#1131,.F.);
#657=ORIENTED_EDGE('',*,*,#1141,.T.);
#658=ORIENTED_EDGE('',*,*,#809,.T.);
#659=ORIENTED_EDGE('',*,*,#1125,.T.);
#660=ORIENTED_EDGE('',*,*,#1124,.T.);
#661=ORIENTED_EDGE('',*,*,#1142,.T.);
#662=ORIENTED_EDGE('',*,*,#1140,.T.);
#663=ORIENTED_EDGE('',*,*,#1143,.F.);
#664=ORIENTED_EDGE('',*,*,#1144,.F.);
#665=ORIENTED_EDGE('',*,*,#1122,.F.);
#666=ORIENTED_EDGE('',*,*,#1137,.F.);
#667=ORIENTED_EDGE('',*,*,#1145,.F.);
#668=ORIENTED_EDGE('',*,*,#1146,.T.);
#669=ORIENTED_EDGE('',*,*,#1147,.T.);
#670=ORIENTED_EDGE('',*,*,#1128,.T.);
#671=ORIENTED_EDGE('',*,*,#1119,.T.);
#672=ORIENTED_EDGE('',*,*,#1148,.T.);
#673=ORIENTED_EDGE('',*,*,#1145,.T.);
#674=ORIENTED_EDGE('',*,*,#1136,.F.);
#675=ORIENTED_EDGE('',*,*,#1142,.F.);
#676=ORIENTED_EDGE('',*,*,#1127,.F.);
#677=ORIENTED_EDGE('',*,*,#806,.T.);
#678=ORIENTED_EDGE('',*,*,#1147,.F.);
#679=ORIENTED_EDGE('',*,*,#1149,.F.);
#680=ORIENTED_EDGE('',*,*,#1143,.T.);
#681=ORIENTED_EDGE('',*,*,#1146,.F.);
#682=ORIENTED_EDGE('',*,*,#1148,.F.);
#683=ORIENTED_EDGE('',*,*,#1144,.T.);
#684=ORIENTED_EDGE('',*,*,#1149,.T.);
#685=ORIENTED_EDGE('',*,*,#1130,.F.);
#686=ORIENTED_EDGE('',*,*,#1139,.T.);
#687=ORIENTED_EDGE('',*,*,#810,.T.);
#688=ORIENTED_EDGE('',*,*,#1141,.F.);
#689=ORIENTED_EDGE('',*,*,#1133,.F.);
#690=ORIENTED_EDGE('',*,*,#1150,.F.);
#691=ORIENTED_EDGE('',*,*,#1151,.T.);
#692=ORIENTED_EDGE('',*,*,#1152,.T.);
#693=ORIENTED_EDGE('',*,*,#1132,.T.);
#694=ORIENTED_EDGE('',*,*,#1153,.F.);
#695=ORIENTED_EDGE('',*,*,#1154,.F.);
#696=ORIENTED_EDGE('',*,*,#1150,.T.);
#697=ORIENTED_EDGE('',*,*,#1135,.T.);
#698=ORIENTED_EDGE('',*,*,#1155,.F.);
#699=ORIENTED_EDGE('',*,*,#1156,.F.);
#700=ORIENTED_EDGE('',*,*,#1153,.T.);
#701=ORIENTED_EDGE('',*,*,#1134,.F.);
#702=ORIENTED_EDGE('',*,*,#1152,.F.);
#703=ORIENTED_EDGE('',*,*,#1157,.T.);
#704=ORIENTED_EDGE('',*,*,#1155,.T.);
#705=ORIENTED_EDGE('',*,*,#1151,.F.);
#706=ORIENTED_EDGE('',*,*,#1154,.T.);
#707=ORIENTED_EDGE('',*,*,#1156,.T.);
#708=ORIENTED_EDGE('',*,*,#1157,.F.);
#709=ORIENTED_EDGE('',*,*,#1109,.F.);
#710=ORIENTED_EDGE('',*,*,#1094,.T.);
#711=ORIENTED_EDGE('',*,*,#1100,.T.);
#712=ORIENTED_EDGE('',*,*,#1105,.F.);
#713=ORIENTED_EDGE('',*,*,#1158,.F.);
#714=ORIENTED_EDGE('',*,*,#1159,.T.);
#715=ORIENTED_EDGE('',*,*,#1160,.T.);
#716=ORIENTED_EDGE('',*,*,#1161,.F.);
#717=ORIENTED_EDGE('',*,*,#1096,.F.);
#718=ORIENTED_EDGE('',*,*,#1108,.T.);
#719=ORIENTED_EDGE('',*,*,#814,.T.);
#720=ORIENTED_EDGE('',*,*,#1101,.F.);
#721=ORIENTED_EDGE('',*,*,#1159,.F.);
#722=ORIENTED_EDGE('',*,*,#1162,.F.);
#723=ORIENTED_EDGE('',*,*,#1163,.T.);
#724=ORIENTED_EDGE('',*,*,#1164,.T.);
#725=ORIENTED_EDGE('',*,*,#1158,.T.);
#726=ORIENTED_EDGE('',*,*,#1165,.F.);
#727=ORIENTED_EDGE('',*,*,#1166,.F.);
#728=ORIENTED_EDGE('',*,*,#1162,.T.);
#729=ORIENTED_EDGE('',*,*,#1161,.T.);
#730=ORIENTED_EDGE('',*,*,#1167,.F.);
#731=ORIENTED_EDGE('',*,*,#1168,.F.);
#732=ORIENTED_EDGE('',*,*,#1165,.T.);
#733=ORIENTED_EDGE('',*,*,#1160,.F.);
#734=ORIENTED_EDGE('',*,*,#1164,.F.);
#735=ORIENTED_EDGE('',*,*,#1169,.T.);
#736=ORIENTED_EDGE('',*,*,#1167,.T.);
#737=ORIENTED_EDGE('',*,*,#1163,.F.);
#738=ORIENTED_EDGE('',*,*,#1166,.T.);
#739=ORIENTED_EDGE('',*,*,#1168,.T.);
#740=ORIENTED_EDGE('',*,*,#1169,.F.);
#741=ORIENTED_EDGE('',*,*,#813,.F.);
#742=ORIENTED_EDGE('',*,*,#1170,.F.);
#743=ORIENTED_EDGE('',*,*,#796,.T.);
#744=ORIENTED_EDGE('',*,*,#1171,.T.);
#745=ORIENTED_EDGE('',*,*,#812,.T.);
#746=ORIENTED_EDGE('',*,*,#1172,.F.);
#747=ORIENTED_EDGE('',*,*,#1173,.F.);
#748=ORIENTED_EDGE('',*,*,#797,.F.);
#749=ORIENTED_EDGE('',*,*,#1170,.T.);
#750=ORIENTED_EDGE('',*,*,#804,.F.);
#751=ORIENTED_EDGE('',*,*,#1171,.F.);
#752=ORIENTED_EDGE('',*,*,#799,.T.);
#753=ORIENTED_EDGE('',*,*,#1174,.T.);
#754=ORIENTED_EDGE('',*,*,#1175,.T.);
#755=ORIENTED_EDGE('',*,*,#1172,.T.);
#756=ORIENTED_EDGE('',*,*,#1138,.T.);
#757=ORIENTED_EDGE('',*,*,#1175,.F.);
#758=ORIENTED_EDGE('',*,*,#1176,.F.);
#759=ORIENTED_EDGE('',*,*,#1176,.T.);
#760=ORIENTED_EDGE('',*,*,#1174,.F.);
#761=ORIENTED_EDGE('',*,*,#798,.F.);
#762=ORIENTED_EDGE('',*,*,#1173,.T.);
#763=ORIENTED_EDGE('',*,*,#801,.F.);
#764=ORIENTED_EDGE('',*,*,#1177,.F.);
#765=ORIENTED_EDGE('',*,*,#1178,.T.);
#766=ORIENTED_EDGE('',*,*,#1179,.T.);
#767=ORIENTED_EDGE('',*,*,#800,.T.);
#768=ORIENTED_EDGE('',*,*,#1180,.F.);
#769=ORIENTED_EDGE('',*,*,#1181,.F.);
#770=ORIENTED_EDGE('',*,*,#1177,.T.);
#771=ORIENTED_EDGE('',*,*,#803,.T.);
#772=ORIENTED_EDGE('',*,*,#1182,.F.);
#773=ORIENTED_EDGE('',*,*,#1183,.F.);
#774=ORIENTED_EDGE('',*,*,#1180,.T.);
#775=ORIENTED_EDGE('',*,*,#802,.F.);
#776=ORIENTED_EDGE('',*,*,#1179,.F.);
#777=ORIENTED_EDGE('',*,*,#1184,.T.);
#778=ORIENTED_EDGE('',*,*,#1182,.T.);
#779=ORIENTED_EDGE('',*,*,#1178,.F.);
#780=ORIENTED_EDGE('',*,*,#1181,.T.);
#781=ORIENTED_EDGE('',*,*,#1183,.T.);
#782=ORIENTED_EDGE('',*,*,#1184,.F.);
#783=ORIENTED_EDGE('',*,*,#1185,.T.);
#784=ORIENTED_EDGE('',*,*,#985,.T.);
#785=ORIENTED_EDGE('',*,*,#868,.F.);
#786=ORIENTED_EDGE('',*,*,#1186,.F.);
#787=ORIENTED_EDGE('',*,*,#856,.T.);
#788=ORIENTED_EDGE('',*,*,#992,.F.);
#789=ORIENTED_EDGE('',*,*,#1185,.F.);
#790=ORIENTED_EDGE('',*,*,#1187,.F.);
#791=ORIENTED_EDGE('',*,*,#878,.T.);
#792=ORIENTED_EDGE('',*,*,#879,.F.);
#793=ORIENTED_EDGE('',*,*,#1187,.T.);
#794=ORIENTED_EDGE('',*,*,#1186,.T.);
#795=ORIENTED_EDGE('',*,*,#867,.F.);
#796=EDGE_CURVE('',#1188,#1189,#1447,.T.);
#797=EDGE_CURVE('',#1188,#1190,#1448,.T.);
#798=EDGE_CURVE('',#1190,#1191,#1449,.T.);
#799=EDGE_CURVE('',#1189,#1191,#1450,.T.);
#800=EDGE_CURVE('',#1192,#1193,#1451,.T.);
#801=EDGE_CURVE('',#1192,#1194,#1452,.T.);
#802=EDGE_CURVE('',#1194,#1195,#1453,.T.);
#803=EDGE_CURVE('',#1193,#1195,#1454,.T.);
#804=EDGE_CURVE('',#1196,#1197,#1455,.T.);
#805=EDGE_CURVE('',#1197,#1198,#1456,.T.);
#806=EDGE_CURVE('',#1199,#1198,#1457,.T.);
#807=EDGE_CURVE('',#1199,#1200,#1458,.T.);
#808=EDGE_CURVE('',#1200,#1201,#1459,.T.);
#809=EDGE_CURVE('',#1202,#1201,#1460,.T.);
#810=EDGE_CURVE('',#1203,#1202,#1461,.T.);
#811=EDGE_CURVE('',#1203,#1204,#1462,.T.);
#812=EDGE_CURVE('',#1205,#1204,#1463,.T.);
#813=EDGE_CURVE('',#1205,#1196,#1464,.T.);
#814=EDGE_CURVE('',#1206,#1207,#1465,.T.);
#815=EDGE_CURVE('',#1208,#1206,#1466,.T.);
#816=EDGE_CURVE('',#1209,#1208,#1467,.T.);
#817=EDGE_CURVE('',#1209,#1207,#1468,.T.);
#818=EDGE_CURVE('',#1210,#1211,#1469,.T.);
#819=EDGE_CURVE('',#1210,#1212,#1470,.T.);
#820=EDGE_CURVE('',#1212,#1213,#1471,.T.);
#821=EDGE_CURVE('',#1211,#1213,#1472,.T.);
#822=EDGE_CURVE('',#1214,#1215,#1473,.T.);
#823=EDGE_CURVE('',#1214,#1216,#1474,.T.);
#824=EDGE_CURVE('',#1216,#1217,#1475,.T.);
#825=EDGE_CURVE('',#1215,#1217,#1476,.T.);
#826=EDGE_CURVE('',#1218,#1219,#1477,.T.);
#827=EDGE_CURVE('',#1218,#1220,#1478,.T.);
#828=EDGE_CURVE('',#1220,#1221,#1479,.T.);
#829=EDGE_CURVE('',#1219,#1221,#1480,.T.);
#830=EDGE_CURVE('',#1222,#1223,#1481,.T.);
#831=EDGE_CURVE('',#1224,#1222,#1482,.T.);
#832=EDGE_CURVE('',#1224,#1225,#1483,.T.);
#833=EDGE_CURVE('',#1225,#1223,#1484,.T.);
#834=EDGE_CURVE('',#1226,#1227,#1485,.T.);
#835=EDGE_CURVE('',#1227,#1228,#1486,.T.);
#836=EDGE_CURVE('',#1229,#1228,#1487,.T.);
#837=EDGE_CURVE('',#1226,#1229,#1488,.T.);
#838=EDGE_CURVE('',#1230,#1231,#1489,.T.);
#839=EDGE_CURVE('',#1231,#1232,#1490,.T.);
#840=EDGE_CURVE('',#1233,#1232,#1491,.T.);
#841=EDGE_CURVE('',#1230,#1233,#1492,.T.);
#842=EDGE_CURVE('',#1234,#1235,#1493,.T.);
#843=EDGE_CURVE('',#1235,#1236,#1494,.T.);
#844=EDGE_CURVE('',#1237,#1236,#1495,.T.);
#845=EDGE_CURVE('',#1234,#1237,#1496,.T.);
#846=EDGE_CURVE('',#1238,#1239,#1497,.T.);
#847=EDGE_CURVE('',#1239,#1240,#1498,.T.);
#848=EDGE_CURVE('',#1240,#1241,#1499,.T.);
#849=EDGE_CURVE('',#1242,#1241,#1500,.T.);
#850=EDGE_CURVE('',#1243,#1242,#1501,.T.);
#851=EDGE_CURVE('',#1243,#1244,#1502,.T.);
#852=EDGE_CURVE('',#1244,#1245,#1503,.T.);
#853=EDGE_CURVE('',#1246,#1245,#1504,.T.);
#854=EDGE_CURVE('',#1246,#1247,#1505,.T.);
#855=EDGE_CURVE('',#1238,#1247,#1506,.T.);
#856=EDGE_CURVE('',#1248,#1249,#1507,.T.);
#857=EDGE_CURVE('',#1250,#1248,#1508,.T.);
#858=EDGE_CURVE('',#1250,#1251,#1509,.T.);
#859=EDGE_CURVE('',#1251,#1252,#1510,.T.);
#860=EDGE_CURVE('',#1253,#1252,#1511,.T.);
#861=EDGE_CURVE('',#1254,#1253,#1512,.T.);
#862=EDGE_CURVE('',#1254,#1255,#1513,.T.);
#863=EDGE_CURVE('',#1255,#1249,#1514,.T.);
#864=EDGE_CURVE('',#1240,#1251,#1515,.T.);
#865=EDGE_CURVE('',#1250,#1241,#1516,.T.);
#866=EDGE_CURVE('',#1256,#1257,#1517,.T.);
#867=EDGE_CURVE('',#1257,#1258,#1518,.T.);
#868=EDGE_CURVE('',#1258,#1259,#1519,.T.);
#869=EDGE_CURVE('',#1259,#1260,#1520,.T.);
#870=EDGE_CURVE('',#1261,#1260,#1521,.T.);
#871=EDGE_CURVE('',#1262,#1261,#1522,.T.);
#872=EDGE_CURVE('',#1263,#1262,#1523,.T.);
#873=EDGE_CURVE('',#1264,#1263,#1524,.T.);
#874=EDGE_CURVE('',#1265,#1264,#1525,.T.);
#875=EDGE_CURVE('',#1265,#1266,#1526,.T.);
#876=EDGE_CURVE('',#1267,#1266,#1527,.T.);
#877=EDGE_CURVE('',#1256,#1267,#1528,.T.);
#878=EDGE_CURVE('',#1268,#1248,#1529,.T.);
#879=EDGE_CURVE('',#1268,#1257,#1530,.T.);
#880=EDGE_CURVE('',#1256,#1269,#1531,.T.);
#881=EDGE_CURVE('',#1269,#1270,#1532,.T.);
#882=EDGE_CURVE('',#1271,#1270,#1533,.T.);
#883=EDGE_CURVE('',#1271,#1222,#1534,.T.);
#884=EDGE_CURVE('',#1223,#1242,#1535,.T.);
#885=EDGE_CURVE('',#1272,#1273,#1536,.T.);
#886=EDGE_CURVE('',#1272,#1274,#1537,.T.);
#887=EDGE_CURVE('',#1275,#1274,#1538,.T.);
#888=EDGE_CURVE('',#1275,#1276,#1539,.T.);
#889=EDGE_CURVE('',#1276,#1277,#1540,.T.);
#890=EDGE_CURVE('',#1277,#1278,#1541,.T.);
#891=EDGE_CURVE('',#1278,#1225,#1542,.T.);
#892=EDGE_CURVE('',#1279,#1224,#1543,.T.);
#893=EDGE_CURVE('',#1280,#1279,#1544,.T.);
#894=EDGE_CURVE('',#1280,#1281,#1545,.T.);
#895=EDGE_CURVE('',#1281,#1282,#1546,.T.);
#896=EDGE_CURVE('',#1283,#1282,#1547,.T.);
#897=EDGE_CURVE('',#1283,#1284,#1548,.T.);
#898=EDGE_CURVE('',#1284,#1285,#1549,.T.);
#899=EDGE_CURVE('',#1285,#1263,#1550,.T.);
#900=EDGE_CURVE('',#1262,#1286,#1551,.T.);
#901=EDGE_CURVE('',#1286,#1287,#1552,.T.);
#902=EDGE_CURVE('',#1273,#1287,#1553,.T.);
#903=EDGE_CURVE('',#1288,#1274,#1554,.T.);
#904=EDGE_CURVE('',#1289,#1288,#1555,.T.);
#905=EDGE_CURVE('',#1289,#1275,#1556,.T.);
#906=EDGE_CURVE('',#1290,#1291,#1557,.T.);
#907=EDGE_CURVE('',#1291,#1277,#1558,.T.);
#908=EDGE_CURVE('',#1290,#1276,#1559,.T.);
#909=EDGE_CURVE('',#1261,#1292,#1560,.T.);
#910=EDGE_CURVE('',#1292,#1286,#1561,.T.);
#911=EDGE_CURVE('',#1272,#1293,#1562,.T.);
#912=EDGE_CURVE('',#1294,#1273,#1563,.T.);
#913=EDGE_CURVE('',#1293,#1294,#1564,.T.);
#914=EDGE_CURVE('',#1260,#1295,#1565,.T.);
#915=EDGE_CURVE('',#1295,#1291,#1566,.T.);
#916=EDGE_CURVE('',#1289,#1290,#1567,.T.);
#917=EDGE_CURVE('',#1288,#1293,#1568,.T.);
#918=EDGE_CURVE('',#1294,#1296,#1569,.T.);
#919=EDGE_CURVE('',#1292,#1296,#1570,.T.);
#920=EDGE_CURVE('',#1297,#1264,#1571,.T.);
#921=EDGE_CURVE('',#1297,#1285,#1572,.T.);
#922=EDGE_CURVE('',#1298,#1265,#1573,.T.);
#923=EDGE_CURVE('',#1298,#1297,#1574,.T.);
#924=EDGE_CURVE('',#1271,#1283,#1575,.T.);
#925=EDGE_CURVE('',#1282,#1299,#1576,.T.);
#926=EDGE_CURVE('',#1299,#1300,#1577,.T.);
#927=EDGE_CURVE('',#1279,#1300,#1578,.T.);
#928=EDGE_CURVE('',#1301,#1302,#1579,.T.);
#929=EDGE_CURVE('',#1301,#1299,#1580,.T.);
#930=EDGE_CURVE('',#1281,#1303,#1581,.T.);
#931=EDGE_CURVE('',#1302,#1303,#1582,.T.);
#932=EDGE_CURVE('',#1304,#1300,#1583,.T.);
#933=EDGE_CURVE('',#1304,#1305,#1584,.T.);
#934=EDGE_CURVE('',#1305,#1306,#1585,.T.);
#935=EDGE_CURVE('',#1280,#1306,#1586,.T.);
#936=EDGE_CURVE('',#1304,#1301,#1587,.T.);
#937=EDGE_CURVE('',#1305,#1302,#1588,.T.);
#938=EDGE_CURVE('',#1306,#1303,#1589,.T.);
#939=EDGE_CURVE('',#1270,#1307,#1590,.T.);
#940=EDGE_CURVE('',#1269,#1308,#1591,.T.);
#941=EDGE_CURVE('',#1308,#1309,#1592,.T.);
#942=EDGE_CURVE('',#1309,#1310,#1593,.T.);
#943=EDGE_CURVE('',#1311,#1310,#1594,.T.);
#944=EDGE_CURVE('',#1312,#1311,#1595,.T.);
#945=EDGE_CURVE('',#1312,#1307,#1596,.T.);
#946=EDGE_CURVE('',#1267,#1308,#1597,.T.);
#947=EDGE_CURVE('',#1266,#1307,#1598,.T.);
#948=EDGE_CURVE('',#1313,#1312,#1599,.T.);
#949=EDGE_CURVE('',#1314,#1313,#1600,.T.);
#950=EDGE_CURVE('',#1314,#1315,#1601,.T.);
#951=EDGE_CURVE('',#1315,#1316,#1602,.T.);
#952=EDGE_CURVE('',#1316,#1309,#1603,.T.);
#953=EDGE_CURVE('',#1317,#1318,#1604,.T.);
#954=EDGE_CURVE('',#1318,#1319,#1605,.T.);
#955=EDGE_CURVE('',#1320,#1319,#1606,.T.);
#956=EDGE_CURVE('',#1317,#1320,#1607,.T.);
#957=EDGE_CURVE('',#1321,#1322,#1608,.T.);
#958=EDGE_CURVE('',#1322,#1323,#1609,.T.);
#959=EDGE_CURVE('',#1323,#1324,#1610,.T.);
#960=EDGE_CURVE('',#1324,#1321,#1611,.T.);
#961=EDGE_CURVE('',#1325,#1326,#1612,.T.);
#962=EDGE_CURVE('',#1326,#1327,#1613,.T.);
#963=EDGE_CURVE('',#1328,#1327,#1614,.T.);
#964=EDGE_CURVE('',#1325,#1328,#1615,.T.);
#965=EDGE_CURVE('',#1329,#1330,#1616,.T.);
#966=EDGE_CURVE('',#1330,#1331,#1617,.T.);
#967=EDGE_CURVE('',#1332,#1331,#1618,.T.);
#968=EDGE_CURVE('',#1329,#1332,#1619,.T.);
#969=EDGE_CURVE('',#1333,#1311,#1620,.T.);
#970=EDGE_CURVE('',#1313,#1333,#1621,.T.);
#971=EDGE_CURVE('',#1334,#1310,#1622,.T.);
#972=EDGE_CURVE('',#1335,#1334,#1623,.T.);
#973=EDGE_CURVE('',#1336,#1335,#1624,.T.);
#974=EDGE_CURVE('',#1333,#1336,#1625,.T.);
#975=EDGE_CURVE('',#1334,#1316,#1626,.T.);
#976=EDGE_CURVE('',#1314,#1336,#1627,.T.);
#977=EDGE_CURVE('',#1335,#1315,#1628,.T.);
#978=EDGE_CURVE('',#1337,#1200,#1629,.T.);
#979=EDGE_CURVE('',#1337,#1338,#1630,.T.);
#980=EDGE_CURVE('',#1338,#1201,#1631,.T.);
#981=EDGE_CURVE('',#1296,#1287,#1632,.T.);
#982=EDGE_CURVE('',#1298,#1284,#1633,.T.);
#983=EDGE_CURVE('',#1339,#1340,#1634,.T.);
#984=EDGE_CURVE('',#1295,#1339,#1635,.T.);
#985=EDGE_CURVE('',#1340,#1259,#1636,.T.);
#986=EDGE_CURVE('',#1341,#1295,#1637,.T.);
#987=EDGE_CURVE('',#1342,#1341,#1638,.T.);
#988=EDGE_CURVE('',#1342,#1278,#1639,.T.);
#989=EDGE_CURVE('',#1342,#1243,#1640,.T.);
#990=EDGE_CURVE('',#1339,#1245,#1641,.T.);
#991=EDGE_CURVE('',#1341,#1244,#1642,.T.);
#992=EDGE_CURVE('',#1340,#1249,#1643,.T.);
#993=EDGE_CURVE('',#1246,#1255,#1644,.T.);
#994=EDGE_CURVE('',#1247,#1254,#1645,.T.);
#995=EDGE_CURVE('',#1343,#1329,#1646,.T.);
#996=EDGE_CURVE('',#1343,#1344,#1647,.T.);
#997=EDGE_CURVE('',#1344,#1210,#1648,.T.);
#998=EDGE_CURVE('',#1211,#1330,#1649,.T.);
#999=EDGE_CURVE('',#1345,#1332,#1650,.T.);
#1000=EDGE_CURVE('',#1343,#1345,#1651,.T.);
#1001=EDGE_CURVE('',#1213,#1331,#1652,.T.);
#1002=EDGE_CURVE('',#1346,#1212,#1653,.T.);
#1003=EDGE_CURVE('',#1345,#1346,#1654,.T.);
#1004=EDGE_CURVE('',#1347,#1325,#1655,.T.);
#1005=EDGE_CURVE('',#1347,#1348,#1656,.T.);
#1006=EDGE_CURVE('',#1348,#1214,#1657,.T.);
#1007=EDGE_CURVE('',#1215,#1326,#1658,.T.);
#1008=EDGE_CURVE('',#1349,#1328,#1659,.T.);
#1009=EDGE_CURVE('',#1347,#1349,#1660,.T.);
#1010=EDGE_CURVE('',#1217,#1327,#1661,.T.);
#1011=EDGE_CURVE('',#1350,#1216,#1662,.T.);
#1012=EDGE_CURVE('',#1349,#1350,#1663,.T.);
#1013=EDGE_CURVE('',#1351,#1321,#1664,.T.);
#1014=EDGE_CURVE('',#1351,#1352,#1665,.T.);
#1015=EDGE_CURVE('',#1352,#1322,#1666,.T.);
#1016=EDGE_CURVE('',#1353,#1324,#1667,.T.);
#1017=EDGE_CURVE('',#1353,#1354,#1668,.T.);
#1018=EDGE_CURVE('',#1354,#1355,#1669,.T.);
#1019=EDGE_CURVE('',#1351,#1355,#1670,.T.);
#1020=EDGE_CURVE('',#1356,#1323,#1671,.T.);
#1021=EDGE_CURVE('',#1353,#1356,#1672,.T.);
#1022=EDGE_CURVE('',#1352,#1357,#1673,.T.);
#1023=EDGE_CURVE('',#1358,#1357,#1674,.T.);
#1024=EDGE_CURVE('',#1356,#1358,#1675,.T.);
#1025=EDGE_CURVE('',#1359,#1317,#1676,.T.);
#1026=EDGE_CURVE('',#1359,#1360,#1677,.T.);
#1027=EDGE_CURVE('',#1360,#1218,#1678,.T.);
#1028=EDGE_CURVE('',#1219,#1318,#1679,.T.);
#1029=EDGE_CURVE('',#1361,#1320,#1680,.T.);
#1030=EDGE_CURVE('',#1359,#1361,#1681,.T.);
#1031=EDGE_CURVE('',#1221,#1319,#1682,.T.);
#1032=EDGE_CURVE('',#1362,#1220,#1683,.T.);
#1033=EDGE_CURVE('',#1361,#1362,#1684,.T.);
#1034=EDGE_CURVE('',#1235,#1363,#1685,.T.);
#1035=EDGE_CURVE('',#1364,#1363,#1686,.T.);
#1036=EDGE_CURVE('',#1236,#1364,#1687,.T.);
#1037=EDGE_CURVE('',#1364,#1365,#1688,.T.);
#1038=EDGE_CURVE('',#1237,#1365,#1689,.T.);
#1039=EDGE_CURVE('',#1365,#1366,#1690,.T.);
#1040=EDGE_CURVE('',#1234,#1366,#1691,.T.);
#1041=EDGE_CURVE('',#1363,#1366,#1692,.T.);
#1042=EDGE_CURVE('',#1231,#1367,#1693,.T.);
#1043=EDGE_CURVE('',#1368,#1367,#1694,.T.);
#1044=EDGE_CURVE('',#1232,#1368,#1695,.T.);
#1045=EDGE_CURVE('',#1368,#1369,#1696,.T.);
#1046=EDGE_CURVE('',#1233,#1369,#1697,.T.);
#1047=EDGE_CURVE('',#1369,#1370,#1698,.T.);
#1048=EDGE_CURVE('',#1230,#1370,#1699,.T.);
#1049=EDGE_CURVE('',#1367,#1370,#1700,.T.);
#1050=EDGE_CURVE('',#1227,#1371,#1701,.T.);
#1051=EDGE_CURVE('',#1372,#1371,#1702,.T.);
#1052=EDGE_CURVE('',#1228,#1372,#1703,.T.);
#1053=EDGE_CURVE('',#1372,#1373,#1704,.T.);
#1054=EDGE_CURVE('',#1229,#1373,#1705,.T.);
#1055=EDGE_CURVE('',#1373,#1374,#1706,.T.);
#1056=EDGE_CURVE('',#1226,#1374,#1707,.T.);
#1057=EDGE_CURVE('',#1371,#1374,#1708,.T.);
#1058=EDGE_CURVE('',#1239,#1375,#1709,.T.);
#1059=EDGE_CURVE('',#1376,#1375,#1710,.T.);
#1060=EDGE_CURVE('',#1252,#1376,#1711,.T.);
#1061=EDGE_CURVE('',#1376,#1377,#1712,.T.);
#1062=EDGE_CURVE('',#1253,#1377,#1713,.T.);
#1063=EDGE_CURVE('',#1377,#1378,#1714,.T.);
#1064=EDGE_CURVE('',#1238,#1378,#1715,.T.);
#1065=EDGE_CURVE('',#1375,#1378,#1716,.T.);
#1066=EDGE_CURVE('',#1360,#1362,#1717,.T.);
#1067=EDGE_CURVE('',#1379,#1380,#1718,.T.);
#1068=EDGE_CURVE('',#1379,#1381,#1719,.T.);
#1069=EDGE_CURVE('',#1381,#1382,#1720,.T.);
#1070=EDGE_CURVE('',#1380,#1382,#1721,.T.);
#1071=EDGE_CURVE('',#1383,#1384,#1722,.T.);
#1072=EDGE_CURVE('',#1383,#1385,#1723,.T.);
#1073=EDGE_CURVE('',#1385,#1386,#1724,.T.);
#1074=EDGE_CURVE('',#1384,#1386,#1725,.T.);
#1075=EDGE_CURVE('',#1355,#1357,#1726,.T.);
#1076=EDGE_CURVE('',#1354,#1358,#1727,.T.);
#1077=EDGE_CURVE('',#1348,#1350,#1728,.T.);
#1078=EDGE_CURVE('',#1387,#1388,#1729,.T.);
#1079=EDGE_CURVE('',#1387,#1389,#1730,.T.);
#1080=EDGE_CURVE('',#1389,#1390,#1731,.T.);
#1081=EDGE_CURVE('',#1388,#1390,#1732,.T.);
#1082=EDGE_CURVE('',#1344,#1346,#1733,.T.);
#1083=EDGE_CURVE('',#1391,#1392,#1734,.T.);
#1084=EDGE_CURVE('',#1391,#1393,#1735,.T.);
#1085=EDGE_CURVE('',#1393,#1394,#1736,.T.);
#1086=EDGE_CURVE('',#1392,#1394,#1737,.T.);
#1087=EDGE_CURVE('',#1395,#1391,#1738,.T.);
#1088=EDGE_CURVE('',#1395,#1396,#1739,.T.);
#1089=EDGE_CURVE('',#1396,#1393,#1740,.T.);
#1090=EDGE_CURVE('',#1397,#1392,#1741,.T.);
#1091=EDGE_CURVE('',#1395,#1397,#1742,.T.);
#1092=EDGE_CURVE('',#1398,#1394,#1743,.T.);
#1093=EDGE_CURVE('',#1397,#1398,#1744,.T.);
#1094=EDGE_CURVE('',#1399,#1400,#1745,.T.);
#1095=EDGE_CURVE('',#1401,#1399,#1746,.T.);
#1096=EDGE_CURVE('',#1401,#1402,#1747,.T.);
#1097=EDGE_CURVE('',#1402,#1400,#1748,.T.);
#1098=EDGE_CURVE('',#1396,#1398,#1749,.T.);
#1099=EDGE_CURVE('',#1403,#1387,#1750,.T.);
#1100=EDGE_CURVE('',#1400,#1403,#1751,.T.);
#1101=EDGE_CURVE('',#1402,#1207,#1752,.T.);
#1102=EDGE_CURVE('',#1209,#1404,#1753,.T.);
#1103=EDGE_CURVE('',#1404,#1389,#1754,.T.);
#1104=EDGE_CURVE('',#1405,#1388,#1755,.T.);
#1105=EDGE_CURVE('',#1405,#1403,#1756,.T.);
#1106=EDGE_CURVE('',#1406,#1390,#1757,.T.);
#1107=EDGE_CURVE('',#1208,#1406,#1758,.T.);
#1108=EDGE_CURVE('',#1401,#1206,#1759,.T.);
#1109=EDGE_CURVE('',#1399,#1405,#1760,.T.);
#1110=EDGE_CURVE('',#1404,#1406,#1761,.T.);
#1111=EDGE_CURVE('',#1407,#1383,#1762,.T.);
#1112=EDGE_CURVE('',#1407,#1408,#1763,.T.);
#1113=EDGE_CURVE('',#1408,#1385,#1764,.T.);
#1114=EDGE_CURVE('',#1409,#1384,#1765,.T.);
#1115=EDGE_CURVE('',#1407,#1409,#1766,.T.);
#1116=EDGE_CURVE('',#1410,#1386,#1767,.T.);
#1117=EDGE_CURVE('',#1409,#1410,#1768,.T.);
#1118=EDGE_CURVE('',#1408,#1410,#1769,.T.);
#1119=EDGE_CURVE('',#1411,#1412,#1770,.T.);
#1120=EDGE_CURVE('',#1411,#1381,#1771,.T.);
#1121=EDGE_CURVE('',#1412,#1379,#1772,.T.);
#1122=EDGE_CURVE('',#1413,#1412,#1773,.T.);
#1123=EDGE_CURVE('',#1414,#1380,#1774,.T.);
#1124=EDGE_CURVE('',#1415,#1414,#1775,.T.);
#1125=EDGE_CURVE('',#1413,#1415,#1776,.T.);
#1126=EDGE_CURVE('',#1416,#1382,#1777,.T.);
#1127=EDGE_CURVE('',#1416,#1414,#1778,.T.);
#1128=EDGE_CURVE('',#1416,#1411,#1779,.T.);
#1129=EDGE_CURVE('',#1417,#1337,#1780,.T.);
#1130=EDGE_CURVE('',#1417,#1418,#1781,.T.);
#1131=EDGE_CURVE('',#1418,#1338,#1782,.T.);
#1132=EDGE_CURVE('',#1419,#1420,#1783,.T.);
#1133=EDGE_CURVE('',#1419,#1421,#1784,.T.);
#1134=EDGE_CURVE('',#1421,#1422,#1785,.T.);
#1135=EDGE_CURVE('',#1420,#1422,#1786,.T.);
#1136=EDGE_CURVE('',#1423,#1424,#1787,.T.);
#1137=EDGE_CURVE('',#1424,#1198,#1788,.T.);
#1138=EDGE_CURVE('',#1204,#1197,#1789,.T.);
#1139=EDGE_CURVE('',#1417,#1203,#1790,.T.);
#1140=EDGE_CURVE('',#1423,#1199,#1791,.T.);
#1141=EDGE_CURVE('',#1418,#1202,#1792,.T.);
#1142=EDGE_CURVE('',#1414,#1423,#1793,.T.);
#1143=EDGE_CURVE('',#1425,#1199,#1794,.T.);
#1144=EDGE_CURVE('',#1412,#1425,#1795,.T.);
#1145=EDGE_CURVE('',#1426,#1424,#1796,.T.);
#1146=EDGE_CURVE('',#1426,#1427,#1797,.T.);
#1147=EDGE_CURVE('',#1427,#1198,#1798,.T.);
#1148=EDGE_CURVE('',#1412,#1426,#1799,.T.);
#1149=EDGE_CURVE('',#1425,#1427,#1800,.T.);
#1150=EDGE_CURVE('',#1428,#1419,#1801,.T.);
#1151=EDGE_CURVE('',#1428,#1429,#1802,.T.);
#1152=EDGE_CURVE('',#1429,#1421,#1803,.T.);
#1153=EDGE_CURVE('',#1430,#1420,#1804,.T.);
#1154=EDGE_CURVE('',#1428,#1430,#1805,.T.);
#1155=EDGE_CURVE('',#1431,#1422,#1806,.T.);
#1156=EDGE_CURVE('',#1430,#1431,#1807,.T.);
#1157=EDGE_CURVE('',#1429,#1431,#1808,.T.);
#1158=EDGE_CURVE('',#1432,#1433,#1809,.T.);
#1159=EDGE_CURVE('',#1432,#1434,#1810,.T.);
#1160=EDGE_CURVE('',#1434,#1435,#1811,.T.);
#1161=EDGE_CURVE('',#1433,#1435,#1812,.T.);
#1162=EDGE_CURVE('',#1436,#1432,#1813,.T.);
#1163=EDGE_CURVE('',#1436,#1437,#1814,.T.);
#1164=EDGE_CURVE('',#1437,#1434,#1815,.T.);
#1165=EDGE_CURVE('',#1438,#1433,#1816,.T.);
#1166=EDGE_CURVE('',#1436,#1438,#1817,.T.);
#1167=EDGE_CURVE('',#1439,#1435,#1818,.T.);
#1168=EDGE_CURVE('',#1438,#1439,#1819,.T.);
#1169=EDGE_CURVE('',#1437,#1439,#1820,.T.);
#1170=EDGE_CURVE('',#1188,#1205,#1821,.T.);
#1171=EDGE_CURVE('',#1189,#1196,#1822,.T.);
#1172=EDGE_CURVE('',#1440,#1204,#1823,.T.);
#1173=EDGE_CURVE('',#1190,#1440,#1824,.T.);
#1174=EDGE_CURVE('',#1191,#1441,#1825,.T.);
#1175=EDGE_CURVE('',#1441,#1197,#1826,.T.);
#1176=EDGE_CURVE('',#1440,#1441,#1827,.T.);
#1177=EDGE_CURVE('',#1442,#1192,#1828,.T.);
#1178=EDGE_CURVE('',#1442,#1443,#1829,.T.);
#1179=EDGE_CURVE('',#1443,#1194,#1830,.T.);
#1180=EDGE_CURVE('',#1444,#1193,#1831,.T.);
#1181=EDGE_CURVE('',#1442,#1444,#1832,.T.);
#1182=EDGE_CURVE('',#1445,#1195,#1833,.T.);
#1183=EDGE_CURVE('',#1444,#1445,#1834,.T.);
#1184=EDGE_CURVE('',#1443,#1445,#1835,.T.);
#1185=EDGE_CURVE('',#1446,#1340,#1836,.T.);
#1186=EDGE_CURVE('',#1446,#1258,#1837,.T.);
#1187=EDGE_CURVE('',#1268,#1446,#1838,.T.);
#1188=VERTEX_POINT('',#3702);
#1189=VERTEX_POINT('',#3703);
#1190=VERTEX_POINT('',#3705);
#1191=VERTEX_POINT('',#3707);
#1192=VERTEX_POINT('',#3710);
#1193=VERTEX_POINT('',#3711);
#1194=VERTEX_POINT('',#3713);
#1195=VERTEX_POINT('',#3715);
#1196=VERTEX_POINT('',#3719);
#1197=VERTEX_POINT('',#3720);
#1198=VERTEX_POINT('',#3722);
#1199=VERTEX_POINT('',#3724);
#1200=VERTEX_POINT('',#3726);
#1201=VERTEX_POINT('',#3728);
#1202=VERTEX_POINT('',#3730);
#1203=VERTEX_POINT('',#3732);
#1204=VERTEX_POINT('',#3734);
#1205=VERTEX_POINT('',#3736);
#1206=VERTEX_POINT('',#3740);
#1207=VERTEX_POINT('',#3741);
#1208=VERTEX_POINT('',#3743);
#1209=VERTEX_POINT('',#3745);
#1210=VERTEX_POINT('',#3749);
#1211=VERTEX_POINT('',#3750);
#1212=VERTEX_POINT('',#3752);
#1213=VERTEX_POINT('',#3754);
#1214=VERTEX_POINT('',#3758);
#1215=VERTEX_POINT('',#3759);
#1216=VERTEX_POINT('',#3761);
#1217=VERTEX_POINT('',#3763);
#1218=VERTEX_POINT('',#3767);
#1219=VERTEX_POINT('',#3768);
#1220=VERTEX_POINT('',#3770);
#1221=VERTEX_POINT('',#3772);
#1222=VERTEX_POINT('',#3776);
#1223=VERTEX_POINT('',#3777);
#1224=VERTEX_POINT('',#3779);
#1225=VERTEX_POINT('',#3781);
#1226=VERTEX_POINT('',#3784);
#1227=VERTEX_POINT('',#3785);
#1228=VERTEX_POINT('',#3787);
#1229=VERTEX_POINT('',#3789);
#1230=VERTEX_POINT('',#3792);
#1231=VERTEX_POINT('',#3793);
#1232=VERTEX_POINT('',#3795);
#1233=VERTEX_POINT('',#3797);
#1234=VERTEX_POINT('',#3800);
#1235=VERTEX_POINT('',#3801);
#1236=VERTEX_POINT('',#3803);
#1237=VERTEX_POINT('',#3805);
#1238=VERTEX_POINT('',#3809);
#1239=VERTEX_POINT('',#3810);
#1240=VERTEX_POINT('',#3812);
#1241=VERTEX_POINT('',#3814);
#1242=VERTEX_POINT('',#3816);
#1243=VERTEX_POINT('',#3818);
#1244=VERTEX_POINT('',#3820);
#1245=VERTEX_POINT('',#3822);
#1246=VERTEX_POINT('',#3824);
#1247=VERTEX_POINT('',#3826);
#1248=VERTEX_POINT('',#3830);
#1249=VERTEX_POINT('',#3831);
#1250=VERTEX_POINT('',#3833);
#1251=VERTEX_POINT('',#3835);
#1252=VERTEX_POINT('',#3837);
#1253=VERTEX_POINT('',#3839);
#1254=VERTEX_POINT('',#3841);
#1255=VERTEX_POINT('',#3843);
#1256=VERTEX_POINT('',#3850);
#1257=VERTEX_POINT('',#3851);
#1258=VERTEX_POINT('',#3853);
#1259=VERTEX_POINT('',#3855);
#1260=VERTEX_POINT('',#3857);
#1261=VERTEX_POINT('',#3859);
#1262=VERTEX_POINT('',#3861);
#1263=VERTEX_POINT('',#3863);
#1264=VERTEX_POINT('',#3865);
#1265=VERTEX_POINT('',#3867);
#1266=VERTEX_POINT('',#3869);
#1267=VERTEX_POINT('',#3871);
#1268=VERTEX_POINT('',#3875);
#1269=VERTEX_POINT('',#3878);
#1270=VERTEX_POINT('',#3880);
#1271=VERTEX_POINT('',#3882);
#1272=VERTEX_POINT('',#3887);
#1273=VERTEX_POINT('',#3888);
#1274=VERTEX_POINT('',#3890);
#1275=VERTEX_POINT('',#3892);
#1276=VERTEX_POINT('',#3894);
#1277=VERTEX_POINT('',#3896);
#1278=VERTEX_POINT('',#3898);
#1279=VERTEX_POINT('',#3901);
#1280=VERTEX_POINT('',#3903);
#1281=VERTEX_POINT('',#3905);
#1282=VERTEX_POINT('',#3907);
#1283=VERTEX_POINT('',#3909);
#1284=VERTEX_POINT('',#3911);
#1285=VERTEX_POINT('',#3913);
#1286=VERTEX_POINT('',#3916);
#1287=VERTEX_POINT('',#3918);
#1288=VERTEX_POINT('',#3922);
#1289=VERTEX_POINT('',#3924);
#1290=VERTEX_POINT('',#3928);
#1291=VERTEX_POINT('',#3929);
#1292=VERTEX_POINT('',#3934);
#1293=VERTEX_POINT('',#3938);
#1294=VERTEX_POINT('',#3940);
#1295=VERTEX_POINT('',#3944);
#1296=VERTEX_POINT('',#3949);
#1297=VERTEX_POINT('',#3953);
#1298=VERTEX_POINT('',#3957);
#1299=VERTEX_POINT('',#3962);
#1300=VERTEX_POINT('',#3964);
#1301=VERTEX_POINT('',#3968);
#1302=VERTEX_POINT('',#3969);
#1303=VERTEX_POINT('',#3972);
#1304=VERTEX_POINT('',#3976);
#1305=VERTEX_POINT('',#3978);
#1306=VERTEX_POINT('',#3980);
#1307=VERTEX_POINT('',#3989);
#1308=VERTEX_POINT('',#3991);
#1309=VERTEX_POINT('',#3993);
#1310=VERTEX_POINT('',#3995);
#1311=VERTEX_POINT('',#3997);
#1312=VERTEX_POINT('',#3999);
#1313=VERTEX_POINT('',#4005);
#1314=VERTEX_POINT('',#4007);
#1315=VERTEX_POINT('',#4009);
#1316=VERTEX_POINT('',#4011);
#1317=VERTEX_POINT('',#4015);
#1318=VERTEX_POINT('',#4016);
#1319=VERTEX_POINT('',#4018);
#1320=VERTEX_POINT('',#4020);
#1321=VERTEX_POINT('',#4023);
#1322=VERTEX_POINT('',#4024);
#1323=VERTEX_POINT('',#4026);
#1324=VERTEX_POINT('',#4028);
#1325=VERTEX_POINT('',#4031);
#1326=VERTEX_POINT('',#4032);
#1327=VERTEX_POINT('',#4034);
#1328=VERTEX_POINT('',#4036);
#1329=VERTEX_POINT('',#4039);
#1330=VERTEX_POINT('',#4040);
#1331=VERTEX_POINT('',#4042);
#1332=VERTEX_POINT('',#4044);
#1333=VERTEX_POINT('',#4048);
#1334=VERTEX_POINT('',#4052);
#1335=VERTEX_POINT('',#4054);
#1336=VERTEX_POINT('',#4056);
#1337=VERTEX_POINT('',#4068);
#1338=VERTEX_POINT('',#4070);
#1339=VERTEX_POINT('',#4081);
#1340=VERTEX_POINT('',#4082);
#1341=VERTEX_POINT('',#4087);
#1342=VERTEX_POINT('',#4089);
#1343=VERTEX_POINT('',#4105);
#1344=VERTEX_POINT('',#4107);
#1345=VERTEX_POINT('',#4112);
#1346=VERTEX_POINT('',#4117);
#1347=VERTEX_POINT('',#4122);
#1348=VERTEX_POINT('',#4124);
#1349=VERTEX_POINT('',#4129);
#1350=VERTEX_POINT('',#4134);
#1351=VERTEX_POINT('',#4139);
#1352=VERTEX_POINT('',#4141);
#1353=VERTEX_POINT('',#4145);
#1354=VERTEX_POINT('',#4147);
#1355=VERTEX_POINT('',#4149);
#1356=VERTEX_POINT('',#4153);
#1357=VERTEX_POINT('',#4157);
#1358=VERTEX_POINT('',#4159);
#1359=VERTEX_POINT('',#4163);
#1360=VERTEX_POINT('',#4165);
#1361=VERTEX_POINT('',#4170);
#1362=VERTEX_POINT('',#4175);
#1363=VERTEX_POINT('',#4180);
#1364=VERTEX_POINT('',#4182);
#1365=VERTEX_POINT('',#4186);
#1366=VERTEX_POINT('',#4190);
#1367=VERTEX_POINT('',#4196);
#1368=VERTEX_POINT('',#4198);
#1369=VERTEX_POINT('',#4202);
#1370=VERTEX_POINT('',#4206);
#1371=VERTEX_POINT('',#4212);
#1372=VERTEX_POINT('',#4214);
#1373=VERTEX_POINT('',#4218);
#1374=VERTEX_POINT('',#4222);
#1375=VERTEX_POINT('',#4228);
#1376=VERTEX_POINT('',#4230);
#1377=VERTEX_POINT('',#4234);
#1378=VERTEX_POINT('',#4238);
#1379=VERTEX_POINT('',#4247);
#1380=VERTEX_POINT('',#4248);
#1381=VERTEX_POINT('',#4250);
#1382=VERTEX_POINT('',#4252);
#1383=VERTEX_POINT('',#4256);
#1384=VERTEX_POINT('',#4257);
#1385=VERTEX_POINT('',#4259);
#1386=VERTEX_POINT('',#4261);
#1387=VERTEX_POINT('',#4273);
#1388=VERTEX_POINT('',#4274);
#1389=VERTEX_POINT('',#4276);
#1390=VERTEX_POINT('',#4278);
#1391=VERTEX_POINT('',#4285);
#1392=VERTEX_POINT('',#4286);
#1393=VERTEX_POINT('',#4288);
#1394=VERTEX_POINT('',#4290);
#1395=VERTEX_POINT('',#4294);
#1396=VERTEX_POINT('',#4296);
#1397=VERTEX_POINT('',#4300);
#1398=VERTEX_POINT('',#4304);
#1399=VERTEX_POINT('',#4308);
#1400=VERTEX_POINT('',#4309);
#1401=VERTEX_POINT('',#4311);
#1402=VERTEX_POINT('',#4313);
#1403=VERTEX_POINT('',#4319);
#1404=VERTEX_POINT('',#4323);
#1405=VERTEX_POINT('',#4327);
#1406=VERTEX_POINT('',#4331);
#1407=VERTEX_POINT('',#4340);
#1408=VERTEX_POINT('',#4342);
#1409=VERTEX_POINT('',#4346);
#1410=VERTEX_POINT('',#4350);
#1411=VERTEX_POINT('',#4357);
#1412=VERTEX_POINT('',#4358);
#1413=VERTEX_POINT('',#4363);
#1414=VERTEX_POINT('',#4365);
#1415=VERTEX_POINT('',#4367);
#1416=VERTEX_POINT('',#4371);
#1417=VERTEX_POINT('',#4377);
#1418=VERTEX_POINT('',#4379);
#1419=VERTEX_POINT('',#4383);
#1420=VERTEX_POINT('',#4384);
#1421=VERTEX_POINT('',#4386);
#1422=VERTEX_POINT('',#4388);
#1423=VERTEX_POINT('',#4391);
#1424=VERTEX_POINT('',#4392);
#1425=VERTEX_POINT('',#4402);
#1426=VERTEX_POINT('',#4406);
#1427=VERTEX_POINT('',#4408);
#1428=VERTEX_POINT('',#4418);
#1429=VERTEX_POINT('',#4420);
#1430=VERTEX_POINT('',#4424);
#1431=VERTEX_POINT('',#4428);
#1432=VERTEX_POINT('',#4436);
#1433=VERTEX_POINT('',#4437);
#1434=VERTEX_POINT('',#4439);
#1435=VERTEX_POINT('',#4441);
#1436=VERTEX_POINT('',#4445);
#1437=VERTEX_POINT('',#4447);
#1438=VERTEX_POINT('',#4451);
#1439=VERTEX_POINT('',#4455);
#1440=VERTEX_POINT('',#4465);
#1441=VERTEX_POINT('',#4469);
#1442=VERTEX_POINT('',#4476);
#1443=VERTEX_POINT('',#4478);
#1444=VERTEX_POINT('',#4482);
#1445=VERTEX_POINT('',#4486);
#1446=VERTEX_POINT('',#4493);
#1447=LINE('',#3701,#1839);
#1448=LINE('',#3704,#1840);
#1449=LINE('',#3706,#1841);
#1450=LINE('',#3708,#1842);
#1451=LINE('',#3709,#1843);
#1452=LINE('',#3712,#1844);
#1453=LINE('',#3714,#1845);
#1454=LINE('',#3716,#1846);
#1455=LINE('',#3718,#1847);
#1456=LINE('',#3721,#1848);
#1457=LINE('',#3723,#1849);
#1458=LINE('',#3725,#1850);
#1459=LINE('',#3727,#1851);
#1460=LINE('',#3729,#1852);
#1461=LINE('',#3731,#1853);
#1462=LINE('',#3733,#1854);
#1463=LINE('',#3735,#1855);
#1464=LINE('',#3737,#1856);
#1465=LINE('',#3739,#1857);
#1466=LINE('',#3742,#1858);
#1467=LINE('',#3744,#1859);
#1468=LINE('',#3746,#1860);
#1469=LINE('',#3748,#1861);
#1470=LINE('',#3751,#1862);
#1471=LINE('',#3753,#1863);
#1472=LINE('',#3755,#1864);
#1473=LINE('',#3757,#1865);
#1474=LINE('',#3760,#1866);
#1475=LINE('',#3762,#1867);
#1476=LINE('',#3764,#1868);
#1477=LINE('',#3766,#1869);
#1478=LINE('',#3769,#1870);
#1479=LINE('',#3771,#1871);
#1480=LINE('',#3773,#1872);
#1481=LINE('',#3775,#1873);
#1482=LINE('',#3778,#1874);
#1483=LINE('',#3780,#1875);
#1484=LINE('',#3782,#1876);
#1485=LINE('',#3783,#1877);
#1486=LINE('',#3786,#1878);
#1487=LINE('',#3788,#1879);
#1488=LINE('',#3790,#1880);
#1489=LINE('',#3791,#1881);
#1490=LINE('',#3794,#1882);
#1491=LINE('',#3796,#1883);
#1492=LINE('',#3798,#1884);
#1493=LINE('',#3799,#1885);
#1494=LINE('',#3802,#1886);
#1495=LINE('',#3804,#1887);
#1496=LINE('',#3806,#1888);
#1497=LINE('',#3808,#1889);
#1498=LINE('',#3811,#1890);
#1499=LINE('',#3813,#1891);
#1500=LINE('',#3815,#1892);
#1501=LINE('',#3817,#1893);
#1502=LINE('',#3819,#1894);
#1503=LINE('',#3821,#1895);
#1504=LINE('',#3823,#1896);
#1505=LINE('',#3825,#1897);
#1506=LINE('',#3827,#1898);
#1507=LINE('',#3829,#1899);
#1508=LINE('',#3832,#1900);
#1509=LINE('',#3834,#1901);
#1510=LINE('',#3836,#1902);
#1511=LINE('',#3838,#1903);
#1512=LINE('',#3840,#1904);
#1513=LINE('',#3842,#1905);
#1514=LINE('',#3844,#1906);
#1515=LINE('',#3846,#1907);
#1516=LINE('',#3847,#1908);
#1517=LINE('',#3849,#1909);
#1518=LINE('',#3852,#1910);
#1519=LINE('',#3854,#1911);
#1520=LINE('',#3856,#1912);
#1521=LINE('',#3858,#1913);
#1522=LINE('',#3860,#1914);
#1523=LINE('',#3862,#1915);
#1524=LINE('',#3864,#1916);
#1525=LINE('',#3866,#1917);
#1526=LINE('',#3868,#1918);
#1527=LINE('',#3870,#1919);
#1528=LINE('',#3872,#1920);
#1529=LINE('',#3874,#1921);
#1530=LINE('',#3876,#1922);
#1531=LINE('',#3877,#1923);
#1532=LINE('',#3879,#1924);
#1533=LINE('',#3881,#1925);
#1534=LINE('',#3883,#1926);
#1535=LINE('',#3884,#1927);
#1536=LINE('',#3886,#1928);
#1537=LINE('',#3889,#1929);
#1538=LINE('',#3891,#1930);
#1539=LINE('',#3893,#1931);
#1540=LINE('',#3895,#1932);
#1541=LINE('',#3897,#1933);
#1542=LINE('',#3899,#1934);
#1543=LINE('',#3900,#1935);
#1544=LINE('',#3902,#1936);
#1545=LINE('',#3904,#1937);
#1546=LINE('',#3906,#1938);
#1547=LINE('',#3908,#1939);
#1548=LINE('',#3910,#1940);
#1549=LINE('',#3912,#1941);
#1550=LINE('',#3914,#1942);
#1551=LINE('',#3915,#1943);
#1552=LINE('',#3917,#1944);
#1553=LINE('',#3919,#1945);
#1554=LINE('',#3921,#1946);
#1555=LINE('',#3923,#1947);
#1556=LINE('',#3925,#1948);
#1557=LINE('',#3927,#1949);
#1558=LINE('',#3930,#1950);
#1559=LINE('',#3931,#1951);
#1560=LINE('',#3933,#1952);
#1561=LINE('',#3935,#1953);
#1562=LINE('',#3937,#1954);
#1563=LINE('',#3939,#1955);
#1564=LINE('',#3941,#1956);
#1565=LINE('',#3943,#1957);
#1566=LINE('',#3945,#1958);
#1567=LINE('',#3946,#1959);
#1568=LINE('',#3947,#1960);
#1569=LINE('',#3948,#1961);
#1570=LINE('',#3950,#1962);
#1571=LINE('',#3952,#1963);
#1572=LINE('',#3954,#1964);
#1573=LINE('',#3956,#1965);
#1574=LINE('',#3958,#1966);
#1575=LINE('',#3960,#1967);
#1576=LINE('',#3961,#1968);
#1577=LINE('',#3963,#1969);
#1578=LINE('',#3965,#1970);
#1579=LINE('',#3967,#1971);
#1580=LINE('',#3970,#1972);
#1581=LINE('',#3971,#1973);
#1582=LINE('',#3973,#1974);
#1583=LINE('',#3975,#1975);
#1584=LINE('',#3977,#1976);
#1585=LINE('',#3979,#1977);
#1586=LINE('',#3981,#1978);
#1587=LINE('',#3983,#1979);
#1588=LINE('',#3985,#1980);
#1589=LINE('',#3986,#1981);
#1590=LINE('',#3988,#1982);
#1591=LINE('',#3990,#1983);
#1592=LINE('',#3992,#1984);
#1593=LINE('',#3994,#1985);
#1594=LINE('',#3996,#1986);
#1595=LINE('',#3998,#1987);
#1596=LINE('',#4000,#1988);
#1597=LINE('',#4002,#1989);
#1598=LINE('',#4003,#1990);
#1599=LINE('',#4004,#1991);
#1600=LINE('',#4006,#1992);
#1601=LINE('',#4008,#1993);
#1602=LINE('',#4010,#1994);
#1603=LINE('',#4012,#1995);
#1604=LINE('',#4014,#1996);
#1605=LINE('',#4017,#1997);
#1606=LINE('',#4019,#1998);
#1607=LINE('',#4021,#1999);
#1608=LINE('',#4022,#2000);
#1609=LINE('',#4025,#2001);
#1610=LINE('',#4027,#2002);
#1611=LINE('',#4029,#2003);
#1612=LINE('',#4030,#2004);
#1613=LINE('',#4033,#2005);
#1614=LINE('',#4035,#2006);
#1615=LINE('',#4037,#2007);
#1616=LINE('',#4038,#2008);
#1617=LINE('',#4041,#2009);
#1618=LINE('',#4043,#2010);
#1619=LINE('',#4045,#2011);
#1620=LINE('',#4047,#2012);
#1621=LINE('',#4049,#2013);
#1622=LINE('',#4051,#2014);
#1623=LINE('',#4053,#2015);
#1624=LINE('',#4055,#2016);
#1625=LINE('',#4057,#2017);
#1626=LINE('',#4059,#2018);
#1627=LINE('',#4061,#2019);
#1628=LINE('',#4063,#2020);
#1629=LINE('',#4067,#2021);
#1630=LINE('',#4069,#2022);
#1631=LINE('',#4071,#2023);
#1632=LINE('',#4074,#2024);
#1633=LINE('',#4077,#2025);
#1634=LINE('',#4080,#2026);
#1635=LINE('',#4083,#2027);
#1636=LINE('',#4084,#2028);
#1637=LINE('',#4086,#2029);
#1638=LINE('',#4088,#2030);
#1639=LINE('',#4090,#2031);
#1640=LINE('',#4093,#2032);
#1641=LINE('',#4095,#2033);
#1642=LINE('',#4096,#2034);
#1643=LINE('',#4099,#2035);
#1644=LINE('',#4100,#2036);
#1645=LINE('',#4102,#2037);
#1646=LINE('',#4104,#2038);
#1647=LINE('',#4106,#2039);
#1648=LINE('',#4108,#2040);
#1649=LINE('',#4109,#2041);
#1650=LINE('',#4111,#2042);
#1651=LINE('',#4113,#2043);
#1652=LINE('',#4115,#2044);
#1653=LINE('',#4116,#2045);
#1654=LINE('',#4118,#2046);
#1655=LINE('',#4121,#2047);
#1656=LINE('',#4123,#2048);
#1657=LINE('',#4125,#2049);
#1658=LINE('',#4126,#2050);
#1659=LINE('',#4128,#2051);
#1660=LINE('',#4130,#2052);
#1661=LINE('',#4132,#2053);
#1662=LINE('',#4133,#2054);
#1663=LINE('',#4135,#2055);
#1664=LINE('',#4138,#2056);
#1665=LINE('',#4140,#2057);
#1666=LINE('',#4142,#2058);
#1667=LINE('',#4144,#2059);
#1668=LINE('',#4146,#2060);
#1669=LINE('',#4148,#2061);
#1670=LINE('',#4150,#2062);
#1671=LINE('',#4152,#2063);
#1672=LINE('',#4154,#2064);
#1673=LINE('',#4156,#2065);
#1674=LINE('',#4158,#2066);
#1675=LINE('',#4160,#2067);
#1676=LINE('',#4162,#2068);
#1677=LINE('',#4164,#2069);
#1678=LINE('',#4166,#2070);
#1679=LINE('',#4167,#2071);
#1680=LINE('',#4169,#2072);
#1681=LINE('',#4171,#2073);
#1682=LINE('',#4173,#2074);
#1683=LINE('',#4174,#2075);
#1684=LINE('',#4176,#2076);
#1685=LINE('',#4179,#2077);
#1686=LINE('',#4181,#2078);
#1687=LINE('',#4183,#2079);
#1688=LINE('',#4185,#2080);
#1689=LINE('',#4187,#2081);
#1690=LINE('',#4189,#2082);
#1691=LINE('',#4191,#2083);
#1692=LINE('',#4193,#2084);
#1693=LINE('',#4195,#2085);
#1694=LINE('',#4197,#2086);
#1695=LINE('',#4199,#2087);
#1696=LINE('',#4201,#2088);
#1697=LINE('',#4203,#2089);
#1698=LINE('',#4205,#2090);
#1699=LINE('',#4207,#2091);
#1700=LINE('',#4209,#2092);
#1701=LINE('',#4211,#2093);
#1702=LINE('',#4213,#2094);
#1703=LINE('',#4215,#2095);
#1704=LINE('',#4217,#2096);
#1705=LINE('',#4219,#2097);
#1706=LINE('',#4221,#2098);
#1707=LINE('',#4223,#2099);
#1708=LINE('',#4225,#2100);
#1709=LINE('',#4227,#2101);
#1710=LINE('',#4229,#2102);
#1711=LINE('',#4231,#2103);
#1712=LINE('',#4233,#2104);
#1713=LINE('',#4235,#2105);
#1714=LINE('',#4237,#2106);
#1715=LINE('',#4239,#2107);
#1716=LINE('',#4241,#2108);
#1717=LINE('',#4243,#2109);
#1718=LINE('',#4246,#2110);
#1719=LINE('',#4249,#2111);
#1720=LINE('',#4251,#2112);
#1721=LINE('',#4253,#2113);
#1722=LINE('',#4255,#2114);
#1723=LINE('',#4258,#2115);
#1724=LINE('',#4260,#2116);
#1725=LINE('',#4262,#2117);
#1726=LINE('',#4264,#2118);
#1727=LINE('',#4266,#2119);
#1728=LINE('',#4269,#2120);
#1729=LINE('',#4272,#2121);
#1730=LINE('',#4275,#2122);
#1731=LINE('',#4277,#2123);
#1732=LINE('',#4279,#2124);
#1733=LINE('',#4281,#2125);
#1734=LINE('',#4284,#2126);
#1735=LINE('',#4287,#2127);
#1736=LINE('',#4289,#2128);
#1737=LINE('',#4291,#2129);
#1738=LINE('',#4293,#2130);
#1739=LINE('',#4295,#2131);
#1740=LINE('',#4297,#2132);
#1741=LINE('',#4299,#2133);
#1742=LINE('',#4301,#2134);
#1743=LINE('',#4303,#2135);
#1744=LINE('',#4305,#2136);
#1745=LINE('',#4307,#2137);
#1746=LINE('',#4310,#2138);
#1747=LINE('',#4312,#2139);
#1748=LINE('',#4314,#2140);
#1749=LINE('',#4315,#2141);
#1750=LINE('',#4318,#2142);
#1751=LINE('',#4320,#2143);
#1752=LINE('',#4321,#2144);
#1753=LINE('',#4322,#2145);
#1754=LINE('',#4324,#2146);
#1755=LINE('',#4326,#2147);
#1756=LINE('',#4328,#2148);
#1757=LINE('',#4330,#2149);
#1758=LINE('',#4332,#2150);
#1759=LINE('',#4333,#2151);
#1760=LINE('',#4334,#2152);
#1761=LINE('',#4336,#2153);
#1762=LINE('',#4339,#2154);
#1763=LINE('',#4341,#2155);
#1764=LINE('',#4343,#2156);
#1765=LINE('',#4345,#2157);
#1766=LINE('',#4347,#2158);
#1767=LINE('',#4349,#2159);
#1768=LINE('',#4351,#2160);
#1769=LINE('',#4353,#2161);
#1770=LINE('',#4356,#2162);
#1771=LINE('',#4359,#2163);
#1772=LINE('',#4360,#2164);
#1773=LINE('',#4362,#2165);
#1774=LINE('',#4364,#2166);
#1775=LINE('',#4366,#2167);
#1776=LINE('',#4368,#2168);
#1777=LINE('',#4370,#2169);
#1778=LINE('',#4372,#2170);
#1779=LINE('',#4374,#2171);
#1780=LINE('',#4376,#2172);
#1781=LINE('',#4378,#2173);
#1782=LINE('',#4380,#2174);
#1783=LINE('',#4382,#2175);
#1784=LINE('',#4385,#2176);
#1785=LINE('',#4387,#2177);
#1786=LINE('',#4389,#2178);
#1787=LINE('',#4390,#2179);
#1788=LINE('',#4393,#2180);
#1789=LINE('',#4394,#2181);
#1790=LINE('',#4395,#2182);
#1791=LINE('',#4396,#2183);
#1792=LINE('',#4398,#2184);
#1793=LINE('',#4400,#2185);
#1794=LINE('',#4401,#2186);
#1795=LINE('',#4403,#2187);
#1796=LINE('',#4405,#2188);
#1797=LINE('',#4407,#2189);
#1798=LINE('',#4409,#2190);
#1799=LINE('',#4411,#2191);
#1800=LINE('',#4413,#2192);
#1801=LINE('',#4417,#2193);
#1802=LINE('',#4419,#2194);
#1803=LINE('',#4421,#2195);
#1804=LINE('',#4423,#2196);
#1805=LINE('',#4425,#2197);
#1806=LINE('',#4427,#2198);
#1807=LINE('',#4429,#2199);
#1808=LINE('',#4431,#2200);
#1809=LINE('',#4435,#2201);
#1810=LINE('',#4438,#2202);
#1811=LINE('',#4440,#2203);
#1812=LINE('',#4442,#2204);
#1813=LINE('',#4444,#2205);
#1814=LINE('',#4446,#2206);
#1815=LINE('',#4448,#2207);
#1816=LINE('',#4450,#2208);
#1817=LINE('',#4452,#2209);
#1818=LINE('',#4454,#2210);
#1819=LINE('',#4456,#2211);
#1820=LINE('',#4458,#2212);
#1821=LINE('',#4461,#2213);
#1822=LINE('',#4462,#2214);
#1823=LINE('',#4464,#2215);
#1824=LINE('',#4466,#2216);
#1825=LINE('',#4468,#2217);
#1826=LINE('',#4470,#2218);
#1827=LINE('',#4472,#2219);
#1828=LINE('',#4475,#2220);
#1829=LINE('',#4477,#2221);
#1830=LINE('',#4479,#2222);
#1831=LINE('',#4481,#2223);
#1832=LINE('',#4483,#2224);
#1833=LINE('',#4485,#2225);
#1834=LINE('',#4487,#2226);
#1835=LINE('',#4489,#2227);
#1836=LINE('',#4492,#2228);
#1837=LINE('',#4494,#2229);
#1838=LINE('',#4496,#2230);
#1839=VECTOR('',#3015,1.);
#1840=VECTOR('',#3016,1.);
#1841=VECTOR('',#3017,1.);
#1842=VECTOR('',#3018,1.);
#1843=VECTOR('',#3019,1.);
#1844=VECTOR('',#3020,1.);
#1845=VECTOR('',#3021,1.);
#1846=VECTOR('',#3022,1.);
#1847=VECTOR('',#3025,1.);
#1848=VECTOR('',#3026,1.);
#1849=VECTOR('',#3027,1.);
#1850=VECTOR('',#3028,1.);
#1851=VECTOR('',#3029,1.);
#1852=VECTOR('',#3030,1.);
#1853=VECTOR('',#3031,1.);
#1854=VECTOR('',#3032,1.);
#1855=VECTOR('',#3033,1.);
#1856=VECTOR('',#3034,1.);
#1857=VECTOR('',#3037,1.);
#1858=VECTOR('',#3038,1.);
#1859=VECTOR('',#3039,1.);
#1860=VECTOR('',#3040,1.);
#1861=VECTOR('',#3043,1.);
#1862=VECTOR('',#3044,1.);
#1863=VECTOR('',#3045,1.);
#1864=VECTOR('',#3046,1.);
#1865=VECTOR('',#3049,1.);
#1866=VECTOR('',#3050,1.);
#1867=VECTOR('',#3051,1.);
#1868=VECTOR('',#3052,1.);
#1869=VECTOR('',#3055,1.);
#1870=VECTOR('',#3056,1.);
#1871=VECTOR('',#3057,1.);
#1872=VECTOR('',#3058,1.);
#1873=VECTOR('',#3061,1.);
#1874=VECTOR('',#3062,1.);
#1875=VECTOR('',#3063,1.);
#1876=VECTOR('',#3064,1.);
#1877=VECTOR('',#3065,1.);
#1878=VECTOR('',#3066,1.);
#1879=VECTOR('',#3067,1.);
#1880=VECTOR('',#3068,1.);
#1881=VECTOR('',#3069,1.);
#1882=VECTOR('',#3070,1.);
#1883=VECTOR('',#3071,1.);
#1884=VECTOR('',#3072,1.);
#1885=VECTOR('',#3073,1.);
#1886=VECTOR('',#3074,1.);
#1887=VECTOR('',#3075,1.);
#1888=VECTOR('',#3076,1.);
#1889=VECTOR('',#3079,1.);
#1890=VECTOR('',#3080,1.);
#1891=VECTOR('',#3081,1.);
#1892=VECTOR('',#3082,1.);
#1893=VECTOR('',#3083,1.);
#1894=VECTOR('',#3084,1.);
#1895=VECTOR('',#3085,1.);
#1896=VECTOR('',#3086,1.);
#1897=VECTOR('',#3087,1.);
#1898=VECTOR('',#3088,1.);
#1899=VECTOR('',#3091,1.);
#1900=VECTOR('',#3092,1.);
#1901=VECTOR('',#3093,1.);
#1902=VECTOR('',#3094,1.);
#1903=VECTOR('',#3095,1.);
#1904=VECTOR('',#3096,1.);
#1905=VECTOR('',#3097,1.);
#1906=VECTOR('',#3098,1.);
#1907=VECTOR('',#3101,1.);
#1908=VECTOR('',#3102,1.);
#1909=VECTOR('',#3105,1.);
#1910=VECTOR('',#3106,1.);
#1911=VECTOR('',#3107,1.);
#1912=VECTOR('',#3108,1.);
#1913=VECTOR('',#3109,1.);
#1914=VECTOR('',#3110,1.);
#1915=VECTOR('',#3111,1.);
#1916=VECTOR('',#3112,1.);
#1917=VECTOR('',#3113,1.);
#1918=VECTOR('',#3114,1.);
#1919=VECTOR('',#3115,1.);
#1920=VECTOR('',#3116,1.);
#1921=VECTOR('',#3119,1.);
#1922=VECTOR('',#3120,1.);
#1923=VECTOR('',#3121,1.);
#1924=VECTOR('',#3122,1.);
#1925=VECTOR('',#3123,1.);
#1926=VECTOR('',#3124,1.);
#1927=VECTOR('',#3125,1.);
#1928=VECTOR('',#3128,1.);
#1929=VECTOR('',#3129,1.);
#1930=VECTOR('',#3130,1.);
#1931=VECTOR('',#3131,1.);
#1932=VECTOR('',#3132,1.);
#1933=VECTOR('',#3133,1.);
#1934=VECTOR('',#3134,1.);
#1935=VECTOR('',#3135,1.);
#1936=VECTOR('',#3136,1.);
#1937=VECTOR('',#3137,1.);
#1938=VECTOR('',#3138,1.);
#1939=VECTOR('',#3139,1.);
#1940=VECTOR('',#3140,1.);
#1941=VECTOR('',#3141,1.);
#1942=VECTOR('',#3142,1.);
#1943=VECTOR('',#3143,1.);
#1944=VECTOR('',#3144,1.);
#1945=VECTOR('',#3145,1.);
#1946=VECTOR('',#3148,1.);
#1947=VECTOR('',#3149,1.);
#1948=VECTOR('',#3150,1.);
#1949=VECTOR('',#3153,1.);
#1950=VECTOR('',#3154,1.);
#1951=VECTOR('',#3155,1.);
#1952=VECTOR('',#3158,1.);
#1953=VECTOR('',#3159,1.);
#1954=VECTOR('',#3162,1.);
#1955=VECTOR('',#3163,1.);
#1956=VECTOR('',#3164,1.);
#1957=VECTOR('',#3167,1.);
#1958=VECTOR('',#3168,1.);
#1959=VECTOR('',#3169,1.);
#1960=VECTOR('',#3170,1.);
#1961=VECTOR('',#3171,1.);
#1962=VECTOR('',#3172,1.);
#1963=VECTOR('',#3175,1.);
#1964=VECTOR('',#3176,1.);
#1965=VECTOR('',#3179,1.);
#1966=VECTOR('',#3180,1.);
#1967=VECTOR('',#3183,1.);
#1968=VECTOR('',#3184,1.);
#1969=VECTOR('',#3185,1.);
#1970=VECTOR('',#3186,1.);
#1971=VECTOR('',#3189,1.);
#1972=VECTOR('',#3190,1.);
#1973=VECTOR('',#3191,1.);
#1974=VECTOR('',#3192,1.);
#1975=VECTOR('',#3195,1.);
#1976=VECTOR('',#3196,1.);
#1977=VECTOR('',#3197,1.);
#1978=VECTOR('',#3198,1.);
#1979=VECTOR('',#3201,1.);
#1980=VECTOR('',#3204,1.);
#1981=VECTOR('',#3205,1.);
#1982=VECTOR('',#3208,1.);
#1983=VECTOR('',#3209,1.);
#1984=VECTOR('',#3210,1.);
#1985=VECTOR('',#3211,1.);
#1986=VECTOR('',#3212,1.);
#1987=VECTOR('',#3213,1.);
#1988=VECTOR('',#3214,1.);
#1989=VECTOR('',#3217,1.);
#1990=VECTOR('',#3218,1.);
#1991=VECTOR('',#3219,1.);
#1992=VECTOR('',#3220,1.);
#1993=VECTOR('',#3221,1.);
#1994=VECTOR('',#3222,1.);
#1995=VECTOR('',#3223,1.);
#1996=VECTOR('',#3226,1.);
#1997=VECTOR('',#3227,1.);
#1998=VECTOR('',#3228,1.);
#1999=VECTOR('',#3229,1.);
#2000=VECTOR('',#3230,1.);
#2001=VECTOR('',#3231,1.);
#2002=VECTOR('',#3232,1.);
#2003=VECTOR('',#3233,1.);
#2004=VECTOR('',#3234,1.);
#2005=VECTOR('',#3235,1.);
#2006=VECTOR('',#3236,1.);
#2007=VECTOR('',#3237,1.);
#2008=VECTOR('',#3238,1.);
#2009=VECTOR('',#3239,1.);
#2010=VECTOR('',#3240,1.);
#2011=VECTOR('',#3241,1.);
#2012=VECTOR('',#3244,1.);
#2013=VECTOR('',#3245,1.);
#2014=VECTOR('',#3248,1.);
#2015=VECTOR('',#3249,1.);
#2016=VECTOR('',#3250,1.);
#2017=VECTOR('',#3251,1.);
#2018=VECTOR('',#3254,1.);
#2019=VECTOR('',#3257,1.);
#2020=VECTOR('',#3260,1.);
#2021=VECTOR('',#3267,1.);
#2022=VECTOR('',#3268,1.);
#2023=VECTOR('',#3269,1.);
#2024=VECTOR('',#3274,1.);
#2025=VECTOR('',#3279,1.);
#2026=VECTOR('',#3284,1.);
#2027=VECTOR('',#3285,1.);
#2028=VECTOR('',#3286,1.);
#2029=VECTOR('',#3289,1.);
#2030=VECTOR('',#3290,1.);
#2031=VECTOR('',#3291,1.);
#2032=VECTOR('',#3296,1.);
#2033=VECTOR('',#3299,1.);
#2034=VECTOR('',#3300,1.);
#2035=VECTOR('',#3305,1.);
#2036=VECTOR('',#3306,1.);
#2037=VECTOR('',#3309,1.);
#2038=VECTOR('',#3312,1.);
#2039=VECTOR('',#3313,1.);
#2040=VECTOR('',#3314,1.);
#2041=VECTOR('',#3315,1.);
#2042=VECTOR('',#3318,1.);
#2043=VECTOR('',#3319,1.);
#2044=VECTOR('',#3322,1.);
#2045=VECTOR('',#3323,1.);
#2046=VECTOR('',#3324,1.);
#2047=VECTOR('',#3329,1.);
#2048=VECTOR('',#3330,1.);
#2049=VECTOR('',#3331,1.);
#2050=VECTOR('',#3332,1.);
#2051=VECTOR('',#3335,1.);
#2052=VECTOR('',#3336,1.);
#2053=VECTOR('',#3339,1.);
#2054=VECTOR('',#3340,1.);
#2055=VECTOR('',#3341,1.);
#2056=VECTOR('',#3346,1.);
#2057=VECTOR('',#3347,1.);
#2058=VECTOR('',#3348,1.);
#2059=VECTOR('',#3351,1.);
#2060=VECTOR('',#3352,1.);
#2061=VECTOR('',#3353,1.);
#2062=VECTOR('',#3354,1.);
#2063=VECTOR('',#3357,1.);
#2064=VECTOR('',#3358,1.);
#2065=VECTOR('',#3361,1.);
#2066=VECTOR('',#3362,1.);
#2067=VECTOR('',#3363,1.);
#2068=VECTOR('',#3366,1.);
#2069=VECTOR('',#3367,1.);
#2070=VECTOR('',#3368,1.);
#2071=VECTOR('',#3369,1.);
#2072=VECTOR('',#3372,1.);
#2073=VECTOR('',#3373,1.);
#2074=VECTOR('',#3376,1.);
#2075=VECTOR('',#3377,1.);
#2076=VECTOR('',#3378,1.);
#2077=VECTOR('',#3383,1.);
#2078=VECTOR('',#3384,1.);
#2079=VECTOR('',#3385,1.);
#2080=VECTOR('',#3388,1.);
#2081=VECTOR('',#3389,1.);
#2082=VECTOR('',#3392,1.);
#2083=VECTOR('',#3393,1.);
#2084=VECTOR('',#3396,1.);
#2085=VECTOR('',#3399,1.);
#2086=VECTOR('',#3400,1.);
#2087=VECTOR('',#3401,1.);
#2088=VECTOR('',#3404,1.);
#2089=VECTOR('',#3405,1.);
#2090=VECTOR('',#3408,1.);
#2091=VECTOR('',#3409,1.);
#2092=VECTOR('',#3412,1.);
#2093=VECTOR('',#3415,1.);
#2094=VECTOR('',#3416,1.);
#2095=VECTOR('',#3417,1.);
#2096=VECTOR('',#3420,1.);
#2097=VECTOR('',#3421,1.);
#2098=VECTOR('',#3424,1.);
#2099=VECTOR('',#3425,1.);
#2100=VECTOR('',#3428,1.);
#2101=VECTOR('',#3431,1.);
#2102=VECTOR('',#3432,1.);
#2103=VECTOR('',#3433,1.);
#2104=VECTOR('',#3436,1.);
#2105=VECTOR('',#3437,1.);
#2106=VECTOR('',#3440,1.);
#2107=VECTOR('',#3441,1.);
#2108=VECTOR('',#3444,1.);
#2109=VECTOR('',#3447,1.);
#2110=VECTOR('',#3452,1.);
#2111=VECTOR('',#3453,1.);
#2112=VECTOR('',#3454,1.);
#2113=VECTOR('',#3455,1.);
#2114=VECTOR('',#3458,1.);
#2115=VECTOR('',#3459,1.);
#2116=VECTOR('',#3460,1.);
#2117=VECTOR('',#3461,1.);
#2118=VECTOR('',#3464,1.);
#2119=VECTOR('',#3467,1.);
#2120=VECTOR('',#3472,1.);
#2121=VECTOR('',#3477,1.);
#2122=VECTOR('',#3478,1.);
#2123=VECTOR('',#3479,1.);
#2124=VECTOR('',#3480,1.);
#2125=VECTOR('',#3483,1.);
#2126=VECTOR('',#3488,1.);
#2127=VECTOR('',#3489,1.);
#2128=VECTOR('',#3490,1.);
#2129=VECTOR('',#3491,1.);
#2130=VECTOR('',#3494,1.);
#2131=VECTOR('',#3495,1.);
#2132=VECTOR('',#3496,1.);
#2133=VECTOR('',#3499,1.);
#2134=VECTOR('',#3500,1.);
#2135=VECTOR('',#3503,1.);
#2136=VECTOR('',#3504,1.);
#2137=VECTOR('',#3507,1.);
#2138=VECTOR('',#3508,1.);
#2139=VECTOR('',#3509,1.);
#2140=VECTOR('',#3510,1.);
#2141=VECTOR('',#3511,1.);
#2142=VECTOR('',#3516,1.);
#2143=VECTOR('',#3517,1.);
#2144=VECTOR('',#3518,1.);
#2145=VECTOR('',#3519,1.);
#2146=VECTOR('',#3520,1.);
#2147=VECTOR('',#3523,1.);
#2148=VECTOR('',#3524,1.);
#2149=VECTOR('',#3527,1.);
#2150=VECTOR('',#3528,1.);
#2151=VECTOR('',#3529,1.);
#2152=VECTOR('',#3530,1.);
#2153=VECTOR('',#3533,1.);
#2154=VECTOR('',#3538,1.);
#2155=VECTOR('',#3539,1.);
#2156=VECTOR('',#3540,1.);
#2157=VECTOR('',#3543,1.);
#2158=VECTOR('',#3544,1.);
#2159=VECTOR('',#3547,1.);
#2160=VECTOR('',#3548,1.);
#2161=VECTOR('',#3551,1.);
#2162=VECTOR('',#3556,1.);
#2163=VECTOR('',#3557,1.);
#2164=VECTOR('',#3558,1.);
#2165=VECTOR('',#3561,1.);
#2166=VECTOR('',#3562,1.);
#2167=VECTOR('',#3563,1.);
#2168=VECTOR('',#3564,1.);
#2169=VECTOR('',#3567,1.);
#2170=VECTOR('',#3568,1.);
#2171=VECTOR('',#3571,1.);
#2172=VECTOR('',#3574,1.);
#2173=VECTOR('',#3575,1.);
#2174=VECTOR('',#3576,1.);
#2175=VECTOR('',#3579,1.);
#2176=VECTOR('',#3580,1.);
#2177=VECTOR('',#3581,1.);
#2178=VECTOR('',#3582,1.);
#2179=VECTOR('',#3583,1.);
#2180=VECTOR('',#3584,1.);
#2181=VECTOR('',#3585,1.);
#2182=VECTOR('',#3586,1.);
#2183=VECTOR('',#3587,1.);
#2184=VECTOR('',#3590,1.);
#2185=VECTOR('',#3593,1.);
#2186=VECTOR('',#3594,1.);
#2187=VECTOR('',#3595,1.);
#2188=VECTOR('',#3598,1.);
#2189=VECTOR('',#3599,1.);
#2190=VECTOR('',#3600,1.);
#2191=VECTOR('',#3603,1.);
#2192=VECTOR('',#3606,1.);
#2193=VECTOR('',#3613,1.);
#2194=VECTOR('',#3614,1.);
#2195=VECTOR('',#3615,1.);
#2196=VECTOR('',#3618,1.);
#2197=VECTOR('',#3619,1.);
#2198=VECTOR('',#3622,1.);
#2199=VECTOR('',#3623,1.);
#2200=VECTOR('',#3626,1.);
#2201=VECTOR('',#3633,1.);
#2202=VECTOR('',#3634,1.);
#2203=VECTOR('',#3635,1.);
#2204=VECTOR('',#3636,1.);
#2205=VECTOR('',#3639,1.);
#2206=VECTOR('',#3640,1.);
#2207=VECTOR('',#3641,1.);
#2208=VECTOR('',#3644,1.);
#2209=VECTOR('',#3645,1.);
#2210=VECTOR('',#3648,1.);
#2211=VECTOR('',#3649,1.);
#2212=VECTOR('',#3652,1.);
#2213=VECTOR('',#3657,1.);
#2214=VECTOR('',#3658,1.);
#2215=VECTOR('',#3661,1.);
#2216=VECTOR('',#3662,1.);
#2217=VECTOR('',#3665,1.);
#2218=VECTOR('',#3666,1.);
#2219=VECTOR('',#3669,1.);
#2220=VECTOR('',#3674,1.);
#2221=VECTOR('',#3675,1.);
#2222=VECTOR('',#3676,1.);
#2223=VECTOR('',#3679,1.);
#2224=VECTOR('',#3680,1.);
#2225=VECTOR('',#3683,1.);
#2226=VECTOR('',#3684,1.);
#2227=VECTOR('',#3687,1.);
#2228=VECTOR('',#3692,1.);
#2229=VECTOR('',#3693,1.);
#2230=VECTOR('',#3696,1.);
#2231=EDGE_LOOP('',(#12,#13,#14,#15));
#2232=EDGE_LOOP('',(#16,#17,#18,#19));
#2233=EDGE_LOOP('',(#20,#21,#22,#23,#24,#25,#26,#27,#28,#29));
#2234=EDGE_LOOP('',(#30,#31,#32,#33));
#2235=EDGE_LOOP('',(#34,#35,#36,#37));
#2236=EDGE_LOOP('',(#38,#39,#40,#41));
#2237=EDGE_LOOP('',(#42,#43,#44,#45));
#2238=EDGE_LOOP('',(#46,#47,#48,#49));
#2239=EDGE_LOOP('',(#50,#51,#52,#53));
#2240=EDGE_LOOP('',(#54,#55,#56,#57));
#2241=EDGE_LOOP('',(#58,#59,#60,#61));
#2242=EDGE_LOOP('',(#62,#63,#64,#65,#66,#67,#68,#69,#70,#71));
#2243=EDGE_LOOP('',(#72,#73,#74,#75,#76,#77,#78,#79));
#2244=EDGE_LOOP('',(#80,#81,#82,#83));
#2245=EDGE_LOOP('',(#84,#85,#86,#87,#88,#89,#90,#91,#92,#93,#94,#95));
#2246=EDGE_LOOP('',(#96,#97,#98,#99,#100,#101,#102,#103,#104,#105,#106,
#107));
#2247=EDGE_LOOP('',(#108,#109,#110,#111,#112,#113,#114,#115,#116,#117,#118,
#119,#120,#121,#122,#123,#124,#125,#126,#127));
#2248=EDGE_LOOP('',(#128,#129,#130,#131));
#2249=EDGE_LOOP('',(#132,#133,#134,#135));
#2250=EDGE_LOOP('',(#136,#137,#138,#139));
#2251=EDGE_LOOP('',(#140,#141,#142,#143));
#2252=EDGE_LOOP('',(#144,#145,#146,#147,#148,#149,#150,#151,#152,#153,#154));
#2253=EDGE_LOOP('',(#155,#156,#157,#158));
#2254=EDGE_LOOP('',(#159,#160,#161,#162));
#2255=EDGE_LOOP('',(#163,#164,#165,#166,#167,#168,#169,#170));
#2256=EDGE_LOOP('',(#171,#172,#173,#174,#175,#176));
#2257=EDGE_LOOP('',(#177,#178,#179,#180,#181,#182));
#2258=EDGE_LOOP('',(#183,#184,#185,#186));
#2259=EDGE_LOOP('',(#187,#188,#189,#190));
#2260=EDGE_LOOP('',(#191,#192,#193,#194,#195,#196,#197,#198));
#2261=EDGE_LOOP('',(#199,#200,#201,#202,#203,#204,#205,#206,#207,#208));
#2262=EDGE_LOOP('',(#209,#210,#211,#212));
#2263=EDGE_LOOP('',(#213,#214,#215,#216));
#2264=EDGE_LOOP('',(#217,#218,#219,#220));
#2265=EDGE_LOOP('',(#221,#222,#223,#224));
#2266=EDGE_LOOP('',(#225,#226,#227,#228));
#2267=EDGE_LOOP('',(#229,#230,#231,#232));
#2268=EDGE_LOOP('',(#233,#234,#235,#236,#237,#238));
#2269=EDGE_LOOP('',(#239,#240,#241,#242));
#2270=EDGE_LOOP('',(#243,#244,#245,#246));
#2271=EDGE_LOOP('',(#247,#248,#249,#250));
#2272=EDGE_LOOP('',(#251,#252,#253,#254));
#2273=EDGE_LOOP('',(#255,#256,#257,#258));
#2274=EDGE_LOOP('',(#259,#260,#261,#262));
#2275=EDGE_LOOP('',(#263,#264,#265,#266));
#2276=EDGE_LOOP('',(#267,#268,#269,#270));
#2277=EDGE_LOOP('',(#271,#272,#273,#274));
#2278=EDGE_LOOP('',(#275,#276,#277,#278));
#2279=EDGE_LOOP('',(#279,#280,#281,#282,#283,#284,#285,#286));
#2280=EDGE_LOOP('',(#287,#288,#289,#290));
#2281=EDGE_LOOP('',(#291,#292,#293,#294,#295));
#2282=EDGE_LOOP('',(#296,#297,#298,#299,#300,#301));
#2283=EDGE_LOOP('',(#302,#303,#304,#305));
#2284=EDGE_LOOP('',(#306,#307,#308,#309,#310,#311));
#2285=EDGE_LOOP('',(#312,#313,#314,#315,#316));
#2286=EDGE_LOOP('',(#317,#318,#319,#320));
#2287=EDGE_LOOP('',(#321,#322,#323,#324,#325,#326));
#2288=EDGE_LOOP('',(#327,#328,#329,#330));
#2289=EDGE_LOOP('',(#331,#332,#333,#334,#335,#336));
#2290=EDGE_LOOP('',(#337,#338,#339,#340));
#2291=EDGE_LOOP('',(#341,#342,#343,#344,#345,#346));
#2292=EDGE_LOOP('',(#347,#348,#349,#350));
#2293=EDGE_LOOP('',(#351,#352,#353,#354,#355,#356));
#2294=EDGE_LOOP('',(#357,#358,#359,#360));
#2295=EDGE_LOOP('',(#361,#362,#363,#364,#365,#366));
#2296=EDGE_LOOP('',(#367,#368,#369,#370));
#2297=EDGE_LOOP('',(#371,#372,#373,#374));
#2298=EDGE_LOOP('',(#375,#376,#377,#378,#379,#380));
#2299=EDGE_LOOP('',(#381,#382,#383,#384));
#2300=EDGE_LOOP('',(#385,#386,#387,#388,#389,#390));
#2301=EDGE_LOOP('',(#391,#392,#393,#394,#395,#396));
#2302=EDGE_LOOP('',(#397,#398,#399,#400));
#2303=EDGE_LOOP('',(#401,#402,#403,#404,#405,#406));
#2304=EDGE_LOOP('',(#407,#408,#409,#410));
#2305=EDGE_LOOP('',(#411,#412,#413,#414));
#2306=EDGE_LOOP('',(#415,#416,#417,#418));
#2307=EDGE_LOOP('',(#419,#420,#421,#422));
#2308=EDGE_LOOP('',(#423,#424,#425,#426));
#2309=EDGE_LOOP('',(#427,#428,#429,#430));
#2310=EDGE_LOOP('',(#431,#432,#433,#434));
#2311=EDGE_LOOP('',(#435,#436,#437,#438));
#2312=EDGE_LOOP('',(#439,#440,#441,#442));
#2313=EDGE_LOOP('',(#443,#444,#445,#446));
#2314=EDGE_LOOP('',(#447,#448,#449,#450));
#2315=EDGE_LOOP('',(#451,#452,#453,#454));
#2316=EDGE_LOOP('',(#455,#456,#457,#458));
#2317=EDGE_LOOP('',(#459,#460,#461,#462,#463,#464));
#2318=EDGE_LOOP('',(#465,#466,#467,#468));
#2319=EDGE_LOOP('',(#469,#470,#471,#472,#473,#474));
#2320=EDGE_LOOP('',(#475,#476,#477,#478));
#2321=EDGE_LOOP('',(#479,#480,#481,#482));
#2322=EDGE_LOOP('',(#483,#484,#485,#486));
#2323=EDGE_LOOP('',(#487,#488,#489,#490));
#2324=EDGE_LOOP('',(#491,#492,#493,#494));
#2325=EDGE_LOOP('',(#495,#496,#497,#498));
#2326=EDGE_LOOP('',(#499,#500,#501,#502));
#2327=EDGE_LOOP('',(#503,#504,#505,#506));
#2328=EDGE_LOOP('',(#507,#508,#509,#510));
#2329=EDGE_LOOP('',(#511,#512,#513,#514));
#2330=EDGE_LOOP('',(#515,#516,#517,#518));
#2331=EDGE_LOOP('',(#519,#520,#521,#522));
#2332=EDGE_LOOP('',(#523,#524,#525,#526));
#2333=EDGE_LOOP('',(#527,#528,#529,#530));
#2334=EDGE_LOOP('',(#531,#532,#533,#534));
#2335=EDGE_LOOP('',(#535,#536,#537,#538));
#2336=EDGE_LOOP('',(#539,#540,#541,#542));
#2337=EDGE_LOOP('',(#543,#544,#545,#546));
#2338=EDGE_LOOP('',(#547,#548,#549,#550));
#2339=EDGE_LOOP('',(#551,#552,#553,#554));
#2340=EDGE_LOOP('',(#555,#556,#557,#558));
#2341=EDGE_LOOP('',(#559,#560,#561,#562));
#2342=EDGE_LOOP('',(#563,#564,#565,#566));
#2343=EDGE_LOOP('',(#567,#568,#569,#570));
#2344=EDGE_LOOP('',(#571,#572,#573,#574,#575,#576,#577,#578));
#2345=EDGE_LOOP('',(#579,#580,#581,#582));
#2346=EDGE_LOOP('',(#583,#584,#585,#586,#587,#588,#589,#590));
#2347=EDGE_LOOP('',(#591,#592,#593,#594));
#2348=EDGE_LOOP('',(#595,#596,#597,#598));
#2349=EDGE_LOOP('',(#599,#600,#601,#602));
#2350=EDGE_LOOP('',(#603,#604,#605,#606));
#2351=EDGE_LOOP('',(#607,#608,#609,#610));
#2352=EDGE_LOOP('',(#611,#612,#613,#614));
#2353=EDGE_LOOP('',(#615,#616,#617,#618));
#2354=EDGE_LOOP('',(#619,#620,#621,#622));
#2355=EDGE_LOOP('',(#623,#624,#625,#626,#627,#628));
#2356=EDGE_LOOP('',(#629,#630,#631,#632));
#2357=EDGE_LOOP('',(#633,#634,#635,#636));
#2358=EDGE_LOOP('',(#637,#638,#639,#640));
#2359=EDGE_LOOP('',(#641,#642,#643,#644));
#2360=EDGE_LOOP('',(#645,#646,#647,#648,#649,#650,#651,#652,#653,#654));
#2361=EDGE_LOOP('',(#655,#656,#657,#658));
#2362=EDGE_LOOP('',(#659,#660,#661,#662,#663,#664,#665));
#2363=EDGE_LOOP('',(#666,#667,#668,#669));
#2364=EDGE_LOOP('',(#670,#671,#672,#673,#674,#675,#676));
#2365=EDGE_LOOP('',(#677,#678,#679,#680));
#2366=EDGE_LOOP('',(#681,#682,#683,#684));
#2367=EDGE_LOOP('',(#685,#686,#687,#688));
#2368=EDGE_LOOP('',(#689,#690,#691,#692));
#2369=EDGE_LOOP('',(#693,#694,#695,#696));
#2370=EDGE_LOOP('',(#697,#698,#699,#700));
#2371=EDGE_LOOP('',(#701,#702,#703,#704));
#2372=EDGE_LOOP('',(#705,#706,#707,#708));
#2373=EDGE_LOOP('',(#709,#710,#711,#712));
#2374=EDGE_LOOP('',(#713,#714,#715,#716));
#2375=EDGE_LOOP('',(#717,#718,#719,#720));
#2376=EDGE_LOOP('',(#721,#722,#723,#724));
#2377=EDGE_LOOP('',(#725,#726,#727,#728));
#2378=EDGE_LOOP('',(#729,#730,#731,#732));
#2379=EDGE_LOOP('',(#733,#734,#735,#736));
#2380=EDGE_LOOP('',(#737,#738,#739,#740));
#2381=EDGE_LOOP('',(#741,#742,#743,#744));
#2382=EDGE_LOOP('',(#745,#746,#747,#748,#749));
#2383=EDGE_LOOP('',(#750,#751,#752,#753,#754));
#2384=EDGE_LOOP('',(#755,#756,#757,#758));
#2385=EDGE_LOOP('',(#759,#760,#761,#762));
#2386=EDGE_LOOP('',(#763,#764,#765,#766));
#2387=EDGE_LOOP('',(#767,#768,#769,#770));
#2388=EDGE_LOOP('',(#771,#772,#773,#774));
#2389=EDGE_LOOP('',(#775,#776,#777,#778));
#2390=EDGE_LOOP('',(#779,#780,#781,#782));
#2391=EDGE_LOOP('',(#783,#784,#785,#786));
#2392=EDGE_LOOP('',(#787,#788,#789,#790,#791));
#2393=EDGE_LOOP('',(#792,#793,#794,#795));
#2394=FACE_BOUND('',#2231,.T.);
#2395=FACE_BOUND('',#2232,.T.);
#2396=FACE_BOUND('',#2233,.T.);
#2397=FACE_BOUND('',#2234,.T.);
#2398=FACE_BOUND('',#2235,.T.);
#2399=FACE_BOUND('',#2236,.T.);
#2400=FACE_BOUND('',#2237,.T.);
#2401=FACE_BOUND('',#2238,.T.);
#2402=FACE_BOUND('',#2239,.T.);
#2403=FACE_BOUND('',#2240,.T.);
#2404=FACE_BOUND('',#2241,.T.);
#2405=FACE_BOUND('',#2242,.T.);
#2406=FACE_BOUND('',#2243,.T.);
#2407=FACE_BOUND('',#2244,.T.);
#2408=FACE_BOUND('',#2245,.T.);
#2409=FACE_BOUND('',#2246,.T.);
#2410=FACE_BOUND('',#2247,.T.);
#2411=FACE_BOUND('',#2248,.T.);
#2412=FACE_BOUND('',#2249,.T.);
#2413=FACE_BOUND('',#2250,.T.);
#2414=FACE_BOUND('',#2251,.T.);
#2415=FACE_BOUND('',#2252,.T.);
#2416=FACE_BOUND('',#2253,.T.);
#2417=FACE_BOUND('',#2254,.T.);
#2418=FACE_BOUND('',#2255,.T.);
#2419=FACE_BOUND('',#2256,.T.);
#2420=FACE_BOUND('',#2257,.T.);
#2421=FACE_BOUND('',#2258,.T.);
#2422=FACE_BOUND('',#2259,.T.);
#2423=FACE_BOUND('',#2260,.T.);
#2424=FACE_BOUND('',#2261,.T.);
#2425=FACE_BOUND('',#2262,.T.);
#2426=FACE_BOUND('',#2263,.T.);
#2427=FACE_BOUND('',#2264,.T.);
#2428=FACE_BOUND('',#2265,.T.);
#2429=FACE_BOUND('',#2266,.T.);
#2430=FACE_BOUND('',#2267,.T.);
#2431=FACE_BOUND('',#2268,.T.);
#2432=FACE_BOUND('',#2269,.T.);
#2433=FACE_BOUND('',#2270,.T.);
#2434=FACE_BOUND('',#2271,.T.);
#2435=FACE_BOUND('',#2272,.T.);
#2436=FACE_BOUND('',#2273,.T.);
#2437=FACE_BOUND('',#2274,.T.);
#2438=FACE_BOUND('',#2275,.T.);
#2439=FACE_BOUND('',#2276,.T.);
#2440=FACE_BOUND('',#2277,.T.);
#2441=FACE_BOUND('',#2278,.T.);
#2442=FACE_BOUND('',#2279,.T.);
#2443=FACE_BOUND('',#2280,.T.);
#2444=FACE_BOUND('',#2281,.T.);
#2445=FACE_BOUND('',#2282,.T.);
#2446=FACE_BOUND('',#2283,.T.);
#2447=FACE_BOUND('',#2284,.T.);
#2448=FACE_BOUND('',#2285,.T.);
#2449=FACE_BOUND('',#2286,.T.);
#2450=FACE_BOUND('',#2287,.T.);
#2451=FACE_BOUND('',#2288,.T.);
#2452=FACE_BOUND('',#2289,.T.);
#2453=FACE_BOUND('',#2290,.T.);
#2454=FACE_BOUND('',#2291,.T.);
#2455=FACE_BOUND('',#2292,.T.);
#2456=FACE_BOUND('',#2293,.T.);
#2457=FACE_BOUND('',#2294,.T.);
#2458=FACE_BOUND('',#2295,.T.);
#2459=FACE_BOUND('',#2296,.T.);
#2460=FACE_BOUND('',#2297,.T.);
#2461=FACE_BOUND('',#2298,.T.);
#2462=FACE_BOUND('',#2299,.T.);
#2463=FACE_BOUND('',#2300,.T.);
#2464=FACE_BOUND('',#2301,.T.);
#2465=FACE_BOUND('',#2302,.T.);
#2466=FACE_BOUND('',#2303,.T.);
#2467=FACE_BOUND('',#2304,.T.);
#2468=FACE_BOUND('',#2305,.T.);
#2469=FACE_BOUND('',#2306,.T.);
#2470=FACE_BOUND('',#2307,.T.);
#2471=FACE_BOUND('',#2308,.T.);
#2472=FACE_BOUND('',#2309,.T.);
#2473=FACE_BOUND('',#2310,.T.);
#2474=FACE_BOUND('',#2311,.T.);
#2475=FACE_BOUND('',#2312,.T.);
#2476=FACE_BOUND('',#2313,.T.);
#2477=FACE_BOUND('',#2314,.T.);
#2478=FACE_BOUND('',#2315,.T.);
#2479=FACE_BOUND('',#2316,.T.);
#2480=FACE_BOUND('',#2317,.T.);
#2481=FACE_BOUND('',#2318,.T.);
#2482=FACE_BOUND('',#2319,.T.);
#2483=FACE_BOUND('',#2320,.T.);
#2484=FACE_BOUND('',#2321,.T.);
#2485=FACE_BOUND('',#2322,.T.);
#2486=FACE_BOUND('',#2323,.T.);
#2487=FACE_BOUND('',#2324,.T.);
#2488=FACE_BOUND('',#2325,.T.);
#2489=FACE_BOUND('',#2326,.T.);
#2490=FACE_BOUND('',#2327,.T.);
#2491=FACE_BOUND('',#2328,.T.);
#2492=FACE_BOUND('',#2329,.T.);
#2493=FACE_BOUND('',#2330,.T.);
#2494=FACE_BOUND('',#2331,.T.);
#2495=FACE_BOUND('',#2332,.T.);
#2496=FACE_BOUND('',#2333,.T.);
#2497=FACE_BOUND('',#2334,.T.);
#2498=FACE_BOUND('',#2335,.T.);
#2499=FACE_BOUND('',#2336,.T.);
#2500=FACE_BOUND('',#2337,.T.);
#2501=FACE_BOUND('',#2338,.T.);
#2502=FACE_BOUND('',#2339,.T.);
#2503=FACE_BOUND('',#2340,.T.);
#2504=FACE_BOUND('',#2341,.T.);
#2505=FACE_BOUND('',#2342,.T.);
#2506=FACE_BOUND('',#2343,.T.);
#2507=FACE_BOUND('',#2344,.T.);
#2508=FACE_BOUND('',#2345,.T.);
#2509=FACE_BOUND('',#2346,.T.);
#2510=FACE_BOUND('',#2347,.T.);
#2511=FACE_BOUND('',#2348,.T.);
#2512=FACE_BOUND('',#2349,.T.);
#2513=FACE_BOUND('',#2350,.T.);
#2514=FACE_BOUND('',#2351,.T.);
#2515=FACE_BOUND('',#2352,.T.);
#2516=FACE_BOUND('',#2353,.T.);
#2517=FACE_BOUND('',#2354,.T.);
#2518=FACE_BOUND('',#2355,.T.);
#2519=FACE_BOUND('',#2356,.T.);
#2520=FACE_BOUND('',#2357,.T.);
#2521=FACE_BOUND('',#2358,.T.);
#2522=FACE_BOUND('',#2359,.T.);
#2523=FACE_BOUND('',#2360,.T.);
#2524=FACE_BOUND('',#2361,.T.);
#2525=FACE_BOUND('',#2362,.T.);
#2526=FACE_BOUND('',#2363,.T.);
#2527=FACE_BOUND('',#2364,.T.);
#2528=FACE_BOUND('',#2365,.T.);
#2529=FACE_BOUND('',#2366,.T.);
#2530=FACE_BOUND('',#2367,.T.);
#2531=FACE_BOUND('',#2368,.T.);
#2532=FACE_BOUND('',#2369,.T.);
#2533=FACE_BOUND('',#2370,.T.);
#2534=FACE_BOUND('',#2371,.T.);
#2535=FACE_BOUND('',#2372,.T.);
#2536=FACE_BOUND('',#2373,.T.);
#2537=FACE_BOUND('',#2374,.T.);
#2538=FACE_BOUND('',#2375,.T.);
#2539=FACE_BOUND('',#2376,.T.);
#2540=FACE_BOUND('',#2377,.T.);
#2541=FACE_BOUND('',#2378,.T.);
#2542=FACE_BOUND('',#2379,.T.);
#2543=FACE_BOUND('',#2380,.T.);
#2544=FACE_BOUND('',#2381,.T.);
#2545=FACE_BOUND('',#2382,.T.);
#2546=FACE_BOUND('',#2383,.T.);
#2547=FACE_BOUND('',#2384,.T.);
#2548=FACE_BOUND('',#2385,.T.);
#2549=FACE_BOUND('',#2386,.T.);
#2550=FACE_BOUND('',#2387,.T.);
#2551=FACE_BOUND('',#2388,.T.);
#2552=FACE_BOUND('',#2389,.T.);
#2553=FACE_BOUND('',#2390,.T.);
#2554=FACE_BOUND('',#2391,.T.);
#2555=FACE_BOUND('',#2392,.T.);
#2556=FACE_BOUND('',#2393,.T.);
#2557=PLANE('',#2864);
#2558=PLANE('',#2865);
#2559=PLANE('',#2866);
#2560=PLANE('',#2867);
#2561=PLANE('',#2868);
#2562=PLANE('',#2869);
#2563=PLANE('',#2870);
#2564=PLANE('',#2871);
#2565=PLANE('',#2872);
#2566=PLANE('',#2873);
#2567=PLANE('',#2874);
#2568=PLANE('',#2875);
#2569=PLANE('',#2876);
#2570=PLANE('',#2877);
#2571=PLANE('',#2878);
#2572=PLANE('',#2879);
#2573=PLANE('',#2880);
#2574=PLANE('',#2881);
#2575=PLANE('',#2882);
#2576=PLANE('',#2883);
#2577=PLANE('',#2884);
#2578=PLANE('',#2885);
#2579=PLANE('',#2886);
#2580=PLANE('',#2887);
#2581=PLANE('',#2888);
#2582=PLANE('',#2889);
#2583=PLANE('',#2890);
#2584=PLANE('',#2891);
#2585=PLANE('',#2892);
#2586=PLANE('',#2893);
#2587=PLANE('',#2894);
#2588=PLANE('',#2895);
#2589=PLANE('',#2896);
#2590=PLANE('',#2897);
#2591=PLANE('',#2898);
#2592=PLANE('',#2899);
#2593=PLANE('',#2900);
#2594=PLANE('',#2901);
#2595=PLANE('',#2902);
#2596=PLANE('',#2903);
#2597=PLANE('',#2904);
#2598=PLANE('',#2905);
#2599=PLANE('',#2906);
#2600=PLANE('',#2907);
#2601=PLANE('',#2908);
#2602=PLANE('',#2909);
#2603=PLANE('',#2910);
#2604=PLANE('',#2911);
#2605=PLANE('',#2912);
#2606=PLANE('',#2913);
#2607=PLANE('',#2914);
#2608=PLANE('',#2915);
#2609=PLANE('',#2916);
#2610=PLANE('',#2917);
#2611=PLANE('',#2918);
#2612=PLANE('',#2919);
#2613=PLANE('',#2920);
#2614=PLANE('',#2921);
#2615=PLANE('',#2922);
#2616=PLANE('',#2923);
#2617=PLANE('',#2924);
#2618=PLANE('',#2925);
#2619=PLANE('',#2926);
#2620=PLANE('',#2927);
#2621=PLANE('',#2928);
#2622=PLANE('',#2929);
#2623=PLANE('',#2930);
#2624=PLANE('',#2931);
#2625=PLANE('',#2932);
#2626=PLANE('',#2933);
#2627=PLANE('',#2934);
#2628=PLANE('',#2935);
#2629=PLANE('',#2936);
#2630=PLANE('',#2937);
#2631=PLANE('',#2938);
#2632=PLANE('',#2939);
#2633=PLANE('',#2940);
#2634=PLANE('',#2941);
#2635=PLANE('',#2942);
#2636=PLANE('',#2943);
#2637=PLANE('',#2944);
#2638=PLANE('',#2945);
#2639=PLANE('',#2946);
#2640=PLANE('',#2947);
#2641=PLANE('',#2948);
#2642=PLANE('',#2949);
#2643=PLANE('',#2950);
#2644=PLANE('',#2951);
#2645=PLANE('',#2952);
#2646=PLANE('',#2953);
#2647=PLANE('',#2954);
#2648=PLANE('',#2955);
#2649=PLANE('',#2956);
#2650=PLANE('',#2957);
#2651=PLANE('',#2958);
#2652=PLANE('',#2959);
#2653=PLANE('',#2960);
#2654=PLANE('',#2961);
#2655=PLANE('',#2962);
#2656=PLANE('',#2963);
#2657=PLANE('',#2964);
#2658=PLANE('',#2965);
#2659=PLANE('',#2966);
#2660=PLANE('',#2967);
#2661=PLANE('',#2968);
#2662=PLANE('',#2969);
#2663=PLANE('',#2970);
#2664=PLANE('',#2971);
#2665=PLANE('',#2972);
#2666=PLANE('',#2973);
#2667=PLANE('',#2974);
#2668=PLANE('',#2975);
#2669=PLANE('',#2976);
#2670=PLANE('',#2977);
#2671=PLANE('',#2978);
#2672=PLANE('',#2979);
#2673=PLANE('',#2980);
#2674=PLANE('',#2981);
#2675=PLANE('',#2982);
#2676=PLANE('',#2983);
#2677=PLANE('',#2984);
#2678=PLANE('',#2985);
#2679=PLANE('',#2986);
#2680=PLANE('',#2987);
#2681=PLANE('',#2988);
#2682=PLANE('',#2989);
#2683=PLANE('',#2990);
#2684=PLANE('',#2991);
#2685=PLANE('',#2992);
#2686=PLANE('',#2993);
#2687=PLANE('',#2994);
#2688=PLANE('',#2995);
#2689=PLANE('',#2996);
#2690=PLANE('',#2997);
#2691=PLANE('',#2998);
#2692=PLANE('',#2999);
#2693=PLANE('',#3000);
#2694=PLANE('',#3001);
#2695=PLANE('',#3002);
#2696=PLANE('',#3003);
#2697=PLANE('',#3004);
#2698=PLANE('',#3005);
#2699=PLANE('',#3006);
#2700=PLANE('',#3007);
#2701=PLANE('',#3008);
#2702=PLANE('',#3009);
#2703=PLANE('',#3010);
#2704=ADVANCED_FACE('',(#2394,#2395),#2557,.T.);
#2705=ADVANCED_FACE('',(#2396),#2558,.F.);
#2706=ADVANCED_FACE('',(#2397),#2559,.F.);
#2707=ADVANCED_FACE('',(#2398),#2560,.T.);
#2708=ADVANCED_FACE('',(#2399),#2561,.T.);
#2709=ADVANCED_FACE('',(#2400),#2562,.T.);
#2710=ADVANCED_FACE('',(#2401,#2402,#2403,#2404),#2563,.T.);
#2711=ADVANCED_FACE('',(#2405),#2564,.T.);
#2712=ADVANCED_FACE('',(#2406),#2565,.T.);
#2713=ADVANCED_FACE('',(#2407),#2566,.T.);
#2714=ADVANCED_FACE('',(#2408),#2567,.T.);
#2715=ADVANCED_FACE('',(#2409),#2568,.T.);
#2716=ADVANCED_FACE('',(#2410),#2569,.T.);
#2717=ADVANCED_FACE('',(#2411),#2570,.F.);
#2718=ADVANCED_FACE('',(#2412),#2571,.T.);
#2719=ADVANCED_FACE('',(#2413),#2572,.T.);
#2720=ADVANCED_FACE('',(#2414),#2573,.F.);
#2721=ADVANCED_FACE('',(#2415),#2574,.T.);
#2722=ADVANCED_FACE('',(#2416),#2575,.T.);
#2723=ADVANCED_FACE('',(#2417),#2576,.T.);
#2724=ADVANCED_FACE('',(#2418),#2577,.T.);
#2725=ADVANCED_FACE('',(#2419),#2578,.F.);
#2726=ADVANCED_FACE('',(#2420),#2579,.T.);
#2727=ADVANCED_FACE('',(#2421),#2580,.F.);
#2728=ADVANCED_FACE('',(#2422),#2581,.T.);
#2729=ADVANCED_FACE('',(#2423),#2582,.T.);
#2730=ADVANCED_FACE('',(#2424),#2583,.F.);
#2731=ADVANCED_FACE('',(#2425,#2426,#2427,#2428,#2429),#2584,.T.);
#2732=ADVANCED_FACE('',(#2430),#2585,.F.);
#2733=ADVANCED_FACE('',(#2431),#2586,.F.);
#2734=ADVANCED_FACE('',(#2432),#2587,.T.);
#2735=ADVANCED_FACE('',(#2433),#2588,.T.);
#2736=ADVANCED_FACE('',(#2434),#2589,.F.);
#2737=ADVANCED_FACE('',(#2435),#2590,.T.);
#2738=ADVANCED_FACE('',(#2436),#2591,.T.);
#2739=ADVANCED_FACE('',(#2437,#2438),#2592,.F.);
#2740=ADVANCED_FACE('',(#2439),#2593,.T.);
#2741=ADVANCED_FACE('',(#2440),#2594,.F.);
#2742=ADVANCED_FACE('',(#2441),#2595,.T.);
#2743=ADVANCED_FACE('',(#2442),#2596,.T.);
#2744=ADVANCED_FACE('',(#2443),#2597,.T.);
#2745=ADVANCED_FACE('',(#2444),#2598,.T.);
#2746=ADVANCED_FACE('',(#2445),#2599,.T.);
#2747=ADVANCED_FACE('',(#2446),#2600,.T.);
#2748=ADVANCED_FACE('',(#2447),#2601,.T.);
#2749=ADVANCED_FACE('',(#2448),#2602,.F.);
#2750=ADVANCED_FACE('',(#2449),#2603,.T.);
#2751=ADVANCED_FACE('',(#2450),#2604,.F.);
#2752=ADVANCED_FACE('',(#2451),#2605,.T.);
#2753=ADVANCED_FACE('',(#2452),#2606,.T.);
#2754=ADVANCED_FACE('',(#2453),#2607,.F.);
#2755=ADVANCED_FACE('',(#2454),#2608,.F.);
#2756=ADVANCED_FACE('',(#2455),#2609,.T.);
#2757=ADVANCED_FACE('',(#2456),#2610,.T.);
#2758=ADVANCED_FACE('',(#2457),#2611,.F.);
#2759=ADVANCED_FACE('',(#2458),#2612,.F.);
#2760=ADVANCED_FACE('',(#2459),#2613,.T.);
#2761=ADVANCED_FACE('',(#2460),#2614,.T.);
#2762=ADVANCED_FACE('',(#2461),#2615,.T.);
#2763=ADVANCED_FACE('',(#2462),#2616,.T.);
#2764=ADVANCED_FACE('',(#2463),#2617,.T.);
#2765=ADVANCED_FACE('',(#2464),#2618,.T.);
#2766=ADVANCED_FACE('',(#2465),#2619,.F.);
#2767=ADVANCED_FACE('',(#2466),#2620,.F.);
#2768=ADVANCED_FACE('',(#2467),#2621,.T.);
#2769=ADVANCED_FACE('',(#2468),#2622,.T.);
#2770=ADVANCED_FACE('',(#2469),#2623,.F.);
#2771=ADVANCED_FACE('',(#2470),#2624,.F.);
#2772=ADVANCED_FACE('',(#2471),#2625,.T.);
#2773=ADVANCED_FACE('',(#2472),#2626,.T.);
#2774=ADVANCED_FACE('',(#2473),#2627,.F.);
#2775=ADVANCED_FACE('',(#2474),#2628,.F.);
#2776=ADVANCED_FACE('',(#2475),#2629,.T.);
#2777=ADVANCED_FACE('',(#2476),#2630,.T.);
#2778=ADVANCED_FACE('',(#2477),#2631,.F.);
#2779=ADVANCED_FACE('',(#2478),#2632,.F.);
#2780=ADVANCED_FACE('',(#2479),#2633,.T.);
#2781=ADVANCED_FACE('',(#2480),#2634,.T.);
#2782=ADVANCED_FACE('',(#2481),#2635,.F.);
#2783=ADVANCED_FACE('',(#2482),#2636,.F.);
#2784=ADVANCED_FACE('',(#2483),#2637,.T.);
#2785=ADVANCED_FACE('',(#2484),#2638,.T.);
#2786=ADVANCED_FACE('',(#2485),#2639,.T.);
#2787=ADVANCED_FACE('',(#2486,#2487),#2640,.F.);
#2788=ADVANCED_FACE('',(#2488,#2489),#2641,.F.);
#2789=ADVANCED_FACE('',(#2490),#2642,.F.);
#2790=ADVANCED_FACE('',(#2491),#2643,.T.);
#2791=ADVANCED_FACE('',(#2492),#2644,.T.);
#2792=ADVANCED_FACE('',(#2493),#2645,.T.);
#2793=ADVANCED_FACE('',(#2494),#2646,.T.);
#2794=ADVANCED_FACE('',(#2495,#2496),#2647,.F.);
#2795=ADVANCED_FACE('',(#2497),#2648,.T.);
#2796=ADVANCED_FACE('',(#2498),#2649,.T.);
#2797=ADVANCED_FACE('',(#2499,#2500),#2650,.F.);
#2798=ADVANCED_FACE('',(#2501),#2651,.T.);
#2799=ADVANCED_FACE('',(#2502),#2652,.F.);
#2800=ADVANCED_FACE('',(#2503),#2653,.F.);
#2801=ADVANCED_FACE('',(#2504,#2505),#2654,.T.);
#2802=ADVANCED_FACE('',(#2506),#2655,.T.);
#2803=ADVANCED_FACE('',(#2507),#2656,.T.);
#2804=ADVANCED_FACE('',(#2508),#2657,.F.);
#2805=ADVANCED_FACE('',(#2509),#2658,.F.);
#2806=ADVANCED_FACE('',(#2510),#2659,.T.);
#2807=ADVANCED_FACE('',(#2511),#2660,.T.);
#2808=ADVANCED_FACE('',(#2512),#2661,.T.);
#2809=ADVANCED_FACE('',(#2513),#2662,.F.);
#2810=ADVANCED_FACE('',(#2514),#2663,.F.);
#2811=ADVANCED_FACE('',(#2515),#2664,.T.);
#2812=ADVANCED_FACE('',(#2516),#2665,.T.);
#2813=ADVANCED_FACE('',(#2517),#2666,.T.);
#2814=ADVANCED_FACE('',(#2518),#2667,.F.);
#2815=ADVANCED_FACE('',(#2519),#2668,.F.);
#2816=ADVANCED_FACE('',(#2520),#2669,.T.);
#2817=ADVANCED_FACE('',(#2521),#2670,.T.);
#2818=ADVANCED_FACE('',(#2522,#2523),#2671,.F.);
#2819=ADVANCED_FACE('',(#2524),#2672,.T.);
#2820=ADVANCED_FACE('',(#2525),#2673,.F.);
#2821=ADVANCED_FACE('',(#2526),#2674,.T.);
#2822=ADVANCED_FACE('',(#2527),#2675,.T.);
#2823=ADVANCED_FACE('',(#2528),#2676,.F.);
#2824=ADVANCED_FACE('',(#2529),#2677,.T.);
#2825=ADVANCED_FACE('',(#2530),#2678,.T.);
#2826=ADVANCED_FACE('',(#2531),#2679,.T.);
#2827=ADVANCED_FACE('',(#2532),#2680,.F.);
#2828=ADVANCED_FACE('',(#2533),#2681,.F.);
#2829=ADVANCED_FACE('',(#2534),#2682,.T.);
#2830=ADVANCED_FACE('',(#2535),#2683,.T.);
#2831=ADVANCED_FACE('',(#2536),#2684,.T.);
#2832=ADVANCED_FACE('',(#2537,#2538),#2685,.F.);
#2833=ADVANCED_FACE('',(#2539),#2686,.T.);
#2834=ADVANCED_FACE('',(#2540),#2687,.F.);
#2835=ADVANCED_FACE('',(#2541),#2688,.F.);
#2836=ADVANCED_FACE('',(#2542),#2689,.T.);
#2837=ADVANCED_FACE('',(#2543),#2690,.T.);
#2838=ADVANCED_FACE('',(#2544),#2691,.T.);
#2839=ADVANCED_FACE('',(#2545),#2692,.F.);
#2840=ADVANCED_FACE('',(#2546),#2693,.T.);
#2841=ADVANCED_FACE('',(#2547),#2694,.F.);
#2842=ADVANCED_FACE('',(#2548),#2695,.F.);
#2843=ADVANCED_FACE('',(#2549),#2696,.T.);
#2844=ADVANCED_FACE('',(#2550),#2697,.F.);
#2845=ADVANCED_FACE('',(#2551),#2698,.F.);
#2846=ADVANCED_FACE('',(#2552),#2699,.T.);
#2847=ADVANCED_FACE('',(#2553),#2700,.T.);
#2848=ADVANCED_FACE('',(#2554),#2701,.F.);
#2849=ADVANCED_FACE('',(#2555),#2702,.F.);
#2850=ADVANCED_FACE('',(#2556),#2703,.T.);
#2851=CLOSED_SHELL('',(#2704,#2705,#2706,#2707,#2708,#2709,#2710,#2711,
#2712,#2713,#2714,#2715,#2716,#2717,#2718,#2719,#2720,#2721,#2722,#2723,
#2724,#2725,#2726,#2727,#2728,#2729,#2730,#2731,#2732,#2733,#2734,#2735,
#2736,#2737,#2738,#2739,#2740,#2741,#2742,#2743,#2744,#2745,#2746,#2747,
#2748,#2749,#2750,#2751,#2752,#2753,#2754,#2755,#2756,#2757,#2758,#2759,
#2760,#2761,#2762,#2763,#2764,#2765,#2766,#2767,#2768,#2769,#2770,#2771,
#2772,#2773,#2774,#2775,#2776,#2777,#2778,#2779,#2780,#2781,#2782,#2783,
#2784,#2785,#2786,#2787,#2788,#2789,#2790,#2791,#2792,#2793,#2794,#2795,
#2796,#2797,#2798,#2799,#2800,#2801,#2802,#2803,#2804,#2805,#2806,#2807,
#2808,#2809,#2810,#2811,#2812,#2813,#2814,#2815,#2816,#2817,#2818,#2819,
#2820,#2821,#2822,#2823,#2824,#2825,#2826,#2827,#2828,#2829,#2830,#2831,
#2832,#2833,#2834,#2835,#2836,#2837,#2838,#2839,#2840,#2841,#2842,#2843,
#2844,#2845,#2846,#2847,#2848,#2849,#2850));
#2852=STYLED_ITEM('',(#2853),#2860);
#2853=PRESENTATION_STYLE_ASSIGNMENT((#2854));
#2854=SURFACE_STYLE_USAGE(.BOTH.,#2855);
#2855=SURFACE_SIDE_STYLE('',(#2856));
#2856=SURFACE_STYLE_FILL_AREA(#2857);
#2857=FILL_AREA_STYLE('',(#2858));
#2858=FILL_AREA_STYLE_COLOUR('',#2859);
#2859=COLOUR_RGB('',0.615686274509804,0.811764705882353,0.929411764705882);
#2860=MANIFOLD_SOLID_BREP('Part 1',#2851);
#2861=SHAPE_DEFINITION_REPRESENTATION(#4504,#2862);
#2862=SHAPE_REPRESENTATION('Part 1',(#2863),#4499);
#2863=AXIS2_PLACEMENT_3D('',#3699,#3011,#3012);
#2864=AXIS2_PLACEMENT_3D('',#3700,#3013,#3014);
#2865=AXIS2_PLACEMENT_3D('',#3717,#3023,#3024);
#2866=AXIS2_PLACEMENT_3D('',#3738,#3035,#3036);
#2867=AXIS2_PLACEMENT_3D('',#3747,#3041,#3042);
#2868=AXIS2_PLACEMENT_3D('',#3756,#3047,#3048);
#2869=AXIS2_PLACEMENT_3D('',#3765,#3053,#3054);
#2870=AXIS2_PLACEMENT_3D('',#3774,#3059,#3060);
#2871=AXIS2_PLACEMENT_3D('',#3807,#3077,#3078);
#2872=AXIS2_PLACEMENT_3D('',#3828,#3089,#3090);
#2873=AXIS2_PLACEMENT_3D('',#3845,#3099,#3100);
#2874=AXIS2_PLACEMENT_3D('',#3848,#3103,#3104);
#2875=AXIS2_PLACEMENT_3D('',#3873,#3117,#3118);
#2876=AXIS2_PLACEMENT_3D('',#3885,#3126,#3127);
#2877=AXIS2_PLACEMENT_3D('',#3920,#3146,#3147);
#2878=AXIS2_PLACEMENT_3D('',#3926,#3151,#3152);
#2879=AXIS2_PLACEMENT_3D('',#3932,#3156,#3157);
#2880=AXIS2_PLACEMENT_3D('',#3936,#3160,#3161);
#2881=AXIS2_PLACEMENT_3D('',#3942,#3165,#3166);
#2882=AXIS2_PLACEMENT_3D('',#3951,#3173,#3174);
#2883=AXIS2_PLACEMENT_3D('',#3955,#3177,#3178);
#2884=AXIS2_PLACEMENT_3D('',#3959,#3181,#3182);
#2885=AXIS2_PLACEMENT_3D('',#3966,#3187,#3188);
#2886=AXIS2_PLACEMENT_3D('',#3974,#3193,#3194);
#2887=AXIS2_PLACEMENT_3D('',#3982,#3199,#3200);
#2888=AXIS2_PLACEMENT_3D('',#3984,#3202,#3203);
#2889=AXIS2_PLACEMENT_3D('',#3987,#3206,#3207);
#2890=AXIS2_PLACEMENT_3D('',#4001,#3215,#3216);
#2891=AXIS2_PLACEMENT_3D('',#4013,#3224,#3225);
#2892=AXIS2_PLACEMENT_3D('',#4046,#3242,#3243);
#2893=AXIS2_PLACEMENT_3D('',#4050,#3246,#3247);
#2894=AXIS2_PLACEMENT_3D('',#4058,#3252,#3253);
#2895=AXIS2_PLACEMENT_3D('',#4060,#3255,#3256);
#2896=AXIS2_PLACEMENT_3D('',#4062,#3258,#3259);
#2897=AXIS2_PLACEMENT_3D('',#4064,#3261,#3262);
#2898=AXIS2_PLACEMENT_3D('',#4065,#3263,#3264);
#2899=AXIS2_PLACEMENT_3D('',#4066,#3265,#3266);
#2900=AXIS2_PLACEMENT_3D('',#4072,#3270,#3271);
#2901=AXIS2_PLACEMENT_3D('',#4073,#3272,#3273);
#2902=AXIS2_PLACEMENT_3D('',#4075,#3275,#3276);
#2903=AXIS2_PLACEMENT_3D('',#4076,#3277,#3278);
#2904=AXIS2_PLACEMENT_3D('',#4078,#3280,#3281);
#2905=AXIS2_PLACEMENT_3D('',#4079,#3282,#3283);
#2906=AXIS2_PLACEMENT_3D('',#4085,#3287,#3288);
#2907=AXIS2_PLACEMENT_3D('',#4091,#3292,#3293);
#2908=AXIS2_PLACEMENT_3D('',#4092,#3294,#3295);
#2909=AXIS2_PLACEMENT_3D('',#4094,#3297,#3298);
#2910=AXIS2_PLACEMENT_3D('',#4097,#3301,#3302);
#2911=AXIS2_PLACEMENT_3D('',#4098,#3303,#3304);
#2912=AXIS2_PLACEMENT_3D('',#4101,#3307,#3308);
#2913=AXIS2_PLACEMENT_3D('',#4103,#3310,#3311);
#2914=AXIS2_PLACEMENT_3D('',#4110,#3316,#3317);
#2915=AXIS2_PLACEMENT_3D('',#4114,#3320,#3321);
#2916=AXIS2_PLACEMENT_3D('',#4119,#3325,#3326);
#2917=AXIS2_PLACEMENT_3D('',#4120,#3327,#3328);
#2918=AXIS2_PLACEMENT_3D('',#4127,#3333,#3334);
#2919=AXIS2_PLACEMENT_3D('',#4131,#3337,#3338);
#2920=AXIS2_PLACEMENT_3D('',#4136,#3342,#3343);
#2921=AXIS2_PLACEMENT_3D('',#4137,#3344,#3345);
#2922=AXIS2_PLACEMENT_3D('',#4143,#3349,#3350);
#2923=AXIS2_PLACEMENT_3D('',#4151,#3355,#3356);
#2924=AXIS2_PLACEMENT_3D('',#4155,#3359,#3360);
#2925=AXIS2_PLACEMENT_3D('',#4161,#3364,#3365);
#2926=AXIS2_PLACEMENT_3D('',#4168,#3370,#3371);
#2927=AXIS2_PLACEMENT_3D('',#4172,#3374,#3375);
#2928=AXIS2_PLACEMENT_3D('',#4177,#3379,#3380);
#2929=AXIS2_PLACEMENT_3D('',#4178,#3381,#3382);
#2930=AXIS2_PLACEMENT_3D('',#4184,#3386,#3387);
#2931=AXIS2_PLACEMENT_3D('',#4188,#3390,#3391);
#2932=AXIS2_PLACEMENT_3D('',#4192,#3394,#3395);
#2933=AXIS2_PLACEMENT_3D('',#4194,#3397,#3398);
#2934=AXIS2_PLACEMENT_3D('',#4200,#3402,#3403);
#2935=AXIS2_PLACEMENT_3D('',#4204,#3406,#3407);
#2936=AXIS2_PLACEMENT_3D('',#4208,#3410,#3411);
#2937=AXIS2_PLACEMENT_3D('',#4210,#3413,#3414);
#2938=AXIS2_PLACEMENT_3D('',#4216,#3418,#3419);
#2939=AXIS2_PLACEMENT_3D('',#4220,#3422,#3423);
#2940=AXIS2_PLACEMENT_3D('',#4224,#3426,#3427);
#2941=AXIS2_PLACEMENT_3D('',#4226,#3429,#3430);
#2942=AXIS2_PLACEMENT_3D('',#4232,#3434,#3435);
#2943=AXIS2_PLACEMENT_3D('',#4236,#3438,#3439);
#2944=AXIS2_PLACEMENT_3D('',#4240,#3442,#3443);
#2945=AXIS2_PLACEMENT_3D('',#4242,#3445,#3446);
#2946=AXIS2_PLACEMENT_3D('',#4244,#3448,#3449);
#2947=AXIS2_PLACEMENT_3D('',#4245,#3450,#3451);
#2948=AXIS2_PLACEMENT_3D('',#4254,#3456,#3457);
#2949=AXIS2_PLACEMENT_3D('',#4263,#3462,#3463);
#2950=AXIS2_PLACEMENT_3D('',#4265,#3465,#3466);
#2951=AXIS2_PLACEMENT_3D('',#4267,#3468,#3469);
#2952=AXIS2_PLACEMENT_3D('',#4268,#3470,#3471);
#2953=AXIS2_PLACEMENT_3D('',#4270,#3473,#3474);
#2954=AXIS2_PLACEMENT_3D('',#4271,#3475,#3476);
#2955=AXIS2_PLACEMENT_3D('',#4280,#3481,#3482);
#2956=AXIS2_PLACEMENT_3D('',#4282,#3484,#3485);
#2957=AXIS2_PLACEMENT_3D('',#4283,#3486,#3487);
#2958=AXIS2_PLACEMENT_3D('',#4292,#3492,#3493);
#2959=AXIS2_PLACEMENT_3D('',#4298,#3497,#3498);
#2960=AXIS2_PLACEMENT_3D('',#4302,#3501,#3502);
#2961=AXIS2_PLACEMENT_3D('',#4306,#3505,#3506);
#2962=AXIS2_PLACEMENT_3D('',#4316,#3512,#3513);
#2963=AXIS2_PLACEMENT_3D('',#4317,#3514,#3515);
#2964=AXIS2_PLACEMENT_3D('',#4325,#3521,#3522);
#2965=AXIS2_PLACEMENT_3D('',#4329,#3525,#3526);
#2966=AXIS2_PLACEMENT_3D('',#4335,#3531,#3532);
#2967=AXIS2_PLACEMENT_3D('',#4337,#3534,#3535);
#2968=AXIS2_PLACEMENT_3D('',#4338,#3536,#3537);
#2969=AXIS2_PLACEMENT_3D('',#4344,#3541,#3542);
#2970=AXIS2_PLACEMENT_3D('',#4348,#3545,#3546);
#2971=AXIS2_PLACEMENT_3D('',#4352,#3549,#3550);
#2972=AXIS2_PLACEMENT_3D('',#4354,#3552,#3553);
#2973=AXIS2_PLACEMENT_3D('',#4355,#3554,#3555);
#2974=AXIS2_PLACEMENT_3D('',#4361,#3559,#3560);
#2975=AXIS2_PLACEMENT_3D('',#4369,#3565,#3566);
#2976=AXIS2_PLACEMENT_3D('',#4373,#3569,#3570);
#2977=AXIS2_PLACEMENT_3D('',#4375,#3572,#3573);
#2978=AXIS2_PLACEMENT_3D('',#4381,#3577,#3578);
#2979=AXIS2_PLACEMENT_3D('',#4397,#3588,#3589);
#2980=AXIS2_PLACEMENT_3D('',#4399,#3591,#3592);
#2981=AXIS2_PLACEMENT_3D('',#4404,#3596,#3597);
#2982=AXIS2_PLACEMENT_3D('',#4410,#3601,#3602);
#2983=AXIS2_PLACEMENT_3D('',#4412,#3604,#3605);
#2984=AXIS2_PLACEMENT_3D('',#4414,#3607,#3608);
#2985=AXIS2_PLACEMENT_3D('',#4415,#3609,#3610);
#2986=AXIS2_PLACEMENT_3D('',#4416,#3611,#3612);
#2987=AXIS2_PLACEMENT_3D('',#4422,#3616,#3617);
#2988=AXIS2_PLACEMENT_3D('',#4426,#3620,#3621);
#2989=AXIS2_PLACEMENT_3D('',#4430,#3624,#3625);
#2990=AXIS2_PLACEMENT_3D('',#4432,#3627,#3628);
#2991=AXIS2_PLACEMENT_3D('',#4433,#3629,#3630);
#2992=AXIS2_PLACEMENT_3D('',#4434,#3631,#3632);
#2993=AXIS2_PLACEMENT_3D('',#4443,#3637,#3638);
#2994=AXIS2_PLACEMENT_3D('',#4449,#3642,#3643);
#2995=AXIS2_PLACEMENT_3D('',#4453,#3646,#3647);
#2996=AXIS2_PLACEMENT_3D('',#4457,#3650,#3651);
#2997=AXIS2_PLACEMENT_3D('',#4459,#3653,#3654);
#2998=AXIS2_PLACEMENT_3D('',#4460,#3655,#3656);
#2999=AXIS2_PLACEMENT_3D('',#4463,#3659,#3660);
#3000=AXIS2_PLACEMENT_3D('',#4467,#3663,#3664);
#3001=AXIS2_PLACEMENT_3D('',#4471,#3667,#3668);
#3002=AXIS2_PLACEMENT_3D('',#4473,#3670,#3671);
#3003=AXIS2_PLACEMENT_3D('',#4474,#3672,#3673);
#3004=AXIS2_PLACEMENT_3D('',#4480,#3677,#3678);
#3005=AXIS2_PLACEMENT_3D('',#4484,#3681,#3682);
#3006=AXIS2_PLACEMENT_3D('',#4488,#3685,#3686);
#3007=AXIS2_PLACEMENT_3D('',#4490,#3688,#3689);
#3008=AXIS2_PLACEMENT_3D('',#4491,#3690,#3691);
#3009=AXIS2_PLACEMENT_3D('',#4495,#3694,#3695);
#3010=AXIS2_PLACEMENT_3D('',#4497,#3697,#3698);
#3011=DIRECTION('',(0.,0.,1.));
#3012=DIRECTION('',(1.,0.,0.));
#3013=DIRECTION('',(0.,0.,-1.));
#3014=DIRECTION('',(1.,0.,0.));
#3015=DIRECTION('',(1.,0.,0.));
#3016=DIRECTION('',(0.,1.,0.));
#3017=DIRECTION('',(1.,0.,0.));
#3018=DIRECTION('',(0.,1.,0.));
#3019=DIRECTION('',(1.,0.,0.));
#3020=DIRECTION('',(0.,-1.,0.));
#3021=DIRECTION('',(1.,0.,0.));
#3022=DIRECTION('',(0.,-1.,0.));
#3023=DIRECTION('',(0.,0.,1.));
#3024=DIRECTION('',(1.,0.,0.));
#3025=DIRECTION('',(0.,1.,0.));
#3026=DIRECTION('',(1.,0.,0.));
#3027=DIRECTION('',(-1.,0.,0.));
#3028=DIRECTION('',(1.,0.,0.));
#3029=DIRECTION('',(0.,-1.,0.));
#3030=DIRECTION('',(1.,0.,0.));
#3031=DIRECTION('',(0.,-1.,0.));
#3032=DIRECTION('',(1.,0.,0.));
#3033=DIRECTION('',(0.,1.,0.));
#3034=DIRECTION('',(1.,0.,0.));
#3035=DIRECTION('',(1.,0.,0.));
#3036=DIRECTION('',(0.,0.,-1.));
#3037=DIRECTION('',(0.,-1.,0.));
#3038=DIRECTION('',(0.,0.,1.));
#3039=DIRECTION('',(0.,1.,0.));
#3040=DIRECTION('',(0.,0.,1.));
#3041=DIRECTION('',(0.,0.,1.));
#3042=DIRECTION('',(1.,0.,0.));
#3043=DIRECTION('',(1.,0.,0.));
#3044=DIRECTION('',(0.,-1.,0.));
#3045=DIRECTION('',(1.,0.,0.));
#3046=DIRECTION('',(0.,-1.,0.));
#3047=DIRECTION('',(0.,0.,1.));
#3048=DIRECTION('',(1.,0.,0.));
#3049=DIRECTION('',(1.,0.,0.));
#3050=DIRECTION('',(0.,-1.,0.));
#3051=DIRECTION('',(1.,0.,0.));
#3052=DIRECTION('',(0.,-1.,0.));
#3053=DIRECTION('',(0.,0.,1.));
#3054=DIRECTION('',(1.,0.,0.));
#3055=DIRECTION('',(1.,0.,0.));
#3056=DIRECTION('',(0.,-1.,0.));
#3057=DIRECTION('',(1.,0.,0.));
#3058=DIRECTION('',(0.,-1.,0.));
#3059=DIRECTION('',(0.,0.,-1.));
#3060=DIRECTION('',(-1.,0.,0.));
#3061=DIRECTION('',(-1.,0.,0.));
#3062=DIRECTION('',(0.,1.,0.));
#3063=DIRECTION('',(-1.,0.,0.));
#3064=DIRECTION('',(0.,1.,0.));
#3065=DIRECTION('',(0.,1.,0.));
#3066=DIRECTION('',(-1.,0.,0.));
#3067=DIRECTION('',(0.,1.,0.));
#3068=DIRECTION('',(-1.,0.,0.));
#3069=DIRECTION('',(0.,1.,0.));
#3070=DIRECTION('',(-1.,0.,0.));
#3071=DIRECTION('',(0.,1.,0.));
#3072=DIRECTION('',(-1.,0.,0.));
#3073=DIRECTION('',(0.,1.,0.));
#3074=DIRECTION('',(-1.,0.,0.));
#3075=DIRECTION('',(0.,1.,0.));
#3076=DIRECTION('',(-1.,0.,0.));
#3077=DIRECTION('',(0.,0.,-1.));
#3078=DIRECTION('',(-1.,0.,0.));
#3079=DIRECTION('',(0.,1.,0.));
#3080=DIRECTION('',(-1.,0.,0.));
#3081=DIRECTION('',(0.,1.,0.));
#3082=DIRECTION('',(-1.,0.,0.));
#3083=DIRECTION('',(0.,1.,0.));
#3084=DIRECTION('',(-1.,0.,0.));
#3085=DIRECTION('',(0.,1.,0.));
#3086=DIRECTION('',(-1.,0.,0.));
#3087=DIRECTION('',(0.,1.,0.));
#3088=DIRECTION('',(-1.,0.,0.));
#3089=DIRECTION('',(0.,0.,-1.));
#3090=DIRECTION('',(-1.,0.,0.));
#3091=DIRECTION('',(0.,-1.,0.));
#3092=DIRECTION('',(-1.,0.,0.));
#3093=DIRECTION('',(0.,-1.,0.));
#3094=DIRECTION('',(-1.,0.,0.));
#3095=DIRECTION('',(0.,1.,0.));
#3096=DIRECTION('',(-1.,0.,0.));
#3097=DIRECTION('',(0.,-1.,0.));
#3098=DIRECTION('',(-1.,0.,0.));
#3099=DIRECTION('',(-1.,0.,0.));
#3100=DIRECTION('',(0.,-1.,0.));
#3101=DIRECTION('',(0.,0.,1.));
#3102=DIRECTION('',(0.,0.,-1.));
#3103=DIRECTION('',(-1.,0.,0.));
#3104=DIRECTION('',(0.,-1.,0.));
#3105=DIRECTION('',(0.,0.,-1.));
#3106=DIRECTION('',(0.,-1.,0.));
#3107=DIRECTION('',(0.,0.,1.));
#3108=DIRECTION('',(0.,-1.,0.));
#3109=DIRECTION('',(0.,0.,1.));
#3110=DIRECTION('',(0.,1.,0.));
#3111=DIRECTION('',(0.,0.,1.));
#3112=DIRECTION('',(0.,-1.,0.));
#3113=DIRECTION('',(0.,0.,1.));
#3114=DIRECTION('',(0.,-1.,0.));
#3115=DIRECTION('',(0.,0.,-1.));
#3116=DIRECTION('',(0.,-1.,0.));
#3117=DIRECTION('',(0.,1.,0.));
#3118=DIRECTION('',(0.,0.,1.));
#3119=DIRECTION('',(0.,0.,1.));
#3120=DIRECTION('',(-1.,0.,0.));
#3121=DIRECTION('',(1.,0.,0.));
#3122=DIRECTION('',(0.,0.,-1.));
#3123=DIRECTION('',(1.,0.,0.));
#3124=DIRECTION('',(0.,0.,1.));
#3125=DIRECTION('',(0.,0.,1.));
#3126=DIRECTION('',(0.,1.,0.));
#3127=DIRECTION('',(-1.,0.,0.));
#3128=DIRECTION('',(0.,0.,1.));
#3129=DIRECTION('',(-1.,0.,0.));
#3130=DIRECTION('',(0.,0.,-1.));
#3131=DIRECTION('',(-1.,0.,0.));
#3132=DIRECTION('',(0.,0.,-1.));
#3133=DIRECTION('',(-1.,0.,0.));
#3134=DIRECTION('',(0.,0.,1.));
#3135=DIRECTION('',(0.,0.,1.));
#3136=DIRECTION('',(-1.,0.,0.));
#3137=DIRECTION('',(0.,0.,-1.));
#3138=DIRECTION('',(-1.,0.,0.));
#3139=DIRECTION('',(0.,0.,1.));
#3140=DIRECTION('',(-1.,0.,0.));
#3141=DIRECTION('',(0.,0.,1.));
#3142=DIRECTION('',(-1.,0.,0.));
#3143=DIRECTION('',(1.,0.,0.));
#3144=DIRECTION('',(0.,0.,1.));
#3145=DIRECTION('',(1.,0.,0.));
#3146=DIRECTION('',(-1.,0.,0.));
#3147=DIRECTION('',(0.,0.,1.));
#3148=DIRECTION('',(0.,-1.,0.));
#3149=DIRECTION('',(0.,0.,-1.));
#3150=DIRECTION('',(0.,-1.,0.));
#3151=DIRECTION('',(-1.,0.,0.));
#3152=DIRECTION('',(0.,0.,1.));
#3153=DIRECTION('',(0.,0.,-1.));
#3154=DIRECTION('',(0.,-1.,0.));
#3155=DIRECTION('',(0.,-1.,0.));
#3156=DIRECTION('',(0.,0.,-1.));
#3157=DIRECTION('',(-1.,0.,0.));
#3158=DIRECTION('',(1.,0.,0.));
#3159=DIRECTION('',(0.,-1.,0.));
#3160=DIRECTION('',(1.,0.,0.));
#3161=DIRECTION('',(0.,0.,-1.));
#3162=DIRECTION('',(0.,1.,0.));
#3163=DIRECTION('',(0.,-1.,0.));
#3164=DIRECTION('',(0.,0.,1.));
#3165=DIRECTION('',(0.,1.,0.));
#3166=DIRECTION('',(-1.,0.,0.));
#3167=DIRECTION('',(1.,0.,0.));
#3168=DIRECTION('',(1.,0.,0.));
#3169=DIRECTION('',(-1.,0.,0.));
#3170=DIRECTION('',(1.,0.,0.));
#3171=DIRECTION('',(1.,0.,0.));
#3172=DIRECTION('',(0.,0.,1.));
#3173=DIRECTION('',(0.,0.,1.));
#3174=DIRECTION('',(1.,0.,0.));
#3175=DIRECTION('',(-1.,0.,0.));
#3176=DIRECTION('',(0.,-1.,0.));
#3177=DIRECTION('',(0.,1.,0.));
#3178=DIRECTION('',(-1.,0.,0.));
#3179=DIRECTION('',(-1.,0.,0.));
#3180=DIRECTION('',(0.,0.,1.));
#3181=DIRECTION('',(-1.,0.,0.));
#3182=DIRECTION('',(0.,0.,1.));
#3183=DIRECTION('',(0.,-1.,0.));
#3184=DIRECTION('',(0.,1.,0.));
#3185=DIRECTION('',(0.,0.,1.));
#3186=DIRECTION('',(0.,1.,0.));
#3187=DIRECTION('',(0.,0.,-1.));
#3188=DIRECTION('',(-1.,0.,0.));
#3189=DIRECTION('',(0.,-1.,0.));
#3190=DIRECTION('',(-1.,0.,0.));
#3191=DIRECTION('',(0.,-1.,0.));
#3192=DIRECTION('',(-1.,0.,0.));
#3193=DIRECTION('',(0.,0.,-1.));
#3194=DIRECTION('',(-1.,0.,0.));
#3195=DIRECTION('',(-1.,0.,0.));
#3196=DIRECTION('',(0.,-1.,0.));
#3197=DIRECTION('',(-1.,0.,0.));
#3198=DIRECTION('',(0.,-1.,0.));
#3199=DIRECTION('',(0.,1.,0.));
#3200=DIRECTION('',(0.,0.,1.));
#3201=DIRECTION('',(0.,0.,-1.));
#3202=DIRECTION('',(0.,1.,0.));
#3203=DIRECTION('',(0.,0.,1.));
#3204=DIRECTION('',(0.,0.,-1.));
#3205=DIRECTION('',(0.,0.,-1.));
#3206=DIRECTION('',(1.,0.,0.));
#3207=DIRECTION('',(0.,0.,-1.));
#3208=DIRECTION('',(0.,-1.,0.));
#3209=DIRECTION('',(0.,-1.,0.));
#3210=DIRECTION('',(0.,0.,-1.));
#3211=DIRECTION('',(0.,1.,0.));
#3212=DIRECTION('',(0.,0.,1.));
#3213=DIRECTION('',(0.,1.,0.));
#3214=DIRECTION('',(0.,0.,-1.));
#3215=DIRECTION('',(0.,1.,0.));
#3216=DIRECTION('',(0.,0.,1.));
#3217=DIRECTION('',(1.,0.,0.));
#3218=DIRECTION('',(1.,0.,0.));
#3219=DIRECTION('',(-1.,0.,0.));
#3220=DIRECTION('',(0.,0.,-1.));
#3221=DIRECTION('',(-1.,0.,0.));
#3222=DIRECTION('',(0.,0.,-1.));
#3223=DIRECTION('',(-1.,0.,0.));
#3224=DIRECTION('',(0.,0.,1.));
#3225=DIRECTION('',(1.,0.,0.));
#3226=DIRECTION('',(1.,0.,0.));
#3227=DIRECTION('',(0.,-1.,0.));
#3228=DIRECTION('',(1.,0.,0.));
#3229=DIRECTION('',(0.,-1.,0.));
#3230=DIRECTION('',(0.,-1.,0.));
#3231=DIRECTION('',(-1.,0.,0.));
#3232=DIRECTION('',(0.,1.,0.));
#3233=DIRECTION('',(1.,0.,0.));
#3234=DIRECTION('',(1.,0.,0.));
#3235=DIRECTION('',(0.,-1.,0.));
#3236=DIRECTION('',(1.,0.,0.));
#3237=DIRECTION('',(0.,-1.,0.));
#3238=DIRECTION('',(1.,0.,0.));
#3239=DIRECTION('',(0.,-1.,0.));
#3240=DIRECTION('',(1.,0.,0.));
#3241=DIRECTION('',(0.,-1.,0.));
#3242=DIRECTION('',(0.,0.,1.));
#3243=DIRECTION('',(1.,0.,0.));
#3244=DIRECTION('',(-1.,0.,0.));
#3245=DIRECTION('',(0.,1.,0.));
#3246=DIRECTION('',(0.,-1.,0.));
#3247=DIRECTION('',(0.,0.,-1.));
#3248=DIRECTION('',(-1.,0.,0.));
#3249=DIRECTION('',(0.,0.,-1.));
#3250=DIRECTION('',(-1.,0.,0.));
#3251=DIRECTION('',(0.,0.,1.));
#3252=DIRECTION('',(0.,0.,1.));
#3253=DIRECTION('',(1.,0.,0.));
#3254=DIRECTION('',(0.,-1.,0.));
#3255=DIRECTION('',(1.,0.,0.));
#3256=DIRECTION('',(0.,1.,0.));
#3257=DIRECTION('',(0.,1.,0.));
#3258=DIRECTION('',(1.,0.,0.));
#3259=DIRECTION('',(0.,0.,-1.));
#3260=DIRECTION('',(0.,-1.,0.));
#3261=DIRECTION('',(0.,0.,1.));
#3262=DIRECTION('',(1.,0.,0.));
#3263=DIRECTION('',(1.,0.,0.));
#3264=DIRECTION('',(0.,1.,0.));
#3265=DIRECTION('',(1.,0.,0.));
#3266=DIRECTION('',(0.,1.,0.));
#3267=DIRECTION('',(0.,0.,-1.));
#3268=DIRECTION('',(0.,-1.,0.));
#3269=DIRECTION('',(0.,0.,-1.));
#3270=DIRECTION('',(0.,0.,1.));
#3271=DIRECTION('',(1.,0.,0.));
#3272=DIRECTION('',(0.,0.,-1.));
#3273=DIRECTION('',(-1.,0.,0.));
#3274=DIRECTION('',(0.,-1.,0.));
#3275=DIRECTION('',(1.,0.,0.));
#3276=DIRECTION('',(0.,0.,-1.));
#3277=DIRECTION('',(0.,0.,-1.));
#3278=DIRECTION('',(1.,0.,0.));
#3279=DIRECTION('',(0.,-1.,0.));
#3280=DIRECTION('',(1.,0.,0.));
#3281=DIRECTION('',(0.,0.,-1.));
#3282=DIRECTION('',(0.,0.,-1.));
#3283=DIRECTION('',(-1.,0.,0.));
#3284=DIRECTION('',(-1.,0.,0.));
#3285=DIRECTION('',(0.,1.,0.));
#3286=DIRECTION('',(-1.,0.,0.));
#3287=DIRECTION('',(0.,0.,1.));
#3288=DIRECTION('',(1.,0.,0.));
#3289=DIRECTION('',(0.,1.,0.));
#3290=DIRECTION('',(-1.,0.,0.));
#3291=DIRECTION('',(0.,1.,0.));
#3292=DIRECTION('',(0.,0.,1.));
#3293=DIRECTION('',(1.,0.,0.));
#3294=DIRECTION('',(-1.,0.,0.));
#3295=DIRECTION('',(0.,0.,1.));
#3296=DIRECTION('',(0.,0.,1.));
#3297=DIRECTION('',(-1.,0.,0.));
#3298=DIRECTION('',(0.,0.,1.));
#3299=DIRECTION('',(0.,0.,1.));
#3300=DIRECTION('',(0.,0.,1.));
#3301=DIRECTION('',(0.,1.,0.));
#3302=DIRECTION('',(-1.,0.,0.));
#3303=DIRECTION('',(0.,-1.,0.));
#3304=DIRECTION('',(0.,0.,-1.));
#3305=DIRECTION('',(0.,0.,1.));
#3306=DIRECTION('',(0.,0.,1.));
#3307=DIRECTION('',(-1.,0.,0.));
#3308=DIRECTION('',(0.,-1.,0.));
#3309=DIRECTION('',(0.,0.,1.));
#3310=DIRECTION('',(0.,1.,0.));
#3311=DIRECTION('',(0.,0.,1.));
#3312=DIRECTION('',(0.,0.,-1.));
#3313=DIRECTION('',(1.,0.,0.));
#3314=DIRECTION('',(0.,0.,-1.));
#3315=DIRECTION('',(0.,0.,-1.));
#3316=DIRECTION('',(1.,0.,0.));
#3317=DIRECTION('',(0.,0.,-1.));
#3318=DIRECTION('',(0.,0.,-1.));
#3319=DIRECTION('',(0.,-1.,0.));
#3320=DIRECTION('',(0.,1.,0.));
#3321=DIRECTION('',(0.,0.,1.));
#3322=DIRECTION('',(0.,0.,-1.));
#3323=DIRECTION('',(0.,0.,-1.));
#3324=DIRECTION('',(1.,0.,0.));
#3325=DIRECTION('',(1.,0.,0.));
#3326=DIRECTION('',(0.,0.,-1.));
#3327=DIRECTION('',(0.,1.,0.));
#3328=DIRECTION('',(0.,0.,1.));
#3329=DIRECTION('',(0.,0.,-1.));
#3330=DIRECTION('',(1.,0.,0.));
#3331=DIRECTION('',(0.,0.,-1.));
#3332=DIRECTION('',(0.,0.,-1.));
#3333=DIRECTION('',(1.,0.,0.));
#3334=DIRECTION('',(0.,0.,-1.));
#3335=DIRECTION('',(0.,0.,-1.));
#3336=DIRECTION('',(0.,-1.,0.));
#3337=DIRECTION('',(0.,1.,0.));
#3338=DIRECTION('',(0.,0.,1.));
#3339=DIRECTION('',(0.,0.,-1.));
#3340=DIRECTION('',(0.,0.,-1.));
#3341=DIRECTION('',(1.,0.,0.));
#3342=DIRECTION('',(1.,0.,0.));
#3343=DIRECTION('',(0.,0.,-1.));
#3344=DIRECTION('',(1.,0.,0.));
#3345=DIRECTION('',(0.,0.,-1.));
#3346=DIRECTION('',(0.,0.,-1.));
#3347=DIRECTION('',(0.,-1.,0.));
#3348=DIRECTION('',(0.,0.,-1.));
#3349=DIRECTION('',(0.,1.,0.));
#3350=DIRECTION('',(0.,0.,1.));
#3351=DIRECTION('',(0.,0.,-1.));
#3352=DIRECTION('',(1.,0.,0.));
#3353=DIRECTION('',(0.,0.,-1.));
#3354=DIRECTION('',(1.,0.,0.));
#3355=DIRECTION('',(-1.,0.,0.));
#3356=DIRECTION('',(0.,0.,1.));
#3357=DIRECTION('',(0.,0.,-1.));
#3358=DIRECTION('',(0.,-1.,0.));
#3359=DIRECTION('',(0.,-1.,0.));
#3360=DIRECTION('',(0.,0.,-1.));
#3361=DIRECTION('',(1.,0.,0.));
#3362=DIRECTION('',(0.,0.,-1.));
#3363=DIRECTION('',(1.,0.,0.));
#3364=DIRECTION('',(0.,1.,0.));
#3365=DIRECTION('',(0.,0.,1.));
#3366=DIRECTION('',(0.,0.,-1.));
#3367=DIRECTION('',(1.,0.,0.));
#3368=DIRECTION('',(0.,0.,-1.));
#3369=DIRECTION('',(0.,0.,-1.));
#3370=DIRECTION('',(1.,0.,0.));
#3371=DIRECTION('',(0.,0.,-1.));
#3372=DIRECTION('',(0.,0.,-1.));
#3373=DIRECTION('',(0.,-1.,0.));
#3374=DIRECTION('',(0.,1.,0.));
#3375=DIRECTION('',(0.,0.,1.));
#3376=DIRECTION('',(0.,0.,-1.));
#3377=DIRECTION('',(0.,0.,-1.));
#3378=DIRECTION('',(1.,0.,0.));
#3379=DIRECTION('',(1.,0.,0.));
#3380=DIRECTION('',(0.,0.,-1.));
#3381=DIRECTION('',(0.,-1.,0.));
#3382=DIRECTION('',(0.,0.,-1.));
#3383=DIRECTION('',(0.,0.,1.));
#3384=DIRECTION('',(1.,0.,0.));
#3385=DIRECTION('',(0.,0.,1.));
#3386=DIRECTION('',(-1.,0.,0.));
#3387=DIRECTION('',(0.,0.,1.));
#3388=DIRECTION('',(0.,-1.,0.));
#3389=DIRECTION('',(0.,0.,1.));
#3390=DIRECTION('',(0.,-1.,0.));
#3391=DIRECTION('',(0.,0.,-1.));
#3392=DIRECTION('',(1.,0.,0.));
#3393=DIRECTION('',(0.,0.,1.));
#3394=DIRECTION('',(-1.,0.,0.));
#3395=DIRECTION('',(0.,0.,1.));
#3396=DIRECTION('',(0.,-1.,0.));
#3397=DIRECTION('',(0.,-1.,0.));
#3398=DIRECTION('',(0.,0.,-1.));
#3399=DIRECTION('',(0.,0.,1.));
#3400=DIRECTION('',(1.,0.,0.));
#3401=DIRECTION('',(0.,0.,1.));
#3402=DIRECTION('',(-1.,0.,0.));
#3403=DIRECTION('',(0.,0.,1.));
#3404=DIRECTION('',(0.,-1.,0.));
#3405=DIRECTION('',(0.,0.,1.));
#3406=DIRECTION('',(0.,-1.,0.));
#3407=DIRECTION('',(0.,0.,-1.));
#3408=DIRECTION('',(1.,0.,0.));
#3409=DIRECTION('',(0.,0.,1.));
#3410=DIRECTION('',(-1.,0.,0.));
#3411=DIRECTION('',(0.,0.,1.));
#3412=DIRECTION('',(0.,-1.,0.));
#3413=DIRECTION('',(0.,-1.,0.));
#3414=DIRECTION('',(0.,0.,-1.));
#3415=DIRECTION('',(0.,0.,1.));
#3416=DIRECTION('',(1.,0.,0.));
#3417=DIRECTION('',(0.,0.,1.));
#3418=DIRECTION('',(-1.,0.,0.));
#3419=DIRECTION('',(0.,0.,1.));
#3420=DIRECTION('',(0.,-1.,0.));
#3421=DIRECTION('',(0.,0.,1.));
#3422=DIRECTION('',(0.,-1.,0.));
#3423=DIRECTION('',(0.,0.,-1.));
#3424=DIRECTION('',(1.,0.,0.));
#3425=DIRECTION('',(0.,0.,1.));
#3426=DIRECTION('',(-1.,0.,0.));
#3427=DIRECTION('',(0.,0.,1.));
#3428=DIRECTION('',(0.,-1.,0.));
#3429=DIRECTION('',(0.,-1.,0.));
#3430=DIRECTION('',(0.,0.,-1.));
#3431=DIRECTION('',(0.,0.,1.));
#3432=DIRECTION('',(1.,0.,0.));
#3433=DIRECTION('',(0.,0.,1.));
#3434=DIRECTION('',(-1.,0.,0.));
#3435=DIRECTION('',(0.,0.,1.));
#3436=DIRECTION('',(0.,-1.,0.));
#3437=DIRECTION('',(0.,0.,1.));
#3438=DIRECTION('',(0.,-1.,0.));
#3439=DIRECTION('',(0.,0.,-1.));
#3440=DIRECTION('',(1.,0.,0.));
#3441=DIRECTION('',(0.,0.,1.));
#3442=DIRECTION('',(-1.,0.,0.));
#3443=DIRECTION('',(0.,0.,1.));
#3444=DIRECTION('',(0.,-1.,0.));
#3445=DIRECTION('',(0.,0.,1.));
#3446=DIRECTION('',(1.,0.,0.));
#3447=DIRECTION('',(0.,-1.,0.));
#3448=DIRECTION('',(1.,0.,0.));
#3449=DIRECTION('',(0.,0.,-1.));
#3450=DIRECTION('',(0.,0.,1.));
#3451=DIRECTION('',(1.,0.,0.));
#3452=DIRECTION('',(0.,-1.,0.));
#3453=DIRECTION('',(-1.,0.,0.));
#3454=DIRECTION('',(0.,-1.,0.));
#3455=DIRECTION('',(-1.,0.,0.));
#3456=DIRECTION('',(0.,0.,1.));
#3457=DIRECTION('',(1.,0.,0.));
#3458=DIRECTION('',(0.,1.,0.));
#3459=DIRECTION('',(1.,0.,0.));
#3460=DIRECTION('',(0.,1.,0.));
#3461=DIRECTION('',(1.,0.,0.));
#3462=DIRECTION('',(0.,0.,1.));
#3463=DIRECTION('',(1.,0.,0.));
#3464=DIRECTION('',(0.,-1.,0.));
#3465=DIRECTION('',(1.,0.,0.));
#3466=DIRECTION('',(0.,0.,-1.));
#3467=DIRECTION('',(0.,-1.,0.));
#3468=DIRECTION('',(0.,0.,1.));
#3469=DIRECTION('',(1.,0.,0.));
#3470=DIRECTION('',(0.,0.,1.));
#3471=DIRECTION('',(1.,0.,0.));
#3472=DIRECTION('',(0.,-1.,0.));
#3473=DIRECTION('',(1.,0.,0.));
#3474=DIRECTION('',(0.,0.,-1.));
#3475=DIRECTION('',(0.,0.,1.));
#3476=DIRECTION('',(1.,0.,0.));
#3477=DIRECTION('',(0.,1.,0.));
#3478=DIRECTION('',(1.,0.,0.));
#3479=DIRECTION('',(0.,1.,0.));
#3480=DIRECTION('',(1.,0.,0.));
#3481=DIRECTION('',(0.,0.,1.));
#3482=DIRECTION('',(1.,0.,0.));
#3483=DIRECTION('',(0.,-1.,0.));
#3484=DIRECTION('',(1.,0.,0.));
#3485=DIRECTION('',(0.,0.,-1.));
#3486=DIRECTION('',(0.,0.,1.));
#3487=DIRECTION('',(1.,0.,0.));
#3488=DIRECTION('',(0.,1.,0.));
#3489=DIRECTION('',(1.,0.,0.));
#3490=DIRECTION('',(0.,1.,0.));
#3491=DIRECTION('',(1.,0.,0.));
#3492=DIRECTION('',(0.,-1.,0.));
#3493=DIRECTION('',(0.,0.,-1.));
#3494=DIRECTION('',(0.,0.,1.));
#3495=DIRECTION('',(1.,0.,0.));
#3496=DIRECTION('',(0.,0.,1.));
#3497=DIRECTION('',(1.,0.,0.));
#3498=DIRECTION('',(0.,0.,-1.));
#3499=DIRECTION('',(0.,0.,1.));
#3500=DIRECTION('',(0.,1.,0.));
#3501=DIRECTION('',(0.,-1.,0.));
#3502=DIRECTION('',(0.,0.,-1.));
#3503=DIRECTION('',(0.,0.,1.));
#3504=DIRECTION('',(1.,0.,0.));
#3505=DIRECTION('',(1.,0.,0.));
#3506=DIRECTION('',(0.,0.,-1.));
#3507=DIRECTION('',(0.,-1.,0.));
#3508=DIRECTION('',(0.,0.,1.));
#3509=DIRECTION('',(0.,-1.,0.));
#3510=DIRECTION('',(0.,0.,1.));
#3511=DIRECTION('',(0.,1.,0.));
#3512=DIRECTION('',(0.,0.,-1.));
#3513=DIRECTION('',(1.,0.,0.));
#3514=DIRECTION('',(0.,-1.,0.));
#3515=DIRECTION('',(0.,0.,-1.));
#3516=DIRECTION('',(0.,0.,1.));
#3517=DIRECTION('',(1.,0.,0.));
#3518=DIRECTION('',(1.,0.,0.));
#3519=DIRECTION('',(1.,0.,0.));
#3520=DIRECTION('',(0.,0.,1.));
#3521=DIRECTION('',(1.,0.,0.));
#3522=DIRECTION('',(0.,0.,-1.));
#3523=DIRECTION('',(0.,0.,1.));
#3524=DIRECTION('',(0.,-1.,0.));
#3525=DIRECTION('',(0.,-1.,0.));
#3526=DIRECTION('',(0.,0.,-1.));
#3527=DIRECTION('',(0.,0.,1.));
#3528=DIRECTION('',(1.,0.,0.));
#3529=DIRECTION('',(1.,0.,0.));
#3530=DIRECTION('',(1.,0.,0.));
#3531=DIRECTION('',(1.,0.,0.));
#3532=DIRECTION('',(0.,0.,-1.));
#3533=DIRECTION('',(0.,1.,0.));
#3534=DIRECTION('',(0.,0.,-1.));
#3535=DIRECTION('',(1.,0.,0.));
#3536=DIRECTION('',(0.,-1.,0.));
#3537=DIRECTION('',(0.,0.,-1.));
#3538=DIRECTION('',(0.,0.,1.));
#3539=DIRECTION('',(1.,0.,0.));
#3540=DIRECTION('',(0.,0.,1.));
#3541=DIRECTION('',(1.,0.,0.));
#3542=DIRECTION('',(0.,0.,-1.));
#3543=DIRECTION('',(0.,0.,1.));
#3544=DIRECTION('',(0.,1.,0.));
#3545=DIRECTION('',(0.,-1.,0.));
#3546=DIRECTION('',(0.,0.,-1.));
#3547=DIRECTION('',(0.,0.,1.));
#3548=DIRECTION('',(1.,0.,0.));
#3549=DIRECTION('',(1.,0.,0.));
#3550=DIRECTION('',(0.,0.,-1.));
#3551=DIRECTION('',(0.,1.,0.));
#3552=DIRECTION('',(0.,0.,-1.));
#3553=DIRECTION('',(1.,0.,0.));
#3554=DIRECTION('',(0.,1.,0.));
#3555=DIRECTION('',(0.,0.,1.));
#3556=DIRECTION('',(1.,0.,0.));
#3557=DIRECTION('',(0.,0.,1.));
#3558=DIRECTION('',(0.,0.,1.));
#3559=DIRECTION('',(-1.,0.,0.));
#3560=DIRECTION('',(0.,0.,1.));
#3561=DIRECTION('',(0.,0.,1.));
#3562=DIRECTION('',(0.,0.,1.));
#3563=DIRECTION('',(0.,0.,1.));
#3564=DIRECTION('',(0.,-1.,0.));
#3565=DIRECTION('',(0.,1.,0.));
#3566=DIRECTION('',(0.,0.,1.));
#3567=DIRECTION('',(0.,0.,1.));
#3568=DIRECTION('',(1.,0.,0.));
#3569=DIRECTION('',(-1.,0.,0.));
#3570=DIRECTION('',(0.,0.,1.));
#3571=DIRECTION('',(0.,1.,0.));
#3572=DIRECTION('',(0.,0.,1.));
#3573=DIRECTION('',(1.,0.,0.));
#3574=DIRECTION('',(1.,0.,0.));
#3575=DIRECTION('',(0.,-1.,0.));
#3576=DIRECTION('',(1.,0.,0.));
#3577=DIRECTION('',(0.,-1.,0.));
#3578=DIRECTION('',(0.,0.,-1.));
#3579=DIRECTION('',(0.,0.,-1.));
#3580=DIRECTION('',(-1.,0.,0.));
#3581=DIRECTION('',(0.,0.,-1.));
#3582=DIRECTION('',(-1.,0.,0.));
#3583=DIRECTION('',(-1.,0.,0.));
#3584=DIRECTION('',(0.,0.,-1.));
#3585=DIRECTION('',(1.,0.,0.));
#3586=DIRECTION('',(0.,0.,-1.));
#3587=DIRECTION('',(0.,0.,-1.));
#3588=DIRECTION('',(0.,-1.,0.));
#3589=DIRECTION('',(0.,0.,-1.));
#3590=DIRECTION('',(0.,0.,-1.));
#3591=DIRECTION('',(-1.,0.,0.));
#3592=DIRECTION('',(0.,0.,1.));
#3593=DIRECTION('',(0.,-1.,0.));
#3594=DIRECTION('',(0.,-1.,0.));
#3595=DIRECTION('',(0.,0.,-1.));
#3596=DIRECTION('',(-1.,0.,0.));
#3597=DIRECTION('',(0.,0.,1.));
#3598=DIRECTION('',(0.,-1.,0.));
#3599=DIRECTION('',(0.,0.,-1.));
#3600=DIRECTION('',(0.,-1.,0.));
#3601=DIRECTION('',(0.,0.,1.));
#3602=DIRECTION('',(1.,0.,0.));
#3603=DIRECTION('',(-1.,0.,0.));
#3604=DIRECTION('',(0.,0.,1.));
#3605=DIRECTION('',(1.,0.,0.));
#3606=DIRECTION('',(-1.,0.,0.));
#3607=DIRECTION('',(0.,1.,0.));
#3608=DIRECTION('',(-1.,0.,0.));
#3609=DIRECTION('',(-1.,0.,0.));
#3610=DIRECTION('',(0.,-1.,0.));
#3611=DIRECTION('',(0.,0.,1.));
#3612=DIRECTION('',(1.,0.,0.));
#3613=DIRECTION('',(0.,-1.,0.));
#3614=DIRECTION('',(-1.,0.,0.));
#3615=DIRECTION('',(0.,-1.,0.));
#3616=DIRECTION('',(-1.,0.,0.));
#3617=DIRECTION('',(0.,0.,1.));
#3618=DIRECTION('',(0.,-1.,0.));
#3619=DIRECTION('',(0.,0.,-1.));
#3620=DIRECTION('',(0.,0.,1.));
#3621=DIRECTION('',(1.,0.,0.));
#3622=DIRECTION('',(0.,-1.,0.));
#3623=DIRECTION('',(-1.,0.,0.));
#3624=DIRECTION('',(-1.,0.,0.));
#3625=DIRECTION('',(0.,0.,1.));
#3626=DIRECTION('',(0.,0.,-1.));
#3627=DIRECTION('',(0.,1.,0.));
#3628=DIRECTION('',(-1.,0.,0.));
#3629=DIRECTION('',(0.,0.,1.));
#3630=DIRECTION('',(1.,0.,0.));
#3631=DIRECTION('',(0.,0.,1.));
#3632=DIRECTION('',(1.,0.,0.));
#3633=DIRECTION('',(0.,1.,0.));
#3634=DIRECTION('',(1.,0.,0.));
#3635=DIRECTION('',(0.,1.,0.));
#3636=DIRECTION('',(1.,0.,0.));
#3637=DIRECTION('',(0.,-1.,0.));
#3638=DIRECTION('',(0.,0.,-1.));
#3639=DIRECTION('',(0.,0.,1.));
#3640=DIRECTION('',(1.,0.,0.));
#3641=DIRECTION('',(0.,0.,1.));
#3642=DIRECTION('',(1.,0.,0.));
#3643=DIRECTION('',(0.,0.,-1.));
#3644=DIRECTION('',(0.,0.,1.));
#3645=DIRECTION('',(0.,1.,0.));
#3646=DIRECTION('',(0.,-1.,0.));
#3647=DIRECTION('',(0.,0.,-1.));
#3648=DIRECTION('',(0.,0.,1.));
#3649=DIRECTION('',(1.,0.,0.));
#3650=DIRECTION('',(1.,0.,0.));
#3651=DIRECTION('',(0.,0.,-1.));
#3652=DIRECTION('',(0.,1.,0.));
#3653=DIRECTION('',(0.,0.,-1.));
#3654=DIRECTION('',(1.,0.,0.));
#3655=DIRECTION('',(0.,-1.,0.));
#3656=DIRECTION('',(0.,0.,-1.));
#3657=DIRECTION('',(0.,0.,1.));
#3658=DIRECTION('',(0.,0.,1.));
#3659=DIRECTION('',(1.,0.,0.));
#3660=DIRECTION('',(0.,0.,-1.));
#3661=DIRECTION('',(0.,-1.,0.));
#3662=DIRECTION('',(0.,0.,1.));
#3663=DIRECTION('',(1.,0.,0.));
#3664=DIRECTION('',(0.,0.,-1.));
#3665=DIRECTION('',(0.,0.,1.));
#3666=DIRECTION('',(0.,-1.,0.));
#3667=DIRECTION('',(0.,0.,-1.));
#3668=DIRECTION('',(-1.,0.,0.));
#3669=DIRECTION('',(1.,0.,0.));
#3670=DIRECTION('',(0.,-1.,0.));
#3671=DIRECTION('',(0.,0.,-1.));
#3672=DIRECTION('',(-1.,0.,0.));
#3673=DIRECTION('',(0.,0.,1.));
#3674=DIRECTION('',(0.,0.,1.));
#3675=DIRECTION('',(0.,-1.,0.));
#3676=DIRECTION('',(0.,0.,1.));
#3677=DIRECTION('',(0.,-1.,0.));
#3678=DIRECTION('',(0.,0.,-1.));
#3679=DIRECTION('',(0.,0.,1.));
#3680=DIRECTION('',(1.,0.,0.));
#3681=DIRECTION('',(-1.,0.,0.));
#3682=DIRECTION('',(0.,0.,1.));
#3683=DIRECTION('',(0.,0.,1.));
#3684=DIRECTION('',(0.,-1.,0.));
#3685=DIRECTION('',(0.,-1.,0.));
#3686=DIRECTION('',(0.,0.,-1.));
#3687=DIRECTION('',(1.,0.,0.));
#3688=DIRECTION('',(0.,0.,-1.));
#3689=DIRECTION('',(1.,0.,0.));
#3690=DIRECTION('',(0.,1.,0.));
#3691=DIRECTION('',(0.,0.,1.));
#3692=DIRECTION('',(0.,0.,1.));
#3693=DIRECTION('',(-1.,0.,0.));
#3694=DIRECTION('',(-1.,0.,0.));
#3695=DIRECTION('',(0.,0.,1.));
#3696=DIRECTION('',(0.,-1.,0.));
#3697=DIRECTION('',(0.,0.,-1.));
#3698=DIRECTION('',(1.,0.,0.));
#3699=CARTESIAN_POINT('',(0.,0.,0.));
#3700=CARTESIAN_POINT('',(0.0113609427335464,-0.002996188705948,0.0114912908307314));
#3701=CARTESIAN_POINT('',(0.00654017925262451,-0.00342089240439236,0.0114912908307314));
#3702=CARTESIAN_POINT('',(0.00586335966363549,-0.00342089240439236,0.0114912908307314));
#3703=CARTESIAN_POINT('',(0.00721699884161353,-0.00342089240439236,0.0114912908307314));
#3704=CARTESIAN_POINT('',(0.00586335966363549,-0.00292323110625148,0.0114912908307314));
#3705=CARTESIAN_POINT('',(0.00586335966363549,0.000419230191889405,0.0114912908307314));
#3706=CARTESIAN_POINT('',(0.00654017925262451,0.000419230191889405,0.0114912908307314));
#3707=CARTESIAN_POINT('',(0.00721699884161353,0.000419230191889405,0.0114912908307314));
#3708=CARTESIAN_POINT('',(0.00721699884161353,-0.00292323110625148,0.0114912908307314));
#3709=CARTESIAN_POINT('',(0.00654734415002167,0.,0.0114912908307314));
#3710=CARTESIAN_POINT('',(0.0062624984420836,0.,0.0114912908307314));
#3711=CARTESIAN_POINT('',(0.00683218985795975,0.,0.0114912908307314));
#3712=CARTESIAN_POINT('',(0.0062624984420836,-0.000244239025050774,0.0114912908307314));
#3713=CARTESIAN_POINT('',(0.0062624984420836,-0.000488478050101548,0.0114912908307314));
#3714=CARTESIAN_POINT('',(0.00654734415002167,-0.000488478050101548,0.0114912908307314));
#3715=CARTESIAN_POINT('',(0.00683218985795975,-0.000488478050101548,0.0114912908307314));
#3716=CARTESIAN_POINT('',(0.00683218985795975,-0.000244239025050774,0.0114912908307314));
#3717=CARTESIAN_POINT('',(0.00718331773354638,-0.00303207733668387,0.0117452908307314));
#3718=CARTESIAN_POINT('',(0.00721699884161353,-0.00292323110625148,0.0117452908307314));
#3719=CARTESIAN_POINT('',(0.00721699884161353,-0.00342089240439236,0.0117452908307314));
#3720=CARTESIAN_POINT('',(0.00721699884161353,-0.00220441864803434,0.0117452908307314));
#3721=CARTESIAN_POINT('',(0.00718331773354638,-0.00220441864803434,0.0117452908307314));
#3722=CARTESIAN_POINT('',(0.00972427800297737,-0.00220441864803434,0.011740930378437));
#3723=CARTESIAN_POINT('',(0.0100252451375127,-0.00220441864803434,0.0117365699261427));
#3724=CARTESIAN_POINT('',(0.010326212272048,-0.00220441864803434,0.011740930378437));
#3725=CARTESIAN_POINT('',(0.00718331773354638,-0.00220441864803434,0.0117452908307314));
#3726=CARTESIAN_POINT('',(0.0212041177335464,-0.00220441864803434,0.0117452908307314));
#3727=CARTESIAN_POINT('',(0.0212041177335464,-0.00303207733668387,0.0117452908307314));
#3728=CARTESIAN_POINT('',(0.0212041177335464,-0.0038597360253334,0.0117452908307314));
#3729=CARTESIAN_POINT('',(0.00718331773354638,-0.0038597360253334,0.0117452908307314));
#3730=CARTESIAN_POINT('',(0.00146831773354638,-0.0038597360253334,0.0117452908307314));
#3731=CARTESIAN_POINT('',(0.00146831773354638,-0.00303207733668387,0.0117452908307314));
#3732=CARTESIAN_POINT('',(0.00146831773354638,-0.00220441864803434,0.0117452908307314));
#3733=CARTESIAN_POINT('',(0.00146831773354638,-0.00220441864803434,0.0117452908307314));
#3734=CARTESIAN_POINT('',(0.00586335966363549,-0.00220441864803434,0.0117452908307314));
#3735=CARTESIAN_POINT('',(0.00586335966363549,-0.00292323110625148,0.0117452908307314));
#3736=CARTESIAN_POINT('',(0.00586335966363549,-0.00342089240439236,0.0117452908307314));
#3737=CARTESIAN_POINT('',(0.00654017925262451,-0.00342089240439236,0.0117452908307314));
#3738=CARTESIAN_POINT('',(-0.00890053529292345,0.,0.013208));
#3739=CARTESIAN_POINT('',(-0.00890053529292345,0.,0.0138750222100328));
#3740=CARTESIAN_POINT('',(-0.00890053529292345,0.000684544676914811,0.0138750222100328));
#3741=CARTESIAN_POINT('',(-0.00890053529292345,-0.000684544676914811,0.0138750222100328));
#3742=CARTESIAN_POINT('',(-0.00890053529292345,0.000684544676914811,0.013208));
#3743=CARTESIAN_POINT('',(-0.00890053529292345,0.000684544676914811,0.013208));
#3744=CARTESIAN_POINT('',(-0.00890053529292345,0.,0.013208));
#3745=CARTESIAN_POINT('',(-0.00890053529292345,-0.000684544676914811,0.013208));
#3746=CARTESIAN_POINT('',(-0.00890053529292345,-0.000684544676914811,0.013208));
#3747=CARTESIAN_POINT('',(-0.003429,0.,0.052324));
#3748=CARTESIAN_POINT('',(-0.0177308470010758,0.0042997938580811,0.052324));
#3749=CARTESIAN_POINT('',(-0.0151948574930429,0.0042997938580811,0.052324));
#3750=CARTESIAN_POINT('',(-0.0146340932697058,0.0042997938580811,0.052324));
#3751=CARTESIAN_POINT('',(-0.0151948574930429,0.,0.052324));
#3752=CARTESIAN_POINT('',(-0.0151948574930429,-0.0042997938580811,0.052324));
#3753=CARTESIAN_POINT('',(-0.0177308470010758,-0.0042997938580811,0.052324));
#3754=CARTESIAN_POINT('',(-0.0146340932697058,-0.0042997938580811,0.052324));
#3755=CARTESIAN_POINT('',(-0.0146340932697058,0.,0.052324));
#3756=CARTESIAN_POINT('',(-0.003429,0.,0.052324));
#3757=CARTESIAN_POINT('',(-0.00818778946995735,0.00404699798673391,0.052324));
#3758=CARTESIAN_POINT('',(-0.00396561063826084,0.00404699798673391,0.052324));
#3759=CARTESIAN_POINT('',(-0.003827054053545,0.00404699798673391,0.052324));
#3760=CARTESIAN_POINT('',(-0.00396561063826084,0.,0.052324));
#3761=CARTESIAN_POINT('',(-0.00396561063826084,-0.00404699798673391,0.052324));
#3762=CARTESIAN_POINT('',(-0.00818778946995735,-0.00404699798673391,0.052324));
#3763=CARTESIAN_POINT('',(-0.003827054053545,-0.00404699798673391,0.052324));
#3764=CARTESIAN_POINT('',(-0.003827054053545,0.,0.052324));
#3765=CARTESIAN_POINT('',(-0.003429,0.,0.052324));
#3766=CARTESIAN_POINT('',(0.0102031342685223,0.00360460462979972,0.052324));
#3767=CARTESIAN_POINT('',(0.0124246487393975,0.00360460462979972,0.052324));
#3768=CARTESIAN_POINT('',(0.012478300370276,0.00360460462979972,0.052324));
#3769=CARTESIAN_POINT('',(0.0124246487393975,0.,0.052324));
#3770=CARTESIAN_POINT('',(0.0124246487393975,-0.00360460462979972,0.052324));
#3771=CARTESIAN_POINT('',(0.0102031342685223,-0.00360460462979972,0.052324));
#3772=CARTESIAN_POINT('',(0.012478300370276,-0.00360460462979972,0.052324));
#3773=CARTESIAN_POINT('',(0.012478300370276,0.,0.052324));
#3774=CARTESIAN_POINT('',(-0.000373255256028809,-0.00573624758208114,0.0252503472753155));
#3775=CARTESIAN_POINT('',(-0.000373255256028809,0.00790355241791886,0.0252503472753155));
#3776=CARTESIAN_POINT('',(0.0139799369911021,0.00790355241791886,0.0252503472753155));
#3777=CARTESIAN_POINT('',(-0.0147264475031598,0.00790355241791886,0.0252503472753155));
#3778=CARTESIAN_POINT('',(0.0139799369911021,-0.00573624758208114,0.0252503472753155));
#3779=CARTESIAN_POINT('',(0.0139799369911021,-0.00573624758208114,0.0252503472753155));
#3780=CARTESIAN_POINT('',(-0.000373255256028809,-0.00573624758208114,0.0252503472753155));
#3781=CARTESIAN_POINT('',(-0.0147264475031598,-0.00573624758208114,0.0252503472753155));
#3782=CARTESIAN_POINT('',(-0.0147264475031598,-0.00573624758208114,0.0252503472753155));
#3783=CARTESIAN_POINT('',(-0.0045768478885293,-0.00573624758208114,0.0252503472753155));
#3784=CARTESIAN_POINT('',(-0.0045768478885293,-0.00312907434999943,0.0252503472753155));
#3785=CARTESIAN_POINT('',(-0.0045768478885293,0.00312907434999943,0.0252503472753155));
#3786=CARTESIAN_POINT('',(-0.000373255256028809,0.00312907434999943,0.0252503472753155));
#3787=CARTESIAN_POINT('',(-0.011743170209229,0.00312907434999943,0.0252503472753155));
#3788=CARTESIAN_POINT('',(-0.011743170209229,-0.00573624758208114,0.0252503472753155));
#3789=CARTESIAN_POINT('',(-0.011743170209229,-0.00312907434999943,0.0252503472753155));
#3790=CARTESIAN_POINT('',(-0.000373255256028809,-0.00312907434999943,0.0252503472753155));
#3791=CARTESIAN_POINT('',(0.00513750244863331,-0.00573624758208114,0.0252503472753155));
#3792=CARTESIAN_POINT('',(0.00513750244863331,-0.0030494483653456,0.0252503472753155));
#3793=CARTESIAN_POINT('',(0.00513750244863331,0.0030494483653456,0.0252503472753155));
#3794=CARTESIAN_POINT('',(-0.000373255256028809,0.0030494483653456,0.0252503472753155));
#3795=CARTESIAN_POINT('',(-0.00091405981220305,0.0030494483653456,0.0252503472753155));
#3796=CARTESIAN_POINT('',(-0.00091405981220305,-0.00573624758208114,0.0252503472753155));
#3797=CARTESIAN_POINT('',(-0.00091405981220305,-0.0030494483653456,0.0252503472753155));
#3798=CARTESIAN_POINT('',(-0.000373255256028809,-0.0030494483653456,0.0252503472753155));
#3799=CARTESIAN_POINT('',(0.0115075679495931,-0.00573624758208114,0.0252503472753155));
#3800=CARTESIAN_POINT('',(0.0115075679495931,-0.00257169362157583,0.0252503472753155));
#3801=CARTESIAN_POINT('',(0.0115075679495931,0.00257169362157583,0.0252503472753155));
#3802=CARTESIAN_POINT('',(-0.000373255256028809,0.00257169362157583,0.0252503472753155));
#3803=CARTESIAN_POINT('',(0.00880028959363699,0.00257169362157583,0.0252503472753155));
#3804=CARTESIAN_POINT('',(0.00880028959363699,-0.00573624758208114,0.0252503472753155));
#3805=CARTESIAN_POINT('',(0.00880028959363699,-0.00257169362157583,0.0252503472753155));
#3806=CARTESIAN_POINT('',(-0.000373255256028809,-0.00257169362157583,0.0252503472753155));
#3807=CARTESIAN_POINT('',(-0.0178772586412183,-0.00581244758208114,0.0253040920943022));
#3808=CARTESIAN_POINT('',(-0.0159633383154869,-0.00581244758208114,0.0253040920943022));
#3809=CARTESIAN_POINT('',(-0.0159633383154869,-0.00336795183829963,0.0253040920943022));
#3810=CARTESIAN_POINT('',(-0.0159633383154869,0.00336795183829963,0.0253040920943022));
#3811=CARTESIAN_POINT('',(-0.0178772586412183,0.00336795183829963,0.0253040920943022));
#3812=CARTESIAN_POINT('',(-0.0198833177335464,0.00336795183829963,0.0253040920943022));
#3813=CARTESIAN_POINT('',(-0.0198833177335464,-0.00581244758208114,0.0253040920943022));
#3814=CARTESIAN_POINT('',(-0.0198833177335464,0.00790355241791886,0.0253040920943022));
#3815=CARTESIAN_POINT('',(-0.0178772586412183,0.00790355241791886,0.0253040920943022));
#3816=CARTESIAN_POINT('',(-0.0147264475031598,0.00790355241791886,0.0253040920943022));
#3817=CARTESIAN_POINT('',(-0.0147264475031598,-0.00581244758208114,0.0253040920943022));
#3818=CARTESIAN_POINT('',(-0.0147264475031598,-0.00581244758208114,0.0253040920943022));
#3819=CARTESIAN_POINT('',(-0.0178772586412183,-0.00581244758208114,0.0253040920943022));
#3820=CARTESIAN_POINT('',(-0.0210280697792769,-0.00581244758208114,0.0253040920943022));
#3821=CARTESIAN_POINT('',(-0.0210280697792769,-0.00581244758208114,0.0253040920943022));
#3822=CARTESIAN_POINT('',(-0.0210280697792769,-0.00539001356810331,0.0253040920943022));
#3823=CARTESIAN_POINT('',(-0.0178772586412183,-0.00539001356810331,0.0253040920943022));
#3824=CARTESIAN_POINT('',(-0.0198833177335464,-0.00539001356810331,0.0253040920943022));
#3825=CARTESIAN_POINT('',(-0.0198833177335464,-0.00581244758208114,0.0253040920943022));
#3826=CARTESIAN_POINT('',(-0.0198833177335464,-0.00336795183829963,0.0253040920943022));
#3827=CARTESIAN_POINT('',(-0.0178772586412183,-0.00336795183829963,0.0253040920943022));
#3828=CARTESIAN_POINT('',(-0.0198833177335464,0.00125676942490777,0.0257510971277952));
#3829=CARTESIAN_POINT('',(-0.0210517177335464,0.00125676942490777,0.0257510971277952));
#3830=CARTESIAN_POINT('',(-0.0210517177335464,0.00790355241791886,0.0257510971277952));
#3831=CARTESIAN_POINT('',(-0.0210517177335464,-0.00539001356810331,0.0257510971277952));
#3832=CARTESIAN_POINT('',(-0.0198833177335464,0.00790355241791886,0.0257510971277952));
#3833=CARTESIAN_POINT('',(-0.0198833177335464,0.00790355241791886,0.0257510971277952));
#3834=CARTESIAN_POINT('',(-0.0198833177335464,0.00125676942490777,0.0257510971277952));
#3835=CARTESIAN_POINT('',(-0.0198833177335464,0.00336795183829963,0.0257510971277952));
#3836=CARTESIAN_POINT('',(-0.0198833177335464,0.00336795183829963,0.0257510971277952));
#3837=CARTESIAN_POINT('',(-0.0199446305632591,0.00336795183829963,0.0257510971277952));
#3838=CARTESIAN_POINT('',(-0.0199446305632591,0.00125676942490777,0.0257510971277952));
#3839=CARTESIAN_POINT('',(-0.0199446305632591,-0.00336795183829963,0.0257510971277952));
#3840=CARTESIAN_POINT('',(-0.0198833177335464,-0.00336795183829963,0.0257510971277952));
#3841=CARTESIAN_POINT('',(-0.0198833177335464,-0.00336795183829963,0.0257510971277952));
#3842=CARTESIAN_POINT('',(-0.0198833177335464,0.00125676942490777,0.0257510971277952));
#3843=CARTESIAN_POINT('',(-0.0198833177335464,-0.00539001356810331,0.0257510971277952));
#3844=CARTESIAN_POINT('',(-0.0198833177335464,-0.00539001356810331,0.0257510971277952));
#3845=CARTESIAN_POINT('',(-0.0198833177335464,0.,0.0145034));
#3846=CARTESIAN_POINT('',(-0.0198833177335464,0.00336795183829963,0.0145034));
#3847=CARTESIAN_POINT('',(-0.0198833177335464,0.00790355241791886,0.026924));
#3848=CARTESIAN_POINT('',(-0.0222201177335464,-0.0066929,0.0082931));
#3849=CARTESIAN_POINT('',(-0.0222201177335464,0.00790355241791886,0.026924));
#3850=CARTESIAN_POINT('',(-0.0222201177335464,0.00790355241791886,0.026924));
#3851=CARTESIAN_POINT('',(-0.0222201177335464,0.00790355241791886,0.000351097127795217));
#3852=CARTESIAN_POINT('',(-0.0222201177335464,0.00125676942490777,0.000351097127795217));
#3853=CARTESIAN_POINT('',(-0.0222201177335464,-0.00539001356810331,0.000351097127795217));
#3854=CARTESIAN_POINT('',(-0.0222201177335464,-0.00539001356810331,0.000351097127795217));
#3855=CARTESIAN_POINT('',(-0.0222201177335464,-0.00539001356810331,0.0145034));
#3856=CARTESIAN_POINT('',(-0.0222201177335464,1.7347234759768E-18,0.0145034));
#3857=CARTESIAN_POINT('',(-0.0222201177335464,-0.00548224758208114,0.0145034));
#3858=CARTESIAN_POINT('',(-0.0222201177335464,-0.00548224758208114,0.013330744141398));
#3859=CARTESIAN_POINT('',(-0.0222201177335464,-0.00548224758208114,0.00951467175036669));
#3860=CARTESIAN_POINT('',(-0.0222201177335464,-0.00548224758208114,0.00951467175036669));
#3861=CARTESIAN_POINT('',(-0.0222201177335464,-0.00573624758208114,0.00951467175036669));
#3862=CARTESIAN_POINT('',(-0.0222201177335464,-0.00573624758208114,0.013462));
#3863=CARTESIAN_POINT('',(-0.0222201177335464,-0.00573624758208114,0.00574820209294558));
#3864=CARTESIAN_POINT('',(-0.0222201177335464,-0.00548224758208114,0.00574820209294558));
#3865=CARTESIAN_POINT('',(-0.0222201177335464,-0.00548224758208114,0.00574820209294558));
#3866=CARTESIAN_POINT('',(-0.0222201177335464,-0.00548224758208114,0.0136665736376577));
#3867=CARTESIAN_POINT('',(-0.0222201177335464,-0.00548224758208114,0.0020828));
#3868=CARTESIAN_POINT('',(-0.0222201177335464,0.,0.0020828));
#3869=CARTESIAN_POINT('',(-0.0222201177335464,-0.00790355241791886,0.0020828));
#3870=CARTESIAN_POINT('',(-0.0222201177335464,-0.00790355241791886,0.026924));
#3871=CARTESIAN_POINT('',(-0.0222201177335464,-0.00790355241791886,0.026924));
#3872=CARTESIAN_POINT('',(-0.0222201177335464,0.,0.026924));
#3873=CARTESIAN_POINT('',(0.,0.00790355241791886,0.026924));
#3874=CARTESIAN_POINT('',(-0.0210517177335464,0.00790355241791886,0.000351097127795217));
#3875=CARTESIAN_POINT('',(-0.0210517177335464,0.00790355241791886,0.000351097127795217));
#3876=CARTESIAN_POINT('',(-0.0198833177335464,0.00790355241791886,0.000351097127795217));
#3877=CARTESIAN_POINT('',(0.,0.00790355241791886,0.026924));
#3878=CARTESIAN_POINT('',(0.0153621177335464,0.00790355241791886,0.026924));
#3879=CARTESIAN_POINT('',(0.0153621177335464,0.00790355241791886,0.026924));
#3880=CARTESIAN_POINT('',(0.0153621177335464,0.00790355241791886,0.0020828));
#3881=CARTESIAN_POINT('',(0.,0.00790355241791886,0.0020828));
#3882=CARTESIAN_POINT('',(0.0139799369911021,0.00790355241791886,0.0020828));
#3883=CARTESIAN_POINT('',(0.0139799369911021,0.00790355241791886,0.013330744141398));
#3884=CARTESIAN_POINT('',(-0.0147264475031598,0.00790355241791886,0.0199037460471511));
#3885=CARTESIAN_POINT('',(0.,-0.00573624758208114,0.013462));
#3886=CARTESIAN_POINT('',(0.00607699202373624,-0.00573624758208114,0.0138978180475533));
#3887=CARTESIAN_POINT('',(0.00607699202373624,-0.00573624758208114,0.0145034));
#3888=CARTESIAN_POINT('',(0.00607699202373624,-0.00573624758208114,0.0182809643447399));
#3889=CARTESIAN_POINT('',(0.,-0.00573624758208114,0.0145034));
#3890=CARTESIAN_POINT('',(-0.00518246740102768,-0.00573624758208114,0.0145034));
#3891=CARTESIAN_POINT('',(-0.00518246740102768,-0.00573624758208114,0.0138978180475533));
#3892=CARTESIAN_POINT('',(-0.00518246740102768,-0.00573624758208114,0.0182809643447399));
#3893=CARTESIAN_POINT('',(-0.00779627030715346,-0.00573624758208114,0.0182809643447399));
#3894=CARTESIAN_POINT('',(-0.0104100732132792,-0.00573624758208114,0.0182809643447399));
#3895=CARTESIAN_POINT('',(-0.0104100732132792,-0.00573624758208114,0.0138978180475533));
#3896=CARTESIAN_POINT('',(-0.0104100732132792,-0.00573624758208114,0.0145034));
#3897=CARTESIAN_POINT('',(0.,-0.00573624758208114,0.0145034));
#3898=CARTESIAN_POINT('',(-0.0147264475031598,-0.00573624758208114,0.0145034));
#3899=CARTESIAN_POINT('',(-0.0147264475031598,-0.00573624758208114,0.013330744141398));
#3900=CARTESIAN_POINT('',(0.0139799369911021,-0.00573624758208114,0.013330744141398));
#3901=CARTESIAN_POINT('',(0.0139799369911021,-0.00573624758208114,0.0161213358719889));
#3902=CARTESIAN_POINT('',(0.0153621177335464,-0.00573624758208114,0.0161213358719889));
#3903=CARTESIAN_POINT('',(0.0153621177335464,-0.00573624758208114,0.0161213358719889));
#3904=CARTESIAN_POINT('',(0.0153621177335464,-0.00573624758208114,0.013462));
#3905=CARTESIAN_POINT('',(0.0153621177335464,-0.00573624758208114,0.0095577298787009));
#3906=CARTESIAN_POINT('',(0.0153621177335464,-0.00573624758208114,0.0095577298787009));
#3907=CARTESIAN_POINT('',(0.0139799369911021,-0.00573624758208114,0.0095577298787009));
#3908=CARTESIAN_POINT('',(0.0139799369911021,-0.00573624758208114,0.013330744141398));
#3909=CARTESIAN_POINT('',(0.0139799369911021,-0.00573624758208114,0.0020828));
#3910=CARTESIAN_POINT('',(0.,-0.00573624758208114,0.0020828));
#3911=CARTESIAN_POINT('',(0.0111142517998815,-0.00573624758208114,0.0020828));
#3912=CARTESIAN_POINT('',(0.0111142517998815,-0.00573624758208114,0.00391550104647279));
#3913=CARTESIAN_POINT('',(0.0111142517998815,-0.00573624758208114,0.00574820209294558));
#3914=CARTESIAN_POINT('',(0.00872782873921096,-0.00573624758208114,0.00574820209294558));
#3915=CARTESIAN_POINT('',(0.00852994550950825,-0.00573624758208114,0.00951467175036669));
#3916=CARTESIAN_POINT('',(0.0109828989952803,-0.00573624758208114,0.00951467175036669));
#3917=CARTESIAN_POINT('',(0.0109828989952803,-0.00573624758208114,0.0138978180475533));
#3918=CARTESIAN_POINT('',(0.0109828989952803,-0.00573624758208114,0.0182809643447399));
#3919=CARTESIAN_POINT('',(0.00852994550950825,-0.00573624758208114,0.0182809643447399));
#3920=CARTESIAN_POINT('',(-0.00518246740102768,-0.00548224758208114,0.0138978180475533));
#3921=CARTESIAN_POINT('',(-0.00518246740102768,-0.00548224758208114,0.0145034));
#3922=CARTESIAN_POINT('',(-0.00518246740102768,-0.00548224758208114,0.0145034));
#3923=CARTESIAN_POINT('',(-0.00518246740102768,-0.00548224758208114,0.0138978180475533));
#3924=CARTESIAN_POINT('',(-0.00518246740102768,-0.00548224758208114,0.0182809643447399));
#3925=CARTESIAN_POINT('',(-0.00518246740102768,-0.00548224758208114,0.0182809643447399));
#3926=CARTESIAN_POINT('',(-0.0104100732132792,-0.00548224758208114,0.0138978180475533));
#3927=CARTESIAN_POINT('',(-0.0104100732132792,-0.00548224758208114,0.0138978180475533));
#3928=CARTESIAN_POINT('',(-0.0104100732132792,-0.00548224758208114,0.0182809643447399));
#3929=CARTESIAN_POINT('',(-0.0104100732132792,-0.00548224758208114,0.0145034));
#3930=CARTESIAN_POINT('',(-0.0104100732132792,-0.00548224758208114,0.0145034));
#3931=CARTESIAN_POINT('',(-0.0104100732132792,-0.00548224758208114,0.0182809643447399));
#3932=CARTESIAN_POINT('',(0.00852994550950825,-0.00548224758208114,0.00951467175036669));
#3933=CARTESIAN_POINT('',(0.00852994550950825,-0.00548224758208114,0.00951467175036669));
#3934=CARTESIAN_POINT('',(0.0109828989952803,-0.00548224758208114,0.00951467175036669));
#3935=CARTESIAN_POINT('',(0.0109828989952803,-0.00548224758208114,0.00951467175036669));
#3936=CARTESIAN_POINT('',(0.00607699202373624,-0.00548224758208114,0.0138978180475533));
#3937=CARTESIAN_POINT('',(0.00607699202373624,-0.00548224758208114,0.0145034));
#3938=CARTESIAN_POINT('',(0.00607699202373624,-0.00548224758208114,0.0145034));
#3939=CARTESIAN_POINT('',(0.00607699202373624,-0.00548224758208114,0.0182809643447399));
#3940=CARTESIAN_POINT('',(0.00607699202373624,-0.00548224758208114,0.0182809643447399));
#3941=CARTESIAN_POINT('',(0.00607699202373624,-0.00548224758208114,0.0138978180475533));
#3942=CARTESIAN_POINT('',(0.000317835115193308,-0.00548224758208114,0.013330744141398));
#3943=CARTESIAN_POINT('',(-0.0222201177335464,-0.00548224758208114,0.0145034));
#3944=CARTESIAN_POINT('',(-0.0210280697792769,-0.00548224758208114,0.0145034));
#3945=CARTESIAN_POINT('',(-0.0222201177335464,-0.00548224758208114,0.0145034));
#3946=CARTESIAN_POINT('',(-0.00779627030715346,-0.00548224758208114,0.0182809643447399));
#3947=CARTESIAN_POINT('',(-0.0222201177335464,-0.00548224758208114,0.0145034));
#3948=CARTESIAN_POINT('',(0.00852994550950825,-0.00548224758208114,0.0182809643447399));
#3949=CARTESIAN_POINT('',(0.0109828989952803,-0.00548224758208114,0.0182809643447399));
#3950=CARTESIAN_POINT('',(0.0109828989952803,-0.00548224758208114,0.0138978180475533));
#3951=CARTESIAN_POINT('',(0.00872782873921096,-0.00548224758208114,0.00574820209294558));
#3952=CARTESIAN_POINT('',(0.00872782873921096,-0.00548224758208114,0.00574820209294558));
#3953=CARTESIAN_POINT('',(0.0111142517998815,-0.00548224758208114,0.00574820209294558));
#3954=CARTESIAN_POINT('',(0.0111142517998815,-0.00548224758208114,0.00574820209294558));
#3955=CARTESIAN_POINT('',(0.000317835115193308,-0.00548224758208114,0.0136665736376577));
#3956=CARTESIAN_POINT('',(0.,-0.00548224758208114,0.0020828));
#3957=CARTESIAN_POINT('',(0.0111142517998815,-0.00548224758208114,0.0020828));
#3958=CARTESIAN_POINT('',(0.0111142517998815,-0.00548224758208114,0.00391550104647279));
#3959=CARTESIAN_POINT('',(0.0139799369911021,-0.00573624758208114,0.013330744141398));
#3960=CARTESIAN_POINT('',(0.0139799369911021,-0.00573624758208114,0.0020828));
#3961=CARTESIAN_POINT('',(0.0139799369911021,-0.00573624758208114,0.0095577298787009));
#3962=CARTESIAN_POINT('',(0.0139799369911021,-0.00093747513420632,0.0095577298787009));
#3963=CARTESIAN_POINT('',(0.0139799369911021,-0.00093747513420632,0.013330744141398));
#3964=CARTESIAN_POINT('',(0.0139799369911021,-0.00093747513420632,0.0161213358719889));
#3965=CARTESIAN_POINT('',(0.0139799369911021,-0.00573624758208114,0.0161213358719889));
#3966=CARTESIAN_POINT('',(0.0214581177335464,-0.00389117942628111,0.0095577298787009));
#3967=CARTESIAN_POINT('',(0.0212041177335464,-0.00389117942628111,0.0095577298787009));
#3968=CARTESIAN_POINT('',(0.0212041177335464,-0.00093747513420632,0.0095577298787009));
#3969=CARTESIAN_POINT('',(0.0212041177335464,-0.00684488371835591,0.0095577298787009));
#3970=CARTESIAN_POINT('',(0.0214581177335464,-0.00093747513420632,0.0095577298787009));
#3971=CARTESIAN_POINT('',(0.0153621177335464,-0.00389117942628111,0.0095577298787009));
#3972=CARTESIAN_POINT('',(0.0153621177335464,-0.00684488371835591,0.0095577298787009));
#3973=CARTESIAN_POINT('',(0.0214581177335464,-0.00684488371835591,0.0095577298787009));
#3974=CARTESIAN_POINT('',(0.0214581177335464,-0.00389117942628111,0.0161213358719889));
#3975=CARTESIAN_POINT('',(0.0214581177335464,-0.00093747513420632,0.0161213358719889));
#3976=CARTESIAN_POINT('',(0.0212041177335464,-0.00093747513420632,0.0161213358719889));
#3977=CARTESIAN_POINT('',(0.0212041177335464,-0.00389117942628111,0.0161213358719889));
#3978=CARTESIAN_POINT('',(0.0212041177335464,-0.00684488371835591,0.0161213358719889));
#3979=CARTESIAN_POINT('',(0.0214581177335464,-0.00684488371835591,0.0161213358719889));
#3980=CARTESIAN_POINT('',(0.0153621177335464,-0.00684488371835591,0.0161213358719889));
#3981=CARTESIAN_POINT('',(0.0153621177335464,-0.00389117942628111,0.0161213358719889));
#3982=CARTESIAN_POINT('',(0.0214581177335464,-0.00093747513420632,0.0128395328753449));
#3983=CARTESIAN_POINT('',(0.0212041177335464,-0.00093747513420632,0.0128395328753449));
#3984=CARTESIAN_POINT('',(0.0214581177335464,-0.00684488371835591,0.0128395328753449));
#3985=CARTESIAN_POINT('',(0.0212041177335464,-0.00684488371835591,0.0128395328753449));
#3986=CARTESIAN_POINT('',(0.0153621177335464,-0.00684488371835591,0.0128395328753449));
#3987=CARTESIAN_POINT('',(0.0153621177335464,0.,0.026924));
#3988=CARTESIAN_POINT('',(0.0153621177335464,0.,0.0020828));
#3989=CARTESIAN_POINT('',(0.0153621177335464,-0.00790355241791886,0.0020828));
#3990=CARTESIAN_POINT('',(0.0153621177335464,0.,0.026924));
#3991=CARTESIAN_POINT('',(0.0153621177335464,-0.00790355241791886,0.026924));
#3992=CARTESIAN_POINT('',(0.0153621177335464,-0.00790355241791886,0.026924));
#3993=CARTESIAN_POINT('',(0.0153621177335464,-0.00790355241791886,0.0165322237305815));
#3994=CARTESIAN_POINT('',(0.0153621177335464,-0.00395177620895943,0.0165322237305815));
#3995=CARTESIAN_POINT('',(0.0153621177335464,0.,0.0165322237305815));
#3996=CARTESIAN_POINT('',(0.0153621177335464,0.,0.0128395328753449));
#3997=CARTESIAN_POINT('',(0.0153621177335464,0.,0.00914684202010836));
#3998=CARTESIAN_POINT('',(0.0153621177335464,-0.00395177620895943,0.00914684202010836));
#3999=CARTESIAN_POINT('',(0.0153621177335464,-0.00790355241791886,0.00914684202010836));
#4000=CARTESIAN_POINT('',(0.0153621177335464,-0.00790355241791886,0.026924));
#4001=CARTESIAN_POINT('',(0.,-0.00790355241791886,0.026924));
#4002=CARTESIAN_POINT('',(0.,-0.00790355241791886,0.026924));
#4003=CARTESIAN_POINT('',(0.,-0.00790355241791886,0.0020828));
#4004=CARTESIAN_POINT('',(0.0214581177335464,-0.00790355241791886,0.00914684202010836));
#4005=CARTESIAN_POINT('',(0.0214581177335464,-0.00790355241791886,0.00914684202010836));
#4006=CARTESIAN_POINT('',(0.0214581177335464,-0.00790355241791886,0.026924));
#4007=CARTESIAN_POINT('',(0.0214581177335464,-0.00790355241791886,0.0419322237305814));
#4008=CARTESIAN_POINT('',(0.0214581177335464,-0.00790355241791886,0.0419322237305814));
#4009=CARTESIAN_POINT('',(0.0184101177335464,-0.00790355241791886,0.0419322237305814));
#4010=CARTESIAN_POINT('',(0.0184101177335464,-0.00790355241791886,0.0419322237305814));
#4011=CARTESIAN_POINT('',(0.0184101177335464,-0.00790355241791886,0.0165322237305815));
#4012=CARTESIAN_POINT('',(0.0214581177335464,-0.00790355241791886,0.0165322237305815));
#4013=CARTESIAN_POINT('',(0.,0.,0.026924));
#4014=CARTESIAN_POINT('',(0.0102031342685223,0.00360460462979972,0.026924));
#4015=CARTESIAN_POINT('',(0.00792796816676855,0.00360460462979972,0.026924));
#4016=CARTESIAN_POINT('',(0.012478300370276,0.00360460462979972,0.026924));
#4017=CARTESIAN_POINT('',(0.012478300370276,0.,0.026924));
#4018=CARTESIAN_POINT('',(0.012478300370276,-0.00360460462979972,0.026924));
#4019=CARTESIAN_POINT('',(0.0102031342685223,-0.00360460462979972,0.026924));
#4020=CARTESIAN_POINT('',(0.00792796816676855,-0.00360460462979972,0.026924));
#4021=CARTESIAN_POINT('',(0.00792796816676855,0.,0.026924));
#4022=CARTESIAN_POINT('',(0.00612328248098493,0.,0.026924));
#4023=CARTESIAN_POINT('',(0.00612328248098493,0.00379420164972543,0.026924));
#4024=CARTESIAN_POINT('',(0.00612328248098493,-0.00379420164972543,0.026924));
#4025=CARTESIAN_POINT('',(-0.000939494412938491,-0.00379420164972543,0.026924));
#4026=CARTESIAN_POINT('',(-0.00187898882587698,-0.00379420164972543,0.026924));
#4027=CARTESIAN_POINT('',(-0.00187898882587698,0.,0.026924));
#4028=CARTESIAN_POINT('',(-0.00187898882587698,0.00379420164972543,0.026924));
#4029=CARTESIAN_POINT('',(0.00306164124049246,0.00379420164972543,0.026924));
#4030=CARTESIAN_POINT('',(-0.00818778946995735,0.00404699798673391,0.026924));
#4031=CARTESIAN_POINT('',(-0.0125485248863697,0.00404699798673391,0.026924));
#4032=CARTESIAN_POINT('',(-0.003827054053545,0.00404699798673391,0.026924));
#4033=CARTESIAN_POINT('',(-0.003827054053545,0.,0.026924));
#4034=CARTESIAN_POINT('',(-0.003827054053545,-0.00404699798673391,0.026924));
#4035=CARTESIAN_POINT('',(-0.00818778946995735,-0.00404699798673391,0.026924));
#4036=CARTESIAN_POINT('',(-0.0125485248863697,-0.00404699798673391,0.026924));
#4037=CARTESIAN_POINT('',(-0.0125485248863697,0.,0.026924));
#4038=CARTESIAN_POINT('',(-0.0177308470010758,0.0042997938580811,0.026924));
#4039=CARTESIAN_POINT('',(-0.0208276007324457,0.0042997938580811,0.026924));
#4040=CARTESIAN_POINT('',(-0.0146340932697058,0.0042997938580811,0.026924));
#4041=CARTESIAN_POINT('',(-0.0146340932697058,0.,0.026924));
#4042=CARTESIAN_POINT('',(-0.0146340932697058,-0.0042997938580811,0.026924));
#4043=CARTESIAN_POINT('',(-0.0177308470010758,-0.0042997938580811,0.026924));
#4044=CARTESIAN_POINT('',(-0.0208276007324457,-0.0042997938580811,0.026924));
#4045=CARTESIAN_POINT('',(-0.0208276007324457,0.,0.026924));
#4046=CARTESIAN_POINT('',(0.0214581177335464,-0.00395177620895943,0.00914684202010836));
#4047=CARTESIAN_POINT('',(0.0214581177335464,0.,0.00914684202010836));
#4048=CARTESIAN_POINT('',(0.0214581177335464,0.,0.00914684202010836));
#4049=CARTESIAN_POINT('',(0.0214581177335464,-0.00395177620895943,0.00914684202010836));
#4050=CARTESIAN_POINT('',(0.0214581177335464,0.,0.0128395328753449));
#4051=CARTESIAN_POINT('',(0.0214581177335464,0.,0.0165322237305815));
#4052=CARTESIAN_POINT('',(0.0184101177335464,0.,0.0165322237305815));
#4053=CARTESIAN_POINT('',(0.0184101177335464,0.,0.0419322237305814));
#4054=CARTESIAN_POINT('',(0.0184101177335464,0.,0.0419322237305814));
#4055=CARTESIAN_POINT('',(0.0214581177335464,0.,0.0419322237305814));
#4056=CARTESIAN_POINT('',(0.0214581177335464,0.,0.0419322237305814));
#4057=CARTESIAN_POINT('',(0.0214581177335464,0.,0.0128395328753449));
#4058=CARTESIAN_POINT('',(0.0214581177335464,-0.00395177620895943,0.0165322237305815));
#4059=CARTESIAN_POINT('',(0.0184101177335464,-0.00395177620895943,0.0165322237305815));
#4060=CARTESIAN_POINT('',(0.0214581177335464,0.,0.013462));
#4061=CARTESIAN_POINT('',(0.0214581177335464,-0.00395177620895943,0.0419322237305814));
#4062=CARTESIAN_POINT('',(0.0184101177335464,-0.00395177620895943,0.0419322237305814));
#4063=CARTESIAN_POINT('',(0.0184101177335464,-0.00395177620895943,0.0419322237305814));
#4064=CARTESIAN_POINT('',(0.0184101177335464,-0.00395177620895943,0.0419322237305814));
#4065=CARTESIAN_POINT('',(0.0153621177335464,0.,0.013462));
#4066=CARTESIAN_POINT('',(0.0212041177335464,-0.00395177620895943,0.0255395328753449));
#4067=CARTESIAN_POINT('',(0.0212041177335464,-0.00220441864803434,0.0126732718199491));
#4068=CARTESIAN_POINT('',(0.0212041177335464,-0.00220441864803434,0.0136012528091669));
#4069=CARTESIAN_POINT('',(0.0212041177335464,-0.00303207733668387,0.0136012528091669));
#4070=CARTESIAN_POINT('',(0.0212041177335464,-0.0038597360253334,0.0136012528091669));
#4071=CARTESIAN_POINT('',(0.0212041177335464,-0.0038597360253334,0.0126732718199491));
#4072=CARTESIAN_POINT('',(-0.00779627030715346,-0.00548224758208114,0.0182809643447399));
#4073=CARTESIAN_POINT('',(0.00852994550950825,-0.00548224758208114,0.0182809643447399));
#4074=CARTESIAN_POINT('',(0.0109828989952803,-0.00548224758208114,0.0182809643447399));
#4075=CARTESIAN_POINT('',(0.0109828989952803,-0.00548224758208114,0.0138978180475533));
#4076=CARTESIAN_POINT('',(0.,0.,0.0020828));
#4077=CARTESIAN_POINT('',(0.0111142517998815,-0.00548224758208114,0.0020828));
#4078=CARTESIAN_POINT('',(0.0111142517998815,-0.00548224758208114,0.00391550104647279));
#4079=CARTESIAN_POINT('',(0.0100378822664536,1.7347234759768E-18,0.0145034));
#4080=CARTESIAN_POINT('',(-0.0198833177335464,-0.00539001356810331,0.0145034));
#4081=CARTESIAN_POINT('',(-0.0210280697792769,-0.00539001356810331,0.0145034));
#4082=CARTESIAN_POINT('',(-0.0210517177335464,-0.00539001356810331,0.0145034));
#4083=CARTESIAN_POINT('',(-0.0210280697792769,-0.00581244758208114,0.0145034));
#4084=CARTESIAN_POINT('',(-0.0198833177335464,-0.00539001356810331,0.0145034));
#4085=CARTESIAN_POINT('',(-0.0222201177335464,1.7347234759768E-18,0.0145034));
#4086=CARTESIAN_POINT('',(-0.0210280697792769,-0.00581244758208114,0.0145034));
#4087=CARTESIAN_POINT('',(-0.0210280697792769,-0.00581244758208114,0.0145034));
#4088=CARTESIAN_POINT('',(0.0100378822664536,-0.00581244758208114,0.0145034));
#4089=CARTESIAN_POINT('',(-0.0147264475031598,-0.00581244758208114,0.0145034));
#4090=CARTESIAN_POINT('',(-0.0147264475031598,-0.00581244758208114,0.0145034));
#4091=CARTESIAN_POINT('',(-0.0222201177335464,1.7347234759768E-18,0.0145034));
#4092=CARTESIAN_POINT('',(-0.0147264475031598,-0.00581244758208114,0.0199037460471511));
#4093=CARTESIAN_POINT('',(-0.0147264475031598,-0.00581244758208114,0.0199037460471511));
#4094=CARTESIAN_POINT('',(-0.0210280697792769,-0.00581244758208114,0.0199037460471511));
#4095=CARTESIAN_POINT('',(-0.0210280697792769,-0.00539001356810331,0.0199037460471511));
#4096=CARTESIAN_POINT('',(-0.0210280697792769,-0.00581244758208114,0.0199037460471511));
#4097=CARTESIAN_POINT('',(-0.003429,-0.00581244758208114,0.0145034));
#4098=CARTESIAN_POINT('',(-0.0198833177335464,-0.00539001356810331,0.0201272485638976));
#4099=CARTESIAN_POINT('',(-0.0210517177335464,-0.00539001356810331,0.000351097127795217));
#4100=CARTESIAN_POINT('',(-0.0198833177335464,-0.00539001356810331,0.0201272485638976));
#4101=CARTESIAN_POINT('',(-0.0198833177335464,0.,0.0145034));
#4102=CARTESIAN_POINT('',(-0.0198833177335464,-0.00336795183829963,0.0145034));
#4103=CARTESIAN_POINT('',(-0.0177308470010758,0.0042997938580811,0.052324));
#4104=CARTESIAN_POINT('',(-0.0208276007324457,0.0042997938580811,0.052324));
#4105=CARTESIAN_POINT('',(-0.0208276007324457,0.0042997938580811,0.052578));
#4106=CARTESIAN_POINT('',(-0.0180112291127443,0.0042997938580811,0.052578));
#4107=CARTESIAN_POINT('',(-0.0151948574930429,0.0042997938580811,0.052578));
#4108=CARTESIAN_POINT('',(-0.0151948574930429,0.0042997938580811,0.052578));
#4109=CARTESIAN_POINT('',(-0.0146340932697058,0.0042997938580811,0.052324));
#4110=CARTESIAN_POINT('',(-0.0208276007324457,0.,0.052324));
#4111=CARTESIAN_POINT('',(-0.0208276007324457,-0.0042997938580811,0.052324));
#4112=CARTESIAN_POINT('',(-0.0208276007324457,-0.0042997938580811,0.052578));
#4113=CARTESIAN_POINT('',(-0.0208276007324457,0.,0.052578));
#4114=CARTESIAN_POINT('',(-0.0177308470010758,-0.0042997938580811,0.052324));
#4115=CARTESIAN_POINT('',(-0.0146340932697058,-0.0042997938580811,0.052324));
#4116=CARTESIAN_POINT('',(-0.0151948574930429,-0.0042997938580811,0.052578));
#4117=CARTESIAN_POINT('',(-0.0151948574930429,-0.0042997938580811,0.052578));
#4118=CARTESIAN_POINT('',(-0.0180112291127443,-0.0042997938580811,0.052578));
#4119=CARTESIAN_POINT('',(-0.0146340932697058,0.,0.052324));
#4120=CARTESIAN_POINT('',(-0.00818778946995735,0.00404699798673391,0.052324));
#4121=CARTESIAN_POINT('',(-0.0125485248863697,0.00404699798673391,0.052324));
#4122=CARTESIAN_POINT('',(-0.0125485248863697,0.00404699798673391,0.052578));
#4123=CARTESIAN_POINT('',(-0.00825706776231527,0.00404699798673391,0.052578));
#4124=CARTESIAN_POINT('',(-0.00396561063826084,0.00404699798673391,0.052578));
#4125=CARTESIAN_POINT('',(-0.00396561063826084,0.00404699798673391,0.052578));
#4126=CARTESIAN_POINT('',(-0.003827054053545,0.00404699798673391,0.052324));
#4127=CARTESIAN_POINT('',(-0.0125485248863697,0.,0.052324));
#4128=CARTESIAN_POINT('',(-0.0125485248863697,-0.00404699798673391,0.052324));
#4129=CARTESIAN_POINT('',(-0.0125485248863697,-0.00404699798673391,0.052578));
#4130=CARTESIAN_POINT('',(-0.0125485248863697,0.,0.052578));
#4131=CARTESIAN_POINT('',(-0.00818778946995735,-0.00404699798673391,0.052324));
#4132=CARTESIAN_POINT('',(-0.003827054053545,-0.00404699798673391,0.052324));
#4133=CARTESIAN_POINT('',(-0.00396561063826084,-0.00404699798673391,0.052578));
#4134=CARTESIAN_POINT('',(-0.00396561063826084,-0.00404699798673391,0.052578));
#4135=CARTESIAN_POINT('',(-0.00825706776231527,-0.00404699798673391,0.052578));
#4136=CARTESIAN_POINT('',(-0.003827054053545,0.,0.052324));
#4137=CARTESIAN_POINT('',(0.00612328248098493,0.,0.052324));
#4138=CARTESIAN_POINT('',(0.00612328248098493,0.00379420164972543,0.052324));
#4139=CARTESIAN_POINT('',(0.00612328248098493,0.00379420164972543,0.052324));
#4140=CARTESIAN_POINT('',(0.00612328248098493,0.,0.052324));
#4141=CARTESIAN_POINT('',(0.00612328248098493,-0.00379420164972543,0.052324));
#4142=CARTESIAN_POINT('',(0.00612328248098493,-0.00379420164972543,0.052324));
#4143=CARTESIAN_POINT('',(0.00306164124049246,0.00379420164972543,0.052324));
#4144=CARTESIAN_POINT('',(-0.00187898882587698,0.00379420164972543,0.052324));
#4145=CARTESIAN_POINT('',(-0.00187898882587698,0.00379420164972543,0.052578));
#4146=CARTESIAN_POINT('',(0.00217391457408667,0.00379420164972543,0.052578));
#4147=CARTESIAN_POINT('',(0.00622681797405031,0.00379420164972543,0.052578));
#4148=CARTESIAN_POINT('',(0.00622681797405031,0.00379420164972543,0.052578));
#4149=CARTESIAN_POINT('',(0.00622681797405031,0.00379420164972543,0.052324));
#4150=CARTESIAN_POINT('',(0.00217391457408667,0.00379420164972543,0.052324));
#4151=CARTESIAN_POINT('',(-0.00187898882587698,0.,0.052324));
#4152=CARTESIAN_POINT('',(-0.00187898882587698,-0.00379420164972543,0.052324));
#4153=CARTESIAN_POINT('',(-0.00187898882587698,-0.00379420164972543,0.052578));
#4154=CARTESIAN_POINT('',(-0.00187898882587698,0.,0.052578));
#4155=CARTESIAN_POINT('',(-0.000939494412938491,-0.00379420164972543,0.052324));
#4156=CARTESIAN_POINT('',(0.00217391457408667,-0.00379420164972543,0.052324));
#4157=CARTESIAN_POINT('',(0.00622681797405031,-0.00379420164972543,0.052324));
#4158=CARTESIAN_POINT('',(0.00622681797405031,-0.00379420164972543,0.052578));
#4159=CARTESIAN_POINT('',(0.00622681797405031,-0.00379420164972543,0.052578));
#4160=CARTESIAN_POINT('',(0.00217391457408667,-0.00379420164972543,0.052578));
#4161=CARTESIAN_POINT('',(0.0102031342685223,0.00360460462979972,0.052324));
#4162=CARTESIAN_POINT('',(0.00792796816676855,0.00360460462979972,0.052324));
#4163=CARTESIAN_POINT('',(0.00792796816676855,0.00360460462979972,0.052578));
#4164=CARTESIAN_POINT('',(0.0102031342685223,0.00360460462979972,0.052578));
#4165=CARTESIAN_POINT('',(0.0124246487393975,0.00360460462979972,0.052578));
#4166=CARTESIAN_POINT('',(0.0124246487393975,0.00360460462979972,0.052578));
#4167=CARTESIAN_POINT('',(0.012478300370276,0.00360460462979972,0.052324));
#4168=CARTESIAN_POINT('',(0.00792796816676855,0.,0.052324));
#4169=CARTESIAN_POINT('',(0.00792796816676855,-0.00360460462979972,0.052324));
#4170=CARTESIAN_POINT('',(0.00792796816676855,-0.00360460462979972,0.052578));
#4171=CARTESIAN_POINT('',(0.00792796816676855,0.,0.052578));
#4172=CARTESIAN_POINT('',(0.0102031342685223,-0.00360460462979972,0.052324));
#4173=CARTESIAN_POINT('',(0.012478300370276,-0.00360460462979972,0.052324));
#4174=CARTESIAN_POINT('',(0.0124246487393975,-0.00360460462979972,0.052578));
#4175=CARTESIAN_POINT('',(0.0124246487393975,-0.00360460462979972,0.052578));
#4176=CARTESIAN_POINT('',(0.0102031342685223,-0.00360460462979972,0.052578));
#4177=CARTESIAN_POINT('',(0.012478300370276,0.,0.052324));
#4178=CARTESIAN_POINT('',(0.010153928771615,0.00257169362157583,0.0071882));
#4179=CARTESIAN_POINT('',(0.0115075679495931,0.00257169362157583,0.0071882));
#4180=CARTESIAN_POINT('',(0.0115075679495931,0.00257169362157583,0.052324));
#4181=CARTESIAN_POINT('',(0.010153928771615,0.00257169362157583,0.052324));
#4182=CARTESIAN_POINT('',(0.00880028959363699,0.00257169362157583,0.052324));
#4183=CARTESIAN_POINT('',(0.00880028959363699,0.00257169362157583,0.0071882));
#4184=CARTESIAN_POINT('',(0.00880028959363699,0.,0.0071882));
#4185=CARTESIAN_POINT('',(0.00880028959363699,0.,0.052324));
#4186=CARTESIAN_POINT('',(0.00880028959363699,-0.00257169362157583,0.052324));
#4187=CARTESIAN_POINT('',(0.00880028959363699,-0.00257169362157583,0.0071882));
#4188=CARTESIAN_POINT('',(0.010153928771615,-0.00257169362157583,0.0071882));
#4189=CARTESIAN_POINT('',(0.010153928771615,-0.00257169362157583,0.052324));
#4190=CARTESIAN_POINT('',(0.0115075679495931,-0.00257169362157583,0.052324));
#4191=CARTESIAN_POINT('',(0.0115075679495931,-0.00257169362157583,0.0071882));
#4192=CARTESIAN_POINT('',(0.0115075679495931,0.,0.0071882));
#4193=CARTESIAN_POINT('',(0.0115075679495931,0.,0.052324));
#4194=CARTESIAN_POINT('',(0.00211172131821513,0.0030494483653456,0.0071882));
#4195=CARTESIAN_POINT('',(0.00513750244863331,0.0030494483653456,0.0071882));
#4196=CARTESIAN_POINT('',(0.00513750244863331,0.0030494483653456,0.052324));
#4197=CARTESIAN_POINT('',(0.00211172131821513,0.0030494483653456,0.052324));
#4198=CARTESIAN_POINT('',(-0.00091405981220305,0.0030494483653456,0.052324));
#4199=CARTESIAN_POINT('',(-0.00091405981220305,0.0030494483653456,0.0071882));
#4200=CARTESIAN_POINT('',(-0.00091405981220305,0.,0.0071882));
#4201=CARTESIAN_POINT('',(-0.00091405981220305,0.,0.052324));
#4202=CARTESIAN_POINT('',(-0.00091405981220305,-0.0030494483653456,0.052324));
#4203=CARTESIAN_POINT('',(-0.00091405981220305,-0.0030494483653456,0.0071882));
#4204=CARTESIAN_POINT('',(0.00211172131821513,-0.0030494483653456,0.0071882));
#4205=CARTESIAN_POINT('',(0.00211172131821513,-0.0030494483653456,0.052324));
#4206=CARTESIAN_POINT('',(0.00513750244863331,-0.0030494483653456,0.052324));
#4207=CARTESIAN_POINT('',(0.00513750244863331,-0.0030494483653456,0.0071882));
#4208=CARTESIAN_POINT('',(0.00513750244863331,0.,0.0071882));
#4209=CARTESIAN_POINT('',(0.00513750244863331,0.,0.052324));
#4210=CARTESIAN_POINT('',(-0.00816000904887915,0.00312907434999943,0.0071882));
#4211=CARTESIAN_POINT('',(-0.0045768478885293,0.00312907434999943,0.0071882));
#4212=CARTESIAN_POINT('',(-0.0045768478885293,0.00312907434999943,0.052324));
#4213=CARTESIAN_POINT('',(-0.00816000904887915,0.00312907434999943,0.052324));
#4214=CARTESIAN_POINT('',(-0.011743170209229,0.00312907434999943,0.052324));
#4215=CARTESIAN_POINT('',(-0.011743170209229,0.00312907434999943,0.0071882));
#4216=CARTESIAN_POINT('',(-0.011743170209229,0.,0.0071882));
#4217=CARTESIAN_POINT('',(-0.011743170209229,0.,0.052324));
#4218=CARTESIAN_POINT('',(-0.011743170209229,-0.00312907434999943,0.052324));
#4219=CARTESIAN_POINT('',(-0.011743170209229,-0.00312907434999943,0.0071882));
#4220=CARTESIAN_POINT('',(-0.00816000904887915,-0.00312907434999943,0.0071882));
#4221=CARTESIAN_POINT('',(-0.00816000904887915,-0.00312907434999943,0.052324));
#4222=CARTESIAN_POINT('',(-0.0045768478885293,-0.00312907434999943,0.052324));
#4223=CARTESIAN_POINT('',(-0.0045768478885293,-0.00312907434999943,0.0071882));
#4224=CARTESIAN_POINT('',(-0.0045768478885293,0.,0.0071882));
#4225=CARTESIAN_POINT('',(-0.0045768478885293,0.,0.052324));
#4226=CARTESIAN_POINT('',(-0.017953984439373,0.00336795183829963,0.0071882));
#4227=CARTESIAN_POINT('',(-0.0159633383154869,0.00336795183829963,0.0071882));
#4228=CARTESIAN_POINT('',(-0.0159633383154869,0.00336795183829963,0.052324));
#4229=CARTESIAN_POINT('',(-0.017953984439373,0.00336795183829963,0.052324));
#4230=CARTESIAN_POINT('',(-0.0199446305632591,0.00336795183829963,0.052324));
#4231=CARTESIAN_POINT('',(-0.0199446305632591,0.00336795183829963,0.0071882));
#4232=CARTESIAN_POINT('',(-0.0199446305632591,0.,0.0071882));
#4233=CARTESIAN_POINT('',(-0.0199446305632591,0.,0.052324));
#4234=CARTESIAN_POINT('',(-0.0199446305632591,-0.00336795183829963,0.052324));
#4235=CARTESIAN_POINT('',(-0.0199446305632591,-0.00336795183829963,0.0071882));
#4236=CARTESIAN_POINT('',(-0.017953984439373,-0.00336795183829963,0.0071882));
#4237=CARTESIAN_POINT('',(-0.017953984439373,-0.00336795183829963,0.052324));
#4238=CARTESIAN_POINT('',(-0.0159633383154869,-0.00336795183829963,0.052324));
#4239=CARTESIAN_POINT('',(-0.0159633383154869,-0.00336795183829963,0.0071882));
#4240=CARTESIAN_POINT('',(-0.0159633383154869,0.,0.0071882));
#4241=CARTESIAN_POINT('',(-0.0159633383154869,0.,0.052324));
#4242=CARTESIAN_POINT('',(-0.00417465018108487,0.,0.052578));
#4243=CARTESIAN_POINT('',(0.0124246487393975,0.,0.052578));
#4244=CARTESIAN_POINT('',(0.0124246487393975,0.,0.052578));
#4245=CARTESIAN_POINT('',(-0.00417465018108487,0.,0.052324));
#4246=CARTESIAN_POINT('',(0.0103290993720293,0.,0.052324));
#4247=CARTESIAN_POINT('',(0.0103290993720293,0.000589468458201736,0.052324));
#4248=CARTESIAN_POINT('',(0.0103290993720293,-0.000589468458201736,0.052324));
#4249=CARTESIAN_POINT('',(0.0100504085421562,0.000589468458201736,0.052324));
#4250=CARTESIAN_POINT('',(0.00977171771228313,0.000589468458201736,0.052324));
#4251=CARTESIAN_POINT('',(0.00977171771228313,0.,0.052324));
#4252=CARTESIAN_POINT('',(0.00977171771228313,-0.000589468458201736,0.052324));
#4253=CARTESIAN_POINT('',(0.0100504085421562,-0.000589468458201736,0.052324));
#4254=CARTESIAN_POINT('',(-0.00417465018108487,0.,0.052324));
#4255=CARTESIAN_POINT('',(0.00161007244605571,0.,0.052324));
#4256=CARTESIAN_POINT('',(0.00161007244605571,-0.000565105932764709,0.052324));
#4257=CARTESIAN_POINT('',(0.00161007244605571,0.000565105932764709,0.052324));
#4258=CARTESIAN_POINT('',(0.00216745329089463,-0.000565105932764709,0.052324));
#4259=CARTESIAN_POINT('',(0.00272483413573355,-0.000565105932764709,0.052324));
#4260=CARTESIAN_POINT('',(0.00272483413573355,0.,0.052324));
#4261=CARTESIAN_POINT('',(0.00272483413573355,0.000565105932764709,0.052324));
#4262=CARTESIAN_POINT('',(0.00216745329089463,0.000565105932764709,0.052324));
#4263=CARTESIAN_POINT('',(-0.00417465018108487,0.,0.052324));
#4264=CARTESIAN_POINT('',(0.00622681797405031,0.,0.052324));
#4265=CARTESIAN_POINT('',(0.00622681797405031,0.,0.052578));
#4266=CARTESIAN_POINT('',(0.00622681797405031,0.,0.052578));
#4267=CARTESIAN_POINT('',(-0.00417465018108487,0.,0.052578));
#4268=CARTESIAN_POINT('',(-0.00417465018108487,0.,0.052578));
#4269=CARTESIAN_POINT('',(-0.00396561063826084,0.,0.052578));
#4270=CARTESIAN_POINT('',(-0.00396561063826084,0.,0.052578));
#4271=CARTESIAN_POINT('',(-0.00417465018108487,0.,0.052324));
#4272=CARTESIAN_POINT('',(-0.00890053529292345,0.,0.052324));
#4273=CARTESIAN_POINT('',(-0.00890053529292345,-0.000684544676914811,0.052324));
#4274=CARTESIAN_POINT('',(-0.00890053529292345,0.000684544676914811,0.052324));
#4275=CARTESIAN_POINT('',(-0.00810427684336901,-0.000684544676914811,0.052324));
#4276=CARTESIAN_POINT('',(-0.00730801839381456,-0.000684544676914811,0.052324));
#4277=CARTESIAN_POINT('',(-0.00730801839381456,0.,0.052324));
#4278=CARTESIAN_POINT('',(-0.00730801839381456,0.000684544676914811,0.052324));
#4279=CARTESIAN_POINT('',(-0.00810427684336901,0.000684544676914811,0.052324));
#4280=CARTESIAN_POINT('',(-0.00417465018108487,0.,0.052578));
#4281=CARTESIAN_POINT('',(-0.0151948574930429,0.,0.052578));
#4282=CARTESIAN_POINT('',(-0.0151948574930429,0.,0.052578));
#4283=CARTESIAN_POINT('',(-0.00417465018108487,0.,0.052324));
#4284=CARTESIAN_POINT('',(-0.0187741369009018,0.,0.052324));
#4285=CARTESIAN_POINT('',(-0.0187741369009018,-0.000843796238768846,0.052324));
#4286=CARTESIAN_POINT('',(-0.0187741369009018,0.000843796238768846,0.052324));
#4287=CARTESIAN_POINT('',(-0.0180176924914122,-0.000843796238768846,0.052324));
#4288=CARTESIAN_POINT('',(-0.0172612480819225,-0.000843796238768846,0.052324));
#4289=CARTESIAN_POINT('',(-0.0172612480819225,0.,0.052324));
#4290=CARTESIAN_POINT('',(-0.0172612480819225,0.000843796238768846,0.052324));
#4291=CARTESIAN_POINT('',(-0.0180176924914122,0.000843796238768846,0.052324));
#4292=CARTESIAN_POINT('',(-0.0180176924914122,-0.000843796238768846,0.013208));
#4293=CARTESIAN_POINT('',(-0.0187741369009018,-0.000843796238768846,0.013208));
#4294=CARTESIAN_POINT('',(-0.0187741369009018,-0.000843796238768846,0.013208));
#4295=CARTESIAN_POINT('',(-0.0180176924914122,-0.000843796238768846,0.013208));
#4296=CARTESIAN_POINT('',(-0.0172612480819225,-0.000843796238768846,0.013208));
#4297=CARTESIAN_POINT('',(-0.0172612480819225,-0.000843796238768846,0.013208));
#4298=CARTESIAN_POINT('',(-0.0187741369009018,0.,0.013208));
#4299=CARTESIAN_POINT('',(-0.0187741369009018,0.000843796238768846,0.013208));
#4300=CARTESIAN_POINT('',(-0.0187741369009018,0.000843796238768846,0.013208));
#4301=CARTESIAN_POINT('',(-0.0187741369009018,0.,0.013208));
#4302=CARTESIAN_POINT('',(-0.0180176924914122,0.000843796238768846,0.013208));
#4303=CARTESIAN_POINT('',(-0.0172612480819225,0.000843796238768846,0.013208));
#4304=CARTESIAN_POINT('',(-0.0172612480819225,0.000843796238768846,0.013208));
#4305=CARTESIAN_POINT('',(-0.0180176924914122,0.000843796238768846,0.013208));
#4306=CARTESIAN_POINT('',(-0.0172612480819225,0.,0.013208));
#4307=CARTESIAN_POINT('',(-0.0172612480819225,0.,0.014730857077475));
#4308=CARTESIAN_POINT('',(-0.0172612480819225,0.000684544676914811,0.014730857077475));
#4309=CARTESIAN_POINT('',(-0.0172612480819225,-0.000684544676914811,0.014730857077475));
#4310=CARTESIAN_POINT('',(-0.0172612480819225,0.000684544676914811,0.013208));
#4311=CARTESIAN_POINT('',(-0.0172612480819225,0.000684544676914811,0.0138750222100328));
#4312=CARTESIAN_POINT('',(-0.0172612480819225,0.,0.0138750222100328));
#4313=CARTESIAN_POINT('',(-0.0172612480819225,-0.000684544676914811,0.0138750222100328));
#4314=CARTESIAN_POINT('',(-0.0172612480819225,-0.000684544676914811,0.013208));
#4315=CARTESIAN_POINT('',(-0.0172612480819225,0.,0.013208));
#4316=CARTESIAN_POINT('',(-0.00480776559561491,0.,0.013208));
#4317=CARTESIAN_POINT('',(-0.00810427684336901,-0.000684544676914811,0.013208));
#4318=CARTESIAN_POINT('',(-0.00890053529292345,-0.000684544676914811,0.013208));
#4319=CARTESIAN_POINT('',(-0.00890053529292345,-0.000684544676914811,0.014730857077475));
#4320=CARTESIAN_POINT('',(-0.0178921352929234,-0.000684544676914811,0.014730857077475));
#4321=CARTESIAN_POINT('',(-0.0178921352929234,-0.000684544676914811,0.0138750222100328));
#4322=CARTESIAN_POINT('',(-0.00810427684336901,-0.000684544676914811,0.013208));
#4323=CARTESIAN_POINT('',(-0.00730801839381456,-0.000684544676914811,0.013208));
#4324=CARTESIAN_POINT('',(-0.00730801839381456,-0.000684544676914811,0.013208));
#4325=CARTESIAN_POINT('',(-0.00890053529292345,0.,0.013208));
#4326=CARTESIAN_POINT('',(-0.00890053529292345,0.000684544676914811,0.013208));
#4327=CARTESIAN_POINT('',(-0.00890053529292345,0.000684544676914811,0.014730857077475));
#4328=CARTESIAN_POINT('',(-0.00890053529292345,0.,0.014730857077475));
#4329=CARTESIAN_POINT('',(-0.00810427684336901,0.000684544676914811,0.013208));
#4330=CARTESIAN_POINT('',(-0.00730801839381456,0.000684544676914811,0.013208));
#4331=CARTESIAN_POINT('',(-0.00730801839381456,0.000684544676914811,0.013208));
#4332=CARTESIAN_POINT('',(-0.00810427684336901,0.000684544676914811,0.013208));
#4333=CARTESIAN_POINT('',(-0.0178921352929234,0.000684544676914811,0.0138750222100328));
#4334=CARTESIAN_POINT('',(-0.0178921352929234,0.000684544676914811,0.014730857077475));
#4335=CARTESIAN_POINT('',(-0.00730801839381456,0.,0.013208));
#4336=CARTESIAN_POINT('',(-0.00730801839381456,0.,0.013208));
#4337=CARTESIAN_POINT('',(-0.00480776559561491,0.,0.013208));
#4338=CARTESIAN_POINT('',(0.00216745329089463,-0.000565105932764709,0.013208));
#4339=CARTESIAN_POINT('',(0.00161007244605571,-0.000565105932764709,0.013208));
#4340=CARTESIAN_POINT('',(0.00161007244605571,-0.000565105932764709,0.013208));
#4341=CARTESIAN_POINT('',(0.00216745329089463,-0.000565105932764709,0.013208));
#4342=CARTESIAN_POINT('',(0.00272483413573355,-0.000565105932764709,0.013208));
#4343=CARTESIAN_POINT('',(0.00272483413573355,-0.000565105932764709,0.013208));
#4344=CARTESIAN_POINT('',(0.00161007244605571,0.,0.013208));
#4345=CARTESIAN_POINT('',(0.00161007244605571,0.000565105932764709,0.013208));
#4346=CARTESIAN_POINT('',(0.00161007244605571,0.000565105932764709,0.013208));
#4347=CARTESIAN_POINT('',(0.00161007244605571,0.,0.013208));
#4348=CARTESIAN_POINT('',(0.00216745329089463,0.000565105932764709,0.013208));
#4349=CARTESIAN_POINT('',(0.00272483413573355,0.000565105932764709,0.013208));
#4350=CARTESIAN_POINT('',(0.00272483413573355,0.000565105932764709,0.013208));
#4351=CARTESIAN_POINT('',(0.00216745329089463,0.000565105932764709,0.013208));
#4352=CARTESIAN_POINT('',(0.00272483413573355,0.,0.013208));
#4353=CARTESIAN_POINT('',(0.00272483413573355,0.,0.013208));
#4354=CARTESIAN_POINT('',(-0.00480776559561491,0.,0.013208));
#4355=CARTESIAN_POINT('',(0.0100504085421562,0.000589468458201736,0.013208));
#4356=CARTESIAN_POINT('',(0.0100504085421562,0.000589468458201736,0.0132664833217859));
#4357=CARTESIAN_POINT('',(0.00977171771228313,0.000589468458201736,0.0132664833217859));
#4358=CARTESIAN_POINT('',(0.0103276558220386,0.000594576681642719,0.0132664833217859));
#4359=CARTESIAN_POINT('',(0.00977171771228313,0.000589468458201736,0.013208));
#4360=CARTESIAN_POINT('',(0.0103290993720293,0.000589468458201736,0.013208));
#4361=CARTESIAN_POINT('',(0.0103290993720293,0.,0.013208));
#4362=CARTESIAN_POINT('',(0.0103290993720293,0.000589468458201736,0.013208));
#4363=CARTESIAN_POINT('',(0.0103276558220386,0.000589468458201736,0.013208));
#4364=CARTESIAN_POINT('',(0.0103290993720293,-0.000589468458201736,0.013208));
#4365=CARTESIAN_POINT('',(0.0103276558220386,-0.000589468458201736,0.0132664833217859));
#4366=CARTESIAN_POINT('',(0.0103290993720293,-0.000589468458201736,0.013208));
#4367=CARTESIAN_POINT('',(0.0103276558220386,-0.000589468458201736,0.013208));
#4368=CARTESIAN_POINT('',(0.0103290993720293,0.,0.013208));
#4369=CARTESIAN_POINT('',(0.0100504085421562,-0.000589468458201736,0.013208));
#4370=CARTESIAN_POINT('',(0.00977171771228313,-0.000589468458201736,0.013208));
#4371=CARTESIAN_POINT('',(0.00977171771228313,-0.000589468458201736,0.0132664833217859));
#4372=CARTESIAN_POINT('',(0.0100504085421562,-0.000589468458201736,0.0132664833217859));
#4373=CARTESIAN_POINT('',(0.00977171771228313,0.,0.013208));
#4374=CARTESIAN_POINT('',(0.00977171771228313,0.,0.0132664833217859));
#4375=CARTESIAN_POINT('',(0.00718331773354638,-0.00303207733668387,0.0136012528091669));
#4376=CARTESIAN_POINT('',(0.00718331773354638,-0.00220441864803434,0.0136012528091669));
#4377=CARTESIAN_POINT('',(0.00146831773354638,-0.00220441864803434,0.0136012528091669));
#4378=CARTESIAN_POINT('',(0.00146831773354638,-0.00303207733668387,0.0136012528091669));
#4379=CARTESIAN_POINT('',(0.00146831773354638,-0.0038597360253334,0.0136012528091669));
#4380=CARTESIAN_POINT('',(0.00718331773354638,-0.0038597360253334,0.0136012528091669));
#4381=CARTESIAN_POINT('',(0.00718331773354638,-0.00220441864803434,0.0126732718199491));
#4382=CARTESIAN_POINT('',(0.00267955125309527,-0.00220441864803434,0.0125824119895697));
#4383=CARTESIAN_POINT('',(0.00267955125309527,-0.00220441864803434,0.0131843453273177));
#4384=CARTESIAN_POINT('',(0.00267955125309527,-0.00220441864803434,0.0119804786518216));
#4385=CARTESIAN_POINT('',(0.0021779399830848,-0.00220441864803434,0.0131843453273177));
#4386=CARTESIAN_POINT('',(0.00167632871307432,-0.00220441864803434,0.0131843453273177));
#4387=CARTESIAN_POINT('',(0.00167632871307432,-0.00220441864803434,0.0125824119895697));
#4388=CARTESIAN_POINT('',(0.00167632871307432,-0.00220441864803434,0.0119804786518216));
#4389=CARTESIAN_POINT('',(0.0021779399830848,-0.00220441864803434,0.0119804786518216));
#4390=CARTESIAN_POINT('',(0.0100252451375127,-0.00220441864803434,0.0132664833217859));
#4391=CARTESIAN_POINT('',(0.010326212272048,-0.00220441864803434,0.0132664833217859));
#4392=CARTESIAN_POINT('',(0.00972427800297737,-0.00220441864803434,0.0132664833217859));
#4393=CARTESIAN_POINT('',(0.00972427800297737,-0.00220441864803434,0.0125015266239643));
#4394=CARTESIAN_POINT('',(0.00718331773354638,-0.00220441864803434,0.0117452908307314));
#4395=CARTESIAN_POINT('',(0.00146831773354638,-0.00220441864803434,0.0126732718199491));
#4396=CARTESIAN_POINT('',(0.010326212272048,-0.00220441864803434,0.0125015266239643));
#4397=CARTESIAN_POINT('',(0.00718331773354638,-0.0038597360253334,0.0126732718199491));
#4398=CARTESIAN_POINT('',(0.00146831773354638,-0.0038597360253334,0.0126732718199491));
#4399=CARTESIAN_POINT('',(0.010326212272048,0.000609901351965666,0.0125015266239643));
#4400=CARTESIAN_POINT('',(0.010326212272048,0.000609901351965666,0.0132664833217859));
#4401=CARTESIAN_POINT('',(0.010326212272048,0.000609901351965666,0.0117365699261427));
#4402=CARTESIAN_POINT('',(0.010326212272048,0.000609901351965666,0.0117365699261427));
#4403=CARTESIAN_POINT('',(0.010326212272048,0.000609901351965666,0.0125015266239643));
#4404=CARTESIAN_POINT('',(0.00972427800297737,0.000609901351965666,0.0125015266239643));
#4405=CARTESIAN_POINT('',(0.00972427800297737,0.000609901351965666,0.0132664833217859));
#4406=CARTESIAN_POINT('',(0.00972427800297737,0.000609901351965666,0.0132664833217859));
#4407=CARTESIAN_POINT('',(0.00972427800297737,0.000609901351965666,0.0125015266239643));
#4408=CARTESIAN_POINT('',(0.00972427800297737,0.000609901351965666,0.0117365699261427));
#4409=CARTESIAN_POINT('',(0.00972427800297737,0.000609901351965666,0.0117365699261427));
#4410=CARTESIAN_POINT('',(0.0100252451375127,0.000609901351965666,0.0132664833217859));
#4411=CARTESIAN_POINT('',(0.0100252451375127,0.000609901351965666,0.0132664833217859));
#4412=CARTESIAN_POINT('',(0.0100252451375127,0.000609901351965666,0.0117365699261427));
#4413=CARTESIAN_POINT('',(0.0100252451375127,0.000609901351965666,0.0117365699261427));
#4414=CARTESIAN_POINT('',(0.0141937177335464,0.000609901351965666,0.0126689113676548));
#4415=CARTESIAN_POINT('',(0.00146831773354638,-0.00389117942628111,0.0128395328753449));
#4416=CARTESIAN_POINT('',(0.0021779399830848,0.000632761351965666,0.0131843453273177));
#4417=CARTESIAN_POINT('',(0.00267955125309527,0.000632761351965666,0.0131843453273177));
#4418=CARTESIAN_POINT('',(0.00267955125309527,0.000632761351965666,0.0131843453273177));
#4419=CARTESIAN_POINT('',(0.0021779399830848,0.000632761351965666,0.0131843453273177));
#4420=CARTESIAN_POINT('',(0.00167632871307432,0.000632761351965666,0.0131843453273177));
#4421=CARTESIAN_POINT('',(0.00167632871307432,0.000632761351965666,0.0131843453273177));
#4422=CARTESIAN_POINT('',(0.00267955125309527,0.000632761351965666,0.0125824119895697));
#4423=CARTESIAN_POINT('',(0.00267955125309527,0.000632761351965666,0.0119804786518216));
#4424=CARTESIAN_POINT('',(0.00267955125309527,0.000632761351965666,0.0119804786518216));
#4425=CARTESIAN_POINT('',(0.00267955125309527,0.000632761351965666,0.0125824119895697));
#4426=CARTESIAN_POINT('',(0.0021779399830848,0.000632761351965666,0.0119804786518216));
#4427=CARTESIAN_POINT('',(0.00167632871307432,0.000632761351965666,0.0119804786518216));
#4428=CARTESIAN_POINT('',(0.00167632871307432,0.000632761351965666,0.0119804786518216));
#4429=CARTESIAN_POINT('',(0.0021779399830848,0.000632761351965666,0.0119804786518216));
#4430=CARTESIAN_POINT('',(0.00167632871307432,0.000632761351965666,0.0125824119895697));
#4431=CARTESIAN_POINT('',(0.00167632871307432,0.000632761351965666,0.0125824119895697));
#4432=CARTESIAN_POINT('',(0.0113609427335464,0.000632761351965666,0.0126352029630661));
#4433=CARTESIAN_POINT('',(-0.0178921352929234,0.,0.014730857077475));
#4434=CARTESIAN_POINT('',(-0.0178921352929234,0.,0.0138750222100328));
#4435=CARTESIAN_POINT('',(-0.0137919206172228,0.,0.0138750222100328));
#4436=CARTESIAN_POINT('',(-0.0137919206172228,-0.00044174719369039,0.0138750222100328));
#4437=CARTESIAN_POINT('',(-0.0137919206172228,0.00044174719369039,0.0138750222100328));
#4438=CARTESIAN_POINT('',(-0.013080891687423,-0.00044174719369039,0.0138750222100328));
#4439=CARTESIAN_POINT('',(-0.0123698627576232,-0.00044174719369039,0.0138750222100328));
#4440=CARTESIAN_POINT('',(-0.0123698627576232,0.,0.0138750222100328));
#4441=CARTESIAN_POINT('',(-0.0123698627576232,0.00044174719369039,0.0138750222100328));
#4442=CARTESIAN_POINT('',(-0.013080891687423,0.00044174719369039,0.0138750222100328));
#4443=CARTESIAN_POINT('',(-0.013080891687423,-0.00044174719369039,0.0115636222100328));
#4444=CARTESIAN_POINT('',(-0.0137919206172228,-0.00044174719369039,0.0115636222100328));
#4445=CARTESIAN_POINT('',(-0.0137919206172228,-0.00044174719369039,0.0115636222100328));
#4446=CARTESIAN_POINT('',(-0.013080891687423,-0.00044174719369039,0.0115636222100328));
#4447=CARTESIAN_POINT('',(-0.0123698627576232,-0.00044174719369039,0.0115636222100328));
#4448=CARTESIAN_POINT('',(-0.0123698627576232,-0.00044174719369039,0.0115636222100328));
#4449=CARTESIAN_POINT('',(-0.0137919206172228,0.,0.0115636222100328));
#4450=CARTESIAN_POINT('',(-0.0137919206172228,0.00044174719369039,0.0115636222100328));
#4451=CARTESIAN_POINT('',(-0.0137919206172228,0.00044174719369039,0.0115636222100328));
#4452=CARTESIAN_POINT('',(-0.0137919206172228,0.,0.0115636222100328));
#4453=CARTESIAN_POINT('',(-0.013080891687423,0.00044174719369039,0.0115636222100328));
#4454=CARTESIAN_POINT('',(-0.0123698627576232,0.00044174719369039,0.0115636222100328));
#4455=CARTESIAN_POINT('',(-0.0123698627576232,0.00044174719369039,0.0115636222100328));
#4456=CARTESIAN_POINT('',(-0.013080891687423,0.00044174719369039,0.0115636222100328));
#4457=CARTESIAN_POINT('',(-0.0123698627576232,0.,0.0115636222100328));
#4458=CARTESIAN_POINT('',(-0.0123698627576232,0.,0.0115636222100328));
#4459=CARTESIAN_POINT('',(-0.013080891687423,0.,0.0115636222100328));
#4460=CARTESIAN_POINT('',(0.00654017925262451,-0.00342089240439236,0.0114912908307314));
#4461=CARTESIAN_POINT('',(0.00586335966363549,-0.00342089240439236,0.0114912908307314));
#4462=CARTESIAN_POINT('',(0.00721699884161353,-0.00342089240439236,0.0114912908307314));
#4463=CARTESIAN_POINT('',(0.00586335966363549,-0.00292323110625148,0.0114912908307314));
#4464=CARTESIAN_POINT('',(0.00586335966363549,0.000419230191889405,0.0117452908307314));
#4465=CARTESIAN_POINT('',(0.00586335966363549,0.000419230191889405,0.0117452908307314));
#4466=CARTESIAN_POINT('',(0.00586335966363549,0.000419230191889405,0.0114912908307314));
#4467=CARTESIAN_POINT('',(0.00721699884161353,-0.00292323110625148,0.0114912908307314));
#4468=CARTESIAN_POINT('',(0.00721699884161353,0.000419230191889405,0.0114912908307314));
#4469=CARTESIAN_POINT('',(0.00721699884161353,0.000419230191889405,0.0117452908307314));
#4470=CARTESIAN_POINT('',(0.00721699884161353,0.000419230191889405,0.0117452908307314));
#4471=CARTESIAN_POINT('',(0.00654017925262451,0.000419230191889405,0.0117452908307314));
#4472=CARTESIAN_POINT('',(0.00654017925262451,0.000419230191889405,0.0117452908307314));
#4473=CARTESIAN_POINT('',(0.00654017925262451,0.000419230191889405,0.0114912908307314));
#4474=CARTESIAN_POINT('',(0.0062624984420836,-0.000244239025050774,0.0112372908307314));
#4475=CARTESIAN_POINT('',(0.0062624984420836,0.,0.0112372908307314));
#4476=CARTESIAN_POINT('',(0.0062624984420836,0.,0.0112372908307314));
#4477=CARTESIAN_POINT('',(0.0062624984420836,-0.000244239025050774,0.0112372908307314));
#4478=CARTESIAN_POINT('',(0.0062624984420836,-0.000488478050101548,0.0112372908307314));
#4479=CARTESIAN_POINT('',(0.0062624984420836,-0.000488478050101548,0.0112372908307314));
#4480=CARTESIAN_POINT('',(0.00654734415002167,0.,0.0112372908307314));
#4481=CARTESIAN_POINT('',(0.00683218985795975,0.,0.0112372908307314));
#4482=CARTESIAN_POINT('',(0.00683218985795975,0.,0.0112372908307314));
#4483=CARTESIAN_POINT('',(0.00654734415002167,0.,0.0112372908307314));
#4484=CARTESIAN_POINT('',(0.00683218985795975,-0.000244239025050774,0.0112372908307314));
#4485=CARTESIAN_POINT('',(0.00683218985795975,-0.000488478050101548,0.0112372908307314));
#4486=CARTESIAN_POINT('',(0.00683218985795975,-0.000488478050101548,0.0112372908307314));
#4487=CARTESIAN_POINT('',(0.00683218985795975,-0.000244239025050774,0.0112372908307314));
#4488=CARTESIAN_POINT('',(0.00654734415002167,-0.000488478050101548,0.0112372908307314));
#4489=CARTESIAN_POINT('',(0.00654734415002167,-0.000488478050101548,0.0112372908307314));
#4490=CARTESIAN_POINT('',(0.00654017925262451,-0.00150083110625148,0.0112372908307314));
#4491=CARTESIAN_POINT('',(-0.0198833177335464,-0.00539001356810331,0.000351097127795217));
#4492=CARTESIAN_POINT('',(-0.0210517177335464,-0.00539001356810331,0.000351097127795217));
#4493=CARTESIAN_POINT('',(-0.0210517177335464,-0.00539001356810331,0.000351097127795217));
#4494=CARTESIAN_POINT('',(-0.0198833177335464,-0.00539001356810331,0.000351097127795217));
#4495=CARTESIAN_POINT('',(-0.0210517177335464,0.00125676942490777,0.000351097127795217));
#4496=CARTESIAN_POINT('',(-0.0210517177335464,0.00125676942490777,0.000351097127795217));
#4497=CARTESIAN_POINT('',(-0.0210517177335464,0.00125676942490777,0.000351097127795217));
#4498=MECHANICAL_DESIGN_GEOMETRIC_PRESENTATION_REPRESENTATION('',(#2852),
#4499);
#4499=(
GEOMETRIC_REPRESENTATION_CONTEXT(3)
GLOBAL_UNCERTAINTY_ASSIGNED_CONTEXT((#4500))
GLOBAL_UNIT_ASSIGNED_CONTEXT((#4503,#4502,#4501))
REPRESENTATION_CONTEXT('Part 1','TOP_LEVEL_ASSEMBLY_PART')
);
#4500=UNCERTAINTY_MEASURE_WITH_UNIT(LENGTH_MEASURE(5.20494437305658E-5),
#4503,'DISTANCE_ACCURACY_VALUE','Maximum Tolerance applied to model');
#4501=(
NAMED_UNIT(*)
SI_UNIT($,.STERADIAN.)
SOLID_ANGLE_UNIT()
);
#4502=(
NAMED_UNIT(*)
PLANE_ANGLE_UNIT()
SI_UNIT($,.RADIAN.)
);
#4503=(
LENGTH_UNIT()
NAMED_UNIT(*)
SI_UNIT($,.METRE.)
);
#4504=PRODUCT_DEFINITION_SHAPE('','',#4505);
#4505=PRODUCT_DEFINITION('','',#4507,#4506);
#4506=PRODUCT_DEFINITION_CONTEXT('',#4513,'design');
#4507=PRODUCT_DEFINITION_FORMATION_WITH_SPECIFIED_SOURCE('','',#4509,
 .NOT_KNOWN.);
#4508=PRODUCT_RELATED_PRODUCT_CATEGORY('','',(#4509));
#4509=PRODUCT('Part 1','Part 1','Part 1',(#4511));
#4510=PRODUCT_CATEGORY('','');
#4511=PRODUCT_CONTEXT('',#4513,'mechanical');
#4512=APPLICATION_PROTOCOL_DEFINITION('international standard',
'ap242_managed_model_based_3d_engineering',2020,#4513);
#4513=APPLICATION_CONTEXT('managed model based 3d engineering');
ENDSEC;
END-ISO-10303-21;
