ISO-10303-21;
HEADER;
/* Generated by software containing ST-Developer
 * from STEP Tools, Inc. (www.steptools.com) 
 */
/* OPTION: using custom renumber hook */

FILE_DESCRIPTION(
/* description */ ('STEP AP242 Edition 2',
'CAx-IF Rec.Pracs.---Representation and Presentation of Product Manufa
cturing Information (PMI)---4.0---2014-10-13',
'CAx-IF Rec.Pracs.---3D Tessellated Geometry---0.4---2014-09-14','2;1',
'CAx-IF Rec.Pracs.---User Defined Attributes---1.5---2016-08-15'),
/* implementation_level */ '2;1');

FILE_NAME(
/* name */ '6a35858de9e5174e9fd61986',
/* time_stamp */ '2026-06-19T18:08:14Z',
/* author */ (''),
/* organization */ (''),
/* preprocessor_version */ 'ST-DEVELOPER v20',
/* originating_system */ 'ONSHAPE BY PTC INC, 1.216',
/* authorisation */ '  ');

FILE_SCHEMA (('AP242_MANAGED_MODEL_BASED_3D_ENGINEERING_MIM_LF { 1 0 10303 442 3 1 4 }'));
ENDSEC;

DATA;
#10=B_SPLINE_CURVE_WITH_KNOTS('',3,(#9821,#9822,#9823,#9824,#9825,#9826,
#9827,#9828,#9829,#9830,#9831,#9832,#9833,#9834,#9835,#9836,#9837,#9838,
#9839),.UNSPECIFIED.,.T.,.F.,(1,1,1,1,1,1,1,1,1,1,1,1,1,1,1,1,1,1,1,1,1,
1,1),(-0.00441124527902065,-0.00294083018601377,-0.00147041509300689,0.,
0.00147041509300689,0.00294083018601377,0.00441124527902065,0.00588166037202754,
0.00735207546503443,0.00882249055804131,0.0102929056510482,0.0117633207440551,
0.013233735837062,0.0147041509300689,0.0161745660230757,0.0176449811160826,
0.0191153962090895,0.0205858113020964,0.0220562263951033,0.0235266414881102,
0.024997056581117,0.0264674716741239,0.0279378867671308),.UNSPECIFIED.);
#11=ELLIPSE('',#6587,0.00112092752630786,0.00112092116683623);
#12=ELLIPSE('',#6588,0.0035489466193126,0.00354892648471439);
#13=DRAUGHTING_PRE_DEFINED_COLOUR('black');
#14=VERTEX_LOOP('',#4912);
#15=CONICAL_SURFACE('',#6526,0.003175,1.02974425867665);
#16=CONTEXT_DEPENDENT_SHAPE_REPRESENTATION(#120,#9950);
#17=CONTEXT_DEPENDENT_SHAPE_REPRESENTATION(#121,#9952);
#18=CONTEXT_DEPENDENT_SHAPE_REPRESENTATION(#122,#9954);
#19=CONTEXT_DEPENDENT_SHAPE_REPRESENTATION(#123,#9956);
#20=CONTEXT_DEPENDENT_SHAPE_REPRESENTATION(#124,#9958);
#21=CONTEXT_DEPENDENT_SHAPE_REPRESENTATION(#125,#9959);
#22=CONTEXT_DEPENDENT_SHAPE_REPRESENTATION(#126,#9960);
#23=CONTEXT_DEPENDENT_SHAPE_REPRESENTATION(#127,#9961);
#24=CONTEXT_DEPENDENT_SHAPE_REPRESENTATION(#128,#9962);
#25=CONTEXT_DEPENDENT_SHAPE_REPRESENTATION(#129,#9964);
#26=CONTEXT_DEPENDENT_SHAPE_REPRESENTATION(#130,#9965);
#27=CONTEXT_DEPENDENT_SHAPE_REPRESENTATION(#131,#9967);
#28=CONTEXT_DEPENDENT_SHAPE_REPRESENTATION(#132,#9968);
#29=CONTEXT_DEPENDENT_SHAPE_REPRESENTATION(#133,#9969);
#30=CONTEXT_DEPENDENT_SHAPE_REPRESENTATION(#134,#9970);
#31=CONTEXT_DEPENDENT_SHAPE_REPRESENTATION(#135,#9971);
#32=CONTEXT_DEPENDENT_SHAPE_REPRESENTATION(#136,#9972);
#33=CONTEXT_DEPENDENT_SHAPE_REPRESENTATION(#137,#9973);
#34=CONTEXT_DEPENDENT_SHAPE_REPRESENTATION(#138,#9974);
#35=CONTEXT_DEPENDENT_SHAPE_REPRESENTATION(#139,#9975);
#36=CONTEXT_DEPENDENT_SHAPE_REPRESENTATION(#140,#9976);
#37=CONTEXT_DEPENDENT_SHAPE_REPRESENTATION(#141,#9977);
#38=CONTEXT_DEPENDENT_SHAPE_REPRESENTATION(#142,#9978);
#39=CONTEXT_DEPENDENT_SHAPE_REPRESENTATION(#143,#9979);
#40=CONTEXT_DEPENDENT_SHAPE_REPRESENTATION(#144,#9980);
#41=CONTEXT_DEPENDENT_SHAPE_REPRESENTATION(#145,#9981);
#42=CONTEXT_DEPENDENT_SHAPE_REPRESENTATION(#146,#9982);
#43=CONTEXT_DEPENDENT_SHAPE_REPRESENTATION(#147,#9983);
#44=CONTEXT_DEPENDENT_SHAPE_REPRESENTATION(#148,#9985);
#45=CONTEXT_DEPENDENT_SHAPE_REPRESENTATION(#149,#9986);
#46=CONTEXT_DEPENDENT_SHAPE_REPRESENTATION(#150,#9987);
#47=CONTEXT_DEPENDENT_SHAPE_REPRESENTATION(#151,#9988);
#48=CONTEXT_DEPENDENT_SHAPE_REPRESENTATION(#152,#9989);
#49=CONTEXT_DEPENDENT_SHAPE_REPRESENTATION(#153,#9990);
#50=CONTEXT_DEPENDENT_SHAPE_REPRESENTATION(#154,#9991);
#51=CONTEXT_DEPENDENT_SHAPE_REPRESENTATION(#155,#9992);
#52=CONTEXT_DEPENDENT_SHAPE_REPRESENTATION(#156,#9993);
#53=CONTEXT_DEPENDENT_SHAPE_REPRESENTATION(#157,#9994);
#54=CONTEXT_DEPENDENT_SHAPE_REPRESENTATION(#158,#9996);
#55=CONTEXT_DEPENDENT_SHAPE_REPRESENTATION(#159,#9997);
#56=CONTEXT_DEPENDENT_SHAPE_REPRESENTATION(#160,#9999);
#57=CONTEXT_DEPENDENT_SHAPE_REPRESENTATION(#161,#10000);
#58=CONTEXT_DEPENDENT_SHAPE_REPRESENTATION(#162,#10001);
#59=CONTEXT_DEPENDENT_SHAPE_REPRESENTATION(#163,#10002);
#60=CONTEXT_DEPENDENT_SHAPE_REPRESENTATION(#164,#10003);
#61=CONTEXT_DEPENDENT_SHAPE_REPRESENTATION(#165,#10004);
#62=CONTEXT_DEPENDENT_SHAPE_REPRESENTATION(#166,#10006);
#63=CONTEXT_DEPENDENT_SHAPE_REPRESENTATION(#167,#10007);
#64=CONTEXT_DEPENDENT_SHAPE_REPRESENTATION(#168,#10008);
#65=CONTEXT_DEPENDENT_SHAPE_REPRESENTATION(#169,#10009);
#66=CONTEXT_DEPENDENT_SHAPE_REPRESENTATION(#170,#10010);
#67=CONTEXT_DEPENDENT_SHAPE_REPRESENTATION(#171,#10011);
#68=NEXT_ASSEMBLY_USAGE_OCCURRENCE('NAUO1','Part 1','Part 1',#10012,#10013,
'');
#69=NEXT_ASSEMBLY_USAGE_OCCURRENCE('NAUO2','Part 1','Part 1',#10012,#10014,
'');
#70=NEXT_ASSEMBLY_USAGE_OCCURRENCE('NAUO3','Part 1','Part 1',#10012,#10015,
'');
#71=NEXT_ASSEMBLY_USAGE_OCCURRENCE('NAUO4','Part 1','Part 1',#10012,#10016,
'');
#72=NEXT_ASSEMBLY_USAGE_OCCURRENCE('NAUO5','Part 2','Part 2',#10012,#10017,
'');
#73=NEXT_ASSEMBLY_USAGE_OCCURRENCE('NAUO6','Part 1','Part 1',#10012,#10016,
'');
#74=NEXT_ASSEMBLY_USAGE_OCCURRENCE('NAUO7','Part 1','Part 1',#10012,#10013,
'');
#75=NEXT_ASSEMBLY_USAGE_OCCURRENCE('NAUO8','Part 1','Part 1',#10012,#10013,
'');
#76=NEXT_ASSEMBLY_USAGE_OCCURRENCE('NAUO9','Part 1','Part 1',#10012,#10013,
'');
#77=NEXT_ASSEMBLY_USAGE_OCCURRENCE('NAUO10','Part 1','Part 1',#10012,#10018,
'');
#78=NEXT_ASSEMBLY_USAGE_OCCURRENCE('NAUO11','Part 1','Part 1',#10012,#10013,
'');
#79=NEXT_ASSEMBLY_USAGE_OCCURRENCE('NAUO12','Part 1','Part 1',#10012,#10019,
'');
#80=NEXT_ASSEMBLY_USAGE_OCCURRENCE('NAUO13','Part 1','Part 1',#10012,#10013,
'');
#81=NEXT_ASSEMBLY_USAGE_OCCURRENCE('NAUO14','Part 1','Part 1',#10012,#10013,
'');
#82=NEXT_ASSEMBLY_USAGE_OCCURRENCE('NAUO15','Part 1','Part 1',#10012,#10019,
'');
#83=NEXT_ASSEMBLY_USAGE_OCCURRENCE('NAUO16','Part 1','Part 1',#10012,#10016,
'');
#84=NEXT_ASSEMBLY_USAGE_OCCURRENCE('NAUO17','Part 2','Part 2',#10012,#10017,
'');
#85=NEXT_ASSEMBLY_USAGE_OCCURRENCE('NAUO18','Part 2','Part 2',#10012,#10017,
'');
#86=NEXT_ASSEMBLY_USAGE_OCCURRENCE('NAUO19','Part 1','Part 1',#10012,#10018,
'');
#87=NEXT_ASSEMBLY_USAGE_OCCURRENCE('NAUO20','Part 1','Part 1',#10012,#10018,
'');
#88=NEXT_ASSEMBLY_USAGE_OCCURRENCE('NAUO21','Part 1','Part 1',#10012,#10019,
'');
#89=NEXT_ASSEMBLY_USAGE_OCCURRENCE('NAUO22','Part 1','Part 1',#10012,#10013,
'');
#90=NEXT_ASSEMBLY_USAGE_OCCURRENCE('NAUO23','Part 1','Part 1',#10012,#10016,
'');
#91=NEXT_ASSEMBLY_USAGE_OCCURRENCE('NAUO24','Part 2','Part 2',#10012,#10017,
'');
#92=NEXT_ASSEMBLY_USAGE_OCCURRENCE('NAUO25','Part 1','Part 1',#10012,#10014,
'');
#93=NEXT_ASSEMBLY_USAGE_OCCURRENCE('NAUO26','Part 2','Part 2',#10012,#10017,
'');
#94=NEXT_ASSEMBLY_USAGE_OCCURRENCE('NAUO27','Part 1','Part 1',#10012,#10019,
'');
#95=NEXT_ASSEMBLY_USAGE_OCCURRENCE('NAUO28','Part 1','Part 1',#10012,#10013,
'');
#96=NEXT_ASSEMBLY_USAGE_OCCURRENCE('NAUO29','Part 1','Part 1',#10012,#10020,
'');
#97=NEXT_ASSEMBLY_USAGE_OCCURRENCE('NAUO30','Part 1','Part 1',#10012,#10020,
'');
#98=NEXT_ASSEMBLY_USAGE_OCCURRENCE('NAUO31','Part 1','Part 1',#10012,#10018,
'');
#99=NEXT_ASSEMBLY_USAGE_OCCURRENCE('NAUO32','Part 2','Part 2',#10012,#10017,
'');
#100=NEXT_ASSEMBLY_USAGE_OCCURRENCE('NAUO33','Part 1','Part 1',#10012,#10013,
'');
#101=NEXT_ASSEMBLY_USAGE_OCCURRENCE('NAUO34','Part 1','Part 1',#10012,#10015,
'');
#102=NEXT_ASSEMBLY_USAGE_OCCURRENCE('NAUO35','Part 1','Part 1',#10012,#10013,
'');
#103=NEXT_ASSEMBLY_USAGE_OCCURRENCE('NAUO36','Part 1','Part 1',#10012,#10019,
'');
#104=NEXT_ASSEMBLY_USAGE_OCCURRENCE('NAUO37','Part 1','Part 1',#10012,#10018,
'');
#105=NEXT_ASSEMBLY_USAGE_OCCURRENCE('NAUO38','Part 1','Part 1',#10012,#10013,
'');
#106=NEXT_ASSEMBLY_USAGE_OCCURRENCE('NAUO39','Part 1','Part 1',#10012,#10021,
'');
#107=NEXT_ASSEMBLY_USAGE_OCCURRENCE('NAUO40','Part 1','Part 1',#10012,#10016,
'');
#108=NEXT_ASSEMBLY_USAGE_OCCURRENCE('NAUO41','Part 1','Part 1',#10012,#10022,
'');
#109=NEXT_ASSEMBLY_USAGE_OCCURRENCE('NAUO42','Part 1','Part 1',#10012,#10013,
'');
#110=NEXT_ASSEMBLY_USAGE_OCCURRENCE('NAUO43','Part 1','Part 1',#10012,#10022,
'');
#111=NEXT_ASSEMBLY_USAGE_OCCURRENCE('NAUO44','Part 1','Part 1',#10012,#10021,
'');
#112=NEXT_ASSEMBLY_USAGE_OCCURRENCE('NAUO45','Part 1','Part 1',#10012,#10016,
'');
#113=NEXT_ASSEMBLY_USAGE_OCCURRENCE('NAUO46','Part 1','Part 1',#10012,#10013,
'');
#114=NEXT_ASSEMBLY_USAGE_OCCURRENCE('NAUO47','Part 1','Part 1',#10012,#10023,
'');
#115=NEXT_ASSEMBLY_USAGE_OCCURRENCE('NAUO48','Part 1','Part 1',#10012,#10018,
'');
#116=NEXT_ASSEMBLY_USAGE_OCCURRENCE('NAUO49','Part 1','Part 1',#10012,#10023,
'');
#117=NEXT_ASSEMBLY_USAGE_OCCURRENCE('NAUO50','Part 1','Part 1',#10012,#10013,
'');
#118=NEXT_ASSEMBLY_USAGE_OCCURRENCE('NAUO51','Part 1','Part 1',#10012,#10013,
'');
#119=NEXT_ASSEMBLY_USAGE_OCCURRENCE('NAUO52','Part 1','Part 1',#10012,#10019,
'');
#120=(
REPRESENTATION_RELATIONSHIP(' ',' ',#6216,#6215)
REPRESENTATION_RELATIONSHIP_WITH_TRANSFORMATION(#172)
SHAPE_REPRESENTATION_RELATIONSHIP()
);
#121=(
REPRESENTATION_RELATIONSHIP(' ',' ',#6217,#6215)
REPRESENTATION_RELATIONSHIP_WITH_TRANSFORMATION(#173)
SHAPE_REPRESENTATION_RELATIONSHIP()
);
#122=(
REPRESENTATION_RELATIONSHIP(' ',' ',#6218,#6215)
REPRESENTATION_RELATIONSHIP_WITH_TRANSFORMATION(#174)
SHAPE_REPRESENTATION_RELATIONSHIP()
);
#123=(
REPRESENTATION_RELATIONSHIP(' ',' ',#6219,#6215)
REPRESENTATION_RELATIONSHIP_WITH_TRANSFORMATION(#175)
SHAPE_REPRESENTATION_RELATIONSHIP()
);
#124=(
REPRESENTATION_RELATIONSHIP(' ',' ',#6220,#6215)
REPRESENTATION_RELATIONSHIP_WITH_TRANSFORMATION(#176)
SHAPE_REPRESENTATION_RELATIONSHIP()
);
#125=(
REPRESENTATION_RELATIONSHIP(' ',' ',#6219,#6215)
REPRESENTATION_RELATIONSHIP_WITH_TRANSFORMATION(#177)
SHAPE_REPRESENTATION_RELATIONSHIP()
);
#126=(
REPRESENTATION_RELATIONSHIP(' ',' ',#6216,#6215)
REPRESENTATION_RELATIONSHIP_WITH_TRANSFORMATION(#178)
SHAPE_REPRESENTATION_RELATIONSHIP()
);
#127=(
REPRESENTATION_RELATIONSHIP(' ',' ',#6216,#6215)
REPRESENTATION_RELATIONSHIP_WITH_TRANSFORMATION(#179)
SHAPE_REPRESENTATION_RELATIONSHIP()
);
#128=(
REPRESENTATION_RELATIONSHIP(' ',' ',#6216,#6215)
REPRESENTATION_RELATIONSHIP_WITH_TRANSFORMATION(#180)
SHAPE_REPRESENTATION_RELATIONSHIP()
);
#129=(
REPRESENTATION_RELATIONSHIP(' ',' ',#6221,#6215)
REPRESENTATION_RELATIONSHIP_WITH_TRANSFORMATION(#181)
SHAPE_REPRESENTATION_RELATIONSHIP()
);
#130=(
REPRESENTATION_RELATIONSHIP(' ',' ',#6216,#6215)
REPRESENTATION_RELATIONSHIP_WITH_TRANSFORMATION(#182)
SHAPE_REPRESENTATION_RELATIONSHIP()
);
#131=(
REPRESENTATION_RELATIONSHIP(' ',' ',#6222,#6215)
REPRESENTATION_RELATIONSHIP_WITH_TRANSFORMATION(#183)
SHAPE_REPRESENTATION_RELATIONSHIP()
);
#132=(
REPRESENTATION_RELATIONSHIP(' ',' ',#6216,#6215)
REPRESENTATION_RELATIONSHIP_WITH_TRANSFORMATION(#184)
SHAPE_REPRESENTATION_RELATIONSHIP()
);
#133=(
REPRESENTATION_RELATIONSHIP(' ',' ',#6216,#6215)
REPRESENTATION_RELATIONSHIP_WITH_TRANSFORMATION(#185)
SHAPE_REPRESENTATION_RELATIONSHIP()
);
#134=(
REPRESENTATION_RELATIONSHIP(' ',' ',#6222,#6215)
REPRESENTATION_RELATIONSHIP_WITH_TRANSFORMATION(#186)
SHAPE_REPRESENTATION_RELATIONSHIP()
);
#135=(
REPRESENTATION_RELATIONSHIP(' ',' ',#6219,#6215)
REPRESENTATION_RELATIONSHIP_WITH_TRANSFORMATION(#187)
SHAPE_REPRESENTATION_RELATIONSHIP()
);
#136=(
REPRESENTATION_RELATIONSHIP(' ',' ',#6220,#6215)
REPRESENTATION_RELATIONSHIP_WITH_TRANSFORMATION(#188)
SHAPE_REPRESENTATION_RELATIONSHIP()
);
#137=(
REPRESENTATION_RELATIONSHIP(' ',' ',#6220,#6215)
REPRESENTATION_RELATIONSHIP_WITH_TRANSFORMATION(#189)
SHAPE_REPRESENTATION_RELATIONSHIP()
);
#138=(
REPRESENTATION_RELATIONSHIP(' ',' ',#6221,#6215)
REPRESENTATION_RELATIONSHIP_WITH_TRANSFORMATION(#190)
SHAPE_REPRESENTATION_RELATIONSHIP()
);
#139=(
REPRESENTATION_RELATIONSHIP(' ',' ',#6221,#6215)
REPRESENTATION_RELATIONSHIP_WITH_TRANSFORMATION(#191)
SHAPE_REPRESENTATION_RELATIONSHIP()
);
#140=(
REPRESENTATION_RELATIONSHIP(' ',' ',#6222,#6215)
REPRESENTATION_RELATIONSHIP_WITH_TRANSFORMATION(#192)
SHAPE_REPRESENTATION_RELATIONSHIP()
);
#141=(
REPRESENTATION_RELATIONSHIP(' ',' ',#6216,#6215)
REPRESENTATION_RELATIONSHIP_WITH_TRANSFORMATION(#193)
SHAPE_REPRESENTATION_RELATIONSHIP()
);
#142=(
REPRESENTATION_RELATIONSHIP(' ',' ',#6219,#6215)
REPRESENTATION_RELATIONSHIP_WITH_TRANSFORMATION(#194)
SHAPE_REPRESENTATION_RELATIONSHIP()
);
#143=(
REPRESENTATION_RELATIONSHIP(' ',' ',#6220,#6215)
REPRESENTATION_RELATIONSHIP_WITH_TRANSFORMATION(#195)
SHAPE_REPRESENTATION_RELATIONSHIP()
);
#144=(
REPRESENTATION_RELATIONSHIP(' ',' ',#6217,#6215)
REPRESENTATION_RELATIONSHIP_WITH_TRANSFORMATION(#196)
SHAPE_REPRESENTATION_RELATIONSHIP()
);
#145=(
REPRESENTATION_RELATIONSHIP(' ',' ',#6220,#6215)
REPRESENTATION_RELATIONSHIP_WITH_TRANSFORMATION(#197)
SHAPE_REPRESENTATION_RELATIONSHIP()
);
#146=(
REPRESENTATION_RELATIONSHIP(' ',' ',#6222,#6215)
REPRESENTATION_RELATIONSHIP_WITH_TRANSFORMATION(#198)
SHAPE_REPRESENTATION_RELATIONSHIP()
);
#147=(
REPRESENTATION_RELATIONSHIP(' ',' ',#6216,#6215)
REPRESENTATION_RELATIONSHIP_WITH_TRANSFORMATION(#199)
SHAPE_REPRESENTATION_RELATIONSHIP()
);
#148=(
REPRESENTATION_RELATIONSHIP(' ',' ',#6223,#6215)
REPRESENTATION_RELATIONSHIP_WITH_TRANSFORMATION(#200)
SHAPE_REPRESENTATION_RELATIONSHIP()
);
#149=(
REPRESENTATION_RELATIONSHIP(' ',' ',#6223,#6215)
REPRESENTATION_RELATIONSHIP_WITH_TRANSFORMATION(#201)
SHAPE_REPRESENTATION_RELATIONSHIP()
);
#150=(
REPRESENTATION_RELATIONSHIP(' ',' ',#6221,#6215)
REPRESENTATION_RELATIONSHIP_WITH_TRANSFORMATION(#202)
SHAPE_REPRESENTATION_RELATIONSHIP()
);
#151=(
REPRESENTATION_RELATIONSHIP(' ',' ',#6220,#6215)
REPRESENTATION_RELATIONSHIP_WITH_TRANSFORMATION(#203)
SHAPE_REPRESENTATION_RELATIONSHIP()
);
#152=(
REPRESENTATION_RELATIONSHIP(' ',' ',#6216,#6215)
REPRESENTATION_RELATIONSHIP_WITH_TRANSFORMATION(#204)
SHAPE_REPRESENTATION_RELATIONSHIP()
);
#153=(
REPRESENTATION_RELATIONSHIP(' ',' ',#6218,#6215)
REPRESENTATION_RELATIONSHIP_WITH_TRANSFORMATION(#205)
SHAPE_REPRESENTATION_RELATIONSHIP()
);
#154=(
REPRESENTATION_RELATIONSHIP(' ',' ',#6216,#6215)
REPRESENTATION_RELATIONSHIP_WITH_TRANSFORMATION(#206)
SHAPE_REPRESENTATION_RELATIONSHIP()
);
#155=(
REPRESENTATION_RELATIONSHIP(' ',' ',#6222,#6215)
REPRESENTATION_RELATIONSHIP_WITH_TRANSFORMATION(#207)
SHAPE_REPRESENTATION_RELATIONSHIP()
);
#156=(
REPRESENTATION_RELATIONSHIP(' ',' ',#6221,#6215)
REPRESENTATION_RELATIONSHIP_WITH_TRANSFORMATION(#208)
SHAPE_REPRESENTATION_RELATIONSHIP()
);
#157=(
REPRESENTATION_RELATIONSHIP(' ',' ',#6216,#6215)
REPRESENTATION_RELATIONSHIP_WITH_TRANSFORMATION(#209)
SHAPE_REPRESENTATION_RELATIONSHIP()
);
#158=(
REPRESENTATION_RELATIONSHIP(' ',' ',#6224,#6215)
REPRESENTATION_RELATIONSHIP_WITH_TRANSFORMATION(#210)
SHAPE_REPRESENTATION_RELATIONSHIP()
);
#159=(
REPRESENTATION_RELATIONSHIP(' ',' ',#6219,#6215)
REPRESENTATION_RELATIONSHIP_WITH_TRANSFORMATION(#211)
SHAPE_REPRESENTATION_RELATIONSHIP()
);
#160=(
REPRESENTATION_RELATIONSHIP(' ',' ',#6225,#6215)
REPRESENTATION_RELATIONSHIP_WITH_TRANSFORMATION(#212)
SHAPE_REPRESENTATION_RELATIONSHIP()
);
#161=(
REPRESENTATION_RELATIONSHIP(' ',' ',#6216,#6215)
REPRESENTATION_RELATIONSHIP_WITH_TRANSFORMATION(#213)
SHAPE_REPRESENTATION_RELATIONSHIP()
);
#162=(
REPRESENTATION_RELATIONSHIP(' ',' ',#6225,#6215)
REPRESENTATION_RELATIONSHIP_WITH_TRANSFORMATION(#214)
SHAPE_REPRESENTATION_RELATIONSHIP()
);
#163=(
REPRESENTATION_RELATIONSHIP(' ',' ',#6224,#6215)
REPRESENTATION_RELATIONSHIP_WITH_TRANSFORMATION(#215)
SHAPE_REPRESENTATION_RELATIONSHIP()
);
#164=(
REPRESENTATION_RELATIONSHIP(' ',' ',#6219,#6215)
REPRESENTATION_RELATIONSHIP_WITH_TRANSFORMATION(#216)
SHAPE_REPRESENTATION_RELATIONSHIP()
);
#165=(
REPRESENTATION_RELATIONSHIP(' ',' ',#6216,#6215)
REPRESENTATION_RELATIONSHIP_WITH_TRANSFORMATION(#217)
SHAPE_REPRESENTATION_RELATIONSHIP()
);
#166=(
REPRESENTATION_RELATIONSHIP(' ',' ',#6226,#6215)
REPRESENTATION_RELATIONSHIP_WITH_TRANSFORMATION(#218)
SHAPE_REPRESENTATION_RELATIONSHIP()
);
#167=(
REPRESENTATION_RELATIONSHIP(' ',' ',#6221,#6215)
REPRESENTATION_RELATIONSHIP_WITH_TRANSFORMATION(#219)
SHAPE_REPRESENTATION_RELATIONSHIP()
);
#168=(
REPRESENTATION_RELATIONSHIP(' ',' ',#6226,#6215)
REPRESENTATION_RELATIONSHIP_WITH_TRANSFORMATION(#220)
SHAPE_REPRESENTATION_RELATIONSHIP()
);
#169=(
REPRESENTATION_RELATIONSHIP(' ',' ',#6216,#6215)
REPRESENTATION_RELATIONSHIP_WITH_TRANSFORMATION(#221)
SHAPE_REPRESENTATION_RELATIONSHIP()
);
#170=(
REPRESENTATION_RELATIONSHIP(' ',' ',#6216,#6215)
REPRESENTATION_RELATIONSHIP_WITH_TRANSFORMATION(#222)
SHAPE_REPRESENTATION_RELATIONSHIP()
);
#171=(
REPRESENTATION_RELATIONSHIP(' ',' ',#6222,#6215)
REPRESENTATION_RELATIONSHIP_WITH_TRANSFORMATION(#223)
SHAPE_REPRESENTATION_RELATIONSHIP()
);
#172=ITEM_DEFINED_TRANSFORMATION(' ',' ',#6227,#6255);
#173=ITEM_DEFINED_TRANSFORMATION(' ',' ',#6227,#6403);
#174=ITEM_DEFINED_TRANSFORMATION(' ',' ',#6227,#6510);
#175=ITEM_DEFINED_TRANSFORMATION(' ',' ',#6227,#6516);
#176=ITEM_DEFINED_TRANSFORMATION(' ',' ',#6227,#6531);
#177=ITEM_DEFINED_TRANSFORMATION(' ',' ',#6227,#6532);
#178=ITEM_DEFINED_TRANSFORMATION(' ',' ',#6227,#6533);
#179=ITEM_DEFINED_TRANSFORMATION(' ',' ',#6227,#6534);
#180=ITEM_DEFINED_TRANSFORMATION(' ',' ',#6227,#6535);
#181=ITEM_DEFINED_TRANSFORMATION(' ',' ',#6227,#6542);
#182=ITEM_DEFINED_TRANSFORMATION(' ',' ',#6227,#6543);
#183=ITEM_DEFINED_TRANSFORMATION(' ',' ',#6227,#6553);
#184=ITEM_DEFINED_TRANSFORMATION(' ',' ',#6227,#6554);
#185=ITEM_DEFINED_TRANSFORMATION(' ',' ',#6227,#6555);
#186=ITEM_DEFINED_TRANSFORMATION(' ',' ',#6227,#6556);
#187=ITEM_DEFINED_TRANSFORMATION(' ',' ',#6227,#6557);
#188=ITEM_DEFINED_TRANSFORMATION(' ',' ',#6227,#6558);
#189=ITEM_DEFINED_TRANSFORMATION(' ',' ',#6227,#6559);
#190=ITEM_DEFINED_TRANSFORMATION(' ',' ',#6227,#6560);
#191=ITEM_DEFINED_TRANSFORMATION(' ',' ',#6227,#6561);
#192=ITEM_DEFINED_TRANSFORMATION(' ',' ',#6227,#6562);
#193=ITEM_DEFINED_TRANSFORMATION(' ',' ',#6227,#6563);
#194=ITEM_DEFINED_TRANSFORMATION(' ',' ',#6227,#6564);
#195=ITEM_DEFINED_TRANSFORMATION(' ',' ',#6227,#6565);
#196=ITEM_DEFINED_TRANSFORMATION(' ',' ',#6227,#6566);
#197=ITEM_DEFINED_TRANSFORMATION(' ',' ',#6227,#6567);
#198=ITEM_DEFINED_TRANSFORMATION(' ',' ',#6227,#6568);
#199=ITEM_DEFINED_TRANSFORMATION(' ',' ',#6227,#6569);
#200=ITEM_DEFINED_TRANSFORMATION(' ',' ',#6227,#6576);
#201=ITEM_DEFINED_TRANSFORMATION(' ',' ',#6227,#6577);
#202=ITEM_DEFINED_TRANSFORMATION(' ',' ',#6227,#6578);
#203=ITEM_DEFINED_TRANSFORMATION(' ',' ',#6227,#6579);
#204=ITEM_DEFINED_TRANSFORMATION(' ',' ',#6227,#6580);
#205=ITEM_DEFINED_TRANSFORMATION(' ',' ',#6227,#6581);
#206=ITEM_DEFINED_TRANSFORMATION(' ',' ',#6227,#6582);
#207=ITEM_DEFINED_TRANSFORMATION(' ',' ',#6227,#6583);
#208=ITEM_DEFINED_TRANSFORMATION(' ',' ',#6227,#6584);
#209=ITEM_DEFINED_TRANSFORMATION(' ',' ',#6227,#6585);
#210=ITEM_DEFINED_TRANSFORMATION(' ',' ',#6227,#6599);
#211=ITEM_DEFINED_TRANSFORMATION(' ',' ',#6227,#6600);
#212=ITEM_DEFINED_TRANSFORMATION(' ',' ',#6227,#6607);
#213=ITEM_DEFINED_TRANSFORMATION(' ',' ',#6227,#6608);
#214=ITEM_DEFINED_TRANSFORMATION(' ',' ',#6227,#6609);
#215=ITEM_DEFINED_TRANSFORMATION(' ',' ',#6227,#6610);
#216=ITEM_DEFINED_TRANSFORMATION(' ',' ',#6227,#6611);
#217=ITEM_DEFINED_TRANSFORMATION(' ',' ',#6227,#6612);
#218=ITEM_DEFINED_TRANSFORMATION(' ',' ',#6227,#6627);
#219=ITEM_DEFINED_TRANSFORMATION(' ',' ',#6227,#6628);
#220=ITEM_DEFINED_TRANSFORMATION(' ',' ',#6227,#6629);
#221=ITEM_DEFINED_TRANSFORMATION(' ',' ',#6227,#6630);
#222=ITEM_DEFINED_TRANSFORMATION(' ',' ',#6227,#6631);
#223=ITEM_DEFINED_TRANSFORMATION(' ',' ',#6227,#6632);
#224=SHAPE_REPRESENTATION_RELATIONSHIP('','',#6216,#235);
#225=SHAPE_REPRESENTATION_RELATIONSHIP('','',#6217,#236);
#226=SHAPE_REPRESENTATION_RELATIONSHIP('','',#6218,#237);
#227=SHAPE_REPRESENTATION_RELATIONSHIP('','',#6219,#238);
#228=SHAPE_REPRESENTATION_RELATIONSHIP('','',#6220,#239);
#229=SHAPE_REPRESENTATION_RELATIONSHIP('','',#6221,#240);
#230=SHAPE_REPRESENTATION_RELATIONSHIP('','',#6222,#241);
#231=SHAPE_REPRESENTATION_RELATIONSHIP('','',#6223,#242);
#232=SHAPE_REPRESENTATION_RELATIONSHIP('','',#6224,#243);
#233=SHAPE_REPRESENTATION_RELATIONSHIP('','',#6225,#244);
#234=SHAPE_REPRESENTATION_RELATIONSHIP('','',#6226,#245);
#235=ADVANCED_BREP_SHAPE_REPRESENTATION('',(#6192),#9922);
#236=ADVANCED_BREP_SHAPE_REPRESENTATION('',(#6193),#9923);
#237=ADVANCED_BREP_SHAPE_REPRESENTATION('',(#6194),#9924);
#238=ADVANCED_BREP_SHAPE_REPRESENTATION('',(#6195),#9925);
#239=ADVANCED_BREP_SHAPE_REPRESENTATION('',(#6196),#9926);
#240=ADVANCED_BREP_SHAPE_REPRESENTATION('',(#6197),#9927);
#241=ADVANCED_BREP_SHAPE_REPRESENTATION('',(#6198),#9928);
#242=ADVANCED_BREP_SHAPE_REPRESENTATION('',(#6199),#9929);
#243=ADVANCED_BREP_SHAPE_REPRESENTATION('',(#6200),#9930);
#244=ADVANCED_BREP_SHAPE_REPRESENTATION('',(#6201),#9931);
#245=ADVANCED_BREP_SHAPE_REPRESENTATION('',(#6202),#9932);
#246=PLANE('',#6237);
#247=PLANE('',#6238);
#248=PLANE('',#6239);
#249=PLANE('',#6240);
#250=PLANE('',#6241);
#251=PLANE('',#6242);
#252=PLANE('',#6243);
#253=PLANE('',#6244);
#254=PLANE('',#6245);
#255=PLANE('',#6246);
#256=PLANE('',#6247);
#257=PLANE('',#6248);
#258=PLANE('',#6249);
#259=PLANE('',#6250);
#260=PLANE('',#6251);
#261=PLANE('',#6252);
#262=PLANE('',#6253);
#263=PLANE('',#6254);
#264=PLANE('',#6256);
#265=PLANE('',#6257);
#266=PLANE('',#6258);
#267=PLANE('',#6259);
#268=PLANE('',#6260);
#269=PLANE('',#6261);
#270=PLANE('',#6262);
#271=PLANE('',#6263);
#272=PLANE('',#6264);
#273=PLANE('',#6265);
#274=PLANE('',#6266);
#275=PLANE('',#6267);
#276=PLANE('',#6268);
#277=PLANE('',#6269);
#278=PLANE('',#6270);
#279=PLANE('',#6271);
#280=PLANE('',#6272);
#281=PLANE('',#6273);
#282=PLANE('',#6274);
#283=PLANE('',#6275);
#284=PLANE('',#6276);
#285=PLANE('',#6277);
#286=PLANE('',#6278);
#287=PLANE('',#6279);
#288=PLANE('',#6280);
#289=PLANE('',#6281);
#290=PLANE('',#6282);
#291=PLANE('',#6283);
#292=PLANE('',#6284);
#293=PLANE('',#6285);
#294=PLANE('',#6286);
#295=PLANE('',#6287);
#296=PLANE('',#6288);
#297=PLANE('',#6289);
#298=PLANE('',#6290);
#299=PLANE('',#6291);
#300=PLANE('',#6292);
#301=PLANE('',#6293);
#302=PLANE('',#6294);
#303=PLANE('',#6295);
#304=PLANE('',#6296);
#305=PLANE('',#6297);
#306=PLANE('',#6298);
#307=PLANE('',#6299);
#308=PLANE('',#6300);
#309=PLANE('',#6301);
#310=PLANE('',#6302);
#311=PLANE('',#6303);
#312=PLANE('',#6304);
#313=PLANE('',#6305);
#314=PLANE('',#6306);
#315=PLANE('',#6307);
#316=PLANE('',#6308);
#317=PLANE('',#6309);
#318=PLANE('',#6310);
#319=PLANE('',#6311);
#320=PLANE('',#6312);
#321=PLANE('',#6313);
#322=PLANE('',#6314);
#323=PLANE('',#6315);
#324=PLANE('',#6316);
#325=PLANE('',#6317);
#326=PLANE('',#6318);
#327=PLANE('',#6319);
#328=PLANE('',#6320);
#329=PLANE('',#6321);
#330=PLANE('',#6322);
#331=PLANE('',#6323);
#332=PLANE('',#6324);
#333=PLANE('',#6325);
#334=PLANE('',#6326);
#335=PLANE('',#6327);
#336=PLANE('',#6328);
#337=PLANE('',#6329);
#338=PLANE('',#6330);
#339=PLANE('',#6331);
#340=PLANE('',#6332);
#341=PLANE('',#6333);
#342=PLANE('',#6334);
#343=PLANE('',#6335);
#344=PLANE('',#6336);
#345=PLANE('',#6337);
#346=PLANE('',#6338);
#347=PLANE('',#6339);
#348=PLANE('',#6340);
#349=PLANE('',#6341);
#350=PLANE('',#6342);
#351=PLANE('',#6343);
#352=PLANE('',#6344);
#353=PLANE('',#6345);
#354=PLANE('',#6346);
#355=PLANE('',#6347);
#356=PLANE('',#6348);
#357=PLANE('',#6349);
#358=PLANE('',#6350);
#359=PLANE('',#6351);
#360=PLANE('',#6352);
#361=PLANE('',#6353);
#362=PLANE('',#6354);
#363=PLANE('',#6355);
#364=PLANE('',#6356);
#365=PLANE('',#6357);
#366=PLANE('',#6358);
#367=PLANE('',#6359);
#368=PLANE('',#6360);
#369=PLANE('',#6361);
#370=PLANE('',#6362);
#371=PLANE('',#6363);
#372=PLANE('',#6364);
#373=PLANE('',#6365);
#374=PLANE('',#6366);
#375=PLANE('',#6367);
#376=PLANE('',#6368);
#377=PLANE('',#6369);
#378=PLANE('',#6370);
#379=PLANE('',#6371);
#380=PLANE('',#6372);
#381=PLANE('',#6373);
#382=PLANE('',#6374);
#383=PLANE('',#6375);
#384=PLANE('',#6376);
#385=PLANE('',#6377);
#386=PLANE('',#6378);
#387=PLANE('',#6379);
#388=PLANE('',#6380);
#389=PLANE('',#6381);
#390=PLANE('',#6382);
#391=PLANE('',#6383);
#392=PLANE('',#6384);
#393=PLANE('',#6385);
#394=PLANE('',#6386);
#395=PLANE('',#6387);
#396=PLANE('',#6388);
#397=PLANE('',#6389);
#398=PLANE('',#6390);
#399=PLANE('',#6391);
#400=PLANE('',#6392);
#401=PLANE('',#6393);
#402=PLANE('',#6394);
#403=PLANE('',#6395);
#404=PLANE('',#6396);
#405=PLANE('',#6397);
#406=PLANE('',#6398);
#407=PLANE('',#6399);
#408=PLANE('',#6400);
#409=PLANE('',#6401);
#410=PLANE('',#6402);
#411=PLANE('',#6404);
#412=PLANE('',#6405);
#413=PLANE('',#6406);
#414=PLANE('',#6407);
#415=PLANE('',#6408);
#416=PLANE('',#6409);
#417=PLANE('',#6410);
#418=PLANE('',#6411);
#419=PLANE('',#6412);
#420=PLANE('',#6413);
#421=PLANE('',#6414);
#422=PLANE('',#6415);
#423=PLANE('',#6416);
#424=PLANE('',#6417);
#425=PLANE('',#6418);
#426=PLANE('',#6419);
#427=PLANE('',#6420);
#428=PLANE('',#6421);
#429=PLANE('',#6422);
#430=PLANE('',#6423);
#431=PLANE('',#6424);
#432=PLANE('',#6425);
#433=PLANE('',#6426);
#434=PLANE('',#6427);
#435=PLANE('',#6428);
#436=PLANE('',#6429);
#437=PLANE('',#6430);
#438=PLANE('',#6431);
#439=PLANE('',#6432);
#440=PLANE('',#6433);
#441=PLANE('',#6434);
#442=PLANE('',#6435);
#443=PLANE('',#6436);
#444=PLANE('',#6437);
#445=PLANE('',#6438);
#446=PLANE('',#6439);
#447=PLANE('',#6440);
#448=PLANE('',#6441);
#449=PLANE('',#6442);
#450=PLANE('',#6443);
#451=PLANE('',#6444);
#452=PLANE('',#6445);
#453=PLANE('',#6446);
#454=PLANE('',#6447);
#455=PLANE('',#6448);
#456=PLANE('',#6449);
#457=PLANE('',#6450);
#458=PLANE('',#6451);
#459=PLANE('',#6452);
#460=PLANE('',#6453);
#461=PLANE('',#6454);
#462=PLANE('',#6455);
#463=PLANE('',#6456);
#464=PLANE('',#6457);
#465=PLANE('',#6458);
#466=PLANE('',#6459);
#467=PLANE('',#6460);
#468=PLANE('',#6461);
#469=PLANE('',#6462);
#470=PLANE('',#6463);
#471=PLANE('',#6464);
#472=PLANE('',#6465);
#473=PLANE('',#6466);
#474=PLANE('',#6467);
#475=PLANE('',#6468);
#476=PLANE('',#6469);
#477=PLANE('',#6470);
#478=PLANE('',#6471);
#479=PLANE('',#6472);
#480=PLANE('',#6473);
#481=PLANE('',#6474);
#482=PLANE('',#6475);
#483=PLANE('',#6476);
#484=PLANE('',#6477);
#485=PLANE('',#6478);
#486=PLANE('',#6479);
#487=PLANE('',#6480);
#488=PLANE('',#6481);
#489=PLANE('',#6482);
#490=PLANE('',#6483);
#491=PLANE('',#6484);
#492=PLANE('',#6485);
#493=PLANE('',#6486);
#494=PLANE('',#6487);
#495=PLANE('',#6488);
#496=PLANE('',#6489);
#497=PLANE('',#6490);
#498=PLANE('',#6491);
#499=PLANE('',#6492);
#500=PLANE('',#6493);
#501=PLANE('',#6494);
#502=PLANE('',#6495);
#503=PLANE('',#6496);
#504=PLANE('',#6497);
#505=PLANE('',#6498);
#506=PLANE('',#6499);
#507=PLANE('',#6500);
#508=PLANE('',#6501);
#509=PLANE('',#6502);
#510=PLANE('',#6503);
#511=PLANE('',#6504);
#512=PLANE('',#6505);
#513=PLANE('',#6506);
#514=PLANE('',#6507);
#515=PLANE('',#6508);
#516=PLANE('',#6509);
#517=PLANE('',#6514);
#518=PLANE('',#6515);
#519=PLANE('',#6517);
#520=PLANE('',#6518);
#521=PLANE('',#6519);
#522=PLANE('',#6520);
#523=PLANE('',#6522);
#524=PLANE('',#6523);
#525=PLANE('',#6530);
#526=PLANE('',#6536);
#527=PLANE('',#6537);
#528=PLANE('',#6538);
#529=PLANE('',#6539);
#530=PLANE('',#6540);
#531=PLANE('',#6541);
#532=PLANE('',#6544);
#533=PLANE('',#6545);
#534=PLANE('',#6546);
#535=PLANE('',#6547);
#536=PLANE('',#6548);
#537=PLANE('',#6550);
#538=PLANE('',#6570);
#539=PLANE('',#6571);
#540=PLANE('',#6572);
#541=PLANE('',#6573);
#542=PLANE('',#6574);
#543=PLANE('',#6575);
#544=PLANE('',#6586);
#545=PLANE('',#6589);
#546=PLANE('',#6590);
#547=PLANE('',#6591);
#548=PLANE('',#6592);
#549=PLANE('',#6593);
#550=PLANE('',#6595);
#551=PLANE('',#6601);
#552=PLANE('',#6602);
#553=PLANE('',#6603);
#554=PLANE('',#6604);
#555=PLANE('',#6605);
#556=PLANE('',#6606);
#557=PLANE('',#6613);
#558=PLANE('',#6614);
#559=PLANE('',#6615);
#560=PLANE('',#6616);
#561=PLANE('',#6617);
#562=PLANE('',#6620);
#563=PLANE('',#6623);
#564=PLANE('',#6626);
#565=LINE('',#8220,#1327);
#566=LINE('',#8226,#1328);
#567=LINE('',#8230,#1329);
#568=LINE('',#8232,#1330);
#569=LINE('',#8234,#1331);
#570=LINE('',#8236,#1332);
#571=LINE('',#8238,#1333);
#572=LINE('',#8240,#1334);
#573=LINE('',#8242,#1335);
#574=LINE('',#8244,#1336);
#575=LINE('',#8246,#1337);
#576=LINE('',#8248,#1338);
#577=LINE('',#8250,#1339);
#578=LINE('',#8252,#1340);
#579=LINE('',#8254,#1341);
#580=LINE('',#8256,#1342);
#581=LINE('',#8258,#1343);
#582=LINE('',#8260,#1344);
#583=LINE('',#8263,#1345);
#584=LINE('',#8265,#1346);
#585=LINE('',#8267,#1347);
#586=LINE('',#8269,#1348);
#587=LINE('',#8271,#1349);
#588=LINE('',#8273,#1350);
#589=LINE('',#8275,#1351);
#590=LINE('',#8277,#1352);
#591=LINE('',#8279,#1353);
#592=LINE('',#8281,#1354);
#593=LINE('',#8283,#1355);
#594=LINE('',#8284,#1356);
#595=LINE('',#8286,#1357);
#596=LINE('',#8288,#1358);
#597=LINE('',#8290,#1359);
#598=LINE('',#8292,#1360);
#599=LINE('',#8297,#1361);
#600=LINE('',#8300,#1362);
#601=LINE('',#8302,#1363);
#602=LINE('',#8304,#1364);
#603=LINE('',#8305,#1365);
#604=LINE('',#8308,#1366);
#605=LINE('',#8310,#1367);
#606=LINE('',#8312,#1368);
#607=LINE('',#8314,#1369);
#608=LINE('',#8317,#1370);
#609=LINE('',#8319,#1371);
#610=LINE('',#8321,#1372);
#611=LINE('',#8323,#1373);
#612=LINE('',#8325,#1374);
#613=LINE('',#8327,#1375);
#614=LINE('',#8329,#1376);
#615=LINE('',#8331,#1377);
#616=LINE('',#8333,#1378);
#617=LINE('',#8335,#1379);
#618=LINE('',#8338,#1380);
#619=LINE('',#8340,#1381);
#620=LINE('',#8342,#1382);
#621=LINE('',#8344,#1383);
#622=LINE('',#8347,#1384);
#623=LINE('',#8349,#1385);
#624=LINE('',#8351,#1386);
#625=LINE('',#8353,#1387);
#626=LINE('',#8356,#1388);
#627=LINE('',#8358,#1389);
#628=LINE('',#8360,#1390);
#629=LINE('',#8362,#1391);
#630=LINE('',#8365,#1392);
#631=LINE('',#8367,#1393);
#632=LINE('',#8369,#1394);
#633=LINE('',#8371,#1395);
#634=LINE('',#8374,#1396);
#635=LINE('',#8376,#1397);
#636=LINE('',#8378,#1398);
#637=LINE('',#8379,#1399);
#638=LINE('',#8382,#1400);
#639=LINE('',#8384,#1401);
#640=LINE('',#8386,#1402);
#641=LINE('',#8387,#1403);
#642=LINE('',#8390,#1404);
#643=LINE('',#8392,#1405);
#644=LINE('',#8394,#1406);
#645=LINE('',#8395,#1407);
#646=LINE('',#8398,#1408);
#647=LINE('',#8400,#1409);
#648=LINE('',#8402,#1410);
#649=LINE('',#8404,#1411);
#650=LINE('',#8407,#1412);
#651=LINE('',#8409,#1413);
#652=LINE('',#8411,#1414);
#653=LINE('',#8413,#1415);
#654=LINE('',#8415,#1416);
#655=LINE('',#8417,#1417);
#656=LINE('',#8419,#1418);
#657=LINE('',#8421,#1419);
#658=LINE('',#8423,#1420);
#659=LINE('',#8425,#1421);
#660=LINE('',#8428,#1422);
#661=LINE('',#8430,#1423);
#662=LINE('',#8432,#1424);
#663=LINE('',#8434,#1425);
#664=LINE('',#8436,#1426);
#665=LINE('',#8438,#1427);
#666=LINE('',#8440,#1428);
#667=LINE('',#8442,#1429);
#668=LINE('',#8443,#1430);
#669=LINE('',#8445,#1431);
#670=LINE('',#8448,#1432);
#671=LINE('',#8450,#1433);
#672=LINE('',#8452,#1434);
#673=LINE('',#8454,#1435);
#674=LINE('',#8456,#1436);
#675=LINE('',#8458,#1437);
#676=LINE('',#8460,#1438);
#677=LINE('',#8462,#1439);
#678=LINE('',#8464,#1440);
#679=LINE('',#8466,#1441);
#680=LINE('',#8468,#1442);
#681=LINE('',#8470,#1443);
#682=LINE('',#8472,#1444);
#683=LINE('',#8473,#1445);
#684=LINE('',#8475,#1446);
#685=LINE('',#8477,#1447);
#686=LINE('',#8479,#1448);
#687=LINE('',#8480,#1449);
#688=LINE('',#8482,#1450);
#689=LINE('',#8485,#1451);
#690=LINE('',#8487,#1452);
#691=LINE('',#8489,#1453);
#692=LINE('',#8491,#1454);
#693=LINE('',#8493,#1455);
#694=LINE('',#8495,#1456);
#695=LINE('',#8496,#1457);
#696=LINE('',#8498,#1458);
#697=LINE('',#8500,#1459);
#698=LINE('',#8502,#1460);
#699=LINE('',#8504,#1461);
#700=LINE('',#8506,#1462);
#701=LINE('',#8508,#1463);
#702=LINE('',#8510,#1464);
#703=LINE('',#8511,#1465);
#704=LINE('',#8513,#1466);
#705=LINE('',#8515,#1467);
#706=LINE('',#8517,#1468);
#707=LINE('',#8519,#1469);
#708=LINE('',#8521,#1470);
#709=LINE('',#8523,#1471);
#710=LINE('',#8526,#1472);
#711=LINE('',#8527,#1473);
#712=LINE('',#8529,#1474);
#713=LINE('',#8531,#1475);
#714=LINE('',#8533,#1476);
#715=LINE('',#8535,#1477);
#716=LINE('',#8537,#1478);
#717=LINE('',#8539,#1479);
#718=LINE('',#8541,#1480);
#719=LINE('',#8542,#1481);
#720=LINE('',#8543,#1482);
#721=LINE('',#8544,#1483);
#722=LINE('',#8546,#1484);
#723=LINE('',#8548,#1485);
#724=LINE('',#8550,#1486);
#725=LINE('',#8552,#1487);
#726=LINE('',#8554,#1488);
#727=LINE('',#8556,#1489);
#728=LINE('',#8557,#1490);
#729=LINE('',#8559,#1491);
#730=LINE('',#8561,#1492);
#731=LINE('',#8563,#1493);
#732=LINE('',#8566,#1494);
#733=LINE('',#8567,#1495);
#734=LINE('',#8569,#1496);
#735=LINE('',#8571,#1497);
#736=LINE('',#8573,#1498);
#737=LINE('',#8575,#1499);
#738=LINE('',#8577,#1500);
#739=LINE('',#8579,#1501);
#740=LINE('',#8581,#1502);
#741=LINE('',#8582,#1503);
#742=LINE('',#8584,#1504);
#743=LINE('',#8586,#1505);
#744=LINE('',#8588,#1506);
#745=LINE('',#8590,#1507);
#746=LINE('',#8592,#1508);
#747=LINE('',#8594,#1509);
#748=LINE('',#8596,#1510);
#749=LINE('',#8598,#1511);
#750=LINE('',#8599,#1512);
#751=LINE('',#8600,#1513);
#752=LINE('',#8602,#1514);
#753=LINE('',#8604,#1515);
#754=LINE('',#8606,#1516);
#755=LINE('',#8608,#1517);
#756=LINE('',#8610,#1518);
#757=LINE('',#8613,#1519);
#758=LINE('',#8615,#1520);
#759=LINE('',#8617,#1521);
#760=LINE('',#8618,#1522);
#761=LINE('',#8621,#1523);
#762=LINE('',#8623,#1524);
#763=LINE('',#8625,#1525);
#764=LINE('',#8626,#1526);
#765=LINE('',#8629,#1527);
#766=LINE('',#8631,#1528);
#767=LINE('',#8633,#1529);
#768=LINE('',#8634,#1530);
#769=LINE('',#8637,#1531);
#770=LINE('',#8639,#1532);
#771=LINE('',#8641,#1533);
#772=LINE('',#8643,#1534);
#773=LINE('',#8645,#1535);
#774=LINE('',#8647,#1536);
#775=LINE('',#8649,#1537);
#776=LINE('',#8651,#1538);
#777=LINE('',#8653,#1539);
#778=LINE('',#8655,#1540);
#779=LINE('',#8657,#1541);
#780=LINE('',#8659,#1542);
#781=LINE('',#8663,#1543);
#782=LINE('',#8665,#1544);
#783=LINE('',#8667,#1545);
#784=LINE('',#8670,#1546);
#785=LINE('',#8673,#1547);
#786=LINE('',#8676,#1548);
#787=LINE('',#8679,#1549);
#788=LINE('',#8680,#1550);
#789=LINE('',#8682,#1551);
#790=LINE('',#8684,#1552);
#791=LINE('',#8686,#1553);
#792=LINE('',#8689,#1554);
#793=LINE('',#8691,#1555);
#794=LINE('',#8692,#1556);
#795=LINE('',#8695,#1557);
#796=LINE('',#8696,#1558);
#797=LINE('',#8698,#1559);
#798=LINE('',#8700,#1560);
#799=LINE('',#8702,#1561);
#800=LINE('',#8704,#1562);
#801=LINE('',#8705,#1563);
#802=LINE('',#8707,#1564);
#803=LINE('',#8709,#1565);
#804=LINE('',#8711,#1566);
#805=LINE('',#8712,#1567);
#806=LINE('',#8714,#1568);
#807=LINE('',#8717,#1569);
#808=LINE('',#8719,#1570);
#809=LINE('',#8721,#1571);
#810=LINE('',#8722,#1572);
#811=LINE('',#8724,#1573);
#812=LINE('',#8726,#1574);
#813=LINE('',#8728,#1575);
#814=LINE('',#8729,#1576);
#815=LINE('',#8731,#1577);
#816=LINE('',#8734,#1578);
#817=LINE('',#8736,#1579);
#818=LINE('',#8738,#1580);
#819=LINE('',#8740,#1581);
#820=LINE('',#8742,#1582);
#821=LINE('',#8744,#1583);
#822=LINE('',#8746,#1584);
#823=LINE('',#8748,#1585);
#824=LINE('',#8750,#1586);
#825=LINE('',#8752,#1587);
#826=LINE('',#8754,#1588);
#827=LINE('',#8756,#1589);
#828=LINE('',#8758,#1590);
#829=LINE('',#8760,#1591);
#830=LINE('',#8762,#1592);
#831=LINE('',#8763,#1593);
#832=LINE('',#8765,#1594);
#833=LINE('',#8767,#1595);
#834=LINE('',#8769,#1596);
#835=LINE('',#8770,#1597);
#836=LINE('',#8772,#1598);
#837=LINE('',#8775,#1599);
#838=LINE('',#8777,#1600);
#839=LINE('',#8779,#1601);
#840=LINE('',#8781,#1602);
#841=LINE('',#8783,#1603);
#842=LINE('',#8785,#1604);
#843=LINE('',#8787,#1605);
#844=LINE('',#8789,#1606);
#845=LINE('',#8791,#1607);
#846=LINE('',#8793,#1608);
#847=LINE('',#8795,#1609);
#848=LINE('',#8797,#1610);
#849=LINE('',#8799,#1611);
#850=LINE('',#8801,#1612);
#851=LINE('',#8803,#1613);
#852=LINE('',#8805,#1614);
#853=LINE('',#8807,#1615);
#854=LINE('',#8809,#1616);
#855=LINE('',#8811,#1617);
#856=LINE('',#8813,#1618);
#857=LINE('',#8815,#1619);
#858=LINE('',#8817,#1620);
#859=LINE('',#8819,#1621);
#860=LINE('',#8821,#1622);
#861=LINE('',#8823,#1623);
#862=LINE('',#8825,#1624);
#863=LINE('',#8827,#1625);
#864=LINE('',#8829,#1626);
#865=LINE('',#8831,#1627);
#866=LINE('',#8833,#1628);
#867=LINE('',#8835,#1629);
#868=LINE('',#8837,#1630);
#869=LINE('',#8839,#1631);
#870=LINE('',#8842,#1632);
#871=LINE('',#8845,#1633);
#872=LINE('',#8847,#1634);
#873=LINE('',#8849,#1635);
#874=LINE('',#8851,#1636);
#875=LINE('',#8854,#1637);
#876=LINE('',#8856,#1638);
#877=LINE('',#8858,#1639);
#878=LINE('',#8860,#1640);
#879=LINE('',#8862,#1641);
#880=LINE('',#8865,#1642);
#881=LINE('',#8868,#1643);
#882=LINE('',#8871,#1644);
#883=LINE('',#8873,#1645);
#884=LINE('',#8875,#1646);
#885=LINE('',#8877,#1647);
#886=LINE('',#8880,#1648);
#887=LINE('',#8883,#1649);
#888=LINE('',#8885,#1650);
#889=LINE('',#8887,#1651);
#890=LINE('',#8889,#1652);
#891=LINE('',#8891,#1653);
#892=LINE('',#8893,#1654);
#893=LINE('',#8895,#1655);
#894=LINE('',#8897,#1656);
#895=LINE('',#8899,#1657);
#896=LINE('',#8901,#1658);
#897=LINE('',#8903,#1659);
#898=LINE('',#8906,#1660);
#899=LINE('',#8908,#1661);
#900=LINE('',#8910,#1662);
#901=LINE('',#8911,#1663);
#902=LINE('',#8914,#1664);
#903=LINE('',#8916,#1665);
#904=LINE('',#8917,#1666);
#905=LINE('',#8918,#1667);
#906=LINE('',#8920,#1668);
#907=LINE('',#8922,#1669);
#908=LINE('',#8924,#1670);
#909=LINE('',#8926,#1671);
#910=LINE('',#8928,#1672);
#911=LINE('',#8929,#1673);
#912=LINE('',#8930,#1674);
#913=LINE('',#8932,#1675);
#914=LINE('',#8935,#1676);
#915=LINE('',#8937,#1677);
#916=LINE('',#8939,#1678);
#917=LINE('',#8941,#1679);
#918=LINE('',#8943,#1680);
#919=LINE('',#8945,#1681);
#920=LINE('',#8947,#1682);
#921=LINE('',#8949,#1683);
#922=LINE('',#8952,#1684);
#923=LINE('',#8955,#1685);
#924=LINE('',#8956,#1686);
#925=LINE('',#8958,#1687);
#926=LINE('',#8960,#1688);
#927=LINE('',#8962,#1689);
#928=LINE('',#8964,#1690);
#929=LINE('',#8966,#1691);
#930=LINE('',#8968,#1692);
#931=LINE('',#8970,#1693);
#932=LINE('',#8972,#1694);
#933=LINE('',#8974,#1695);
#934=LINE('',#8976,#1696);
#935=LINE('',#8978,#1697);
#936=LINE('',#8981,#1698);
#937=LINE('',#8983,#1699);
#938=LINE('',#8985,#1700);
#939=LINE('',#8986,#1701);
#940=LINE('',#8989,#1702);
#941=LINE('',#8990,#1703);
#942=LINE('',#8991,#1704);
#943=LINE('',#8992,#1705);
#944=LINE('',#8994,#1706);
#945=LINE('',#8996,#1707);
#946=LINE('',#8997,#1708);
#947=LINE('',#8999,#1709);
#948=LINE('',#9001,#1710);
#949=LINE('',#9003,#1711);
#950=LINE('',#9005,#1712);
#951=LINE('',#9007,#1713);
#952=LINE('',#9009,#1714);
#953=LINE('',#9013,#1715);
#954=LINE('',#9015,#1716);
#955=LINE('',#9017,#1717);
#956=LINE('',#9019,#1718);
#957=LINE('',#9021,#1719);
#958=LINE('',#9023,#1720);
#959=LINE('',#9025,#1721);
#960=LINE('',#9027,#1722);
#961=LINE('',#9031,#1723);
#962=LINE('',#9034,#1724);
#963=LINE('',#9036,#1725);
#964=LINE('',#9038,#1726);
#965=LINE('',#9040,#1727);
#966=LINE('',#9042,#1728);
#967=LINE('',#9044,#1729);
#968=LINE('',#9046,#1730);
#969=LINE('',#9048,#1731);
#970=LINE('',#9050,#1732);
#971=LINE('',#9052,#1733);
#972=LINE('',#9054,#1734);
#973=LINE('',#9057,#1735);
#974=LINE('',#9058,#1736);
#975=LINE('',#9060,#1737);
#976=LINE('',#9062,#1738);
#977=LINE('',#9064,#1739);
#978=LINE('',#9066,#1740);
#979=LINE('',#9068,#1741);
#980=LINE('',#9071,#1742);
#981=LINE('',#9073,#1743);
#982=LINE('',#9075,#1744);
#983=LINE('',#9077,#1745);
#984=LINE('',#9079,#1746);
#985=LINE('',#9081,#1747);
#986=LINE('',#9083,#1748);
#987=LINE('',#9085,#1749);
#988=LINE('',#9088,#1750);
#989=LINE('',#9090,#1751);
#990=LINE('',#9092,#1752);
#991=LINE('',#9096,#1753);
#992=LINE('',#9099,#1754);
#993=LINE('',#9101,#1755);
#994=LINE('',#9103,#1756);
#995=LINE('',#9104,#1757);
#996=LINE('',#9107,#1758);
#997=LINE('',#9109,#1759);
#998=LINE('',#9111,#1760);
#999=LINE('',#9112,#1761);
#1000=LINE('',#9115,#1762);
#1001=LINE('',#9117,#1763);
#1002=LINE('',#9119,#1764);
#1003=LINE('',#9120,#1765);
#1004=LINE('',#9123,#1766);
#1005=LINE('',#9125,#1767);
#1006=LINE('',#9127,#1768);
#1007=LINE('',#9128,#1769);
#1008=LINE('',#9131,#1770);
#1009=LINE('',#9133,#1771);
#1010=LINE('',#9135,#1772);
#1011=LINE('',#9136,#1773);
#1012=LINE('',#9139,#1774);
#1013=LINE('',#9141,#1775);
#1014=LINE('',#9143,#1776);
#1015=LINE('',#9145,#1777);
#1016=LINE('',#9148,#1778);
#1017=LINE('',#9150,#1779);
#1018=LINE('',#9152,#1780);
#1019=LINE('',#9153,#1781);
#1020=LINE('',#9156,#1782);
#1021=LINE('',#9158,#1783);
#1022=LINE('',#9160,#1784);
#1023=LINE('',#9161,#1785);
#1024=LINE('',#9164,#1786);
#1025=LINE('',#9166,#1787);
#1026=LINE('',#9168,#1788);
#1027=LINE('',#9169,#1789);
#1028=LINE('',#9172,#1790);
#1029=LINE('',#9174,#1791);
#1030=LINE('',#9176,#1792);
#1031=LINE('',#9177,#1793);
#1032=LINE('',#9180,#1794);
#1033=LINE('',#9182,#1795);
#1034=LINE('',#9184,#1796);
#1035=LINE('',#9185,#1797);
#1036=LINE('',#9188,#1798);
#1037=LINE('',#9190,#1799);
#1038=LINE('',#9192,#1800);
#1039=LINE('',#9193,#1801);
#1040=LINE('',#9196,#1802);
#1041=LINE('',#9198,#1803);
#1042=LINE('',#9200,#1804);
#1043=LINE('',#9201,#1805);
#1044=LINE('',#9204,#1806);
#1045=LINE('',#9206,#1807);
#1046=LINE('',#9208,#1808);
#1047=LINE('',#9209,#1809);
#1048=LINE('',#9212,#1810);
#1049=LINE('',#9214,#1811);
#1050=LINE('',#9216,#1812);
#1051=LINE('',#9217,#1813);
#1052=LINE('',#9220,#1814);
#1053=LINE('',#9222,#1815);
#1054=LINE('',#9224,#1816);
#1055=LINE('',#9225,#1817);
#1056=LINE('',#9228,#1818);
#1057=LINE('',#9230,#1819);
#1058=LINE('',#9232,#1820);
#1059=LINE('',#9233,#1821);
#1060=LINE('',#9236,#1822);
#1061=LINE('',#9238,#1823);
#1062=LINE('',#9240,#1824);
#1063=LINE('',#9242,#1825);
#1064=LINE('',#9243,#1826);
#1065=LINE('',#9244,#1827);
#1066=LINE('',#9247,#1828);
#1067=LINE('',#9249,#1829);
#1068=LINE('',#9251,#1830);
#1069=LINE('',#9252,#1831);
#1070=LINE('',#9255,#1832);
#1071=LINE('',#9257,#1833);
#1072=LINE('',#9259,#1834);
#1073=LINE('',#9261,#1835);
#1074=LINE('',#9264,#1836);
#1075=LINE('',#9266,#1837);
#1076=LINE('',#9268,#1838);
#1077=LINE('',#9269,#1839);
#1078=LINE('',#9270,#1840);
#1079=LINE('',#9271,#1841);
#1080=LINE('',#9274,#1842);
#1081=LINE('',#9276,#1843);
#1082=LINE('',#9278,#1844);
#1083=LINE('',#9282,#1845);
#1084=LINE('',#9284,#1846);
#1085=LINE('',#9286,#1847);
#1086=LINE('',#9288,#1848);
#1087=LINE('',#9290,#1849);
#1088=LINE('',#9292,#1850);
#1089=LINE('',#9294,#1851);
#1090=LINE('',#9296,#1852);
#1091=LINE('',#9299,#1853);
#1092=LINE('',#9301,#1854);
#1093=LINE('',#9303,#1855);
#1094=LINE('',#9305,#1856);
#1095=LINE('',#9307,#1857);
#1096=LINE('',#9309,#1858);
#1097=LINE('',#9311,#1859);
#1098=LINE('',#9313,#1860);
#1099=LINE('',#9316,#1861);
#1100=LINE('',#9318,#1862);
#1101=LINE('',#9320,#1863);
#1102=LINE('',#9322,#1864);
#1103=LINE('',#9324,#1865);
#1104=LINE('',#9326,#1866);
#1105=LINE('',#9328,#1867);
#1106=LINE('',#9330,#1868);
#1107=LINE('',#9333,#1869);
#1108=LINE('',#9335,#1870);
#1109=LINE('',#9337,#1871);
#1110=LINE('',#9339,#1872);
#1111=LINE('',#9341,#1873);
#1112=LINE('',#9343,#1874);
#1113=LINE('',#9345,#1875);
#1114=LINE('',#9347,#1876);
#1115=LINE('',#9350,#1877);
#1116=LINE('',#9352,#1878);
#1117=LINE('',#9354,#1879);
#1118=LINE('',#9356,#1880);
#1119=LINE('',#9358,#1881);
#1120=LINE('',#9360,#1882);
#1121=LINE('',#9362,#1883);
#1122=LINE('',#9364,#1884);
#1123=LINE('',#9367,#1885);
#1124=LINE('',#9369,#1886);
#1125=LINE('',#9371,#1887);
#1126=LINE('',#9373,#1888);
#1127=LINE('',#9375,#1889);
#1128=LINE('',#9377,#1890);
#1129=LINE('',#9379,#1891);
#1130=LINE('',#9381,#1892);
#1131=LINE('',#9384,#1893);
#1132=LINE('',#9387,#1894);
#1133=LINE('',#9389,#1895);
#1134=LINE('',#9391,#1896);
#1135=LINE('',#9393,#1897);
#1136=LINE('',#9394,#1898);
#1137=LINE('',#9396,#1899);
#1138=LINE('',#9397,#1900);
#1139=LINE('',#9400,#1901);
#1140=LINE('',#9403,#1902);
#1141=LINE('',#9405,#1903);
#1142=LINE('',#9407,#1904);
#1143=LINE('',#9409,#1905);
#1144=LINE('',#9410,#1906);
#1145=LINE('',#9412,#1907);
#1146=LINE('',#9413,#1908);
#1147=LINE('',#9417,#1909);
#1148=LINE('',#9419,#1910);
#1149=LINE('',#9421,#1911);
#1150=LINE('',#9423,#1912);
#1151=LINE('',#9425,#1913);
#1152=LINE('',#9427,#1914);
#1153=LINE('',#9429,#1915);
#1154=LINE('',#9431,#1916);
#1155=LINE('',#9434,#1917);
#1156=LINE('',#9436,#1918);
#1157=LINE('',#9438,#1919);
#1158=LINE('',#9440,#1920);
#1159=LINE('',#9442,#1921);
#1160=LINE('',#9444,#1922);
#1161=LINE('',#9446,#1923);
#1162=LINE('',#9448,#1924);
#1163=LINE('',#9451,#1925);
#1164=LINE('',#9453,#1926);
#1165=LINE('',#9455,#1927);
#1166=LINE('',#9457,#1928);
#1167=LINE('',#9459,#1929);
#1168=LINE('',#9461,#1930);
#1169=LINE('',#9463,#1931);
#1170=LINE('',#9465,#1932);
#1171=LINE('',#9468,#1933);
#1172=LINE('',#9470,#1934);
#1173=LINE('',#9472,#1935);
#1174=LINE('',#9474,#1936);
#1175=LINE('',#9476,#1937);
#1176=LINE('',#9478,#1938);
#1177=LINE('',#9480,#1939);
#1178=LINE('',#9482,#1940);
#1179=LINE('',#9485,#1941);
#1180=LINE('',#9487,#1942);
#1181=LINE('',#9489,#1943);
#1182=LINE('',#9491,#1944);
#1183=LINE('',#9493,#1945);
#1184=LINE('',#9495,#1946);
#1185=LINE('',#9497,#1947);
#1186=LINE('',#9499,#1948);
#1187=LINE('',#9502,#1949);
#1188=LINE('',#9504,#1950);
#1189=LINE('',#9506,#1951);
#1190=LINE('',#9508,#1952);
#1191=LINE('',#9510,#1953);
#1192=LINE('',#9512,#1954);
#1193=LINE('',#9514,#1955);
#1194=LINE('',#9516,#1956);
#1195=LINE('',#9520,#1957);
#1196=LINE('',#9522,#1958);
#1197=LINE('',#9524,#1959);
#1198=LINE('',#9526,#1960);
#1199=LINE('',#9528,#1961);
#1200=LINE('',#9530,#1962);
#1201=LINE('',#9532,#1963);
#1202=LINE('',#9534,#1964);
#1203=LINE('',#9537,#1965);
#1204=LINE('',#9539,#1966);
#1205=LINE('',#9541,#1967);
#1206=LINE('',#9543,#1968);
#1207=LINE('',#9545,#1969);
#1208=LINE('',#9547,#1970);
#1209=LINE('',#9549,#1971);
#1210=LINE('',#9551,#1972);
#1211=LINE('',#9554,#1973);
#1212=LINE('',#9556,#1974);
#1213=LINE('',#9558,#1975);
#1214=LINE('',#9560,#1976);
#1215=LINE('',#9562,#1977);
#1216=LINE('',#9564,#1978);
#1217=LINE('',#9566,#1979);
#1218=LINE('',#9568,#1980);
#1219=LINE('',#9571,#1981);
#1220=LINE('',#9573,#1982);
#1221=LINE('',#9575,#1983);
#1222=LINE('',#9577,#1984);
#1223=LINE('',#9579,#1985);
#1224=LINE('',#9581,#1986);
#1225=LINE('',#9583,#1987);
#1226=LINE('',#9585,#1988);
#1227=LINE('',#9588,#1989);
#1228=LINE('',#9590,#1990);
#1229=LINE('',#9592,#1991);
#1230=LINE('',#9594,#1992);
#1231=LINE('',#9596,#1993);
#1232=LINE('',#9598,#1994);
#1233=LINE('',#9600,#1995);
#1234=LINE('',#9602,#1996);
#1235=LINE('',#9605,#1997);
#1236=LINE('',#9607,#1998);
#1237=LINE('',#9609,#1999);
#1238=LINE('',#9611,#2000);
#1239=LINE('',#9613,#2001);
#1240=LINE('',#9615,#2002);
#1241=LINE('',#9617,#2003);
#1242=LINE('',#9619,#2004);
#1243=LINE('',#9631,#2005);
#1244=LINE('',#9634,#2006);
#1245=LINE('',#9636,#2007);
#1246=LINE('',#9638,#2008);
#1247=LINE('',#9640,#2009);
#1248=LINE('',#9642,#2010);
#1249=LINE('',#9644,#2011);
#1250=LINE('',#9646,#2012);
#1251=LINE('',#9648,#2013);
#1252=LINE('',#9650,#2014);
#1253=LINE('',#9654,#2015);
#1254=LINE('',#9655,#2016);
#1255=LINE('',#9675,#2017);
#1256=LINE('',#9678,#2018);
#1257=LINE('',#9680,#2019);
#1258=LINE('',#9682,#2020);
#1259=LINE('',#9684,#2021);
#1260=LINE('',#9686,#2022);
#1261=LINE('',#9688,#2023);
#1262=LINE('',#9690,#2024);
#1263=LINE('',#9692,#2025);
#1264=LINE('',#9694,#2026);
#1265=LINE('',#9696,#2027);
#1266=LINE('',#9697,#2028);
#1267=LINE('',#9703,#2029);
#1268=LINE('',#9706,#2030);
#1269=LINE('',#9708,#2031);
#1270=LINE('',#9710,#2032);
#1271=LINE('',#9712,#2033);
#1272=LINE('',#9714,#2034);
#1273=LINE('',#9716,#2035);
#1274=LINE('',#9718,#2036);
#1275=LINE('',#9720,#2037);
#1276=LINE('',#9722,#2038);
#1277=LINE('',#9724,#2039);
#1278=LINE('',#9725,#2040);
#1279=LINE('',#9751,#2041);
#1280=LINE('',#9754,#2042);
#1281=LINE('',#9756,#2043);
#1282=LINE('',#9758,#2044);
#1283=LINE('',#9760,#2045);
#1284=LINE('',#9762,#2046);
#1285=LINE('',#9764,#2047);
#1286=LINE('',#9766,#2048);
#1287=LINE('',#9768,#2049);
#1288=LINE('',#9770,#2050);
#1289=LINE('',#9772,#2051);
#1290=LINE('',#9773,#2052);
#1291=LINE('',#9792,#2053);
#1292=LINE('',#9795,#2054);
#1293=LINE('',#9797,#2055);
#1294=LINE('',#9799,#2056);
#1295=LINE('',#9801,#2057);
#1296=LINE('',#9803,#2058);
#1297=LINE('',#9805,#2059);
#1298=LINE('',#9807,#2060);
#1299=LINE('',#9809,#2061);
#1300=LINE('',#9811,#2062);
#1301=LINE('',#9813,#2063);
#1302=LINE('',#9814,#2064);
#1303=LINE('',#9845,#2065);
#1304=LINE('',#9848,#2066);
#1305=LINE('',#9850,#2067);
#1306=LINE('',#9852,#2068);
#1307=LINE('',#9854,#2069);
#1308=LINE('',#9856,#2070);
#1309=LINE('',#9858,#2071);
#1310=LINE('',#9860,#2072);
#1311=LINE('',#9862,#2073);
#1312=LINE('',#9864,#2074);
#1313=LINE('',#9866,#2075);
#1314=LINE('',#9867,#2076);
#1315=LINE('',#9877,#2077);
#1316=LINE('',#9880,#2078);
#1317=LINE('',#9882,#2079);
#1318=LINE('',#9884,#2080);
#1319=LINE('',#9886,#2081);
#1320=LINE('',#9888,#2082);
#1321=LINE('',#9890,#2083);
#1322=LINE('',#9892,#2084);
#1323=LINE('',#9894,#2085);
#1324=LINE('',#9896,#2086);
#1325=LINE('',#9898,#2087);
#1326=LINE('',#9899,#2088);
#1327=VECTOR('',#6647,1.);
#1328=VECTOR('',#6652,1.);
#1329=VECTOR('',#6657,1.);
#1330=VECTOR('',#6658,1.);
#1331=VECTOR('',#6661,1.);
#1332=VECTOR('',#6662,1.);
#1333=VECTOR('',#6665,1.);
#1334=VECTOR('',#6666,1.);
#1335=VECTOR('',#6669,1.);
#1336=VECTOR('',#6670,1.);
#1337=VECTOR('',#6673,1.);
#1338=VECTOR('',#6674,1.);
#1339=VECTOR('',#6675,1.);
#1340=VECTOR('',#6678,1.);
#1341=VECTOR('',#6679,1.);
#1342=VECTOR('',#6682,1.);
#1343=VECTOR('',#6683,1.);
#1344=VECTOR('',#6686,1.);
#1345=VECTOR('',#6691,1.);
#1346=VECTOR('',#6692,1.);
#1347=VECTOR('',#6695,1.);
#1348=VECTOR('',#6696,1.);
#1349=VECTOR('',#6699,1.);
#1350=VECTOR('',#6700,1.);
#1351=VECTOR('',#6703,1.);
#1352=VECTOR('',#6704,1.);
#1353=VECTOR('',#6705,1.);
#1354=VECTOR('',#6706,1.);
#1355=VECTOR('',#6709,1.);
#1356=VECTOR('',#6710,1.);
#1357=VECTOR('',#6711,1.);
#1358=VECTOR('',#6714,1.);
#1359=VECTOR('',#6715,1.);
#1360=VECTOR('',#6718,1.);
#1361=VECTOR('',#6727,1.);
#1362=VECTOR('',#6728,1.);
#1363=VECTOR('',#6729,1.);
#1364=VECTOR('',#6730,1.);
#1365=VECTOR('',#6731,1.);
#1366=VECTOR('',#6732,1.);
#1367=VECTOR('',#6733,1.);
#1368=VECTOR('',#6734,1.);
#1369=VECTOR('',#6737,1.);
#1370=VECTOR('',#6738,1.);
#1371=VECTOR('',#6739,1.);
#1372=VECTOR('',#6740,1.);
#1373=VECTOR('',#6741,1.);
#1374=VECTOR('',#6742,1.);
#1375=VECTOR('',#6743,1.);
#1376=VECTOR('',#6744,1.);
#1377=VECTOR('',#6745,1.);
#1378=VECTOR('',#6746,1.);
#1379=VECTOR('',#6749,1.);
#1380=VECTOR('',#6750,1.);
#1381=VECTOR('',#6751,1.);
#1382=VECTOR('',#6752,1.);
#1383=VECTOR('',#6755,1.);
#1384=VECTOR('',#6756,1.);
#1385=VECTOR('',#6757,1.);
#1386=VECTOR('',#6758,1.);
#1387=VECTOR('',#6761,1.);
#1388=VECTOR('',#6762,1.);
#1389=VECTOR('',#6763,1.);
#1390=VECTOR('',#6764,1.);
#1391=VECTOR('',#6767,1.);
#1392=VECTOR('',#6768,1.);
#1393=VECTOR('',#6769,1.);
#1394=VECTOR('',#6770,1.);
#1395=VECTOR('',#6773,1.);
#1396=VECTOR('',#6774,1.);
#1397=VECTOR('',#6775,1.);
#1398=VECTOR('',#6776,1.);
#1399=VECTOR('',#6777,1.);
#1400=VECTOR('',#6778,1.);
#1401=VECTOR('',#6779,1.);
#1402=VECTOR('',#6780,1.);
#1403=VECTOR('',#6781,1.);
#1404=VECTOR('',#6782,1.);
#1405=VECTOR('',#6783,1.);
#1406=VECTOR('',#6784,1.);
#1407=VECTOR('',#6785,1.);
#1408=VECTOR('',#6786,1.);
#1409=VECTOR('',#6787,1.);
#1410=VECTOR('',#6788,1.);
#1411=VECTOR('',#6791,1.);
#1412=VECTOR('',#6792,1.);
#1413=VECTOR('',#6793,1.);
#1414=VECTOR('',#6794,1.);
#1415=VECTOR('',#6795,1.);
#1416=VECTOR('',#6796,1.);
#1417=VECTOR('',#6797,1.);
#1418=VECTOR('',#6798,1.);
#1419=VECTOR('',#6799,1.);
#1420=VECTOR('',#6800,1.);
#1421=VECTOR('',#6803,1.);
#1422=VECTOR('',#6804,1.);
#1423=VECTOR('',#6805,1.);
#1424=VECTOR('',#6806,1.);
#1425=VECTOR('',#6807,1.);
#1426=VECTOR('',#6808,1.);
#1427=VECTOR('',#6809,1.);
#1428=VECTOR('',#6810,1.);
#1429=VECTOR('',#6813,1.);
#1430=VECTOR('',#6814,1.);
#1431=VECTOR('',#6817,1.);
#1432=VECTOR('',#6818,1.);
#1433=VECTOR('',#6819,1.);
#1434=VECTOR('',#6820,1.);
#1435=VECTOR('',#6821,1.);
#1436=VECTOR('',#6822,1.);
#1437=VECTOR('',#6823,1.);
#1438=VECTOR('',#6824,1.);
#1439=VECTOR('',#6825,1.);
#1440=VECTOR('',#6826,1.);
#1441=VECTOR('',#6827,1.);
#1442=VECTOR('',#6828,1.);
#1443=VECTOR('',#6831,1.);
#1444=VECTOR('',#6832,1.);
#1445=VECTOR('',#6833,1.);
#1446=VECTOR('',#6834,1.);
#1447=VECTOR('',#6835,1.);
#1448=VECTOR('',#6836,1.);
#1449=VECTOR('',#6837,1.);
#1450=VECTOR('',#6840,1.);
#1451=VECTOR('',#6841,1.);
#1452=VECTOR('',#6842,1.);
#1453=VECTOR('',#6843,1.);
#1454=VECTOR('',#6844,1.);
#1455=VECTOR('',#6845,1.);
#1456=VECTOR('',#6846,1.);
#1457=VECTOR('',#6847,1.);
#1458=VECTOR('',#6848,1.);
#1459=VECTOR('',#6849,1.);
#1460=VECTOR('',#6850,1.);
#1461=VECTOR('',#6851,1.);
#1462=VECTOR('',#6852,1.);
#1463=VECTOR('',#6853,1.);
#1464=VECTOR('',#6854,1.);
#1465=VECTOR('',#6855,1.);
#1466=VECTOR('',#6856,1.);
#1467=VECTOR('',#6857,1.);
#1468=VECTOR('',#6860,1.);
#1469=VECTOR('',#6861,1.);
#1470=VECTOR('',#6862,1.);
#1471=VECTOR('',#6865,1.);
#1472=VECTOR('',#6866,1.);
#1473=VECTOR('',#6867,1.);
#1474=VECTOR('',#6870,1.);
#1475=VECTOR('',#6871,1.);
#1476=VECTOR('',#6874,1.);
#1477=VECTOR('',#6875,1.);
#1478=VECTOR('',#6876,1.);
#1479=VECTOR('',#6879,1.);
#1480=VECTOR('',#6880,1.);
#1481=VECTOR('',#6881,1.);
#1482=VECTOR('',#6882,1.);
#1483=VECTOR('',#6883,1.);
#1484=VECTOR('',#6884,1.);
#1485=VECTOR('',#6887,1.);
#1486=VECTOR('',#6888,1.);
#1487=VECTOR('',#6891,1.);
#1488=VECTOR('',#6892,1.);
#1489=VECTOR('',#6895,1.);
#1490=VECTOR('',#6896,1.);
#1491=VECTOR('',#6897,1.);
#1492=VECTOR('',#6898,1.);
#1493=VECTOR('',#6901,1.);
#1494=VECTOR('',#6902,1.);
#1495=VECTOR('',#6903,1.);
#1496=VECTOR('',#6904,1.);
#1497=VECTOR('',#6907,1.);
#1498=VECTOR('',#6908,1.);
#1499=VECTOR('',#6909,1.);
#1500=VECTOR('',#6910,1.);
#1501=VECTOR('',#6913,1.);
#1502=VECTOR('',#6916,1.);
#1503=VECTOR('',#6917,1.);
#1504=VECTOR('',#6920,1.);
#1505=VECTOR('',#6921,1.);
#1506=VECTOR('',#6922,1.);
#1507=VECTOR('',#6923,1.);
#1508=VECTOR('',#6924,1.);
#1509=VECTOR('',#6925,1.);
#1510=VECTOR('',#6926,1.);
#1511=VECTOR('',#6929,1.);
#1512=VECTOR('',#6930,1.);
#1513=VECTOR('',#6931,1.);
#1514=VECTOR('',#6932,1.);
#1515=VECTOR('',#6933,1.);
#1516=VECTOR('',#6934,1.);
#1517=VECTOR('',#6935,1.);
#1518=VECTOR('',#6938,1.);
#1519=VECTOR('',#6939,1.);
#1520=VECTOR('',#6940,1.);
#1521=VECTOR('',#6941,1.);
#1522=VECTOR('',#6942,1.);
#1523=VECTOR('',#6943,1.);
#1524=VECTOR('',#6944,1.);
#1525=VECTOR('',#6945,1.);
#1526=VECTOR('',#6946,1.);
#1527=VECTOR('',#6947,1.);
#1528=VECTOR('',#6948,1.);
#1529=VECTOR('',#6949,1.);
#1530=VECTOR('',#6950,1.);
#1531=VECTOR('',#6951,1.);
#1532=VECTOR('',#6952,1.);
#1533=VECTOR('',#6953,1.);
#1534=VECTOR('',#6956,1.);
#1535=VECTOR('',#6957,1.);
#1536=VECTOR('',#6960,1.);
#1537=VECTOR('',#6961,1.);
#1538=VECTOR('',#6962,1.);
#1539=VECTOR('',#6963,1.);
#1540=VECTOR('',#6966,1.);
#1541=VECTOR('',#6969,1.);
#1542=VECTOR('',#6972,1.);
#1543=VECTOR('',#6979,1.);
#1544=VECTOR('',#6980,1.);
#1545=VECTOR('',#6981,1.);
#1546=VECTOR('',#6986,1.);
#1547=VECTOR('',#6991,1.);
#1548=VECTOR('',#6996,1.);
#1549=VECTOR('',#6997,1.);
#1550=VECTOR('',#6998,1.);
#1551=VECTOR('',#7001,1.);
#1552=VECTOR('',#7002,1.);
#1553=VECTOR('',#7003,1.);
#1554=VECTOR('',#7008,1.);
#1555=VECTOR('',#7011,1.);
#1556=VECTOR('',#7012,1.);
#1557=VECTOR('',#7017,1.);
#1558=VECTOR('',#7018,1.);
#1559=VECTOR('',#7021,1.);
#1560=VECTOR('',#7024,1.);
#1561=VECTOR('',#7025,1.);
#1562=VECTOR('',#7026,1.);
#1563=VECTOR('',#7027,1.);
#1564=VECTOR('',#7030,1.);
#1565=VECTOR('',#7031,1.);
#1566=VECTOR('',#7034,1.);
#1567=VECTOR('',#7035,1.);
#1568=VECTOR('',#7036,1.);
#1569=VECTOR('',#7041,1.);
#1570=VECTOR('',#7042,1.);
#1571=VECTOR('',#7043,1.);
#1572=VECTOR('',#7044,1.);
#1573=VECTOR('',#7047,1.);
#1574=VECTOR('',#7048,1.);
#1575=VECTOR('',#7051,1.);
#1576=VECTOR('',#7052,1.);
#1577=VECTOR('',#7053,1.);
#1578=VECTOR('',#7058,1.);
#1579=VECTOR('',#7059,1.);
#1580=VECTOR('',#7060,1.);
#1581=VECTOR('',#7063,1.);
#1582=VECTOR('',#7064,1.);
#1583=VECTOR('',#7065,1.);
#1584=VECTOR('',#7066,1.);
#1585=VECTOR('',#7069,1.);
#1586=VECTOR('',#7070,1.);
#1587=VECTOR('',#7073,1.);
#1588=VECTOR('',#7074,1.);
#1589=VECTOR('',#7075,1.);
#1590=VECTOR('',#7078,1.);
#1591=VECTOR('',#7079,1.);
#1592=VECTOR('',#7080,1.);
#1593=VECTOR('',#7081,1.);
#1594=VECTOR('',#7084,1.);
#1595=VECTOR('',#7085,1.);
#1596=VECTOR('',#7088,1.);
#1597=VECTOR('',#7089,1.);
#1598=VECTOR('',#7090,1.);
#1599=VECTOR('',#7095,1.);
#1600=VECTOR('',#7096,1.);
#1601=VECTOR('',#7097,1.);
#1602=VECTOR('',#7100,1.);
#1603=VECTOR('',#7101,1.);
#1604=VECTOR('',#7104,1.);
#1605=VECTOR('',#7105,1.);
#1606=VECTOR('',#7108,1.);
#1607=VECTOR('',#7111,1.);
#1608=VECTOR('',#7112,1.);
#1609=VECTOR('',#7113,1.);
#1610=VECTOR('',#7116,1.);
#1611=VECTOR('',#7117,1.);
#1612=VECTOR('',#7120,1.);
#1613=VECTOR('',#7121,1.);
#1614=VECTOR('',#7124,1.);
#1615=VECTOR('',#7127,1.);
#1616=VECTOR('',#7128,1.);
#1617=VECTOR('',#7129,1.);
#1618=VECTOR('',#7132,1.);
#1619=VECTOR('',#7133,1.);
#1620=VECTOR('',#7136,1.);
#1621=VECTOR('',#7137,1.);
#1622=VECTOR('',#7140,1.);
#1623=VECTOR('',#7143,1.);
#1624=VECTOR('',#7144,1.);
#1625=VECTOR('',#7145,1.);
#1626=VECTOR('',#7148,1.);
#1627=VECTOR('',#7149,1.);
#1628=VECTOR('',#7152,1.);
#1629=VECTOR('',#7153,1.);
#1630=VECTOR('',#7156,1.);
#1631=VECTOR('',#7159,1.);
#1632=VECTOR('',#7164,1.);
#1633=VECTOR('',#7165,1.);
#1634=VECTOR('',#7166,1.);
#1635=VECTOR('',#7167,1.);
#1636=VECTOR('',#7170,1.);
#1637=VECTOR('',#7171,1.);
#1638=VECTOR('',#7172,1.);
#1639=VECTOR('',#7173,1.);
#1640=VECTOR('',#7176,1.);
#1641=VECTOR('',#7179,1.);
#1642=VECTOR('',#7184,1.);
#1643=VECTOR('',#7189,1.);
#1644=VECTOR('',#7190,1.);
#1645=VECTOR('',#7191,1.);
#1646=VECTOR('',#7192,1.);
#1647=VECTOR('',#7195,1.);
#1648=VECTOR('',#7200,1.);
#1649=VECTOR('',#7201,1.);
#1650=VECTOR('',#7202,1.);
#1651=VECTOR('',#7203,1.);
#1652=VECTOR('',#7206,1.);
#1653=VECTOR('',#7207,1.);
#1654=VECTOR('',#7208,1.);
#1655=VECTOR('',#7211,1.);
#1656=VECTOR('',#7212,1.);
#1657=VECTOR('',#7215,1.);
#1658=VECTOR('',#7216,1.);
#1659=VECTOR('',#7219,1.);
#1660=VECTOR('',#7220,1.);
#1661=VECTOR('',#7221,1.);
#1662=VECTOR('',#7222,1.);
#1663=VECTOR('',#7223,1.);
#1664=VECTOR('',#7228,1.);
#1665=VECTOR('',#7229,1.);
#1666=VECTOR('',#7230,1.);
#1667=VECTOR('',#7231,1.);
#1668=VECTOR('',#7232,1.);
#1669=VECTOR('',#7235,1.);
#1670=VECTOR('',#7236,1.);
#1671=VECTOR('',#7239,1.);
#1672=VECTOR('',#7240,1.);
#1673=VECTOR('',#7241,1.);
#1674=VECTOR('',#7242,1.);
#1675=VECTOR('',#7245,1.);
#1676=VECTOR('',#7250,1.);
#1677=VECTOR('',#7251,1.);
#1678=VECTOR('',#7252,1.);
#1679=VECTOR('',#7255,1.);
#1680=VECTOR('',#7256,1.);
#1681=VECTOR('',#7259,1.);
#1682=VECTOR('',#7260,1.);
#1683=VECTOR('',#7263,1.);
#1684=VECTOR('',#7268,1.);
#1685=VECTOR('',#7269,1.);
#1686=VECTOR('',#7270,1.);
#1687=VECTOR('',#7273,1.);
#1688=VECTOR('',#7274,1.);
#1689=VECTOR('',#7275,1.);
#1690=VECTOR('',#7276,1.);
#1691=VECTOR('',#7279,1.);
#1692=VECTOR('',#7280,1.);
#1693=VECTOR('',#7283,1.);
#1694=VECTOR('',#7286,1.);
#1695=VECTOR('',#7287,1.);
#1696=VECTOR('',#7288,1.);
#1697=VECTOR('',#7291,1.);
#1698=VECTOR('',#7292,1.);
#1699=VECTOR('',#7293,1.);
#1700=VECTOR('',#7294,1.);
#1701=VECTOR('',#7295,1.);
#1702=VECTOR('',#7296,1.);
#1703=VECTOR('',#7297,1.);
#1704=VECTOR('',#7298,1.);
#1705=VECTOR('',#7299,1.);
#1706=VECTOR('',#7302,1.);
#1707=VECTOR('',#7305,1.);
#1708=VECTOR('',#7306,1.);
#1709=VECTOR('',#7307,1.);
#1710=VECTOR('',#7310,1.);
#1711=VECTOR('',#7311,1.);
#1712=VECTOR('',#7312,1.);
#1713=VECTOR('',#7315,1.);
#1714=VECTOR('',#7318,1.);
#1715=VECTOR('',#7325,1.);
#1716=VECTOR('',#7326,1.);
#1717=VECTOR('',#7327,1.);
#1718=VECTOR('',#7330,1.);
#1719=VECTOR('',#7331,1.);
#1720=VECTOR('',#7334,1.);
#1721=VECTOR('',#7335,1.);
#1722=VECTOR('',#7338,1.);
#1723=VECTOR('',#7345,1.);
#1724=VECTOR('',#7346,1.);
#1725=VECTOR('',#7347,1.);
#1726=VECTOR('',#7348,1.);
#1727=VECTOR('',#7351,1.);
#1728=VECTOR('',#7352,1.);
#1729=VECTOR('',#7353,1.);
#1730=VECTOR('',#7356,1.);
#1731=VECTOR('',#7357,1.);
#1732=VECTOR('',#7360,1.);
#1733=VECTOR('',#7361,1.);
#1734=VECTOR('',#7364,1.);
#1735=VECTOR('',#7369,1.);
#1736=VECTOR('',#7370,1.);
#1737=VECTOR('',#7373,1.);
#1738=VECTOR('',#7374,1.);
#1739=VECTOR('',#7377,1.);
#1740=VECTOR('',#7378,1.);
#1741=VECTOR('',#7381,1.);
#1742=VECTOR('',#7386,1.);
#1743=VECTOR('',#7387,1.);
#1744=VECTOR('',#7388,1.);
#1745=VECTOR('',#7391,1.);
#1746=VECTOR('',#7392,1.);
#1747=VECTOR('',#7395,1.);
#1748=VECTOR('',#7396,1.);
#1749=VECTOR('',#7399,1.);
#1750=VECTOR('',#7404,1.);
#1751=VECTOR('',#7405,1.);
#1752=VECTOR('',#7408,1.);
#1753=VECTOR('',#7415,1.);
#1754=VECTOR('',#7416,1.);
#1755=VECTOR('',#7417,1.);
#1756=VECTOR('',#7418,1.);
#1757=VECTOR('',#7419,1.);
#1758=VECTOR('',#7420,1.);
#1759=VECTOR('',#7421,1.);
#1760=VECTOR('',#7422,1.);
#1761=VECTOR('',#7423,1.);
#1762=VECTOR('',#7424,1.);
#1763=VECTOR('',#7425,1.);
#1764=VECTOR('',#7426,1.);
#1765=VECTOR('',#7427,1.);
#1766=VECTOR('',#7428,1.);
#1767=VECTOR('',#7429,1.);
#1768=VECTOR('',#7430,1.);
#1769=VECTOR('',#7431,1.);
#1770=VECTOR('',#7432,1.);
#1771=VECTOR('',#7433,1.);
#1772=VECTOR('',#7434,1.);
#1773=VECTOR('',#7435,1.);
#1774=VECTOR('',#7436,1.);
#1775=VECTOR('',#7437,1.);
#1776=VECTOR('',#7438,1.);
#1777=VECTOR('',#7441,1.);
#1778=VECTOR('',#7442,1.);
#1779=VECTOR('',#7443,1.);
#1780=VECTOR('',#7444,1.);
#1781=VECTOR('',#7445,1.);
#1782=VECTOR('',#7446,1.);
#1783=VECTOR('',#7447,1.);
#1784=VECTOR('',#7448,1.);
#1785=VECTOR('',#7449,1.);
#1786=VECTOR('',#7450,1.);
#1787=VECTOR('',#7451,1.);
#1788=VECTOR('',#7452,1.);
#1789=VECTOR('',#7453,1.);
#1790=VECTOR('',#7454,1.);
#1791=VECTOR('',#7455,1.);
#1792=VECTOR('',#7456,1.);
#1793=VECTOR('',#7457,1.);
#1794=VECTOR('',#7458,1.);
#1795=VECTOR('',#7459,1.);
#1796=VECTOR('',#7460,1.);
#1797=VECTOR('',#7461,1.);
#1798=VECTOR('',#7462,1.);
#1799=VECTOR('',#7463,1.);
#1800=VECTOR('',#7464,1.);
#1801=VECTOR('',#7465,1.);
#1802=VECTOR('',#7466,1.);
#1803=VECTOR('',#7467,1.);
#1804=VECTOR('',#7468,1.);
#1805=VECTOR('',#7469,1.);
#1806=VECTOR('',#7470,1.);
#1807=VECTOR('',#7471,1.);
#1808=VECTOR('',#7472,1.);
#1809=VECTOR('',#7473,1.);
#1810=VECTOR('',#7474,1.);
#1811=VECTOR('',#7475,1.);
#1812=VECTOR('',#7476,1.);
#1813=VECTOR('',#7477,1.);
#1814=VECTOR('',#7478,1.);
#1815=VECTOR('',#7479,1.);
#1816=VECTOR('',#7480,1.);
#1817=VECTOR('',#7481,1.);
#1818=VECTOR('',#7482,1.);
#1819=VECTOR('',#7483,1.);
#1820=VECTOR('',#7484,1.);
#1821=VECTOR('',#7485,1.);
#1822=VECTOR('',#7486,1.);
#1823=VECTOR('',#7487,1.);
#1824=VECTOR('',#7488,1.);
#1825=VECTOR('',#7491,1.);
#1826=VECTOR('',#7492,1.);
#1827=VECTOR('',#7493,1.);
#1828=VECTOR('',#7494,1.);
#1829=VECTOR('',#7495,1.);
#1830=VECTOR('',#7496,1.);
#1831=VECTOR('',#7497,1.);
#1832=VECTOR('',#7498,1.);
#1833=VECTOR('',#7499,1.);
#1834=VECTOR('',#7500,1.);
#1835=VECTOR('',#7503,1.);
#1836=VECTOR('',#7504,1.);
#1837=VECTOR('',#7505,1.);
#1838=VECTOR('',#7506,1.);
#1839=VECTOR('',#7507,1.);
#1840=VECTOR('',#7508,1.);
#1841=VECTOR('',#7509,1.);
#1842=VECTOR('',#7510,1.);
#1843=VECTOR('',#7511,1.);
#1844=VECTOR('',#7512,1.);
#1845=VECTOR('',#7519,1.);
#1846=VECTOR('',#7520,1.);
#1847=VECTOR('',#7521,1.);
#1848=VECTOR('',#7524,1.);
#1849=VECTOR('',#7525,1.);
#1850=VECTOR('',#7528,1.);
#1851=VECTOR('',#7529,1.);
#1852=VECTOR('',#7532,1.);
#1853=VECTOR('',#7537,1.);
#1854=VECTOR('',#7538,1.);
#1855=VECTOR('',#7539,1.);
#1856=VECTOR('',#7542,1.);
#1857=VECTOR('',#7543,1.);
#1858=VECTOR('',#7546,1.);
#1859=VECTOR('',#7547,1.);
#1860=VECTOR('',#7550,1.);
#1861=VECTOR('',#7555,1.);
#1862=VECTOR('',#7556,1.);
#1863=VECTOR('',#7557,1.);
#1864=VECTOR('',#7560,1.);
#1865=VECTOR('',#7561,1.);
#1866=VECTOR('',#7564,1.);
#1867=VECTOR('',#7565,1.);
#1868=VECTOR('',#7568,1.);
#1869=VECTOR('',#7573,1.);
#1870=VECTOR('',#7574,1.);
#1871=VECTOR('',#7575,1.);
#1872=VECTOR('',#7578,1.);
#1873=VECTOR('',#7579,1.);
#1874=VECTOR('',#7582,1.);
#1875=VECTOR('',#7583,1.);
#1876=VECTOR('',#7586,1.);
#1877=VECTOR('',#7591,1.);
#1878=VECTOR('',#7592,1.);
#1879=VECTOR('',#7593,1.);
#1880=VECTOR('',#7596,1.);
#1881=VECTOR('',#7597,1.);
#1882=VECTOR('',#7600,1.);
#1883=VECTOR('',#7601,1.);
#1884=VECTOR('',#7604,1.);
#1885=VECTOR('',#7609,1.);
#1886=VECTOR('',#7610,1.);
#1887=VECTOR('',#7611,1.);
#1888=VECTOR('',#7614,1.);
#1889=VECTOR('',#7615,1.);
#1890=VECTOR('',#7618,1.);
#1891=VECTOR('',#7619,1.);
#1892=VECTOR('',#7622,1.);
#1893=VECTOR('',#7627,1.);
#1894=VECTOR('',#7628,1.);
#1895=VECTOR('',#7629,1.);
#1896=VECTOR('',#7630,1.);
#1897=VECTOR('',#7633,1.);
#1898=VECTOR('',#7634,1.);
#1899=VECTOR('',#7637,1.);
#1900=VECTOR('',#7638,1.);
#1901=VECTOR('',#7643,1.);
#1902=VECTOR('',#7644,1.);
#1903=VECTOR('',#7645,1.);
#1904=VECTOR('',#7646,1.);
#1905=VECTOR('',#7649,1.);
#1906=VECTOR('',#7650,1.);
#1907=VECTOR('',#7653,1.);
#1908=VECTOR('',#7654,1.);
#1909=VECTOR('',#7661,1.);
#1910=VECTOR('',#7662,1.);
#1911=VECTOR('',#7663,1.);
#1912=VECTOR('',#7666,1.);
#1913=VECTOR('',#7667,1.);
#1914=VECTOR('',#7670,1.);
#1915=VECTOR('',#7671,1.);
#1916=VECTOR('',#7674,1.);
#1917=VECTOR('',#7679,1.);
#1918=VECTOR('',#7680,1.);
#1919=VECTOR('',#7681,1.);
#1920=VECTOR('',#7684,1.);
#1921=VECTOR('',#7685,1.);
#1922=VECTOR('',#7688,1.);
#1923=VECTOR('',#7689,1.);
#1924=VECTOR('',#7692,1.);
#1925=VECTOR('',#7697,1.);
#1926=VECTOR('',#7698,1.);
#1927=VECTOR('',#7699,1.);
#1928=VECTOR('',#7702,1.);
#1929=VECTOR('',#7703,1.);
#1930=VECTOR('',#7706,1.);
#1931=VECTOR('',#7707,1.);
#1932=VECTOR('',#7710,1.);
#1933=VECTOR('',#7715,1.);
#1934=VECTOR('',#7716,1.);
#1935=VECTOR('',#7717,1.);
#1936=VECTOR('',#7720,1.);
#1937=VECTOR('',#7721,1.);
#1938=VECTOR('',#7724,1.);
#1939=VECTOR('',#7725,1.);
#1940=VECTOR('',#7728,1.);
#1941=VECTOR('',#7733,1.);
#1942=VECTOR('',#7734,1.);
#1943=VECTOR('',#7735,1.);
#1944=VECTOR('',#7738,1.);
#1945=VECTOR('',#7739,1.);
#1946=VECTOR('',#7742,1.);
#1947=VECTOR('',#7743,1.);
#1948=VECTOR('',#7746,1.);
#1949=VECTOR('',#7751,1.);
#1950=VECTOR('',#7752,1.);
#1951=VECTOR('',#7753,1.);
#1952=VECTOR('',#7756,1.);
#1953=VECTOR('',#7757,1.);
#1954=VECTOR('',#7760,1.);
#1955=VECTOR('',#7761,1.);
#1956=VECTOR('',#7764,1.);
#1957=VECTOR('',#7771,1.);
#1958=VECTOR('',#7772,1.);
#1959=VECTOR('',#7773,1.);
#1960=VECTOR('',#7776,1.);
#1961=VECTOR('',#7777,1.);
#1962=VECTOR('',#7780,1.);
#1963=VECTOR('',#7781,1.);
#1964=VECTOR('',#7784,1.);
#1965=VECTOR('',#7789,1.);
#1966=VECTOR('',#7790,1.);
#1967=VECTOR('',#7791,1.);
#1968=VECTOR('',#7794,1.);
#1969=VECTOR('',#7795,1.);
#1970=VECTOR('',#7798,1.);
#1971=VECTOR('',#7799,1.);
#1972=VECTOR('',#7802,1.);
#1973=VECTOR('',#7807,1.);
#1974=VECTOR('',#7808,1.);
#1975=VECTOR('',#7809,1.);
#1976=VECTOR('',#7812,1.);
#1977=VECTOR('',#7813,1.);
#1978=VECTOR('',#7816,1.);
#1979=VECTOR('',#7817,1.);
#1980=VECTOR('',#7820,1.);
#1981=VECTOR('',#7825,1.);
#1982=VECTOR('',#7826,1.);
#1983=VECTOR('',#7827,1.);
#1984=VECTOR('',#7830,1.);
#1985=VECTOR('',#7831,1.);
#1986=VECTOR('',#7834,1.);
#1987=VECTOR('',#7835,1.);
#1988=VECTOR('',#7838,1.);
#1989=VECTOR('',#7843,1.);
#1990=VECTOR('',#7844,1.);
#1991=VECTOR('',#7845,1.);
#1992=VECTOR('',#7848,1.);
#1993=VECTOR('',#7849,1.);
#1994=VECTOR('',#7852,1.);
#1995=VECTOR('',#7853,1.);
#1996=VECTOR('',#7856,1.);
#1997=VECTOR('',#7861,1.);
#1998=VECTOR('',#7862,1.);
#1999=VECTOR('',#7863,1.);
#2000=VECTOR('',#7866,1.);
#2001=VECTOR('',#7867,1.);
#2002=VECTOR('',#7870,1.);
#2003=VECTOR('',#7871,1.);
#2004=VECTOR('',#7874,1.);
#2005=VECTOR('',#7893,1.);
#2006=VECTOR('',#7894,1.);
#2007=VECTOR('',#7895,1.);
#2008=VECTOR('',#7896,1.);
#2009=VECTOR('',#7899,1.);
#2010=VECTOR('',#7900,1.);
#2011=VECTOR('',#7901,1.);
#2012=VECTOR('',#7904,1.);
#2013=VECTOR('',#7905,1.);
#2014=VECTOR('',#7906,1.);
#2015=VECTOR('',#7911,1.);
#2016=VECTOR('',#7912,1.);
#2017=VECTOR('',#7943,1.);
#2018=VECTOR('',#7944,1.);
#2019=VECTOR('',#7945,1.);
#2020=VECTOR('',#7946,1.);
#2021=VECTOR('',#7949,1.);
#2022=VECTOR('',#7950,1.);
#2023=VECTOR('',#7951,1.);
#2024=VECTOR('',#7954,1.);
#2025=VECTOR('',#7955,1.);
#2026=VECTOR('',#7956,1.);
#2027=VECTOR('',#7959,1.);
#2028=VECTOR('',#7960,1.);
#2029=VECTOR('',#7971,1.);
#2030=VECTOR('',#7972,1.);
#2031=VECTOR('',#7973,1.);
#2032=VECTOR('',#7974,1.);
#2033=VECTOR('',#7977,1.);
#2034=VECTOR('',#7978,1.);
#2035=VECTOR('',#7979,1.);
#2036=VECTOR('',#7982,1.);
#2037=VECTOR('',#7983,1.);
#2038=VECTOR('',#7984,1.);
#2039=VECTOR('',#7987,1.);
#2040=VECTOR('',#7988,1.);
#2041=VECTOR('',#8035,1.);
#2042=VECTOR('',#8036,1.);
#2043=VECTOR('',#8037,1.);
#2044=VECTOR('',#8038,1.);
#2045=VECTOR('',#8041,1.);
#2046=VECTOR('',#8042,1.);
#2047=VECTOR('',#8043,1.);
#2048=VECTOR('',#8046,1.);
#2049=VECTOR('',#8047,1.);
#2050=VECTOR('',#8048,1.);
#2051=VECTOR('',#8051,1.);
#2052=VECTOR('',#8052,1.);
#2053=VECTOR('',#8085,1.);
#2054=VECTOR('',#8086,1.);
#2055=VECTOR('',#8087,1.);
#2056=VECTOR('',#8088,1.);
#2057=VECTOR('',#8091,1.);
#2058=VECTOR('',#8092,1.);
#2059=VECTOR('',#8093,1.);
#2060=VECTOR('',#8096,1.);
#2061=VECTOR('',#8097,1.);
#2062=VECTOR('',#8098,1.);
#2063=VECTOR('',#8101,1.);
#2064=VECTOR('',#8102,1.);
#2065=VECTOR('',#8121,1.);
#2066=VECTOR('',#8122,1.);
#2067=VECTOR('',#8123,1.);
#2068=VECTOR('',#8124,1.);
#2069=VECTOR('',#8127,1.);
#2070=VECTOR('',#8128,1.);
#2071=VECTOR('',#8129,1.);
#2072=VECTOR('',#8132,1.);
#2073=VECTOR('',#8133,1.);
#2074=VECTOR('',#8134,1.);
#2075=VECTOR('',#8137,1.);
#2076=VECTOR('',#8138,1.);
#2077=VECTOR('',#8157,1.);
#2078=VECTOR('',#8158,1.);
#2079=VECTOR('',#8159,1.);
#2080=VECTOR('',#8160,1.);
#2081=VECTOR('',#8163,1.);
#2082=VECTOR('',#8164,1.);
#2083=VECTOR('',#8165,1.);
#2084=VECTOR('',#8168,1.);
#2085=VECTOR('',#8169,1.);
#2086=VECTOR('',#8170,1.);
#2087=VECTOR('',#8173,1.);
#2088=VECTOR('',#8174,1.);
#2089=ORIENTED_EDGE('',*,*,#3661,.F.);
#2090=ORIENTED_EDGE('',*,*,#3662,.F.);
#2091=ORIENTED_EDGE('',*,*,#3663,.F.);
#2092=ORIENTED_EDGE('',*,*,#3664,.F.);
#2093=ORIENTED_EDGE('',*,*,#3665,.T.);
#2094=ORIENTED_EDGE('',*,*,#3666,.T.);
#2095=ORIENTED_EDGE('',*,*,#3667,.T.);
#2096=ORIENTED_EDGE('',*,*,#3668,.T.);
#2097=ORIENTED_EDGE('',*,*,#3669,.F.);
#2098=ORIENTED_EDGE('',*,*,#3670,.T.);
#2099=ORIENTED_EDGE('',*,*,#3671,.T.);
#2100=ORIENTED_EDGE('',*,*,#3664,.T.);
#2101=ORIENTED_EDGE('',*,*,#3672,.T.);
#2102=ORIENTED_EDGE('',*,*,#3673,.F.);
#2103=ORIENTED_EDGE('',*,*,#3661,.T.);
#2104=ORIENTED_EDGE('',*,*,#3674,.T.);
#2105=ORIENTED_EDGE('',*,*,#3675,.F.);
#2106=ORIENTED_EDGE('',*,*,#3662,.T.);
#2107=ORIENTED_EDGE('',*,*,#3676,.F.);
#2108=ORIENTED_EDGE('',*,*,#3677,.T.);
#2109=ORIENTED_EDGE('',*,*,#3663,.T.);
#2110=ORIENTED_EDGE('',*,*,#3678,.F.);
#2111=ORIENTED_EDGE('',*,*,#3677,.F.);
#2112=ORIENTED_EDGE('',*,*,#3679,.F.);
#2113=ORIENTED_EDGE('',*,*,#3680,.T.);
#2114=ORIENTED_EDGE('',*,*,#3681,.T.);
#2115=ORIENTED_EDGE('',*,*,#3672,.F.);
#2116=ORIENTED_EDGE('',*,*,#3678,.T.);
#2117=ORIENTED_EDGE('',*,*,#3675,.T.);
#2118=ORIENTED_EDGE('',*,*,#3682,.F.);
#2119=ORIENTED_EDGE('',*,*,#3683,.F.);
#2120=ORIENTED_EDGE('',*,*,#3679,.T.);
#2121=ORIENTED_EDGE('',*,*,#3676,.T.);
#2122=ORIENTED_EDGE('',*,*,#3673,.T.);
#2123=ORIENTED_EDGE('',*,*,#3684,.F.);
#2124=ORIENTED_EDGE('',*,*,#3685,.F.);
#2125=ORIENTED_EDGE('',*,*,#3682,.T.);
#2126=ORIENTED_EDGE('',*,*,#3671,.F.);
#2127=ORIENTED_EDGE('',*,*,#3681,.F.);
#2128=ORIENTED_EDGE('',*,*,#3686,.T.);
#2129=ORIENTED_EDGE('',*,*,#3684,.T.);
#2130=ORIENTED_EDGE('',*,*,#3674,.F.);
#2131=ORIENTED_EDGE('',*,*,#3680,.F.);
#2132=ORIENTED_EDGE('',*,*,#3683,.T.);
#2133=ORIENTED_EDGE('',*,*,#3685,.T.);
#2134=ORIENTED_EDGE('',*,*,#3686,.F.);
#2135=ORIENTED_EDGE('',*,*,#3668,.F.);
#2136=ORIENTED_EDGE('',*,*,#3687,.F.);
#2137=ORIENTED_EDGE('',*,*,#3688,.F.);
#2138=ORIENTED_EDGE('',*,*,#3667,.F.);
#2139=ORIENTED_EDGE('',*,*,#3689,.T.);
#2140=ORIENTED_EDGE('',*,*,#3690,.F.);
#2141=ORIENTED_EDGE('',*,*,#3665,.F.);
#2142=ORIENTED_EDGE('',*,*,#3691,.T.);
#2143=ORIENTED_EDGE('',*,*,#3692,.T.);
#2144=ORIENTED_EDGE('',*,*,#3693,.F.);
#2145=ORIENTED_EDGE('',*,*,#3694,.F.);
#2146=ORIENTED_EDGE('',*,*,#3695,.T.);
#2147=ORIENTED_EDGE('',*,*,#3696,.T.);
#2148=ORIENTED_EDGE('',*,*,#3691,.F.);
#2149=ORIENTED_EDGE('',*,*,#3697,.T.);
#2150=ORIENTED_EDGE('',*,*,#3669,.T.);
#2151=ORIENTED_EDGE('',*,*,#3688,.T.);
#2152=ORIENTED_EDGE('',*,*,#3698,.F.);
#2153=ORIENTED_EDGE('',*,*,#3699,.F.);
#2154=ORIENTED_EDGE('',*,*,#3694,.T.);
#2155=ORIENTED_EDGE('',*,*,#3687,.T.);
#2156=ORIENTED_EDGE('',*,*,#3690,.T.);
#2157=ORIENTED_EDGE('',*,*,#3700,.F.);
#2158=ORIENTED_EDGE('',*,*,#3701,.F.);
#2159=ORIENTED_EDGE('',*,*,#3698,.T.);
#2160=ORIENTED_EDGE('',*,*,#3692,.F.);
#2161=ORIENTED_EDGE('',*,*,#3696,.F.);
#2162=ORIENTED_EDGE('',*,*,#3702,.T.);
#2163=ORIENTED_EDGE('',*,*,#3700,.T.);
#2164=ORIENTED_EDGE('',*,*,#3689,.F.);
#2165=ORIENTED_EDGE('',*,*,#3666,.F.);
#2166=ORIENTED_EDGE('',*,*,#3695,.F.);
#2167=ORIENTED_EDGE('',*,*,#3699,.T.);
#2168=ORIENTED_EDGE('',*,*,#3701,.T.);
#2169=ORIENTED_EDGE('',*,*,#3702,.F.);
#2170=ORIENTED_EDGE('',*,*,#3670,.F.);
#2171=ORIENTED_EDGE('',*,*,#3697,.F.);
#2172=ORIENTED_EDGE('',*,*,#3693,.T.);
#2173=ORIENTED_EDGE('',*,*,#3703,.F.);
#2174=ORIENTED_EDGE('',*,*,#3704,.T.);
#2175=ORIENTED_EDGE('',*,*,#3705,.T.);
#2176=ORIENTED_EDGE('',*,*,#3706,.F.);
#2177=ORIENTED_EDGE('',*,*,#3707,.F.);
#2178=ORIENTED_EDGE('',*,*,#3708,.T.);
#2179=ORIENTED_EDGE('',*,*,#3709,.T.);
#2180=ORIENTED_EDGE('',*,*,#3710,.F.);
#2181=ORIENTED_EDGE('',*,*,#3711,.T.);
#2182=ORIENTED_EDGE('',*,*,#3712,.T.);
#2183=ORIENTED_EDGE('',*,*,#3713,.F.);
#2184=ORIENTED_EDGE('',*,*,#3714,.T.);
#2185=ORIENTED_EDGE('',*,*,#3715,.T.);
#2186=ORIENTED_EDGE('',*,*,#3716,.F.);
#2187=ORIENTED_EDGE('',*,*,#3717,.F.);
#2188=ORIENTED_EDGE('',*,*,#3718,.T.);
#2189=ORIENTED_EDGE('',*,*,#3719,.F.);
#2190=ORIENTED_EDGE('',*,*,#3720,.T.);
#2191=ORIENTED_EDGE('',*,*,#3721,.F.);
#2192=ORIENTED_EDGE('',*,*,#3722,.F.);
#2193=ORIENTED_EDGE('',*,*,#3723,.F.);
#2194=ORIENTED_EDGE('',*,*,#3724,.T.);
#2195=ORIENTED_EDGE('',*,*,#3725,.F.);
#2196=ORIENTED_EDGE('',*,*,#3726,.T.);
#2197=ORIENTED_EDGE('',*,*,#3727,.T.);
#2198=ORIENTED_EDGE('',*,*,#3728,.F.);
#2199=ORIENTED_EDGE('',*,*,#3729,.F.);
#2200=ORIENTED_EDGE('',*,*,#3730,.T.);
#2201=ORIENTED_EDGE('',*,*,#3731,.T.);
#2202=ORIENTED_EDGE('',*,*,#3732,.F.);
#2203=ORIENTED_EDGE('',*,*,#3733,.F.);
#2204=ORIENTED_EDGE('',*,*,#3734,.T.);
#2205=ORIENTED_EDGE('',*,*,#3735,.T.);
#2206=ORIENTED_EDGE('',*,*,#3736,.F.);
#2207=ORIENTED_EDGE('',*,*,#3737,.F.);
#2208=ORIENTED_EDGE('',*,*,#3738,.F.);
#2209=ORIENTED_EDGE('',*,*,#3739,.T.);
#2210=ORIENTED_EDGE('',*,*,#3740,.T.);
#2211=ORIENTED_EDGE('',*,*,#3741,.T.);
#2212=ORIENTED_EDGE('',*,*,#3742,.T.);
#2213=ORIENTED_EDGE('',*,*,#3743,.F.);
#2214=ORIENTED_EDGE('',*,*,#3744,.F.);
#2215=ORIENTED_EDGE('',*,*,#3745,.T.);
#2216=ORIENTED_EDGE('',*,*,#3746,.T.);
#2217=ORIENTED_EDGE('',*,*,#3747,.F.);
#2218=ORIENTED_EDGE('',*,*,#3748,.F.);
#2219=ORIENTED_EDGE('',*,*,#3749,.T.);
#2220=ORIENTED_EDGE('',*,*,#3750,.T.);
#2221=ORIENTED_EDGE('',*,*,#3751,.F.);
#2222=ORIENTED_EDGE('',*,*,#3752,.F.);
#2223=ORIENTED_EDGE('',*,*,#3753,.T.);
#2224=ORIENTED_EDGE('',*,*,#3754,.T.);
#2225=ORIENTED_EDGE('',*,*,#3755,.T.);
#2226=ORIENTED_EDGE('',*,*,#3756,.F.);
#2227=ORIENTED_EDGE('',*,*,#3757,.F.);
#2228=ORIENTED_EDGE('',*,*,#3758,.T.);
#2229=ORIENTED_EDGE('',*,*,#3759,.T.);
#2230=ORIENTED_EDGE('',*,*,#3760,.F.);
#2231=ORIENTED_EDGE('',*,*,#3761,.T.);
#2232=ORIENTED_EDGE('',*,*,#3762,.F.);
#2233=ORIENTED_EDGE('',*,*,#3763,.F.);
#2234=ORIENTED_EDGE('',*,*,#3764,.F.);
#2235=ORIENTED_EDGE('',*,*,#3765,.T.);
#2236=ORIENTED_EDGE('',*,*,#3766,.T.);
#2237=ORIENTED_EDGE('',*,*,#3767,.F.);
#2238=ORIENTED_EDGE('',*,*,#3768,.F.);
#2239=ORIENTED_EDGE('',*,*,#3769,.T.);
#2240=ORIENTED_EDGE('',*,*,#3770,.T.);
#2241=ORIENTED_EDGE('',*,*,#3755,.F.);
#2242=ORIENTED_EDGE('',*,*,#3771,.T.);
#2243=ORIENTED_EDGE('',*,*,#3765,.F.);
#2244=ORIENTED_EDGE('',*,*,#3772,.T.);
#2245=ORIENTED_EDGE('',*,*,#3773,.T.);
#2246=ORIENTED_EDGE('',*,*,#3774,.T.);
#2247=ORIENTED_EDGE('',*,*,#3775,.T.);
#2248=ORIENTED_EDGE('',*,*,#3776,.T.);
#2249=ORIENTED_EDGE('',*,*,#3777,.F.);
#2250=ORIENTED_EDGE('',*,*,#3778,.F.);
#2251=ORIENTED_EDGE('',*,*,#3779,.F.);
#2252=ORIENTED_EDGE('',*,*,#3780,.F.);
#2253=ORIENTED_EDGE('',*,*,#3781,.F.);
#2254=ORIENTED_EDGE('',*,*,#3782,.T.);
#2255=ORIENTED_EDGE('',*,*,#3783,.F.);
#2256=ORIENTED_EDGE('',*,*,#3784,.F.);
#2257=ORIENTED_EDGE('',*,*,#3772,.F.);
#2258=ORIENTED_EDGE('',*,*,#3764,.T.);
#2259=ORIENTED_EDGE('',*,*,#3785,.F.);
#2260=ORIENTED_EDGE('',*,*,#3786,.T.);
#2261=ORIENTED_EDGE('',*,*,#3773,.F.);
#2262=ORIENTED_EDGE('',*,*,#3787,.T.);
#2263=ORIENTED_EDGE('',*,*,#3788,.T.);
#2264=ORIENTED_EDGE('',*,*,#3789,.F.);
#2265=ORIENTED_EDGE('',*,*,#3790,.T.);
#2266=ORIENTED_EDGE('',*,*,#3737,.T.);
#2267=ORIENTED_EDGE('',*,*,#3791,.T.);
#2268=ORIENTED_EDGE('',*,*,#3756,.T.);
#2269=ORIENTED_EDGE('',*,*,#3792,.F.);
#2270=ORIENTED_EDGE('',*,*,#3793,.T.);
#2271=ORIENTED_EDGE('',*,*,#3794,.F.);
#2272=ORIENTED_EDGE('',*,*,#3795,.T.);
#2273=ORIENTED_EDGE('',*,*,#3796,.T.);
#2274=ORIENTED_EDGE('',*,*,#3797,.T.);
#2275=ORIENTED_EDGE('',*,*,#3798,.T.);
#2276=ORIENTED_EDGE('',*,*,#3739,.F.);
#2277=ORIENTED_EDGE('',*,*,#3799,.F.);
#2278=ORIENTED_EDGE('',*,*,#3800,.F.);
#2279=ORIENTED_EDGE('',*,*,#3801,.T.);
#2280=ORIENTED_EDGE('',*,*,#3802,.T.);
#2281=ORIENTED_EDGE('',*,*,#3803,.F.);
#2282=ORIENTED_EDGE('',*,*,#3804,.T.);
#2283=ORIENTED_EDGE('',*,*,#3805,.T.);
#2284=ORIENTED_EDGE('',*,*,#3806,.T.);
#2285=ORIENTED_EDGE('',*,*,#3779,.T.);
#2286=ORIENTED_EDGE('',*,*,#3807,.T.);
#2287=ORIENTED_EDGE('',*,*,#3808,.T.);
#2288=ORIENTED_EDGE('',*,*,#3809,.F.);
#2289=ORIENTED_EDGE('',*,*,#3810,.F.);
#2290=ORIENTED_EDGE('',*,*,#3811,.F.);
#2291=ORIENTED_EDGE('',*,*,#3812,.T.);
#2292=ORIENTED_EDGE('',*,*,#3794,.T.);
#2293=ORIENTED_EDGE('',*,*,#3813,.T.);
#2294=ORIENTED_EDGE('',*,*,#3814,.T.);
#2295=ORIENTED_EDGE('',*,*,#3796,.F.);
#2296=ORIENTED_EDGE('',*,*,#3815,.F.);
#2297=ORIENTED_EDGE('',*,*,#3807,.F.);
#2298=ORIENTED_EDGE('',*,*,#3778,.T.);
#2299=ORIENTED_EDGE('',*,*,#3816,.T.);
#2300=ORIENTED_EDGE('',*,*,#3817,.T.);
#2301=ORIENTED_EDGE('',*,*,#3818,.F.);
#2302=ORIENTED_EDGE('',*,*,#3792,.T.);
#2303=ORIENTED_EDGE('',*,*,#3819,.F.);
#2304=ORIENTED_EDGE('',*,*,#3820,.F.);
#2305=ORIENTED_EDGE('',*,*,#3816,.F.);
#2306=ORIENTED_EDGE('',*,*,#3777,.T.);
#2307=ORIENTED_EDGE('',*,*,#3821,.T.);
#2308=ORIENTED_EDGE('',*,*,#3822,.T.);
#2309=ORIENTED_EDGE('',*,*,#3813,.F.);
#2310=ORIENTED_EDGE('',*,*,#3823,.F.);
#2311=ORIENTED_EDGE('',*,*,#3811,.T.);
#2312=ORIENTED_EDGE('',*,*,#3824,.T.);
#2313=ORIENTED_EDGE('',*,*,#3820,.T.);
#2314=ORIENTED_EDGE('',*,*,#3825,.T.);
#2315=ORIENTED_EDGE('',*,*,#3826,.F.);
#2316=ORIENTED_EDGE('',*,*,#3827,.T.);
#2317=ORIENTED_EDGE('',*,*,#3780,.T.);
#2318=ORIENTED_EDGE('',*,*,#3806,.F.);
#2319=ORIENTED_EDGE('',*,*,#3828,.F.);
#2320=ORIENTED_EDGE('',*,*,#3829,.T.);
#2321=ORIENTED_EDGE('',*,*,#3781,.T.);
#2322=ORIENTED_EDGE('',*,*,#3827,.F.);
#2323=ORIENTED_EDGE('',*,*,#3830,.F.);
#2324=ORIENTED_EDGE('',*,*,#3790,.F.);
#2325=ORIENTED_EDGE('',*,*,#3831,.T.);
#2326=ORIENTED_EDGE('',*,*,#3803,.T.);
#2327=ORIENTED_EDGE('',*,*,#3832,.T.);
#2328=ORIENTED_EDGE('',*,*,#3833,.T.);
#2329=ORIENTED_EDGE('',*,*,#3834,.F.);
#2330=ORIENTED_EDGE('',*,*,#3799,.T.);
#2331=ORIENTED_EDGE('',*,*,#3738,.T.);
#2332=ORIENTED_EDGE('',*,*,#3835,.F.);
#2333=ORIENTED_EDGE('',*,*,#3836,.T.);
#2334=ORIENTED_EDGE('',*,*,#3832,.F.);
#2335=ORIENTED_EDGE('',*,*,#3802,.F.);
#2336=ORIENTED_EDGE('',*,*,#3837,.T.);
#2337=ORIENTED_EDGE('',*,*,#3838,.F.);
#2338=ORIENTED_EDGE('',*,*,#3839,.F.);
#2339=ORIENTED_EDGE('',*,*,#3840,.T.);
#2340=ORIENTED_EDGE('',*,*,#3841,.T.);
#2341=ORIENTED_EDGE('',*,*,#3842,.F.);
#2342=ORIENTED_EDGE('',*,*,#3800,.T.);
#2343=ORIENTED_EDGE('',*,*,#3834,.T.);
#2344=ORIENTED_EDGE('',*,*,#3843,.F.);
#2345=ORIENTED_EDGE('',*,*,#3839,.T.);
#2346=ORIENTED_EDGE('',*,*,#3833,.F.);
#2347=ORIENTED_EDGE('',*,*,#3836,.F.);
#2348=ORIENTED_EDGE('',*,*,#3841,.F.);
#2349=ORIENTED_EDGE('',*,*,#3844,.T.);
#2350=ORIENTED_EDGE('',*,*,#3838,.T.);
#2351=ORIENTED_EDGE('',*,*,#3845,.F.);
#2352=ORIENTED_EDGE('',*,*,#3846,.F.);
#2353=ORIENTED_EDGE('',*,*,#3788,.F.);
#2354=ORIENTED_EDGE('',*,*,#3847,.T.);
#2355=ORIENTED_EDGE('',*,*,#3848,.T.);
#2356=ORIENTED_EDGE('',*,*,#3849,.T.);
#2357=ORIENTED_EDGE('',*,*,#3850,.F.);
#2358=ORIENTED_EDGE('',*,*,#3851,.F.);
#2359=ORIENTED_EDGE('',*,*,#3852,.T.);
#2360=ORIENTED_EDGE('',*,*,#3853,.F.);
#2361=ORIENTED_EDGE('',*,*,#3783,.T.);
#2362=ORIENTED_EDGE('',*,*,#3854,.T.);
#2363=ORIENTED_EDGE('',*,*,#3852,.F.);
#2364=ORIENTED_EDGE('',*,*,#3855,.F.);
#2365=ORIENTED_EDGE('',*,*,#3856,.F.);
#2366=ORIENTED_EDGE('',*,*,#3857,.T.);
#2367=ORIENTED_EDGE('',*,*,#3858,.T.);
#2368=ORIENTED_EDGE('',*,*,#3859,.T.);
#2369=ORIENTED_EDGE('',*,*,#3848,.F.);
#2370=ORIENTED_EDGE('',*,*,#3860,.T.);
#2371=ORIENTED_EDGE('',*,*,#3861,.T.);
#2372=ORIENTED_EDGE('',*,*,#3862,.F.);
#2373=ORIENTED_EDGE('',*,*,#3863,.F.);
#2374=ORIENTED_EDGE('',*,*,#3864,.T.);
#2375=ORIENTED_EDGE('',*,*,#3865,.T.);
#2376=ORIENTED_EDGE('',*,*,#3866,.T.);
#2377=ORIENTED_EDGE('',*,*,#3867,.T.);
#2378=ORIENTED_EDGE('',*,*,#3868,.T.);
#2379=ORIENTED_EDGE('',*,*,#3869,.T.);
#2380=ORIENTED_EDGE('',*,*,#3870,.F.);
#2381=ORIENTED_EDGE('',*,*,#3871,.F.);
#2382=ORIENTED_EDGE('',*,*,#3872,.T.);
#2383=ORIENTED_EDGE('',*,*,#3873,.T.);
#2384=ORIENTED_EDGE('',*,*,#3874,.F.);
#2385=ORIENTED_EDGE('',*,*,#3875,.F.);
#2386=ORIENTED_EDGE('',*,*,#3787,.F.);
#2387=ORIENTED_EDGE('',*,*,#3784,.T.);
#2388=ORIENTED_EDGE('',*,*,#3853,.T.);
#2389=ORIENTED_EDGE('',*,*,#3847,.F.);
#2390=ORIENTED_EDGE('',*,*,#3851,.T.);
#2391=ORIENTED_EDGE('',*,*,#3876,.F.);
#2392=ORIENTED_EDGE('',*,*,#3877,.F.);
#2393=ORIENTED_EDGE('',*,*,#3855,.T.);
#2394=ORIENTED_EDGE('',*,*,#3850,.T.);
#2395=ORIENTED_EDGE('',*,*,#3878,.F.);
#2396=ORIENTED_EDGE('',*,*,#3879,.F.);
#2397=ORIENTED_EDGE('',*,*,#3880,.F.);
#2398=ORIENTED_EDGE('',*,*,#3881,.F.);
#2399=ORIENTED_EDGE('',*,*,#3876,.T.);
#2400=ORIENTED_EDGE('',*,*,#3882,.F.);
#2401=ORIENTED_EDGE('',*,*,#3878,.T.);
#2402=ORIENTED_EDGE('',*,*,#3849,.F.);
#2403=ORIENTED_EDGE('',*,*,#3859,.F.);
#2404=ORIENTED_EDGE('',*,*,#3856,.T.);
#2405=ORIENTED_EDGE('',*,*,#3877,.T.);
#2406=ORIENTED_EDGE('',*,*,#3881,.T.);
#2407=ORIENTED_EDGE('',*,*,#3883,.F.);
#2408=ORIENTED_EDGE('',*,*,#3882,.T.);
#2409=ORIENTED_EDGE('',*,*,#3858,.F.);
#2410=ORIENTED_EDGE('',*,*,#3884,.F.);
#2411=ORIENTED_EDGE('',*,*,#3879,.T.);
#2412=ORIENTED_EDGE('',*,*,#3880,.T.);
#2413=ORIENTED_EDGE('',*,*,#3884,.T.);
#2414=ORIENTED_EDGE('',*,*,#3857,.F.);
#2415=ORIENTED_EDGE('',*,*,#3883,.T.);
#2416=ORIENTED_EDGE('',*,*,#3842,.T.);
#2417=ORIENTED_EDGE('',*,*,#3845,.T.);
#2418=ORIENTED_EDGE('',*,*,#3837,.F.);
#2419=ORIENTED_EDGE('',*,*,#3801,.F.);
#2420=ORIENTED_EDGE('',*,*,#3885,.F.);
#2421=ORIENTED_EDGE('',*,*,#3886,.T.);
#2422=ORIENTED_EDGE('',*,*,#3887,.T.);
#2423=ORIENTED_EDGE('',*,*,#3715,.F.);
#2424=ORIENTED_EDGE('',*,*,#3843,.T.);
#2425=ORIENTED_EDGE('',*,*,#3835,.T.);
#2426=ORIENTED_EDGE('',*,*,#3844,.F.);
#2427=ORIENTED_EDGE('',*,*,#3840,.F.);
#2428=ORIENTED_EDGE('',*,*,#3795,.F.);
#2429=ORIENTED_EDGE('',*,*,#3812,.F.);
#2430=ORIENTED_EDGE('',*,*,#3823,.T.);
#2431=ORIENTED_EDGE('',*,*,#3815,.T.);
#2432=ORIENTED_EDGE('',*,*,#3809,.T.);
#2433=ORIENTED_EDGE('',*,*,#3888,.F.);
#2434=ORIENTED_EDGE('',*,*,#3825,.F.);
#2435=ORIENTED_EDGE('',*,*,#3819,.T.);
#2436=ORIENTED_EDGE('',*,*,#3808,.F.);
#2437=ORIENTED_EDGE('',*,*,#3817,.F.);
#2438=ORIENTED_EDGE('',*,*,#3826,.T.);
#2439=ORIENTED_EDGE('',*,*,#3888,.T.);
#2440=ORIENTED_EDGE('',*,*,#3854,.F.);
#2441=ORIENTED_EDGE('',*,*,#3782,.F.);
#2442=ORIENTED_EDGE('',*,*,#3829,.F.);
#2443=ORIENTED_EDGE('',*,*,#3889,.T.);
#2444=ORIENTED_EDGE('',*,*,#3804,.F.);
#2445=ORIENTED_EDGE('',*,*,#3831,.F.);
#2446=ORIENTED_EDGE('',*,*,#3789,.T.);
#2447=ORIENTED_EDGE('',*,*,#3846,.T.);
#2448=ORIENTED_EDGE('',*,*,#3805,.F.);
#2449=ORIENTED_EDGE('',*,*,#3889,.F.);
#2450=ORIENTED_EDGE('',*,*,#3830,.T.);
#2451=ORIENTED_EDGE('',*,*,#3828,.T.);
#2452=ORIENTED_EDGE('',*,*,#3890,.F.);
#2453=ORIENTED_EDGE('',*,*,#3891,.F.);
#2454=ORIENTED_EDGE('',*,*,#3821,.F.);
#2455=ORIENTED_EDGE('',*,*,#3776,.F.);
#2456=ORIENTED_EDGE('',*,*,#3892,.F.);
#2457=ORIENTED_EDGE('',*,*,#3822,.F.);
#2458=ORIENTED_EDGE('',*,*,#3893,.F.);
#2459=ORIENTED_EDGE('',*,*,#3894,.F.);
#2460=ORIENTED_EDGE('',*,*,#3895,.T.);
#2461=ORIENTED_EDGE('',*,*,#3797,.F.);
#2462=ORIENTED_EDGE('',*,*,#3814,.F.);
#2463=ORIENTED_EDGE('',*,*,#3824,.F.);
#2464=ORIENTED_EDGE('',*,*,#3810,.T.);
#2465=ORIENTED_EDGE('',*,*,#3793,.F.);
#2466=ORIENTED_EDGE('',*,*,#3818,.T.);
#2467=ORIENTED_EDGE('',*,*,#3798,.F.);
#2468=ORIENTED_EDGE('',*,*,#3895,.F.);
#2469=ORIENTED_EDGE('',*,*,#3896,.T.);
#2470=ORIENTED_EDGE('',*,*,#3757,.T.);
#2471=ORIENTED_EDGE('',*,*,#3791,.F.);
#2472=ORIENTED_EDGE('',*,*,#3740,.F.);
#2473=ORIENTED_EDGE('',*,*,#3891,.T.);
#2474=ORIENTED_EDGE('',*,*,#3897,.T.);
#2475=ORIENTED_EDGE('',*,*,#3759,.F.);
#2476=ORIENTED_EDGE('',*,*,#3898,.F.);
#2477=ORIENTED_EDGE('',*,*,#3893,.T.);
#2478=ORIENTED_EDGE('',*,*,#3896,.F.);
#2479=ORIENTED_EDGE('',*,*,#3894,.T.);
#2480=ORIENTED_EDGE('',*,*,#3898,.T.);
#2481=ORIENTED_EDGE('',*,*,#3758,.F.);
#2482=ORIENTED_EDGE('',*,*,#3890,.T.);
#2483=ORIENTED_EDGE('',*,*,#3899,.T.);
#2484=ORIENTED_EDGE('',*,*,#3770,.F.);
#2485=ORIENTED_EDGE('',*,*,#3900,.F.);
#2486=ORIENTED_EDGE('',*,*,#3760,.T.);
#2487=ORIENTED_EDGE('',*,*,#3897,.F.);
#2488=ORIENTED_EDGE('',*,*,#3901,.F.);
#2489=ORIENTED_EDGE('',*,*,#3761,.F.);
#2490=ORIENTED_EDGE('',*,*,#3900,.T.);
#2491=ORIENTED_EDGE('',*,*,#3769,.F.);
#2492=ORIENTED_EDGE('',*,*,#3872,.F.);
#2493=ORIENTED_EDGE('',*,*,#3902,.F.);
#2494=ORIENTED_EDGE('',*,*,#3903,.T.);
#2495=ORIENTED_EDGE('',*,*,#3904,.T.);
#2496=ORIENTED_EDGE('',*,*,#3725,.T.);
#2497=ORIENTED_EDGE('',*,*,#3905,.T.);
#2498=ORIENTED_EDGE('',*,*,#3875,.T.);
#2499=ORIENTED_EDGE('',*,*,#3906,.F.);
#2500=ORIENTED_EDGE('',*,*,#3907,.F.);
#2501=ORIENTED_EDGE('',*,*,#3902,.T.);
#2502=ORIENTED_EDGE('',*,*,#3874,.T.);
#2503=ORIENTED_EDGE('',*,*,#3908,.F.);
#2504=ORIENTED_EDGE('',*,*,#3727,.F.);
#2505=ORIENTED_EDGE('',*,*,#3909,.F.);
#2506=ORIENTED_EDGE('',*,*,#3910,.F.);
#2507=ORIENTED_EDGE('',*,*,#3906,.T.);
#2508=ORIENTED_EDGE('',*,*,#3873,.F.);
#2509=ORIENTED_EDGE('',*,*,#3905,.F.);
#2510=ORIENTED_EDGE('',*,*,#3728,.T.);
#2511=ORIENTED_EDGE('',*,*,#3908,.T.);
#2512=ORIENTED_EDGE('',*,*,#3868,.F.);
#2513=ORIENTED_EDGE('',*,*,#3911,.F.);
#2514=ORIENTED_EDGE('',*,*,#3912,.T.);
#2515=ORIENTED_EDGE('',*,*,#3913,.T.);
#2516=ORIENTED_EDGE('',*,*,#3729,.T.);
#2517=ORIENTED_EDGE('',*,*,#3914,.T.);
#2518=ORIENTED_EDGE('',*,*,#3871,.T.);
#2519=ORIENTED_EDGE('',*,*,#3915,.F.);
#2520=ORIENTED_EDGE('',*,*,#3916,.F.);
#2521=ORIENTED_EDGE('',*,*,#3911,.T.);
#2522=ORIENTED_EDGE('',*,*,#3870,.T.);
#2523=ORIENTED_EDGE('',*,*,#3917,.F.);
#2524=ORIENTED_EDGE('',*,*,#3731,.F.);
#2525=ORIENTED_EDGE('',*,*,#3918,.F.);
#2526=ORIENTED_EDGE('',*,*,#3919,.F.);
#2527=ORIENTED_EDGE('',*,*,#3915,.T.);
#2528=ORIENTED_EDGE('',*,*,#3869,.F.);
#2529=ORIENTED_EDGE('',*,*,#3914,.F.);
#2530=ORIENTED_EDGE('',*,*,#3732,.T.);
#2531=ORIENTED_EDGE('',*,*,#3917,.T.);
#2532=ORIENTED_EDGE('',*,*,#3864,.F.);
#2533=ORIENTED_EDGE('',*,*,#3920,.F.);
#2534=ORIENTED_EDGE('',*,*,#3921,.T.);
#2535=ORIENTED_EDGE('',*,*,#3922,.T.);
#2536=ORIENTED_EDGE('',*,*,#3867,.F.);
#2537=ORIENTED_EDGE('',*,*,#3923,.F.);
#2538=ORIENTED_EDGE('',*,*,#3924,.T.);
#2539=ORIENTED_EDGE('',*,*,#3925,.T.);
#2540=ORIENTED_EDGE('',*,*,#3926,.F.);
#2541=ORIENTED_EDGE('',*,*,#3920,.T.);
#2542=ORIENTED_EDGE('',*,*,#3866,.F.);
#2543=ORIENTED_EDGE('',*,*,#3927,.F.);
#2544=ORIENTED_EDGE('',*,*,#3928,.F.);
#2545=ORIENTED_EDGE('',*,*,#3923,.T.);
#2546=ORIENTED_EDGE('',*,*,#3865,.F.);
#2547=ORIENTED_EDGE('',*,*,#3922,.F.);
#2548=ORIENTED_EDGE('',*,*,#3929,.T.);
#2549=ORIENTED_EDGE('',*,*,#3930,.F.);
#2550=ORIENTED_EDGE('',*,*,#3931,.F.);
#2551=ORIENTED_EDGE('',*,*,#3927,.T.);
#2552=ORIENTED_EDGE('',*,*,#3860,.F.);
#2553=ORIENTED_EDGE('',*,*,#3932,.F.);
#2554=ORIENTED_EDGE('',*,*,#3933,.T.);
#2555=ORIENTED_EDGE('',*,*,#3934,.T.);
#2556=ORIENTED_EDGE('',*,*,#3733,.T.);
#2557=ORIENTED_EDGE('',*,*,#3935,.T.);
#2558=ORIENTED_EDGE('',*,*,#3863,.T.);
#2559=ORIENTED_EDGE('',*,*,#3936,.F.);
#2560=ORIENTED_EDGE('',*,*,#3937,.F.);
#2561=ORIENTED_EDGE('',*,*,#3932,.T.);
#2562=ORIENTED_EDGE('',*,*,#3862,.T.);
#2563=ORIENTED_EDGE('',*,*,#3938,.F.);
#2564=ORIENTED_EDGE('',*,*,#3735,.F.);
#2565=ORIENTED_EDGE('',*,*,#3939,.F.);
#2566=ORIENTED_EDGE('',*,*,#3940,.F.);
#2567=ORIENTED_EDGE('',*,*,#3936,.T.);
#2568=ORIENTED_EDGE('',*,*,#3861,.F.);
#2569=ORIENTED_EDGE('',*,*,#3935,.F.);
#2570=ORIENTED_EDGE('',*,*,#3736,.T.);
#2571=ORIENTED_EDGE('',*,*,#3938,.T.);
#2572=ORIENTED_EDGE('',*,*,#3941,.T.);
#2573=ORIENTED_EDGE('',*,*,#3942,.F.);
#2574=ORIENTED_EDGE('',*,*,#3943,.F.);
#2575=ORIENTED_EDGE('',*,*,#3750,.F.);
#2576=ORIENTED_EDGE('',*,*,#3751,.T.);
#2577=ORIENTED_EDGE('',*,*,#3943,.T.);
#2578=ORIENTED_EDGE('',*,*,#3944,.T.);
#2579=ORIENTED_EDGE('',*,*,#3945,.F.);
#2580=ORIENTED_EDGE('',*,*,#3752,.T.);
#2581=ORIENTED_EDGE('',*,*,#3945,.T.);
#2582=ORIENTED_EDGE('',*,*,#3946,.T.);
#2583=ORIENTED_EDGE('',*,*,#3947,.F.);
#2584=ORIENTED_EDGE('',*,*,#3947,.T.);
#2585=ORIENTED_EDGE('',*,*,#3948,.F.);
#2586=ORIENTED_EDGE('',*,*,#3941,.F.);
#2587=ORIENTED_EDGE('',*,*,#3749,.F.);
#2588=ORIENTED_EDGE('',*,*,#3949,.T.);
#2589=ORIENTED_EDGE('',*,*,#3950,.F.);
#2590=ORIENTED_EDGE('',*,*,#3951,.F.);
#2591=ORIENTED_EDGE('',*,*,#3746,.F.);
#2592=ORIENTED_EDGE('',*,*,#3747,.T.);
#2593=ORIENTED_EDGE('',*,*,#3951,.T.);
#2594=ORIENTED_EDGE('',*,*,#3952,.T.);
#2595=ORIENTED_EDGE('',*,*,#3953,.F.);
#2596=ORIENTED_EDGE('',*,*,#3748,.T.);
#2597=ORIENTED_EDGE('',*,*,#3953,.T.);
#2598=ORIENTED_EDGE('',*,*,#3954,.T.);
#2599=ORIENTED_EDGE('',*,*,#3955,.F.);
#2600=ORIENTED_EDGE('',*,*,#3955,.T.);
#2601=ORIENTED_EDGE('',*,*,#3956,.F.);
#2602=ORIENTED_EDGE('',*,*,#3949,.F.);
#2603=ORIENTED_EDGE('',*,*,#3745,.F.);
#2604=ORIENTED_EDGE('',*,*,#3957,.T.);
#2605=ORIENTED_EDGE('',*,*,#3958,.F.);
#2606=ORIENTED_EDGE('',*,*,#3959,.F.);
#2607=ORIENTED_EDGE('',*,*,#3742,.F.);
#2608=ORIENTED_EDGE('',*,*,#3743,.T.);
#2609=ORIENTED_EDGE('',*,*,#3959,.T.);
#2610=ORIENTED_EDGE('',*,*,#3960,.T.);
#2611=ORIENTED_EDGE('',*,*,#3961,.F.);
#2612=ORIENTED_EDGE('',*,*,#3744,.T.);
#2613=ORIENTED_EDGE('',*,*,#3961,.T.);
#2614=ORIENTED_EDGE('',*,*,#3962,.T.);
#2615=ORIENTED_EDGE('',*,*,#3963,.F.);
#2616=ORIENTED_EDGE('',*,*,#3963,.T.);
#2617=ORIENTED_EDGE('',*,*,#3964,.F.);
#2618=ORIENTED_EDGE('',*,*,#3957,.F.);
#2619=ORIENTED_EDGE('',*,*,#3741,.F.);
#2620=ORIENTED_EDGE('',*,*,#3965,.T.);
#2621=ORIENTED_EDGE('',*,*,#3966,.F.);
#2622=ORIENTED_EDGE('',*,*,#3967,.F.);
#2623=ORIENTED_EDGE('',*,*,#3766,.F.);
#2624=ORIENTED_EDGE('',*,*,#3771,.F.);
#2625=ORIENTED_EDGE('',*,*,#3754,.F.);
#2626=ORIENTED_EDGE('',*,*,#3767,.T.);
#2627=ORIENTED_EDGE('',*,*,#3967,.T.);
#2628=ORIENTED_EDGE('',*,*,#3968,.T.);
#2629=ORIENTED_EDGE('',*,*,#3969,.F.);
#2630=ORIENTED_EDGE('',*,*,#3762,.T.);
#2631=ORIENTED_EDGE('',*,*,#3901,.T.);
#2632=ORIENTED_EDGE('',*,*,#3768,.T.);
#2633=ORIENTED_EDGE('',*,*,#3969,.T.);
#2634=ORIENTED_EDGE('',*,*,#3970,.T.);
#2635=ORIENTED_EDGE('',*,*,#3971,.F.);
#2636=ORIENTED_EDGE('',*,*,#3971,.T.);
#2637=ORIENTED_EDGE('',*,*,#3972,.F.);
#2638=ORIENTED_EDGE('',*,*,#3965,.F.);
#2639=ORIENTED_EDGE('',*,*,#3753,.F.);
#2640=ORIENTED_EDGE('',*,*,#3973,.F.);
#2641=ORIENTED_EDGE('',*,*,#3933,.F.);
#2642=ORIENTED_EDGE('',*,*,#3937,.T.);
#2643=ORIENTED_EDGE('',*,*,#3940,.T.);
#2644=ORIENTED_EDGE('',*,*,#3734,.F.);
#2645=ORIENTED_EDGE('',*,*,#3934,.F.);
#2646=ORIENTED_EDGE('',*,*,#3973,.T.);
#2647=ORIENTED_EDGE('',*,*,#3939,.T.);
#2648=ORIENTED_EDGE('',*,*,#3974,.F.);
#2649=ORIENTED_EDGE('',*,*,#3975,.T.);
#2650=ORIENTED_EDGE('',*,*,#3976,.T.);
#2651=ORIENTED_EDGE('',*,*,#3977,.F.);
#2652=ORIENTED_EDGE('',*,*,#3944,.F.);
#2653=ORIENTED_EDGE('',*,*,#3942,.T.);
#2654=ORIENTED_EDGE('',*,*,#3948,.T.);
#2655=ORIENTED_EDGE('',*,*,#3946,.F.);
#2656=ORIENTED_EDGE('',*,*,#3978,.F.);
#2657=ORIENTED_EDGE('',*,*,#3979,.T.);
#2658=ORIENTED_EDGE('',*,*,#3980,.T.);
#2659=ORIENTED_EDGE('',*,*,#3981,.F.);
#2660=ORIENTED_EDGE('',*,*,#3952,.F.);
#2661=ORIENTED_EDGE('',*,*,#3950,.T.);
#2662=ORIENTED_EDGE('',*,*,#3956,.T.);
#2663=ORIENTED_EDGE('',*,*,#3954,.F.);
#2664=ORIENTED_EDGE('',*,*,#3921,.F.);
#2665=ORIENTED_EDGE('',*,*,#3926,.T.);
#2666=ORIENTED_EDGE('',*,*,#3982,.T.);
#2667=ORIENTED_EDGE('',*,*,#3929,.F.);
#2668=ORIENTED_EDGE('',*,*,#3982,.F.);
#2669=ORIENTED_EDGE('',*,*,#3925,.F.);
#2670=ORIENTED_EDGE('',*,*,#3983,.T.);
#2671=ORIENTED_EDGE('',*,*,#3930,.T.);
#2672=ORIENTED_EDGE('',*,*,#3924,.F.);
#2673=ORIENTED_EDGE('',*,*,#3928,.T.);
#2674=ORIENTED_EDGE('',*,*,#3931,.T.);
#2675=ORIENTED_EDGE('',*,*,#3983,.F.);
#2676=ORIENTED_EDGE('',*,*,#3912,.F.);
#2677=ORIENTED_EDGE('',*,*,#3916,.T.);
#2678=ORIENTED_EDGE('',*,*,#3919,.T.);
#2679=ORIENTED_EDGE('',*,*,#3984,.F.);
#2680=ORIENTED_EDGE('',*,*,#3730,.F.);
#2681=ORIENTED_EDGE('',*,*,#3913,.F.);
#2682=ORIENTED_EDGE('',*,*,#3984,.T.);
#2683=ORIENTED_EDGE('',*,*,#3918,.T.);
#2684=ORIENTED_EDGE('',*,*,#3985,.F.);
#2685=ORIENTED_EDGE('',*,*,#3986,.T.);
#2686=ORIENTED_EDGE('',*,*,#3987,.T.);
#2687=ORIENTED_EDGE('',*,*,#3988,.F.);
#2688=ORIENTED_EDGE('',*,*,#3960,.F.);
#2689=ORIENTED_EDGE('',*,*,#3958,.T.);
#2690=ORIENTED_EDGE('',*,*,#3964,.T.);
#2691=ORIENTED_EDGE('',*,*,#3962,.F.);
#2692=ORIENTED_EDGE('',*,*,#3903,.F.);
#2693=ORIENTED_EDGE('',*,*,#3907,.T.);
#2694=ORIENTED_EDGE('',*,*,#3910,.T.);
#2695=ORIENTED_EDGE('',*,*,#3989,.F.);
#2696=ORIENTED_EDGE('',*,*,#3726,.F.);
#2697=ORIENTED_EDGE('',*,*,#3904,.F.);
#2698=ORIENTED_EDGE('',*,*,#3989,.T.);
#2699=ORIENTED_EDGE('',*,*,#3909,.T.);
#2700=ORIENTED_EDGE('',*,*,#3990,.F.);
#2701=ORIENTED_EDGE('',*,*,#3991,.T.);
#2702=ORIENTED_EDGE('',*,*,#3992,.T.);
#2703=ORIENTED_EDGE('',*,*,#3993,.F.);
#2704=ORIENTED_EDGE('',*,*,#3968,.F.);
#2705=ORIENTED_EDGE('',*,*,#3966,.T.);
#2706=ORIENTED_EDGE('',*,*,#3972,.T.);
#2707=ORIENTED_EDGE('',*,*,#3970,.F.);
#2708=ORIENTED_EDGE('',*,*,#3991,.F.);
#2709=ORIENTED_EDGE('',*,*,#3994,.F.);
#2710=ORIENTED_EDGE('',*,*,#3995,.T.);
#2711=ORIENTED_EDGE('',*,*,#3996,.T.);
#2712=ORIENTED_EDGE('',*,*,#3990,.T.);
#2713=ORIENTED_EDGE('',*,*,#3997,.F.);
#2714=ORIENTED_EDGE('',*,*,#3998,.F.);
#2715=ORIENTED_EDGE('',*,*,#3994,.T.);
#2716=ORIENTED_EDGE('',*,*,#3993,.T.);
#2717=ORIENTED_EDGE('',*,*,#3999,.F.);
#2718=ORIENTED_EDGE('',*,*,#4000,.F.);
#2719=ORIENTED_EDGE('',*,*,#3997,.T.);
#2720=ORIENTED_EDGE('',*,*,#4001,.F.);
#2721=ORIENTED_EDGE('',*,*,#4002,.F.);
#2722=ORIENTED_EDGE('',*,*,#4003,.T.);
#2723=ORIENTED_EDGE('',*,*,#4004,.T.);
#2724=ORIENTED_EDGE('',*,*,#3992,.F.);
#2725=ORIENTED_EDGE('',*,*,#3996,.F.);
#2726=ORIENTED_EDGE('',*,*,#4005,.T.);
#2727=ORIENTED_EDGE('',*,*,#3999,.T.);
#2728=ORIENTED_EDGE('',*,*,#3995,.F.);
#2729=ORIENTED_EDGE('',*,*,#3998,.T.);
#2730=ORIENTED_EDGE('',*,*,#4000,.T.);
#2731=ORIENTED_EDGE('',*,*,#4005,.F.);
#2732=ORIENTED_EDGE('',*,*,#3986,.F.);
#2733=ORIENTED_EDGE('',*,*,#4006,.F.);
#2734=ORIENTED_EDGE('',*,*,#4007,.F.);
#2735=ORIENTED_EDGE('',*,*,#4004,.F.);
#2736=ORIENTED_EDGE('',*,*,#4008,.T.);
#2737=ORIENTED_EDGE('',*,*,#3724,.F.);
#2738=ORIENTED_EDGE('',*,*,#4009,.T.);
#2739=ORIENTED_EDGE('',*,*,#4010,.T.);
#2740=ORIENTED_EDGE('',*,*,#4011,.F.);
#2741=ORIENTED_EDGE('',*,*,#4012,.T.);
#2742=ORIENTED_EDGE('',*,*,#4006,.T.);
#2743=ORIENTED_EDGE('',*,*,#3985,.T.);
#2744=ORIENTED_EDGE('',*,*,#3988,.T.);
#2745=ORIENTED_EDGE('',*,*,#4013,.F.);
#2746=ORIENTED_EDGE('',*,*,#4014,.F.);
#2747=ORIENTED_EDGE('',*,*,#3722,.T.);
#2748=ORIENTED_EDGE('',*,*,#4015,.F.);
#2749=ORIENTED_EDGE('',*,*,#4002,.T.);
#2750=ORIENTED_EDGE('',*,*,#4016,.T.);
#2751=ORIENTED_EDGE('',*,*,#4011,.T.);
#2752=ORIENTED_EDGE('',*,*,#3987,.F.);
#2753=ORIENTED_EDGE('',*,*,#4010,.F.);
#2754=ORIENTED_EDGE('',*,*,#4017,.T.);
#2755=ORIENTED_EDGE('',*,*,#4013,.T.);
#2756=ORIENTED_EDGE('',*,*,#4009,.F.);
#2757=ORIENTED_EDGE('',*,*,#3723,.T.);
#2758=ORIENTED_EDGE('',*,*,#4014,.T.);
#2759=ORIENTED_EDGE('',*,*,#4017,.F.);
#2760=ORIENTED_EDGE('',*,*,#3979,.F.);
#2761=ORIENTED_EDGE('',*,*,#4018,.F.);
#2762=ORIENTED_EDGE('',*,*,#4019,.T.);
#2763=ORIENTED_EDGE('',*,*,#4020,.T.);
#2764=ORIENTED_EDGE('',*,*,#3978,.T.);
#2765=ORIENTED_EDGE('',*,*,#4021,.F.);
#2766=ORIENTED_EDGE('',*,*,#4022,.F.);
#2767=ORIENTED_EDGE('',*,*,#4018,.T.);
#2768=ORIENTED_EDGE('',*,*,#3981,.T.);
#2769=ORIENTED_EDGE('',*,*,#4023,.F.);
#2770=ORIENTED_EDGE('',*,*,#4024,.F.);
#2771=ORIENTED_EDGE('',*,*,#4021,.T.);
#2772=ORIENTED_EDGE('',*,*,#3980,.F.);
#2773=ORIENTED_EDGE('',*,*,#4020,.F.);
#2774=ORIENTED_EDGE('',*,*,#4025,.T.);
#2775=ORIENTED_EDGE('',*,*,#4023,.T.);
#2776=ORIENTED_EDGE('',*,*,#4019,.F.);
#2777=ORIENTED_EDGE('',*,*,#4022,.T.);
#2778=ORIENTED_EDGE('',*,*,#4024,.T.);
#2779=ORIENTED_EDGE('',*,*,#4025,.F.);
#2780=ORIENTED_EDGE('',*,*,#4026,.F.);
#2781=ORIENTED_EDGE('',*,*,#4027,.T.);
#2782=ORIENTED_EDGE('',*,*,#3975,.F.);
#2783=ORIENTED_EDGE('',*,*,#4028,.F.);
#2784=ORIENTED_EDGE('',*,*,#4029,.T.);
#2785=ORIENTED_EDGE('',*,*,#4028,.T.);
#2786=ORIENTED_EDGE('',*,*,#3974,.T.);
#2787=ORIENTED_EDGE('',*,*,#4030,.F.);
#2788=ORIENTED_EDGE('',*,*,#4031,.F.);
#2789=ORIENTED_EDGE('',*,*,#4032,.F.);
#2790=ORIENTED_EDGE('',*,*,#4033,.F.);
#2791=ORIENTED_EDGE('',*,*,#4034,.T.);
#2792=ORIENTED_EDGE('',*,*,#4030,.T.);
#2793=ORIENTED_EDGE('',*,*,#3977,.T.);
#2794=ORIENTED_EDGE('',*,*,#4035,.F.);
#2795=ORIENTED_EDGE('',*,*,#4033,.T.);
#2796=ORIENTED_EDGE('',*,*,#3976,.F.);
#2797=ORIENTED_EDGE('',*,*,#4027,.F.);
#2798=ORIENTED_EDGE('',*,*,#3886,.F.);
#2799=ORIENTED_EDGE('',*,*,#4036,.F.);
#2800=ORIENTED_EDGE('',*,*,#4037,.T.);
#2801=ORIENTED_EDGE('',*,*,#4038,.T.);
#2802=ORIENTED_EDGE('',*,*,#4039,.F.);
#2803=ORIENTED_EDGE('',*,*,#4040,.T.);
#2804=ORIENTED_EDGE('',*,*,#4041,.T.);
#2805=ORIENTED_EDGE('',*,*,#4042,.F.);
#2806=ORIENTED_EDGE('',*,*,#4043,.T.);
#2807=ORIENTED_EDGE('',*,*,#4044,.T.);
#2808=ORIENTED_EDGE('',*,*,#3712,.F.);
#2809=ORIENTED_EDGE('',*,*,#4045,.F.);
#2810=ORIENTED_EDGE('',*,*,#3718,.F.);
#2811=ORIENTED_EDGE('',*,*,#4046,.F.);
#2812=ORIENTED_EDGE('',*,*,#4036,.T.);
#2813=ORIENTED_EDGE('',*,*,#3885,.T.);
#2814=ORIENTED_EDGE('',*,*,#3714,.F.);
#2815=ORIENTED_EDGE('',*,*,#4047,.F.);
#2816=ORIENTED_EDGE('',*,*,#3887,.F.);
#2817=ORIENTED_EDGE('',*,*,#4038,.F.);
#2818=ORIENTED_EDGE('',*,*,#4048,.T.);
#2819=ORIENTED_EDGE('',*,*,#3716,.T.);
#2820=ORIENTED_EDGE('',*,*,#4032,.T.);
#2821=ORIENTED_EDGE('',*,*,#4031,.T.);
#2822=ORIENTED_EDGE('',*,*,#4049,.T.);
#2823=ORIENTED_EDGE('',*,*,#4047,.T.);
#2824=ORIENTED_EDGE('',*,*,#4050,.F.);
#2825=ORIENTED_EDGE('',*,*,#4051,.F.);
#2826=ORIENTED_EDGE('',*,*,#4029,.F.);
#2827=ORIENTED_EDGE('',*,*,#4044,.F.);
#2828=ORIENTED_EDGE('',*,*,#4052,.F.);
#2829=ORIENTED_EDGE('',*,*,#4053,.T.);
#2830=ORIENTED_EDGE('',*,*,#4054,.T.);
#2831=ORIENTED_EDGE('',*,*,#4035,.T.);
#2832=ORIENTED_EDGE('',*,*,#4026,.T.);
#2833=ORIENTED_EDGE('',*,*,#4055,.T.);
#2834=ORIENTED_EDGE('',*,*,#4052,.T.);
#2835=ORIENTED_EDGE('',*,*,#4043,.F.);
#2836=ORIENTED_EDGE('',*,*,#4049,.F.);
#2837=ORIENTED_EDGE('',*,*,#4034,.F.);
#2838=ORIENTED_EDGE('',*,*,#3713,.T.);
#2839=ORIENTED_EDGE('',*,*,#4054,.F.);
#2840=ORIENTED_EDGE('',*,*,#4056,.F.);
#2841=ORIENTED_EDGE('',*,*,#4050,.T.);
#2842=ORIENTED_EDGE('',*,*,#4053,.F.);
#2843=ORIENTED_EDGE('',*,*,#4055,.F.);
#2844=ORIENTED_EDGE('',*,*,#4051,.T.);
#2845=ORIENTED_EDGE('',*,*,#4056,.T.);
#2846=ORIENTED_EDGE('',*,*,#4037,.F.);
#2847=ORIENTED_EDGE('',*,*,#4046,.T.);
#2848=ORIENTED_EDGE('',*,*,#3717,.T.);
#2849=ORIENTED_EDGE('',*,*,#4048,.F.);
#2850=ORIENTED_EDGE('',*,*,#4040,.F.);
#2851=ORIENTED_EDGE('',*,*,#4057,.F.);
#2852=ORIENTED_EDGE('',*,*,#4058,.T.);
#2853=ORIENTED_EDGE('',*,*,#4059,.T.);
#2854=ORIENTED_EDGE('',*,*,#4039,.T.);
#2855=ORIENTED_EDGE('',*,*,#4060,.F.);
#2856=ORIENTED_EDGE('',*,*,#4061,.F.);
#2857=ORIENTED_EDGE('',*,*,#4057,.T.);
#2858=ORIENTED_EDGE('',*,*,#4042,.T.);
#2859=ORIENTED_EDGE('',*,*,#4062,.F.);
#2860=ORIENTED_EDGE('',*,*,#4063,.F.);
#2861=ORIENTED_EDGE('',*,*,#4060,.T.);
#2862=ORIENTED_EDGE('',*,*,#4041,.F.);
#2863=ORIENTED_EDGE('',*,*,#4059,.F.);
#2864=ORIENTED_EDGE('',*,*,#4064,.T.);
#2865=ORIENTED_EDGE('',*,*,#4062,.T.);
#2866=ORIENTED_EDGE('',*,*,#4058,.F.);
#2867=ORIENTED_EDGE('',*,*,#4061,.T.);
#2868=ORIENTED_EDGE('',*,*,#4063,.T.);
#2869=ORIENTED_EDGE('',*,*,#4064,.F.);
#2870=ORIENTED_EDGE('',*,*,#4016,.F.);
#2871=ORIENTED_EDGE('',*,*,#4001,.T.);
#2872=ORIENTED_EDGE('',*,*,#4007,.T.);
#2873=ORIENTED_EDGE('',*,*,#4012,.F.);
#2874=ORIENTED_EDGE('',*,*,#4065,.F.);
#2875=ORIENTED_EDGE('',*,*,#4066,.T.);
#2876=ORIENTED_EDGE('',*,*,#4067,.T.);
#2877=ORIENTED_EDGE('',*,*,#4068,.F.);
#2878=ORIENTED_EDGE('',*,*,#4003,.F.);
#2879=ORIENTED_EDGE('',*,*,#4015,.T.);
#2880=ORIENTED_EDGE('',*,*,#3721,.T.);
#2881=ORIENTED_EDGE('',*,*,#4008,.F.);
#2882=ORIENTED_EDGE('',*,*,#4066,.F.);
#2883=ORIENTED_EDGE('',*,*,#4069,.F.);
#2884=ORIENTED_EDGE('',*,*,#4070,.T.);
#2885=ORIENTED_EDGE('',*,*,#4071,.T.);
#2886=ORIENTED_EDGE('',*,*,#4065,.T.);
#2887=ORIENTED_EDGE('',*,*,#4072,.F.);
#2888=ORIENTED_EDGE('',*,*,#4073,.F.);
#2889=ORIENTED_EDGE('',*,*,#4069,.T.);
#2890=ORIENTED_EDGE('',*,*,#4068,.T.);
#2891=ORIENTED_EDGE('',*,*,#4074,.F.);
#2892=ORIENTED_EDGE('',*,*,#4075,.F.);
#2893=ORIENTED_EDGE('',*,*,#4072,.T.);
#2894=ORIENTED_EDGE('',*,*,#4067,.F.);
#2895=ORIENTED_EDGE('',*,*,#4071,.F.);
#2896=ORIENTED_EDGE('',*,*,#4076,.T.);
#2897=ORIENTED_EDGE('',*,*,#4074,.T.);
#2898=ORIENTED_EDGE('',*,*,#4070,.F.);
#2899=ORIENTED_EDGE('',*,*,#4073,.T.);
#2900=ORIENTED_EDGE('',*,*,#4075,.T.);
#2901=ORIENTED_EDGE('',*,*,#4076,.F.);
#2902=ORIENTED_EDGE('',*,*,#3720,.F.);
#2903=ORIENTED_EDGE('',*,*,#4077,.F.);
#2904=ORIENTED_EDGE('',*,*,#3703,.T.);
#2905=ORIENTED_EDGE('',*,*,#4078,.T.);
#2906=ORIENTED_EDGE('',*,*,#3719,.T.);
#2907=ORIENTED_EDGE('',*,*,#4079,.F.);
#2908=ORIENTED_EDGE('',*,*,#4080,.F.);
#2909=ORIENTED_EDGE('',*,*,#3704,.F.);
#2910=ORIENTED_EDGE('',*,*,#4077,.T.);
#2911=ORIENTED_EDGE('',*,*,#3711,.F.);
#2912=ORIENTED_EDGE('',*,*,#4078,.F.);
#2913=ORIENTED_EDGE('',*,*,#3706,.T.);
#2914=ORIENTED_EDGE('',*,*,#4081,.T.);
#2915=ORIENTED_EDGE('',*,*,#4082,.T.);
#2916=ORIENTED_EDGE('',*,*,#4079,.T.);
#2917=ORIENTED_EDGE('',*,*,#4045,.T.);
#2918=ORIENTED_EDGE('',*,*,#4082,.F.);
#2919=ORIENTED_EDGE('',*,*,#4083,.F.);
#2920=ORIENTED_EDGE('',*,*,#4083,.T.);
#2921=ORIENTED_EDGE('',*,*,#4081,.F.);
#2922=ORIENTED_EDGE('',*,*,#3705,.F.);
#2923=ORIENTED_EDGE('',*,*,#4080,.T.);
#2924=ORIENTED_EDGE('',*,*,#3708,.F.);
#2925=ORIENTED_EDGE('',*,*,#4084,.F.);
#2926=ORIENTED_EDGE('',*,*,#4085,.T.);
#2927=ORIENTED_EDGE('',*,*,#4086,.T.);
#2928=ORIENTED_EDGE('',*,*,#3707,.T.);
#2929=ORIENTED_EDGE('',*,*,#4087,.F.);
#2930=ORIENTED_EDGE('',*,*,#4088,.F.);
#2931=ORIENTED_EDGE('',*,*,#4084,.T.);
#2932=ORIENTED_EDGE('',*,*,#3710,.T.);
#2933=ORIENTED_EDGE('',*,*,#4089,.F.);
#2934=ORIENTED_EDGE('',*,*,#4090,.F.);
#2935=ORIENTED_EDGE('',*,*,#4087,.T.);
#2936=ORIENTED_EDGE('',*,*,#3709,.F.);
#2937=ORIENTED_EDGE('',*,*,#4086,.F.);
#2938=ORIENTED_EDGE('',*,*,#4091,.T.);
#2939=ORIENTED_EDGE('',*,*,#4089,.T.);
#2940=ORIENTED_EDGE('',*,*,#4085,.F.);
#2941=ORIENTED_EDGE('',*,*,#4088,.T.);
#2942=ORIENTED_EDGE('',*,*,#4090,.T.);
#2943=ORIENTED_EDGE('',*,*,#4091,.F.);
#2944=ORIENTED_EDGE('',*,*,#4092,.T.);
#2945=ORIENTED_EDGE('',*,*,#3892,.T.);
#2946=ORIENTED_EDGE('',*,*,#3775,.F.);
#2947=ORIENTED_EDGE('',*,*,#4093,.F.);
#2948=ORIENTED_EDGE('',*,*,#3763,.T.);
#2949=ORIENTED_EDGE('',*,*,#3899,.F.);
#2950=ORIENTED_EDGE('',*,*,#4092,.F.);
#2951=ORIENTED_EDGE('',*,*,#4094,.F.);
#2952=ORIENTED_EDGE('',*,*,#3785,.T.);
#2953=ORIENTED_EDGE('',*,*,#3786,.F.);
#2954=ORIENTED_EDGE('',*,*,#4094,.T.);
#2955=ORIENTED_EDGE('',*,*,#4093,.T.);
#2956=ORIENTED_EDGE('',*,*,#3774,.F.);
#2957=ORIENTED_EDGE('',*,*,#4095,.F.);
#2958=ORIENTED_EDGE('',*,*,#4096,.T.);
#2959=ORIENTED_EDGE('',*,*,#4097,.T.);
#2960=ORIENTED_EDGE('',*,*,#4098,.F.);
#2961=ORIENTED_EDGE('',*,*,#4099,.F.);
#2962=ORIENTED_EDGE('',*,*,#4100,.T.);
#2963=ORIENTED_EDGE('',*,*,#4101,.T.);
#2964=ORIENTED_EDGE('',*,*,#4102,.F.);
#2965=ORIENTED_EDGE('',*,*,#4103,.T.);
#2966=ORIENTED_EDGE('',*,*,#4104,.T.);
#2967=ORIENTED_EDGE('',*,*,#4105,.F.);
#2968=ORIENTED_EDGE('',*,*,#4106,.F.);
#2969=ORIENTED_EDGE('',*,*,#4107,.F.);
#2970=ORIENTED_EDGE('',*,*,#4108,.T.);
#2971=ORIENTED_EDGE('',*,*,#4109,.T.);
#2972=ORIENTED_EDGE('',*,*,#4110,.F.);
#2973=ORIENTED_EDGE('',*,*,#4111,.F.);
#2974=ORIENTED_EDGE('',*,*,#4112,.T.);
#2975=ORIENTED_EDGE('',*,*,#4113,.T.);
#2976=ORIENTED_EDGE('',*,*,#4114,.F.);
#2977=ORIENTED_EDGE('',*,*,#4115,.F.);
#2978=ORIENTED_EDGE('',*,*,#4116,.T.);
#2979=ORIENTED_EDGE('',*,*,#4117,.T.);
#2980=ORIENTED_EDGE('',*,*,#4118,.F.);
#2981=ORIENTED_EDGE('',*,*,#4119,.T.);
#2982=ORIENTED_EDGE('',*,*,#4120,.T.);
#2983=ORIENTED_EDGE('',*,*,#4121,.F.);
#2984=ORIENTED_EDGE('',*,*,#4122,.F.);
#2985=ORIENTED_EDGE('',*,*,#4123,.T.);
#2986=ORIENTED_EDGE('',*,*,#4124,.T.);
#2987=ORIENTED_EDGE('',*,*,#4125,.F.);
#2988=ORIENTED_EDGE('',*,*,#4126,.F.);
#2989=ORIENTED_EDGE('',*,*,#4127,.T.);
#2990=ORIENTED_EDGE('',*,*,#4128,.T.);
#2991=ORIENTED_EDGE('',*,*,#4129,.F.);
#2992=ORIENTED_EDGE('',*,*,#4130,.F.);
#2993=ORIENTED_EDGE('',*,*,#4131,.T.);
#2994=ORIENTED_EDGE('',*,*,#4132,.T.);
#2995=ORIENTED_EDGE('',*,*,#4133,.F.);
#2996=ORIENTED_EDGE('',*,*,#4134,.F.);
#2997=ORIENTED_EDGE('',*,*,#4135,.T.);
#2998=ORIENTED_EDGE('',*,*,#4136,.T.);
#2999=ORIENTED_EDGE('',*,*,#4137,.F.);
#3000=ORIENTED_EDGE('',*,*,#4138,.F.);
#3001=ORIENTED_EDGE('',*,*,#4139,.T.);
#3002=ORIENTED_EDGE('',*,*,#4140,.T.);
#3003=ORIENTED_EDGE('',*,*,#4141,.F.);
#3004=ORIENTED_EDGE('',*,*,#4142,.F.);
#3005=ORIENTED_EDGE('',*,*,#4143,.F.);
#3006=ORIENTED_EDGE('',*,*,#4144,.T.);
#3007=ORIENTED_EDGE('',*,*,#4145,.T.);
#3008=ORIENTED_EDGE('',*,*,#4146,.F.);
#3009=ORIENTED_EDGE('',*,*,#4147,.F.);
#3010=ORIENTED_EDGE('',*,*,#4148,.T.);
#3011=ORIENTED_EDGE('',*,*,#4149,.T.);
#3012=ORIENTED_EDGE('',*,*,#4150,.F.);
#3013=ORIENTED_EDGE('',*,*,#4151,.F.);
#3014=ORIENTED_EDGE('',*,*,#4152,.T.);
#3015=ORIENTED_EDGE('',*,*,#4153,.T.);
#3016=ORIENTED_EDGE('',*,*,#4154,.F.);
#3017=ORIENTED_EDGE('',*,*,#4155,.F.);
#3018=ORIENTED_EDGE('',*,*,#4156,.T.);
#3019=ORIENTED_EDGE('',*,*,#4157,.T.);
#3020=ORIENTED_EDGE('',*,*,#4158,.F.);
#3021=ORIENTED_EDGE('',*,*,#4159,.F.);
#3022=ORIENTED_EDGE('',*,*,#4160,.T.);
#3023=ORIENTED_EDGE('',*,*,#4161,.T.);
#3024=ORIENTED_EDGE('',*,*,#4162,.F.);
#3025=ORIENTED_EDGE('',*,*,#4163,.T.);
#3026=ORIENTED_EDGE('',*,*,#4164,.F.);
#3027=ORIENTED_EDGE('',*,*,#4165,.F.);
#3028=ORIENTED_EDGE('',*,*,#4166,.T.);
#3029=ORIENTED_EDGE('',*,*,#4104,.F.);
#3030=ORIENTED_EDGE('',*,*,#4167,.F.);
#3031=ORIENTED_EDGE('',*,*,#4150,.T.);
#3032=ORIENTED_EDGE('',*,*,#4168,.T.);
#3033=ORIENTED_EDGE('',*,*,#4169,.F.);
#3034=ORIENTED_EDGE('',*,*,#4170,.T.);
#3035=ORIENTED_EDGE('',*,*,#4171,.T.);
#3036=ORIENTED_EDGE('',*,*,#4172,.F.);
#3037=ORIENTED_EDGE('',*,*,#4173,.F.);
#3038=ORIENTED_EDGE('',*,*,#4174,.T.);
#3039=ORIENTED_EDGE('',*,*,#4175,.T.);
#3040=ORIENTED_EDGE('',*,*,#4176,.F.);
#3041=ORIENTED_EDGE('',*,*,#4177,.F.);
#3042=ORIENTED_EDGE('',*,*,#4178,.T.);
#3043=ORIENTED_EDGE('',*,*,#4179,.T.);
#3044=ORIENTED_EDGE('',*,*,#4180,.F.);
#3045=ORIENTED_EDGE('',*,*,#4106,.T.);
#3046=ORIENTED_EDGE('',*,*,#4181,.F.);
#3047=ORIENTED_EDGE('',*,*,#4148,.F.);
#3048=ORIENTED_EDGE('',*,*,#4182,.T.);
#3049=ORIENTED_EDGE('',*,*,#4183,.F.);
#3050=ORIENTED_EDGE('',*,*,#4184,.T.);
#3051=ORIENTED_EDGE('',*,*,#4185,.T.);
#3052=ORIENTED_EDGE('',*,*,#4186,.F.);
#3053=ORIENTED_EDGE('',*,*,#4103,.F.);
#3054=ORIENTED_EDGE('',*,*,#4182,.F.);
#3055=ORIENTED_EDGE('',*,*,#4147,.T.);
#3056=ORIENTED_EDGE('',*,*,#4167,.T.);
#3057=ORIENTED_EDGE('',*,*,#4105,.T.);
#3058=ORIENTED_EDGE('',*,*,#4168,.F.);
#3059=ORIENTED_EDGE('',*,*,#4149,.F.);
#3060=ORIENTED_EDGE('',*,*,#4181,.T.);
#3061=ORIENTED_EDGE('',*,*,#4152,.F.);
#3062=ORIENTED_EDGE('',*,*,#4187,.F.);
#3063=ORIENTED_EDGE('',*,*,#4188,.T.);
#3064=ORIENTED_EDGE('',*,*,#4189,.T.);
#3065=ORIENTED_EDGE('',*,*,#4151,.T.);
#3066=ORIENTED_EDGE('',*,*,#4190,.F.);
#3067=ORIENTED_EDGE('',*,*,#4191,.F.);
#3068=ORIENTED_EDGE('',*,*,#4187,.T.);
#3069=ORIENTED_EDGE('',*,*,#4154,.T.);
#3070=ORIENTED_EDGE('',*,*,#4192,.F.);
#3071=ORIENTED_EDGE('',*,*,#4193,.F.);
#3072=ORIENTED_EDGE('',*,*,#4190,.T.);
#3073=ORIENTED_EDGE('',*,*,#4153,.F.);
#3074=ORIENTED_EDGE('',*,*,#4189,.F.);
#3075=ORIENTED_EDGE('',*,*,#4194,.T.);
#3076=ORIENTED_EDGE('',*,*,#4192,.T.);
#3077=ORIENTED_EDGE('',*,*,#4188,.F.);
#3078=ORIENTED_EDGE('',*,*,#4191,.T.);
#3079=ORIENTED_EDGE('',*,*,#4193,.T.);
#3080=ORIENTED_EDGE('',*,*,#4194,.F.);
#3081=ORIENTED_EDGE('',*,*,#4156,.F.);
#3082=ORIENTED_EDGE('',*,*,#4195,.F.);
#3083=ORIENTED_EDGE('',*,*,#4196,.T.);
#3084=ORIENTED_EDGE('',*,*,#4197,.T.);
#3085=ORIENTED_EDGE('',*,*,#4155,.T.);
#3086=ORIENTED_EDGE('',*,*,#4198,.F.);
#3087=ORIENTED_EDGE('',*,*,#4199,.F.);
#3088=ORIENTED_EDGE('',*,*,#4195,.T.);
#3089=ORIENTED_EDGE('',*,*,#4158,.T.);
#3090=ORIENTED_EDGE('',*,*,#4200,.F.);
#3091=ORIENTED_EDGE('',*,*,#4201,.F.);
#3092=ORIENTED_EDGE('',*,*,#4198,.T.);
#3093=ORIENTED_EDGE('',*,*,#4157,.F.);
#3094=ORIENTED_EDGE('',*,*,#4197,.F.);
#3095=ORIENTED_EDGE('',*,*,#4202,.T.);
#3096=ORIENTED_EDGE('',*,*,#4200,.T.);
#3097=ORIENTED_EDGE('',*,*,#4196,.F.);
#3098=ORIENTED_EDGE('',*,*,#4199,.T.);
#3099=ORIENTED_EDGE('',*,*,#4201,.T.);
#3100=ORIENTED_EDGE('',*,*,#4202,.F.);
#3101=ORIENTED_EDGE('',*,*,#4160,.F.);
#3102=ORIENTED_EDGE('',*,*,#4203,.F.);
#3103=ORIENTED_EDGE('',*,*,#4204,.T.);
#3104=ORIENTED_EDGE('',*,*,#4205,.T.);
#3105=ORIENTED_EDGE('',*,*,#4159,.T.);
#3106=ORIENTED_EDGE('',*,*,#4206,.F.);
#3107=ORIENTED_EDGE('',*,*,#4207,.F.);
#3108=ORIENTED_EDGE('',*,*,#4203,.T.);
#3109=ORIENTED_EDGE('',*,*,#4162,.T.);
#3110=ORIENTED_EDGE('',*,*,#4208,.F.);
#3111=ORIENTED_EDGE('',*,*,#4209,.F.);
#3112=ORIENTED_EDGE('',*,*,#4206,.T.);
#3113=ORIENTED_EDGE('',*,*,#4161,.F.);
#3114=ORIENTED_EDGE('',*,*,#4205,.F.);
#3115=ORIENTED_EDGE('',*,*,#4210,.T.);
#3116=ORIENTED_EDGE('',*,*,#4208,.T.);
#3117=ORIENTED_EDGE('',*,*,#4204,.F.);
#3118=ORIENTED_EDGE('',*,*,#4207,.T.);
#3119=ORIENTED_EDGE('',*,*,#4209,.T.);
#3120=ORIENTED_EDGE('',*,*,#4210,.F.);
#3121=ORIENTED_EDGE('',*,*,#4211,.T.);
#3122=ORIENTED_EDGE('',*,*,#4107,.T.);
#3123=ORIENTED_EDGE('',*,*,#4212,.F.);
#3124=ORIENTED_EDGE('',*,*,#4213,.F.);
#3125=ORIENTED_EDGE('',*,*,#4108,.F.);
#3126=ORIENTED_EDGE('',*,*,#4211,.F.);
#3127=ORIENTED_EDGE('',*,*,#4214,.T.);
#3128=ORIENTED_EDGE('',*,*,#4215,.T.);
#3129=ORIENTED_EDGE('',*,*,#4109,.F.);
#3130=ORIENTED_EDGE('',*,*,#4215,.F.);
#3131=ORIENTED_EDGE('',*,*,#4216,.T.);
#3132=ORIENTED_EDGE('',*,*,#4217,.T.);
#3133=ORIENTED_EDGE('',*,*,#4212,.T.);
#3134=ORIENTED_EDGE('',*,*,#4110,.T.);
#3135=ORIENTED_EDGE('',*,*,#4217,.F.);
#3136=ORIENTED_EDGE('',*,*,#4218,.F.);
#3137=ORIENTED_EDGE('',*,*,#4213,.T.);
#3138=ORIENTED_EDGE('',*,*,#4218,.T.);
#3139=ORIENTED_EDGE('',*,*,#4216,.F.);
#3140=ORIENTED_EDGE('',*,*,#4214,.F.);
#3141=ORIENTED_EDGE('',*,*,#4219,.T.);
#3142=ORIENTED_EDGE('',*,*,#4099,.T.);
#3143=ORIENTED_EDGE('',*,*,#4220,.F.);
#3144=ORIENTED_EDGE('',*,*,#4221,.F.);
#3145=ORIENTED_EDGE('',*,*,#4100,.F.);
#3146=ORIENTED_EDGE('',*,*,#4219,.F.);
#3147=ORIENTED_EDGE('',*,*,#4222,.T.);
#3148=ORIENTED_EDGE('',*,*,#4223,.T.);
#3149=ORIENTED_EDGE('',*,*,#4101,.F.);
#3150=ORIENTED_EDGE('',*,*,#4223,.F.);
#3151=ORIENTED_EDGE('',*,*,#4224,.T.);
#3152=ORIENTED_EDGE('',*,*,#4225,.T.);
#3153=ORIENTED_EDGE('',*,*,#4220,.T.);
#3154=ORIENTED_EDGE('',*,*,#4102,.T.);
#3155=ORIENTED_EDGE('',*,*,#4225,.F.);
#3156=ORIENTED_EDGE('',*,*,#4226,.F.);
#3157=ORIENTED_EDGE('',*,*,#4221,.T.);
#3158=ORIENTED_EDGE('',*,*,#4226,.T.);
#3159=ORIENTED_EDGE('',*,*,#4224,.F.);
#3160=ORIENTED_EDGE('',*,*,#4222,.F.);
#3161=ORIENTED_EDGE('',*,*,#4227,.T.);
#3162=ORIENTED_EDGE('',*,*,#4111,.T.);
#3163=ORIENTED_EDGE('',*,*,#4228,.F.);
#3164=ORIENTED_EDGE('',*,*,#4229,.F.);
#3165=ORIENTED_EDGE('',*,*,#4112,.F.);
#3166=ORIENTED_EDGE('',*,*,#4227,.F.);
#3167=ORIENTED_EDGE('',*,*,#4230,.T.);
#3168=ORIENTED_EDGE('',*,*,#4231,.T.);
#3169=ORIENTED_EDGE('',*,*,#4113,.F.);
#3170=ORIENTED_EDGE('',*,*,#4231,.F.);
#3171=ORIENTED_EDGE('',*,*,#4232,.T.);
#3172=ORIENTED_EDGE('',*,*,#4233,.T.);
#3173=ORIENTED_EDGE('',*,*,#4228,.T.);
#3174=ORIENTED_EDGE('',*,*,#4114,.T.);
#3175=ORIENTED_EDGE('',*,*,#4233,.F.);
#3176=ORIENTED_EDGE('',*,*,#4234,.F.);
#3177=ORIENTED_EDGE('',*,*,#4229,.T.);
#3178=ORIENTED_EDGE('',*,*,#4234,.T.);
#3179=ORIENTED_EDGE('',*,*,#4232,.F.);
#3180=ORIENTED_EDGE('',*,*,#4230,.F.);
#3181=ORIENTED_EDGE('',*,*,#4235,.T.);
#3182=ORIENTED_EDGE('',*,*,#4236,.F.);
#3183=ORIENTED_EDGE('',*,*,#4237,.F.);
#3184=ORIENTED_EDGE('',*,*,#4238,.T.);
#3185=ORIENTED_EDGE('',*,*,#4237,.T.);
#3186=ORIENTED_EDGE('',*,*,#4239,.T.);
#3187=ORIENTED_EDGE('',*,*,#4166,.F.);
#3188=ORIENTED_EDGE('',*,*,#4240,.T.);
#3189=ORIENTED_EDGE('',*,*,#4164,.T.);
#3190=ORIENTED_EDGE('',*,*,#4241,.F.);
#3191=ORIENTED_EDGE('',*,*,#4235,.F.);
#3192=ORIENTED_EDGE('',*,*,#4242,.F.);
#3193=ORIENTED_EDGE('',*,*,#4238,.F.);
#3194=ORIENTED_EDGE('',*,*,#4240,.F.);
#3195=ORIENTED_EDGE('',*,*,#4165,.T.);
#3196=ORIENTED_EDGE('',*,*,#4242,.T.);
#3197=ORIENTED_EDGE('',*,*,#4243,.T.);
#3198=ORIENTED_EDGE('',*,*,#4244,.F.);
#3199=ORIENTED_EDGE('',*,*,#4245,.F.);
#3200=ORIENTED_EDGE('',*,*,#4246,.T.);
#3201=ORIENTED_EDGE('',*,*,#4247,.F.);
#3202=ORIENTED_EDGE('',*,*,#4144,.F.);
#3203=ORIENTED_EDGE('',*,*,#4248,.T.);
#3204=ORIENTED_EDGE('',*,*,#4245,.T.);
#3205=ORIENTED_EDGE('',*,*,#4249,.T.);
#3206=ORIENTED_EDGE('',*,*,#4243,.F.);
#3207=ORIENTED_EDGE('',*,*,#4250,.F.);
#3208=ORIENTED_EDGE('',*,*,#4146,.T.);
#3209=ORIENTED_EDGE('',*,*,#4246,.F.);
#3210=ORIENTED_EDGE('',*,*,#4248,.F.);
#3211=ORIENTED_EDGE('',*,*,#4143,.T.);
#3212=ORIENTED_EDGE('',*,*,#4250,.T.);
#3213=ORIENTED_EDGE('',*,*,#4244,.T.);
#3214=ORIENTED_EDGE('',*,*,#4249,.F.);
#3215=ORIENTED_EDGE('',*,*,#4145,.F.);
#3216=ORIENTED_EDGE('',*,*,#4247,.T.);
#3217=ORIENTED_EDGE('',*,*,#4251,.T.);
#3218=ORIENTED_EDGE('',*,*,#4177,.T.);
#3219=ORIENTED_EDGE('',*,*,#4252,.F.);
#3220=ORIENTED_EDGE('',*,*,#4253,.F.);
#3221=ORIENTED_EDGE('',*,*,#4178,.F.);
#3222=ORIENTED_EDGE('',*,*,#4251,.F.);
#3223=ORIENTED_EDGE('',*,*,#4254,.T.);
#3224=ORIENTED_EDGE('',*,*,#4255,.T.);
#3225=ORIENTED_EDGE('',*,*,#4179,.F.);
#3226=ORIENTED_EDGE('',*,*,#4255,.F.);
#3227=ORIENTED_EDGE('',*,*,#4256,.T.);
#3228=ORIENTED_EDGE('',*,*,#4257,.T.);
#3229=ORIENTED_EDGE('',*,*,#4252,.T.);
#3230=ORIENTED_EDGE('',*,*,#4180,.T.);
#3231=ORIENTED_EDGE('',*,*,#4257,.F.);
#3232=ORIENTED_EDGE('',*,*,#4258,.F.);
#3233=ORIENTED_EDGE('',*,*,#4253,.T.);
#3234=ORIENTED_EDGE('',*,*,#4258,.T.);
#3235=ORIENTED_EDGE('',*,*,#4256,.F.);
#3236=ORIENTED_EDGE('',*,*,#4254,.F.);
#3237=ORIENTED_EDGE('',*,*,#4259,.T.);
#3238=ORIENTED_EDGE('',*,*,#4183,.T.);
#3239=ORIENTED_EDGE('',*,*,#4260,.F.);
#3240=ORIENTED_EDGE('',*,*,#4261,.F.);
#3241=ORIENTED_EDGE('',*,*,#4184,.F.);
#3242=ORIENTED_EDGE('',*,*,#4259,.F.);
#3243=ORIENTED_EDGE('',*,*,#4262,.T.);
#3244=ORIENTED_EDGE('',*,*,#4263,.T.);
#3245=ORIENTED_EDGE('',*,*,#4185,.F.);
#3246=ORIENTED_EDGE('',*,*,#4263,.F.);
#3247=ORIENTED_EDGE('',*,*,#4264,.T.);
#3248=ORIENTED_EDGE('',*,*,#4265,.T.);
#3249=ORIENTED_EDGE('',*,*,#4260,.T.);
#3250=ORIENTED_EDGE('',*,*,#4186,.T.);
#3251=ORIENTED_EDGE('',*,*,#4265,.F.);
#3252=ORIENTED_EDGE('',*,*,#4266,.F.);
#3253=ORIENTED_EDGE('',*,*,#4261,.T.);
#3254=ORIENTED_EDGE('',*,*,#4266,.T.);
#3255=ORIENTED_EDGE('',*,*,#4264,.F.);
#3256=ORIENTED_EDGE('',*,*,#4262,.F.);
#3257=ORIENTED_EDGE('',*,*,#4170,.F.);
#3258=ORIENTED_EDGE('',*,*,#4267,.F.);
#3259=ORIENTED_EDGE('',*,*,#4268,.T.);
#3260=ORIENTED_EDGE('',*,*,#4269,.T.);
#3261=ORIENTED_EDGE('',*,*,#4169,.T.);
#3262=ORIENTED_EDGE('',*,*,#4270,.F.);
#3263=ORIENTED_EDGE('',*,*,#4271,.F.);
#3264=ORIENTED_EDGE('',*,*,#4267,.T.);
#3265=ORIENTED_EDGE('',*,*,#4172,.T.);
#3266=ORIENTED_EDGE('',*,*,#4272,.F.);
#3267=ORIENTED_EDGE('',*,*,#4273,.F.);
#3268=ORIENTED_EDGE('',*,*,#4270,.T.);
#3269=ORIENTED_EDGE('',*,*,#4171,.F.);
#3270=ORIENTED_EDGE('',*,*,#4269,.F.);
#3271=ORIENTED_EDGE('',*,*,#4274,.T.);
#3272=ORIENTED_EDGE('',*,*,#4272,.T.);
#3273=ORIENTED_EDGE('',*,*,#4268,.F.);
#3274=ORIENTED_EDGE('',*,*,#4271,.T.);
#3275=ORIENTED_EDGE('',*,*,#4273,.T.);
#3276=ORIENTED_EDGE('',*,*,#4274,.F.);
#3277=ORIENTED_EDGE('',*,*,#4174,.F.);
#3278=ORIENTED_EDGE('',*,*,#4275,.F.);
#3279=ORIENTED_EDGE('',*,*,#4276,.T.);
#3280=ORIENTED_EDGE('',*,*,#4277,.T.);
#3281=ORIENTED_EDGE('',*,*,#4173,.T.);
#3282=ORIENTED_EDGE('',*,*,#4278,.F.);
#3283=ORIENTED_EDGE('',*,*,#4279,.F.);
#3284=ORIENTED_EDGE('',*,*,#4275,.T.);
#3285=ORIENTED_EDGE('',*,*,#4176,.T.);
#3286=ORIENTED_EDGE('',*,*,#4280,.F.);
#3287=ORIENTED_EDGE('',*,*,#4281,.F.);
#3288=ORIENTED_EDGE('',*,*,#4278,.T.);
#3289=ORIENTED_EDGE('',*,*,#4175,.F.);
#3290=ORIENTED_EDGE('',*,*,#4277,.F.);
#3291=ORIENTED_EDGE('',*,*,#4282,.T.);
#3292=ORIENTED_EDGE('',*,*,#4280,.T.);
#3293=ORIENTED_EDGE('',*,*,#4276,.F.);
#3294=ORIENTED_EDGE('',*,*,#4279,.T.);
#3295=ORIENTED_EDGE('',*,*,#4281,.T.);
#3296=ORIENTED_EDGE('',*,*,#4282,.F.);
#3297=ORIENTED_EDGE('',*,*,#4139,.F.);
#3298=ORIENTED_EDGE('',*,*,#4283,.F.);
#3299=ORIENTED_EDGE('',*,*,#4284,.T.);
#3300=ORIENTED_EDGE('',*,*,#4285,.T.);
#3301=ORIENTED_EDGE('',*,*,#4142,.T.);
#3302=ORIENTED_EDGE('',*,*,#4286,.F.);
#3303=ORIENTED_EDGE('',*,*,#4287,.F.);
#3304=ORIENTED_EDGE('',*,*,#4283,.T.);
#3305=ORIENTED_EDGE('',*,*,#4141,.T.);
#3306=ORIENTED_EDGE('',*,*,#4288,.F.);
#3307=ORIENTED_EDGE('',*,*,#4289,.F.);
#3308=ORIENTED_EDGE('',*,*,#4286,.T.);
#3309=ORIENTED_EDGE('',*,*,#4140,.F.);
#3310=ORIENTED_EDGE('',*,*,#4285,.F.);
#3311=ORIENTED_EDGE('',*,*,#4290,.T.);
#3312=ORIENTED_EDGE('',*,*,#4288,.T.);
#3313=ORIENTED_EDGE('',*,*,#4284,.F.);
#3314=ORIENTED_EDGE('',*,*,#4287,.T.);
#3315=ORIENTED_EDGE('',*,*,#4289,.T.);
#3316=ORIENTED_EDGE('',*,*,#4290,.F.);
#3317=ORIENTED_EDGE('',*,*,#4135,.F.);
#3318=ORIENTED_EDGE('',*,*,#4291,.F.);
#3319=ORIENTED_EDGE('',*,*,#4292,.T.);
#3320=ORIENTED_EDGE('',*,*,#4293,.T.);
#3321=ORIENTED_EDGE('',*,*,#4138,.T.);
#3322=ORIENTED_EDGE('',*,*,#4294,.F.);
#3323=ORIENTED_EDGE('',*,*,#4295,.F.);
#3324=ORIENTED_EDGE('',*,*,#4291,.T.);
#3325=ORIENTED_EDGE('',*,*,#4137,.T.);
#3326=ORIENTED_EDGE('',*,*,#4296,.F.);
#3327=ORIENTED_EDGE('',*,*,#4297,.F.);
#3328=ORIENTED_EDGE('',*,*,#4294,.T.);
#3329=ORIENTED_EDGE('',*,*,#4136,.F.);
#3330=ORIENTED_EDGE('',*,*,#4293,.F.);
#3331=ORIENTED_EDGE('',*,*,#4298,.T.);
#3332=ORIENTED_EDGE('',*,*,#4296,.T.);
#3333=ORIENTED_EDGE('',*,*,#4292,.F.);
#3334=ORIENTED_EDGE('',*,*,#4295,.T.);
#3335=ORIENTED_EDGE('',*,*,#4297,.T.);
#3336=ORIENTED_EDGE('',*,*,#4298,.F.);
#3337=ORIENTED_EDGE('',*,*,#4163,.F.);
#3338=ORIENTED_EDGE('',*,*,#4239,.F.);
#3339=ORIENTED_EDGE('',*,*,#4236,.T.);
#3340=ORIENTED_EDGE('',*,*,#4241,.T.);
#3341=ORIENTED_EDGE('',*,*,#4131,.F.);
#3342=ORIENTED_EDGE('',*,*,#4299,.F.);
#3343=ORIENTED_EDGE('',*,*,#4300,.T.);
#3344=ORIENTED_EDGE('',*,*,#4301,.T.);
#3345=ORIENTED_EDGE('',*,*,#4134,.T.);
#3346=ORIENTED_EDGE('',*,*,#4302,.F.);
#3347=ORIENTED_EDGE('',*,*,#4303,.F.);
#3348=ORIENTED_EDGE('',*,*,#4299,.T.);
#3349=ORIENTED_EDGE('',*,*,#4133,.T.);
#3350=ORIENTED_EDGE('',*,*,#4304,.F.);
#3351=ORIENTED_EDGE('',*,*,#4305,.F.);
#3352=ORIENTED_EDGE('',*,*,#4302,.T.);
#3353=ORIENTED_EDGE('',*,*,#4132,.F.);
#3354=ORIENTED_EDGE('',*,*,#4301,.F.);
#3355=ORIENTED_EDGE('',*,*,#4306,.T.);
#3356=ORIENTED_EDGE('',*,*,#4304,.T.);
#3357=ORIENTED_EDGE('',*,*,#4300,.F.);
#3358=ORIENTED_EDGE('',*,*,#4303,.T.);
#3359=ORIENTED_EDGE('',*,*,#4305,.T.);
#3360=ORIENTED_EDGE('',*,*,#4306,.F.);
#3361=ORIENTED_EDGE('',*,*,#4127,.F.);
#3362=ORIENTED_EDGE('',*,*,#4307,.F.);
#3363=ORIENTED_EDGE('',*,*,#4308,.T.);
#3364=ORIENTED_EDGE('',*,*,#4309,.T.);
#3365=ORIENTED_EDGE('',*,*,#4130,.T.);
#3366=ORIENTED_EDGE('',*,*,#4310,.F.);
#3367=ORIENTED_EDGE('',*,*,#4311,.F.);
#3368=ORIENTED_EDGE('',*,*,#4307,.T.);
#3369=ORIENTED_EDGE('',*,*,#4129,.T.);
#3370=ORIENTED_EDGE('',*,*,#4312,.F.);
#3371=ORIENTED_EDGE('',*,*,#4313,.F.);
#3372=ORIENTED_EDGE('',*,*,#4310,.T.);
#3373=ORIENTED_EDGE('',*,*,#4128,.F.);
#3374=ORIENTED_EDGE('',*,*,#4309,.F.);
#3375=ORIENTED_EDGE('',*,*,#4314,.T.);
#3376=ORIENTED_EDGE('',*,*,#4312,.T.);
#3377=ORIENTED_EDGE('',*,*,#4308,.F.);
#3378=ORIENTED_EDGE('',*,*,#4311,.T.);
#3379=ORIENTED_EDGE('',*,*,#4313,.T.);
#3380=ORIENTED_EDGE('',*,*,#4314,.F.);
#3381=ORIENTED_EDGE('',*,*,#4123,.F.);
#3382=ORIENTED_EDGE('',*,*,#4315,.F.);
#3383=ORIENTED_EDGE('',*,*,#4316,.T.);
#3384=ORIENTED_EDGE('',*,*,#4317,.T.);
#3385=ORIENTED_EDGE('',*,*,#4126,.T.);
#3386=ORIENTED_EDGE('',*,*,#4318,.F.);
#3387=ORIENTED_EDGE('',*,*,#4319,.F.);
#3388=ORIENTED_EDGE('',*,*,#4315,.T.);
#3389=ORIENTED_EDGE('',*,*,#4125,.T.);
#3390=ORIENTED_EDGE('',*,*,#4320,.F.);
#3391=ORIENTED_EDGE('',*,*,#4321,.F.);
#3392=ORIENTED_EDGE('',*,*,#4318,.T.);
#3393=ORIENTED_EDGE('',*,*,#4124,.F.);
#3394=ORIENTED_EDGE('',*,*,#4317,.F.);
#3395=ORIENTED_EDGE('',*,*,#4322,.T.);
#3396=ORIENTED_EDGE('',*,*,#4320,.T.);
#3397=ORIENTED_EDGE('',*,*,#4316,.F.);
#3398=ORIENTED_EDGE('',*,*,#4319,.T.);
#3399=ORIENTED_EDGE('',*,*,#4321,.T.);
#3400=ORIENTED_EDGE('',*,*,#4322,.F.);
#3401=ORIENTED_EDGE('',*,*,#4119,.F.);
#3402=ORIENTED_EDGE('',*,*,#4323,.F.);
#3403=ORIENTED_EDGE('',*,*,#4324,.T.);
#3404=ORIENTED_EDGE('',*,*,#4325,.T.);
#3405=ORIENTED_EDGE('',*,*,#4122,.T.);
#3406=ORIENTED_EDGE('',*,*,#4326,.F.);
#3407=ORIENTED_EDGE('',*,*,#4327,.F.);
#3408=ORIENTED_EDGE('',*,*,#4323,.T.);
#3409=ORIENTED_EDGE('',*,*,#4121,.T.);
#3410=ORIENTED_EDGE('',*,*,#4328,.F.);
#3411=ORIENTED_EDGE('',*,*,#4329,.F.);
#3412=ORIENTED_EDGE('',*,*,#4326,.T.);
#3413=ORIENTED_EDGE('',*,*,#4120,.F.);
#3414=ORIENTED_EDGE('',*,*,#4325,.F.);
#3415=ORIENTED_EDGE('',*,*,#4330,.T.);
#3416=ORIENTED_EDGE('',*,*,#4328,.T.);
#3417=ORIENTED_EDGE('',*,*,#4324,.F.);
#3418=ORIENTED_EDGE('',*,*,#4327,.T.);
#3419=ORIENTED_EDGE('',*,*,#4329,.T.);
#3420=ORIENTED_EDGE('',*,*,#4330,.F.);
#3421=ORIENTED_EDGE('',*,*,#4331,.T.);
#3422=ORIENTED_EDGE('',*,*,#4095,.T.);
#3423=ORIENTED_EDGE('',*,*,#4332,.F.);
#3424=ORIENTED_EDGE('',*,*,#4333,.F.);
#3425=ORIENTED_EDGE('',*,*,#4096,.F.);
#3426=ORIENTED_EDGE('',*,*,#4331,.F.);
#3427=ORIENTED_EDGE('',*,*,#4334,.T.);
#3428=ORIENTED_EDGE('',*,*,#4335,.T.);
#3429=ORIENTED_EDGE('',*,*,#4097,.F.);
#3430=ORIENTED_EDGE('',*,*,#4335,.F.);
#3431=ORIENTED_EDGE('',*,*,#4336,.T.);
#3432=ORIENTED_EDGE('',*,*,#4337,.T.);
#3433=ORIENTED_EDGE('',*,*,#4332,.T.);
#3434=ORIENTED_EDGE('',*,*,#4098,.T.);
#3435=ORIENTED_EDGE('',*,*,#4337,.F.);
#3436=ORIENTED_EDGE('',*,*,#4338,.F.);
#3437=ORIENTED_EDGE('',*,*,#4333,.T.);
#3438=ORIENTED_EDGE('',*,*,#4338,.T.);
#3439=ORIENTED_EDGE('',*,*,#4336,.F.);
#3440=ORIENTED_EDGE('',*,*,#4334,.F.);
#3441=ORIENTED_EDGE('',*,*,#4339,.T.);
#3442=ORIENTED_EDGE('',*,*,#4115,.T.);
#3443=ORIENTED_EDGE('',*,*,#4340,.F.);
#3444=ORIENTED_EDGE('',*,*,#4341,.F.);
#3445=ORIENTED_EDGE('',*,*,#4116,.F.);
#3446=ORIENTED_EDGE('',*,*,#4339,.F.);
#3447=ORIENTED_EDGE('',*,*,#4342,.T.);
#3448=ORIENTED_EDGE('',*,*,#4343,.T.);
#3449=ORIENTED_EDGE('',*,*,#4117,.F.);
#3450=ORIENTED_EDGE('',*,*,#4343,.F.);
#3451=ORIENTED_EDGE('',*,*,#4344,.T.);
#3452=ORIENTED_EDGE('',*,*,#4345,.T.);
#3453=ORIENTED_EDGE('',*,*,#4340,.T.);
#3454=ORIENTED_EDGE('',*,*,#4118,.T.);
#3455=ORIENTED_EDGE('',*,*,#4345,.F.);
#3456=ORIENTED_EDGE('',*,*,#4346,.F.);
#3457=ORIENTED_EDGE('',*,*,#4341,.T.);
#3458=ORIENTED_EDGE('',*,*,#4346,.T.);
#3459=ORIENTED_EDGE('',*,*,#4344,.F.);
#3460=ORIENTED_EDGE('',*,*,#4342,.F.);
#3461=ORIENTED_EDGE('',*,*,#4347,.F.);
#3462=ORIENTED_EDGE('',*,*,#4348,.T.);
#3463=ORIENTED_EDGE('',*,*,#4347,.T.);
#3464=ORIENTED_EDGE('',*,*,#4348,.F.);
#3465=ORIENTED_EDGE('',*,*,#4349,.F.);
#3466=ORIENTED_EDGE('',*,*,#4350,.T.);
#3467=ORIENTED_EDGE('',*,*,#4351,.T.);
#3468=ORIENTED_EDGE('',*,*,#4352,.F.);
#3469=ORIENTED_EDGE('',*,*,#4353,.F.);
#3470=ORIENTED_EDGE('',*,*,#4354,.T.);
#3471=ORIENTED_EDGE('',*,*,#4355,.T.);
#3472=ORIENTED_EDGE('',*,*,#4351,.F.);
#3473=ORIENTED_EDGE('',*,*,#4356,.F.);
#3474=ORIENTED_EDGE('',*,*,#4357,.T.);
#3475=ORIENTED_EDGE('',*,*,#4358,.T.);
#3476=ORIENTED_EDGE('',*,*,#4354,.F.);
#3477=ORIENTED_EDGE('',*,*,#4359,.F.);
#3478=ORIENTED_EDGE('',*,*,#4357,.F.);
#3479=ORIENTED_EDGE('',*,*,#4360,.T.);
#3480=ORIENTED_EDGE('',*,*,#4349,.T.);
#3481=ORIENTED_EDGE('',*,*,#4361,.T.);
#3482=ORIENTED_EDGE('',*,*,#4358,.F.);
#3483=ORIENTED_EDGE('',*,*,#4361,.F.);
#3484=ORIENTED_EDGE('',*,*,#4352,.T.);
#3485=ORIENTED_EDGE('',*,*,#4355,.F.);
#3486=ORIENTED_EDGE('',*,*,#4356,.T.);
#3487=ORIENTED_EDGE('',*,*,#4353,.T.);
#3488=ORIENTED_EDGE('',*,*,#4350,.F.);
#3489=ORIENTED_EDGE('',*,*,#4360,.F.);
#3490=ORIENTED_EDGE('',*,*,#4362,.T.);
#3491=ORIENTED_EDGE('',*,*,#4359,.T.);
#3492=ORIENTED_EDGE('',*,*,#4363,.F.);
#3493=ORIENTED_EDGE('',*,*,#4363,.T.);
#3494=ORIENTED_EDGE('',*,*,#4364,.F.);
#3495=ORIENTED_EDGE('',*,*,#4364,.T.);
#3496=ORIENTED_EDGE('',*,*,#4362,.F.);
#3497=ORIENTED_EDGE('',*,*,#4365,.F.);
#3498=ORIENTED_EDGE('',*,*,#4366,.F.);
#3499=ORIENTED_EDGE('',*,*,#4367,.T.);
#3500=ORIENTED_EDGE('',*,*,#4368,.T.);
#3501=ORIENTED_EDGE('',*,*,#4369,.T.);
#3502=ORIENTED_EDGE('',*,*,#4370,.F.);
#3503=ORIENTED_EDGE('',*,*,#4371,.F.);
#3504=ORIENTED_EDGE('',*,*,#4366,.T.);
#3505=ORIENTED_EDGE('',*,*,#4372,.T.);
#3506=ORIENTED_EDGE('',*,*,#4373,.F.);
#3507=ORIENTED_EDGE('',*,*,#4374,.F.);
#3508=ORIENTED_EDGE('',*,*,#4370,.T.);
#3509=ORIENTED_EDGE('',*,*,#4375,.F.);
#3510=ORIENTED_EDGE('',*,*,#4368,.F.);
#3511=ORIENTED_EDGE('',*,*,#4376,.T.);
#3512=ORIENTED_EDGE('',*,*,#4373,.T.);
#3513=ORIENTED_EDGE('',*,*,#4367,.F.);
#3514=ORIENTED_EDGE('',*,*,#4371,.T.);
#3515=ORIENTED_EDGE('',*,*,#4374,.T.);
#3516=ORIENTED_EDGE('',*,*,#4376,.F.);
#3517=ORIENTED_EDGE('',*,*,#4365,.T.);
#3518=ORIENTED_EDGE('',*,*,#4375,.T.);
#3519=ORIENTED_EDGE('',*,*,#4372,.F.);
#3520=ORIENTED_EDGE('',*,*,#4369,.F.);
#3521=ORIENTED_EDGE('',*,*,#4377,.F.);
#3522=ORIENTED_EDGE('',*,*,#4378,.F.);
#3523=ORIENTED_EDGE('',*,*,#4379,.T.);
#3524=ORIENTED_EDGE('',*,*,#4380,.T.);
#3525=ORIENTED_EDGE('',*,*,#4381,.T.);
#3526=ORIENTED_EDGE('',*,*,#4382,.F.);
#3527=ORIENTED_EDGE('',*,*,#4383,.F.);
#3528=ORIENTED_EDGE('',*,*,#4378,.T.);
#3529=ORIENTED_EDGE('',*,*,#4384,.T.);
#3530=ORIENTED_EDGE('',*,*,#4385,.F.);
#3531=ORIENTED_EDGE('',*,*,#4386,.F.);
#3532=ORIENTED_EDGE('',*,*,#4382,.T.);
#3533=ORIENTED_EDGE('',*,*,#4387,.F.);
#3534=ORIENTED_EDGE('',*,*,#4380,.F.);
#3535=ORIENTED_EDGE('',*,*,#4388,.T.);
#3536=ORIENTED_EDGE('',*,*,#4385,.T.);
#3537=ORIENTED_EDGE('',*,*,#4389,.T.);
#3538=ORIENTED_EDGE('',*,*,#4379,.F.);
#3539=ORIENTED_EDGE('',*,*,#4383,.T.);
#3540=ORIENTED_EDGE('',*,*,#4386,.T.);
#3541=ORIENTED_EDGE('',*,*,#4388,.F.);
#3542=ORIENTED_EDGE('',*,*,#4390,.T.);
#3543=ORIENTED_EDGE('',*,*,#4377,.T.);
#3544=ORIENTED_EDGE('',*,*,#4387,.T.);
#3545=ORIENTED_EDGE('',*,*,#4384,.F.);
#3546=ORIENTED_EDGE('',*,*,#4381,.F.);
#3547=ORIENTED_EDGE('',*,*,#4389,.F.);
#3548=ORIENTED_EDGE('',*,*,#4390,.F.);
#3549=ORIENTED_EDGE('',*,*,#4391,.F.);
#3550=ORIENTED_EDGE('',*,*,#4392,.F.);
#3551=ORIENTED_EDGE('',*,*,#4393,.T.);
#3552=ORIENTED_EDGE('',*,*,#4394,.T.);
#3553=ORIENTED_EDGE('',*,*,#4395,.T.);
#3554=ORIENTED_EDGE('',*,*,#4396,.F.);
#3555=ORIENTED_EDGE('',*,*,#4397,.F.);
#3556=ORIENTED_EDGE('',*,*,#4392,.T.);
#3557=ORIENTED_EDGE('',*,*,#4398,.T.);
#3558=ORIENTED_EDGE('',*,*,#4399,.F.);
#3559=ORIENTED_EDGE('',*,*,#4400,.F.);
#3560=ORIENTED_EDGE('',*,*,#4396,.T.);
#3561=ORIENTED_EDGE('',*,*,#4401,.F.);
#3562=ORIENTED_EDGE('',*,*,#4394,.F.);
#3563=ORIENTED_EDGE('',*,*,#4402,.T.);
#3564=ORIENTED_EDGE('',*,*,#4399,.T.);
#3565=ORIENTED_EDGE('',*,*,#4393,.F.);
#3566=ORIENTED_EDGE('',*,*,#4397,.T.);
#3567=ORIENTED_EDGE('',*,*,#4400,.T.);
#3568=ORIENTED_EDGE('',*,*,#4402,.F.);
#3569=ORIENTED_EDGE('',*,*,#4391,.T.);
#3570=ORIENTED_EDGE('',*,*,#4401,.T.);
#3571=ORIENTED_EDGE('',*,*,#4398,.F.);
#3572=ORIENTED_EDGE('',*,*,#4395,.F.);
#3573=ORIENTED_EDGE('',*,*,#4403,.F.);
#3574=ORIENTED_EDGE('',*,*,#4404,.T.);
#3575=ORIENTED_EDGE('',*,*,#4405,.F.);
#3576=ORIENTED_EDGE('',*,*,#4406,.F.);
#3577=ORIENTED_EDGE('',*,*,#4407,.T.);
#3578=ORIENTED_EDGE('',*,*,#4408,.T.);
#3579=ORIENTED_EDGE('',*,*,#4409,.T.);
#3580=ORIENTED_EDGE('',*,*,#4410,.F.);
#3581=ORIENTED_EDGE('',*,*,#4411,.F.);
#3582=ORIENTED_EDGE('',*,*,#4406,.T.);
#3583=ORIENTED_EDGE('',*,*,#4412,.T.);
#3584=ORIENTED_EDGE('',*,*,#4413,.F.);
#3585=ORIENTED_EDGE('',*,*,#4414,.F.);
#3586=ORIENTED_EDGE('',*,*,#4410,.T.);
#3587=ORIENTED_EDGE('',*,*,#4415,.F.);
#3588=ORIENTED_EDGE('',*,*,#4408,.F.);
#3589=ORIENTED_EDGE('',*,*,#4416,.T.);
#3590=ORIENTED_EDGE('',*,*,#4413,.T.);
#3591=ORIENTED_EDGE('',*,*,#4417,.F.);
#3592=ORIENTED_EDGE('',*,*,#4407,.F.);
#3593=ORIENTED_EDGE('',*,*,#4411,.T.);
#3594=ORIENTED_EDGE('',*,*,#4414,.T.);
#3595=ORIENTED_EDGE('',*,*,#4416,.F.);
#3596=ORIENTED_EDGE('',*,*,#4405,.T.);
#3597=ORIENTED_EDGE('',*,*,#4415,.T.);
#3598=ORIENTED_EDGE('',*,*,#4412,.F.);
#3599=ORIENTED_EDGE('',*,*,#4409,.F.);
#3600=ORIENTED_EDGE('',*,*,#4403,.T.);
#3601=ORIENTED_EDGE('',*,*,#4417,.T.);
#3602=ORIENTED_EDGE('',*,*,#4404,.F.);
#3603=ORIENTED_EDGE('',*,*,#4418,.T.);
#3604=ORIENTED_EDGE('',*,*,#4418,.F.);
#3605=ORIENTED_EDGE('',*,*,#4419,.F.);
#3606=ORIENTED_EDGE('',*,*,#4420,.F.);
#3607=ORIENTED_EDGE('',*,*,#4421,.T.);
#3608=ORIENTED_EDGE('',*,*,#4422,.T.);
#3609=ORIENTED_EDGE('',*,*,#4423,.T.);
#3610=ORIENTED_EDGE('',*,*,#4424,.F.);
#3611=ORIENTED_EDGE('',*,*,#4425,.F.);
#3612=ORIENTED_EDGE('',*,*,#4420,.T.);
#3613=ORIENTED_EDGE('',*,*,#4426,.T.);
#3614=ORIENTED_EDGE('',*,*,#4427,.F.);
#3615=ORIENTED_EDGE('',*,*,#4428,.F.);
#3616=ORIENTED_EDGE('',*,*,#4424,.T.);
#3617=ORIENTED_EDGE('',*,*,#4429,.F.);
#3618=ORIENTED_EDGE('',*,*,#4422,.F.);
#3619=ORIENTED_EDGE('',*,*,#4430,.T.);
#3620=ORIENTED_EDGE('',*,*,#4427,.T.);
#3621=ORIENTED_EDGE('',*,*,#4421,.F.);
#3622=ORIENTED_EDGE('',*,*,#4425,.T.);
#3623=ORIENTED_EDGE('',*,*,#4428,.T.);
#3624=ORIENTED_EDGE('',*,*,#4430,.F.);
#3625=ORIENTED_EDGE('',*,*,#4419,.T.);
#3626=ORIENTED_EDGE('',*,*,#4429,.T.);
#3627=ORIENTED_EDGE('',*,*,#4426,.F.);
#3628=ORIENTED_EDGE('',*,*,#4423,.F.);
#3629=ORIENTED_EDGE('',*,*,#4431,.F.);
#3630=ORIENTED_EDGE('',*,*,#4432,.F.);
#3631=ORIENTED_EDGE('',*,*,#4433,.T.);
#3632=ORIENTED_EDGE('',*,*,#4434,.T.);
#3633=ORIENTED_EDGE('',*,*,#4435,.T.);
#3634=ORIENTED_EDGE('',*,*,#4436,.F.);
#3635=ORIENTED_EDGE('',*,*,#4437,.F.);
#3636=ORIENTED_EDGE('',*,*,#4432,.T.);
#3637=ORIENTED_EDGE('',*,*,#4438,.T.);
#3638=ORIENTED_EDGE('',*,*,#4439,.F.);
#3639=ORIENTED_EDGE('',*,*,#4440,.F.);
#3640=ORIENTED_EDGE('',*,*,#4436,.T.);
#3641=ORIENTED_EDGE('',*,*,#4441,.F.);
#3642=ORIENTED_EDGE('',*,*,#4434,.F.);
#3643=ORIENTED_EDGE('',*,*,#4442,.T.);
#3644=ORIENTED_EDGE('',*,*,#4439,.T.);
#3645=ORIENTED_EDGE('',*,*,#4443,.F.);
#3646=ORIENTED_EDGE('',*,*,#4444,.F.);
#3647=ORIENTED_EDGE('',*,*,#4433,.F.);
#3648=ORIENTED_EDGE('',*,*,#4437,.T.);
#3649=ORIENTED_EDGE('',*,*,#4440,.T.);
#3650=ORIENTED_EDGE('',*,*,#4442,.F.);
#3651=ORIENTED_EDGE('',*,*,#4431,.T.);
#3652=ORIENTED_EDGE('',*,*,#4441,.T.);
#3653=ORIENTED_EDGE('',*,*,#4438,.F.);
#3654=ORIENTED_EDGE('',*,*,#4435,.F.);
#3655=ORIENTED_EDGE('',*,*,#4445,.F.);
#3656=ORIENTED_EDGE('',*,*,#4444,.T.);
#3657=ORIENTED_EDGE('',*,*,#4445,.T.);
#3658=ORIENTED_EDGE('',*,*,#4446,.F.);
#3659=ORIENTED_EDGE('',*,*,#4443,.T.);
#3660=ORIENTED_EDGE('',*,*,#4446,.T.);
#3661=EDGE_CURVE('',#4447,#4448,#4973,.T.);
#3662=EDGE_CURVE('',#4449,#4447,#4974,.T.);
#3663=EDGE_CURVE('',#4450,#4449,#4975,.T.);
#3664=EDGE_CURVE('',#4448,#4450,#4976,.T.);
#3665=EDGE_CURVE('',#4451,#4452,#4977,.T.);
#3666=EDGE_CURVE('',#4452,#4453,#565,.T.);
#3667=EDGE_CURVE('',#4453,#4454,#4978,.T.);
#3668=EDGE_CURVE('',#4454,#4455,#4979,.T.);
#3669=EDGE_CURVE('',#4456,#4455,#566,.T.);
#3670=EDGE_CURVE('',#4456,#4451,#4980,.T.);
#3671=EDGE_CURVE('',#4457,#4448,#567,.T.);
#3672=EDGE_CURVE('',#4450,#4457,#568,.T.);
#3673=EDGE_CURVE('',#4447,#4458,#569,.T.);
#3674=EDGE_CURVE('',#4448,#4458,#570,.T.);
#3675=EDGE_CURVE('',#4449,#4459,#571,.T.);
#3676=EDGE_CURVE('',#4459,#4447,#572,.T.);
#3677=EDGE_CURVE('',#4460,#4450,#573,.T.);
#3678=EDGE_CURVE('',#4460,#4449,#574,.T.);
#3679=EDGE_CURVE('',#4461,#4460,#575,.T.);
#3680=EDGE_CURVE('',#4461,#4462,#576,.T.);
#3681=EDGE_CURVE('',#4462,#4457,#577,.T.);
#3682=EDGE_CURVE('',#4463,#4459,#578,.T.);
#3683=EDGE_CURVE('',#4461,#4463,#579,.T.);
#3684=EDGE_CURVE('',#4464,#4458,#580,.T.);
#3685=EDGE_CURVE('',#4463,#4464,#581,.T.);
#3686=EDGE_CURVE('',#4462,#4464,#582,.T.);
#3687=EDGE_CURVE('',#4465,#4454,#583,.T.);
#3688=EDGE_CURVE('',#4455,#4465,#584,.T.);
#3689=EDGE_CURVE('',#4453,#4466,#585,.T.);
#3690=EDGE_CURVE('',#4454,#4466,#586,.T.);
#3691=EDGE_CURVE('',#4451,#4467,#587,.T.);
#3692=EDGE_CURVE('',#4467,#4452,#588,.T.);
#3693=EDGE_CURVE('',#4468,#4451,#589,.T.);
#3694=EDGE_CURVE('',#4469,#4468,#590,.T.);
#3695=EDGE_CURVE('',#4469,#4470,#591,.T.);
#3696=EDGE_CURVE('',#4470,#4467,#592,.T.);
#3697=EDGE_CURVE('',#4468,#4456,#593,.T.);
#3698=EDGE_CURVE('',#4471,#4465,#594,.T.);
#3699=EDGE_CURVE('',#4469,#4471,#595,.T.);
#3700=EDGE_CURVE('',#4472,#4466,#596,.T.);
#3701=EDGE_CURVE('',#4471,#4472,#597,.T.);
#3702=EDGE_CURVE('',#4470,#4472,#598,.T.);
#3703=EDGE_CURVE('',#4473,#4474,#599,.T.);
#3704=EDGE_CURVE('',#4473,#4475,#600,.T.);
#3705=EDGE_CURVE('',#4475,#4476,#601,.T.);
#3706=EDGE_CURVE('',#4474,#4476,#602,.T.);
#3707=EDGE_CURVE('',#4477,#4478,#603,.T.);
#3708=EDGE_CURVE('',#4477,#4479,#604,.T.);
#3709=EDGE_CURVE('',#4479,#4480,#605,.T.);
#3710=EDGE_CURVE('',#4478,#4480,#606,.T.);
#3711=EDGE_CURVE('',#4481,#4482,#607,.T.);
#3712=EDGE_CURVE('',#4482,#4483,#608,.T.);
#3713=EDGE_CURVE('',#4484,#4483,#609,.T.);
#3714=EDGE_CURVE('',#4484,#4485,#610,.T.);
#3715=EDGE_CURVE('',#4485,#4486,#611,.T.);
#3716=EDGE_CURVE('',#4487,#4486,#612,.T.);
#3717=EDGE_CURVE('',#4488,#4487,#613,.T.);
#3718=EDGE_CURVE('',#4488,#4489,#614,.T.);
#3719=EDGE_CURVE('',#4490,#4489,#615,.T.);
#3720=EDGE_CURVE('',#4490,#4481,#616,.T.);
#3721=EDGE_CURVE('',#4491,#4492,#617,.T.);
#3722=EDGE_CURVE('',#4493,#4491,#618,.T.);
#3723=EDGE_CURVE('',#4494,#4493,#619,.T.);
#3724=EDGE_CURVE('',#4494,#4492,#620,.T.);
#3725=EDGE_CURVE('',#4495,#4496,#621,.T.);
#3726=EDGE_CURVE('',#4495,#4497,#622,.T.);
#3727=EDGE_CURVE('',#4497,#4498,#623,.T.);
#3728=EDGE_CURVE('',#4496,#4498,#624,.T.);
#3729=EDGE_CURVE('',#4499,#4500,#625,.T.);
#3730=EDGE_CURVE('',#4499,#4501,#626,.T.);
#3731=EDGE_CURVE('',#4501,#4502,#627,.T.);
#3732=EDGE_CURVE('',#4500,#4502,#628,.T.);
#3733=EDGE_CURVE('',#4503,#4504,#629,.T.);
#3734=EDGE_CURVE('',#4503,#4505,#630,.T.);
#3735=EDGE_CURVE('',#4505,#4506,#631,.T.);
#3736=EDGE_CURVE('',#4504,#4506,#632,.T.);
#3737=EDGE_CURVE('',#4507,#4508,#633,.T.);
#3738=EDGE_CURVE('',#4509,#4507,#634,.T.);
#3739=EDGE_CURVE('',#4509,#4510,#635,.T.);
#3740=EDGE_CURVE('',#4510,#4508,#636,.T.);
#3741=EDGE_CURVE('',#4511,#4512,#637,.T.);
#3742=EDGE_CURVE('',#4512,#4513,#638,.T.);
#3743=EDGE_CURVE('',#4514,#4513,#639,.T.);
#3744=EDGE_CURVE('',#4511,#4514,#640,.T.);
#3745=EDGE_CURVE('',#4515,#4516,#641,.T.);
#3746=EDGE_CURVE('',#4516,#4517,#642,.T.);
#3747=EDGE_CURVE('',#4518,#4517,#643,.T.);
#3748=EDGE_CURVE('',#4515,#4518,#644,.T.);
#3749=EDGE_CURVE('',#4519,#4520,#645,.T.);
#3750=EDGE_CURVE('',#4520,#4521,#646,.T.);
#3751=EDGE_CURVE('',#4522,#4521,#647,.T.);
#3752=EDGE_CURVE('',#4519,#4522,#648,.T.);
#3753=EDGE_CURVE('',#4523,#4524,#649,.T.);
#3754=EDGE_CURVE('',#4524,#4525,#650,.T.);
#3755=EDGE_CURVE('',#4525,#4526,#651,.T.);
#3756=EDGE_CURVE('',#4527,#4526,#652,.T.);
#3757=EDGE_CURVE('',#4528,#4527,#653,.T.);
#3758=EDGE_CURVE('',#4528,#4529,#654,.T.);
#3759=EDGE_CURVE('',#4529,#4530,#655,.T.);
#3760=EDGE_CURVE('',#4531,#4530,#656,.T.);
#3761=EDGE_CURVE('',#4531,#4532,#657,.T.);
#3762=EDGE_CURVE('',#4523,#4532,#658,.T.);
#3763=EDGE_CURVE('',#4533,#4534,#659,.T.);
#3764=EDGE_CURVE('',#4535,#4533,#660,.T.);
#3765=EDGE_CURVE('',#4535,#4536,#661,.T.);
#3766=EDGE_CURVE('',#4536,#4537,#662,.T.);
#3767=EDGE_CURVE('',#4538,#4537,#663,.T.);
#3768=EDGE_CURVE('',#4539,#4538,#664,.T.);
#3769=EDGE_CURVE('',#4539,#4540,#665,.T.);
#3770=EDGE_CURVE('',#4540,#4534,#666,.T.);
#3771=EDGE_CURVE('',#4525,#4536,#667,.T.);
#3772=EDGE_CURVE('',#4535,#4526,#668,.T.);
#3773=EDGE_CURVE('',#4541,#4542,#669,.T.);
#3774=EDGE_CURVE('',#4542,#4543,#670,.T.);
#3775=EDGE_CURVE('',#4543,#4544,#671,.T.);
#3776=EDGE_CURVE('',#4544,#4545,#672,.T.);
#3777=EDGE_CURVE('',#4546,#4545,#673,.T.);
#3778=EDGE_CURVE('',#4547,#4546,#674,.T.);
#3779=EDGE_CURVE('',#4548,#4547,#675,.T.);
#3780=EDGE_CURVE('',#4549,#4548,#676,.T.);
#3781=EDGE_CURVE('',#4550,#4549,#677,.T.);
#3782=EDGE_CURVE('',#4550,#4551,#678,.T.);
#3783=EDGE_CURVE('',#4552,#4551,#679,.T.);
#3784=EDGE_CURVE('',#4541,#4552,#680,.T.);
#3785=EDGE_CURVE('',#4553,#4533,#681,.T.);
#3786=EDGE_CURVE('',#4553,#4542,#682,.T.);
#3787=EDGE_CURVE('',#4541,#4554,#683,.T.);
#3788=EDGE_CURVE('',#4554,#4555,#684,.T.);
#3789=EDGE_CURVE('',#4556,#4555,#685,.T.);
#3790=EDGE_CURVE('',#4556,#4507,#686,.T.);
#3791=EDGE_CURVE('',#4508,#4527,#687,.T.);
#3792=EDGE_CURVE('',#4557,#4558,#688,.T.);
#3793=EDGE_CURVE('',#4557,#4559,#689,.T.);
#3794=EDGE_CURVE('',#4560,#4559,#690,.T.);
#3795=EDGE_CURVE('',#4560,#4561,#691,.T.);
#3796=EDGE_CURVE('',#4561,#4562,#692,.T.);
#3797=EDGE_CURVE('',#4562,#4563,#693,.T.);
#3798=EDGE_CURVE('',#4563,#4510,#694,.T.);
#3799=EDGE_CURVE('',#4564,#4509,#695,.T.);
#3800=EDGE_CURVE('',#4565,#4564,#696,.T.);
#3801=EDGE_CURVE('',#4565,#4566,#697,.T.);
#3802=EDGE_CURVE('',#4566,#4567,#698,.T.);
#3803=EDGE_CURVE('',#4568,#4567,#699,.T.);
#3804=EDGE_CURVE('',#4568,#4569,#700,.T.);
#3805=EDGE_CURVE('',#4569,#4570,#701,.T.);
#3806=EDGE_CURVE('',#4570,#4548,#702,.T.);
#3807=EDGE_CURVE('',#4547,#4571,#703,.T.);
#3808=EDGE_CURVE('',#4571,#4572,#704,.T.);
#3809=EDGE_CURVE('',#4558,#4572,#705,.T.);
#3810=EDGE_CURVE('',#4573,#4559,#706,.T.);
#3811=EDGE_CURVE('',#4574,#4573,#707,.T.);
#3812=EDGE_CURVE('',#4574,#4560,#708,.T.);
#3813=EDGE_CURVE('',#4575,#4576,#709,.T.);
#3814=EDGE_CURVE('',#4576,#4562,#710,.T.);
#3815=EDGE_CURVE('',#4575,#4561,#711,.T.);
#3816=EDGE_CURVE('',#4546,#4577,#712,.T.);
#3817=EDGE_CURVE('',#4577,#4571,#713,.T.);
#3818=EDGE_CURVE('',#4557,#4578,#714,.T.);
#3819=EDGE_CURVE('',#4579,#4558,#715,.T.);
#3820=EDGE_CURVE('',#4578,#4579,#716,.T.);
#3821=EDGE_CURVE('',#4545,#4580,#717,.T.);
#3822=EDGE_CURVE('',#4580,#4576,#718,.T.);
#3823=EDGE_CURVE('',#4574,#4575,#719,.T.);
#3824=EDGE_CURVE('',#4573,#4578,#720,.T.);
#3825=EDGE_CURVE('',#4579,#4581,#721,.T.);
#3826=EDGE_CURVE('',#4577,#4581,#722,.T.);
#3827=EDGE_CURVE('',#4582,#4549,#723,.T.);
#3828=EDGE_CURVE('',#4582,#4570,#724,.T.);
#3829=EDGE_CURVE('',#4583,#4550,#725,.T.);
#3830=EDGE_CURVE('',#4583,#4582,#726,.T.);
#3831=EDGE_CURVE('',#4556,#4568,#727,.T.);
#3832=EDGE_CURVE('',#4567,#4584,#728,.T.);
#3833=EDGE_CURVE('',#4584,#4585,#729,.T.);
#3834=EDGE_CURVE('',#4564,#4585,#730,.T.);
#3835=EDGE_CURVE('',#4586,#4587,#731,.T.);
#3836=EDGE_CURVE('',#4586,#4584,#732,.T.);
#3837=EDGE_CURVE('',#4566,#4588,#733,.T.);
#3838=EDGE_CURVE('',#4587,#4588,#734,.T.);
#3839=EDGE_CURVE('',#4589,#4585,#735,.T.);
#3840=EDGE_CURVE('',#4589,#4590,#736,.T.);
#3841=EDGE_CURVE('',#4590,#4591,#737,.T.);
#3842=EDGE_CURVE('',#4565,#4591,#738,.T.);
#3843=EDGE_CURVE('',#4589,#4586,#739,.T.);
#3844=EDGE_CURVE('',#4590,#4587,#740,.T.);
#3845=EDGE_CURVE('',#4591,#4588,#741,.T.);
#3846=EDGE_CURVE('',#4555,#4592,#742,.T.);
#3847=EDGE_CURVE('',#4554,#4593,#743,.T.);
#3848=EDGE_CURVE('',#4593,#4594,#744,.T.);
#3849=EDGE_CURVE('',#4594,#4595,#745,.T.);
#3850=EDGE_CURVE('',#4596,#4595,#746,.T.);
#3851=EDGE_CURVE('',#4597,#4596,#747,.T.);
#3852=EDGE_CURVE('',#4597,#4592,#748,.T.);
#3853=EDGE_CURVE('',#4552,#4593,#749,.T.);
#3854=EDGE_CURVE('',#4551,#4592,#750,.T.);
#3855=EDGE_CURVE('',#4598,#4597,#751,.T.);
#3856=EDGE_CURVE('',#4599,#4598,#752,.T.);
#3857=EDGE_CURVE('',#4599,#4600,#753,.T.);
#3858=EDGE_CURVE('',#4600,#4601,#754,.T.);
#3859=EDGE_CURVE('',#4601,#4594,#755,.T.);
#3860=EDGE_CURVE('',#4602,#4603,#756,.T.);
#3861=EDGE_CURVE('',#4603,#4604,#757,.T.);
#3862=EDGE_CURVE('',#4605,#4604,#758,.T.);
#3863=EDGE_CURVE('',#4602,#4605,#759,.T.);
#3864=EDGE_CURVE('',#4606,#4607,#760,.T.);
#3865=EDGE_CURVE('',#4607,#4608,#761,.T.);
#3866=EDGE_CURVE('',#4608,#4609,#762,.T.);
#3867=EDGE_CURVE('',#4609,#4606,#763,.T.);
#3868=EDGE_CURVE('',#4610,#4611,#764,.T.);
#3869=EDGE_CURVE('',#4611,#4612,#765,.T.);
#3870=EDGE_CURVE('',#4613,#4612,#766,.T.);
#3871=EDGE_CURVE('',#4610,#4613,#767,.T.);
#3872=EDGE_CURVE('',#4614,#4615,#768,.T.);
#3873=EDGE_CURVE('',#4615,#4616,#769,.T.);
#3874=EDGE_CURVE('',#4617,#4616,#770,.T.);
#3875=EDGE_CURVE('',#4614,#4617,#771,.T.);
#3876=EDGE_CURVE('',#4618,#4596,#772,.T.);
#3877=EDGE_CURVE('',#4598,#4618,#773,.T.);
#3878=EDGE_CURVE('',#4619,#4595,#774,.T.);
#3879=EDGE_CURVE('',#4620,#4619,#775,.T.);
#3880=EDGE_CURVE('',#4621,#4620,#776,.T.);
#3881=EDGE_CURVE('',#4618,#4621,#777,.T.);
#3882=EDGE_CURVE('',#4619,#4601,#778,.T.);
#3883=EDGE_CURVE('',#4599,#4621,#779,.T.);
#3884=EDGE_CURVE('',#4620,#4600,#780,.T.);
#3885=EDGE_CURVE('',#4622,#4485,#781,.T.);
#3886=EDGE_CURVE('',#4622,#4623,#782,.T.);
#3887=EDGE_CURVE('',#4623,#4486,#783,.T.);
#3888=EDGE_CURVE('',#4581,#4572,#784,.T.);
#3889=EDGE_CURVE('',#4583,#4569,#785,.T.);
#3890=EDGE_CURVE('',#4624,#4625,#786,.T.);
#3891=EDGE_CURVE('',#4580,#4624,#787,.T.);
#3892=EDGE_CURVE('',#4625,#4544,#788,.T.);
#3893=EDGE_CURVE('',#4626,#4580,#789,.T.);
#3894=EDGE_CURVE('',#4627,#4626,#790,.T.);
#3895=EDGE_CURVE('',#4627,#4563,#791,.T.);
#3896=EDGE_CURVE('',#4627,#4528,#792,.T.);
#3897=EDGE_CURVE('',#4624,#4530,#793,.T.);
#3898=EDGE_CURVE('',#4626,#4529,#794,.T.);
#3899=EDGE_CURVE('',#4625,#4534,#795,.T.);
#3900=EDGE_CURVE('',#4531,#4540,#796,.T.);
#3901=EDGE_CURVE('',#4532,#4539,#797,.T.);
#3902=EDGE_CURVE('',#4628,#4614,#798,.T.);
#3903=EDGE_CURVE('',#4628,#4629,#799,.T.);
#3904=EDGE_CURVE('',#4629,#4495,#800,.T.);
#3905=EDGE_CURVE('',#4496,#4615,#801,.T.);
#3906=EDGE_CURVE('',#4630,#4617,#802,.T.);
#3907=EDGE_CURVE('',#4628,#4630,#803,.T.);
#3908=EDGE_CURVE('',#4498,#4616,#804,.T.);
#3909=EDGE_CURVE('',#4631,#4497,#805,.T.);
#3910=EDGE_CURVE('',#4630,#4631,#806,.T.);
#3911=EDGE_CURVE('',#4632,#4610,#807,.T.);
#3912=EDGE_CURVE('',#4632,#4633,#808,.T.);
#3913=EDGE_CURVE('',#4633,#4499,#809,.T.);
#3914=EDGE_CURVE('',#4500,#4611,#810,.T.);
#3915=EDGE_CURVE('',#4634,#4613,#811,.T.);
#3916=EDGE_CURVE('',#4632,#4634,#812,.T.);
#3917=EDGE_CURVE('',#4502,#4612,#813,.T.);
#3918=EDGE_CURVE('',#4635,#4501,#814,.T.);
#3919=EDGE_CURVE('',#4634,#4635,#815,.T.);
#3920=EDGE_CURVE('',#4636,#4606,#816,.T.);
#3921=EDGE_CURVE('',#4636,#4637,#817,.T.);
#3922=EDGE_CURVE('',#4637,#4607,#818,.T.);
#3923=EDGE_CURVE('',#4638,#4609,#819,.T.);
#3924=EDGE_CURVE('',#4638,#4639,#820,.T.);
#3925=EDGE_CURVE('',#4639,#4640,#821,.T.);
#3926=EDGE_CURVE('',#4636,#4640,#822,.T.);
#3927=EDGE_CURVE('',#4641,#4608,#823,.T.);
#3928=EDGE_CURVE('',#4638,#4641,#824,.T.);
#3929=EDGE_CURVE('',#4637,#4642,#825,.T.);
#3930=EDGE_CURVE('',#4643,#4642,#826,.T.);
#3931=EDGE_CURVE('',#4641,#4643,#827,.T.);
#3932=EDGE_CURVE('',#4644,#4602,#828,.T.);
#3933=EDGE_CURVE('',#4644,#4645,#829,.T.);
#3934=EDGE_CURVE('',#4645,#4503,#830,.T.);
#3935=EDGE_CURVE('',#4504,#4603,#831,.T.);
#3936=EDGE_CURVE('',#4646,#4605,#832,.T.);
#3937=EDGE_CURVE('',#4644,#4646,#833,.T.);
#3938=EDGE_CURVE('',#4506,#4604,#834,.T.);
#3939=EDGE_CURVE('',#4647,#4505,#835,.T.);
#3940=EDGE_CURVE('',#4646,#4647,#836,.T.);
#3941=EDGE_CURVE('',#4520,#4648,#837,.T.);
#3942=EDGE_CURVE('',#4649,#4648,#838,.T.);
#3943=EDGE_CURVE('',#4521,#4649,#839,.T.);
#3944=EDGE_CURVE('',#4649,#4650,#840,.T.);
#3945=EDGE_CURVE('',#4522,#4650,#841,.T.);
#3946=EDGE_CURVE('',#4650,#4651,#842,.T.);
#3947=EDGE_CURVE('',#4519,#4651,#843,.T.);
#3948=EDGE_CURVE('',#4648,#4651,#844,.T.);
#3949=EDGE_CURVE('',#4516,#4652,#845,.T.);
#3950=EDGE_CURVE('',#4653,#4652,#846,.T.);
#3951=EDGE_CURVE('',#4517,#4653,#847,.T.);
#3952=EDGE_CURVE('',#4653,#4654,#848,.T.);
#3953=EDGE_CURVE('',#4518,#4654,#849,.T.);
#3954=EDGE_CURVE('',#4654,#4655,#850,.T.);
#3955=EDGE_CURVE('',#4515,#4655,#851,.T.);
#3956=EDGE_CURVE('',#4652,#4655,#852,.T.);
#3957=EDGE_CURVE('',#4512,#4656,#853,.T.);
#3958=EDGE_CURVE('',#4657,#4656,#854,.T.);
#3959=EDGE_CURVE('',#4513,#4657,#855,.T.);
#3960=EDGE_CURVE('',#4657,#4658,#856,.T.);
#3961=EDGE_CURVE('',#4514,#4658,#857,.T.);
#3962=EDGE_CURVE('',#4658,#4659,#858,.T.);
#3963=EDGE_CURVE('',#4511,#4659,#859,.T.);
#3964=EDGE_CURVE('',#4656,#4659,#860,.T.);
#3965=EDGE_CURVE('',#4524,#4660,#861,.T.);
#3966=EDGE_CURVE('',#4661,#4660,#862,.T.);
#3967=EDGE_CURVE('',#4537,#4661,#863,.T.);
#3968=EDGE_CURVE('',#4661,#4662,#864,.T.);
#3969=EDGE_CURVE('',#4538,#4662,#865,.T.);
#3970=EDGE_CURVE('',#4662,#4663,#866,.T.);
#3971=EDGE_CURVE('',#4523,#4663,#867,.T.);
#3972=EDGE_CURVE('',#4660,#4663,#868,.T.);
#3973=EDGE_CURVE('',#4645,#4647,#869,.T.);
#3974=EDGE_CURVE('',#4664,#4665,#870,.T.);
#3975=EDGE_CURVE('',#4664,#4666,#871,.T.);
#3976=EDGE_CURVE('',#4666,#4667,#872,.T.);
#3977=EDGE_CURVE('',#4665,#4667,#873,.T.);
#3978=EDGE_CURVE('',#4668,#4669,#874,.T.);
#3979=EDGE_CURVE('',#4668,#4670,#875,.T.);
#3980=EDGE_CURVE('',#4670,#4671,#876,.T.);
#3981=EDGE_CURVE('',#4669,#4671,#877,.T.);
#3982=EDGE_CURVE('',#4640,#4642,#878,.T.);
#3983=EDGE_CURVE('',#4639,#4643,#879,.T.);
#3984=EDGE_CURVE('',#4633,#4635,#880,.T.);
#3985=EDGE_CURVE('',#4672,#4673,#881,.T.);
#3986=EDGE_CURVE('',#4672,#4674,#882,.T.);
#3987=EDGE_CURVE('',#4674,#4675,#883,.T.);
#3988=EDGE_CURVE('',#4673,#4675,#884,.T.);
#3989=EDGE_CURVE('',#4629,#4631,#885,.T.);
#3990=EDGE_CURVE('',#4676,#4677,#886,.T.);
#3991=EDGE_CURVE('',#4676,#4678,#887,.T.);
#3992=EDGE_CURVE('',#4678,#4679,#888,.T.);
#3993=EDGE_CURVE('',#4677,#4679,#889,.T.);
#3994=EDGE_CURVE('',#4680,#4676,#890,.T.);
#3995=EDGE_CURVE('',#4680,#4681,#891,.T.);
#3996=EDGE_CURVE('',#4681,#4678,#892,.T.);
#3997=EDGE_CURVE('',#4682,#4677,#893,.T.);
#3998=EDGE_CURVE('',#4680,#4682,#894,.T.);
#3999=EDGE_CURVE('',#4683,#4679,#895,.T.);
#4000=EDGE_CURVE('',#4682,#4683,#896,.T.);
#4001=EDGE_CURVE('',#4684,#4685,#897,.T.);
#4002=EDGE_CURVE('',#4686,#4684,#898,.T.);
#4003=EDGE_CURVE('',#4686,#4687,#899,.T.);
#4004=EDGE_CURVE('',#4687,#4685,#900,.T.);
#4005=EDGE_CURVE('',#4681,#4683,#901,.T.);
#4006=EDGE_CURVE('',#4688,#4672,#902,.T.);
#4007=EDGE_CURVE('',#4685,#4688,#903,.T.);
#4008=EDGE_CURVE('',#4687,#4492,#904,.T.);
#4009=EDGE_CURVE('',#4494,#4689,#905,.T.);
#4010=EDGE_CURVE('',#4689,#4674,#906,.T.);
#4011=EDGE_CURVE('',#4690,#4673,#907,.T.);
#4012=EDGE_CURVE('',#4690,#4688,#908,.T.);
#4013=EDGE_CURVE('',#4691,#4675,#909,.T.);
#4014=EDGE_CURVE('',#4493,#4691,#910,.T.);
#4015=EDGE_CURVE('',#4686,#4491,#911,.T.);
#4016=EDGE_CURVE('',#4684,#4690,#912,.T.);
#4017=EDGE_CURVE('',#4689,#4691,#913,.T.);
#4018=EDGE_CURVE('',#4692,#4668,#914,.T.);
#4019=EDGE_CURVE('',#4692,#4693,#915,.T.);
#4020=EDGE_CURVE('',#4693,#4670,#916,.T.);
#4021=EDGE_CURVE('',#4694,#4669,#917,.T.);
#4022=EDGE_CURVE('',#4692,#4694,#918,.T.);
#4023=EDGE_CURVE('',#4695,#4671,#919,.T.);
#4024=EDGE_CURVE('',#4694,#4695,#920,.T.);
#4025=EDGE_CURVE('',#4693,#4695,#921,.T.);
#4026=EDGE_CURVE('',#4696,#4697,#922,.T.);
#4027=EDGE_CURVE('',#4696,#4666,#923,.T.);
#4028=EDGE_CURVE('',#4697,#4664,#924,.T.);
#4029=EDGE_CURVE('',#4698,#4697,#925,.T.);
#4030=EDGE_CURVE('',#4699,#4665,#926,.T.);
#4031=EDGE_CURVE('',#4700,#4699,#927,.T.);
#4032=EDGE_CURVE('',#4698,#4700,#928,.T.);
#4033=EDGE_CURVE('',#4701,#4667,#929,.T.);
#4034=EDGE_CURVE('',#4701,#4699,#930,.T.);
#4035=EDGE_CURVE('',#4701,#4696,#931,.T.);
#4036=EDGE_CURVE('',#4702,#4622,#932,.T.);
#4037=EDGE_CURVE('',#4702,#4703,#933,.T.);
#4038=EDGE_CURVE('',#4703,#4623,#934,.T.);
#4039=EDGE_CURVE('',#4704,#4705,#935,.T.);
#4040=EDGE_CURVE('',#4704,#4706,#936,.T.);
#4041=EDGE_CURVE('',#4706,#4707,#937,.T.);
#4042=EDGE_CURVE('',#4705,#4707,#938,.T.);
#4043=EDGE_CURVE('',#4708,#4709,#939,.T.);
#4044=EDGE_CURVE('',#4709,#4483,#940,.T.);
#4045=EDGE_CURVE('',#4489,#4482,#941,.T.);
#4046=EDGE_CURVE('',#4702,#4488,#942,.T.);
#4047=EDGE_CURVE('',#4708,#4484,#943,.T.);
#4048=EDGE_CURVE('',#4703,#4487,#944,.T.);
#4049=EDGE_CURVE('',#4699,#4708,#945,.T.);
#4050=EDGE_CURVE('',#4710,#4484,#946,.T.);
#4051=EDGE_CURVE('',#4697,#4710,#947,.T.);
#4052=EDGE_CURVE('',#4711,#4709,#948,.T.);
#4053=EDGE_CURVE('',#4711,#4712,#949,.T.);
#4054=EDGE_CURVE('',#4712,#4483,#950,.T.);
#4055=EDGE_CURVE('',#4697,#4711,#951,.T.);
#4056=EDGE_CURVE('',#4710,#4712,#952,.T.);
#4057=EDGE_CURVE('',#4713,#4704,#953,.T.);
#4058=EDGE_CURVE('',#4713,#4714,#954,.T.);
#4059=EDGE_CURVE('',#4714,#4706,#955,.T.);
#4060=EDGE_CURVE('',#4715,#4705,#956,.T.);
#4061=EDGE_CURVE('',#4713,#4715,#957,.T.);
#4062=EDGE_CURVE('',#4716,#4707,#958,.T.);
#4063=EDGE_CURVE('',#4715,#4716,#959,.T.);
#4064=EDGE_CURVE('',#4714,#4716,#960,.T.);
#4065=EDGE_CURVE('',#4717,#4718,#961,.T.);
#4066=EDGE_CURVE('',#4717,#4719,#962,.T.);
#4067=EDGE_CURVE('',#4719,#4720,#963,.T.);
#4068=EDGE_CURVE('',#4718,#4720,#964,.T.);
#4069=EDGE_CURVE('',#4721,#4717,#965,.T.);
#4070=EDGE_CURVE('',#4721,#4722,#966,.T.);
#4071=EDGE_CURVE('',#4722,#4719,#967,.T.);
#4072=EDGE_CURVE('',#4723,#4718,#968,.T.);
#4073=EDGE_CURVE('',#4721,#4723,#969,.T.);
#4074=EDGE_CURVE('',#4724,#4720,#970,.T.);
#4075=EDGE_CURVE('',#4723,#4724,#971,.T.);
#4076=EDGE_CURVE('',#4722,#4724,#972,.T.);
#4077=EDGE_CURVE('',#4473,#4490,#973,.T.);
#4078=EDGE_CURVE('',#4474,#4481,#974,.T.);
#4079=EDGE_CURVE('',#4725,#4489,#975,.T.);
#4080=EDGE_CURVE('',#4475,#4725,#976,.T.);
#4081=EDGE_CURVE('',#4476,#4726,#977,.T.);
#4082=EDGE_CURVE('',#4726,#4482,#978,.T.);
#4083=EDGE_CURVE('',#4725,#4726,#979,.T.);
#4084=EDGE_CURVE('',#4727,#4477,#980,.T.);
#4085=EDGE_CURVE('',#4727,#4728,#981,.T.);
#4086=EDGE_CURVE('',#4728,#4479,#982,.T.);
#4087=EDGE_CURVE('',#4729,#4478,#983,.T.);
#4088=EDGE_CURVE('',#4727,#4729,#984,.T.);
#4089=EDGE_CURVE('',#4730,#4480,#985,.T.);
#4090=EDGE_CURVE('',#4729,#4730,#986,.T.);
#4091=EDGE_CURVE('',#4728,#4730,#987,.T.);
#4092=EDGE_CURVE('',#4731,#4625,#988,.T.);
#4093=EDGE_CURVE('',#4731,#4543,#989,.T.);
#4094=EDGE_CURVE('',#4553,#4731,#990,.T.);
#4095=EDGE_CURVE('',#4732,#4733,#991,.T.);
#4096=EDGE_CURVE('',#4732,#4734,#992,.T.);
#4097=EDGE_CURVE('',#4734,#4735,#993,.T.);
#4098=EDGE_CURVE('',#4733,#4735,#994,.T.);
#4099=EDGE_CURVE('',#4736,#4737,#995,.T.);
#4100=EDGE_CURVE('',#4736,#4738,#996,.T.);
#4101=EDGE_CURVE('',#4738,#4739,#997,.T.);
#4102=EDGE_CURVE('',#4737,#4739,#998,.T.);
#4103=EDGE_CURVE('',#4740,#4741,#999,.T.);
#4104=EDGE_CURVE('',#4741,#4742,#1000,.T.);
#4105=EDGE_CURVE('',#4743,#4742,#1001,.T.);
#4106=EDGE_CURVE('',#4740,#4743,#1002,.T.);
#4107=EDGE_CURVE('',#4744,#4745,#1003,.T.);
#4108=EDGE_CURVE('',#4744,#4746,#1004,.T.);
#4109=EDGE_CURVE('',#4746,#4747,#1005,.T.);
#4110=EDGE_CURVE('',#4745,#4747,#1006,.T.);
#4111=EDGE_CURVE('',#4748,#4749,#1007,.T.);
#4112=EDGE_CURVE('',#4748,#4750,#1008,.T.);
#4113=EDGE_CURVE('',#4750,#4751,#1009,.T.);
#4114=EDGE_CURVE('',#4749,#4751,#1010,.T.);
#4115=EDGE_CURVE('',#4752,#4753,#1011,.T.);
#4116=EDGE_CURVE('',#4752,#4754,#1012,.T.);
#4117=EDGE_CURVE('',#4754,#4755,#1013,.T.);
#4118=EDGE_CURVE('',#4753,#4755,#1014,.T.);
#4119=EDGE_CURVE('',#4756,#4757,#1015,.T.);
#4120=EDGE_CURVE('',#4757,#4758,#1016,.T.);
#4121=EDGE_CURVE('',#4759,#4758,#1017,.T.);
#4122=EDGE_CURVE('',#4756,#4759,#1018,.T.);
#4123=EDGE_CURVE('',#4760,#4761,#1019,.T.);
#4124=EDGE_CURVE('',#4761,#4762,#1020,.T.);
#4125=EDGE_CURVE('',#4763,#4762,#1021,.T.);
#4126=EDGE_CURVE('',#4760,#4763,#1022,.T.);
#4127=EDGE_CURVE('',#4764,#4765,#1023,.T.);
#4128=EDGE_CURVE('',#4765,#4766,#1024,.T.);
#4129=EDGE_CURVE('',#4767,#4766,#1025,.T.);
#4130=EDGE_CURVE('',#4764,#4767,#1026,.T.);
#4131=EDGE_CURVE('',#4768,#4769,#1027,.T.);
#4132=EDGE_CURVE('',#4769,#4770,#1028,.T.);
#4133=EDGE_CURVE('',#4771,#4770,#1029,.T.);
#4134=EDGE_CURVE('',#4768,#4771,#1030,.T.);
#4135=EDGE_CURVE('',#4772,#4773,#1031,.T.);
#4136=EDGE_CURVE('',#4773,#4774,#1032,.T.);
#4137=EDGE_CURVE('',#4775,#4774,#1033,.T.);
#4138=EDGE_CURVE('',#4772,#4775,#1034,.T.);
#4139=EDGE_CURVE('',#4776,#4777,#1035,.T.);
#4140=EDGE_CURVE('',#4777,#4778,#1036,.T.);
#4141=EDGE_CURVE('',#4779,#4778,#1037,.T.);
#4142=EDGE_CURVE('',#4776,#4779,#1038,.T.);
#4143=EDGE_CURVE('',#4780,#4781,#1039,.T.);
#4144=EDGE_CURVE('',#4780,#4782,#1040,.T.);
#4145=EDGE_CURVE('',#4782,#4783,#1041,.T.);
#4146=EDGE_CURVE('',#4781,#4783,#1042,.T.);
#4147=EDGE_CURVE('',#4784,#4785,#1043,.T.);
#4148=EDGE_CURVE('',#4784,#4786,#1044,.T.);
#4149=EDGE_CURVE('',#4786,#4787,#1045,.T.);
#4150=EDGE_CURVE('',#4785,#4787,#1046,.T.);
#4151=EDGE_CURVE('',#4788,#4789,#1047,.T.);
#4152=EDGE_CURVE('',#4788,#4790,#1048,.T.);
#4153=EDGE_CURVE('',#4790,#4791,#1049,.T.);
#4154=EDGE_CURVE('',#4789,#4791,#1050,.T.);
#4155=EDGE_CURVE('',#4792,#4793,#1051,.T.);
#4156=EDGE_CURVE('',#4792,#4794,#1052,.T.);
#4157=EDGE_CURVE('',#4794,#4795,#1053,.T.);
#4158=EDGE_CURVE('',#4793,#4795,#1054,.T.);
#4159=EDGE_CURVE('',#4796,#4797,#1055,.T.);
#4160=EDGE_CURVE('',#4796,#4798,#1056,.T.);
#4161=EDGE_CURVE('',#4798,#4799,#1057,.T.);
#4162=EDGE_CURVE('',#4797,#4799,#1058,.T.);
#4163=EDGE_CURVE('',#4800,#4801,#1059,.T.);
#4164=EDGE_CURVE('',#4802,#4801,#1060,.T.);
#4165=EDGE_CURVE('',#4803,#4802,#1061,.T.);
#4166=EDGE_CURVE('',#4803,#4800,#1062,.T.);
#4167=EDGE_CURVE('',#4785,#4741,#1063,.T.);
#4168=EDGE_CURVE('',#4787,#4742,#1064,.T.);
#4169=EDGE_CURVE('',#4804,#4805,#1065,.T.);
#4170=EDGE_CURVE('',#4804,#4806,#1066,.T.);
#4171=EDGE_CURVE('',#4806,#4807,#1067,.T.);
#4172=EDGE_CURVE('',#4805,#4807,#1068,.T.);
#4173=EDGE_CURVE('',#4808,#4809,#1069,.T.);
#4174=EDGE_CURVE('',#4808,#4810,#1070,.T.);
#4175=EDGE_CURVE('',#4810,#4811,#1071,.T.);
#4176=EDGE_CURVE('',#4809,#4811,#1072,.T.);
#4177=EDGE_CURVE('',#4812,#4813,#1073,.T.);
#4178=EDGE_CURVE('',#4812,#4814,#1074,.T.);
#4179=EDGE_CURVE('',#4814,#4815,#1075,.T.);
#4180=EDGE_CURVE('',#4813,#4815,#1076,.T.);
#4181=EDGE_CURVE('',#4786,#4743,#1077,.T.);
#4182=EDGE_CURVE('',#4784,#4740,#1078,.T.);
#4183=EDGE_CURVE('',#4816,#4817,#1079,.T.);
#4184=EDGE_CURVE('',#4816,#4818,#1080,.T.);
#4185=EDGE_CURVE('',#4818,#4819,#1081,.T.);
#4186=EDGE_CURVE('',#4817,#4819,#1082,.T.);
#4187=EDGE_CURVE('',#4820,#4788,#1083,.T.);
#4188=EDGE_CURVE('',#4820,#4821,#1084,.T.);
#4189=EDGE_CURVE('',#4821,#4790,#1085,.T.);
#4190=EDGE_CURVE('',#4822,#4789,#1086,.T.);
#4191=EDGE_CURVE('',#4820,#4822,#1087,.T.);
#4192=EDGE_CURVE('',#4823,#4791,#1088,.T.);
#4193=EDGE_CURVE('',#4822,#4823,#1089,.T.);
#4194=EDGE_CURVE('',#4821,#4823,#1090,.T.);
#4195=EDGE_CURVE('',#4824,#4792,#1091,.T.);
#4196=EDGE_CURVE('',#4824,#4825,#1092,.T.);
#4197=EDGE_CURVE('',#4825,#4794,#1093,.T.);
#4198=EDGE_CURVE('',#4826,#4793,#1094,.T.);
#4199=EDGE_CURVE('',#4824,#4826,#1095,.T.);
#4200=EDGE_CURVE('',#4827,#4795,#1096,.T.);
#4201=EDGE_CURVE('',#4826,#4827,#1097,.T.);
#4202=EDGE_CURVE('',#4825,#4827,#1098,.T.);
#4203=EDGE_CURVE('',#4828,#4796,#1099,.T.);
#4204=EDGE_CURVE('',#4828,#4829,#1100,.T.);
#4205=EDGE_CURVE('',#4829,#4798,#1101,.T.);
#4206=EDGE_CURVE('',#4830,#4797,#1102,.T.);
#4207=EDGE_CURVE('',#4828,#4830,#1103,.T.);
#4208=EDGE_CURVE('',#4831,#4799,#1104,.T.);
#4209=EDGE_CURVE('',#4830,#4831,#1105,.T.);
#4210=EDGE_CURVE('',#4829,#4831,#1106,.T.);
#4211=EDGE_CURVE('',#4832,#4744,#1107,.T.);
#4212=EDGE_CURVE('',#4833,#4745,#1108,.T.);
#4213=EDGE_CURVE('',#4832,#4833,#1109,.T.);
#4214=EDGE_CURVE('',#4832,#4834,#1110,.T.);
#4215=EDGE_CURVE('',#4834,#4746,#1111,.T.);
#4216=EDGE_CURVE('',#4834,#4835,#1112,.T.);
#4217=EDGE_CURVE('',#4835,#4747,#1113,.T.);
#4218=EDGE_CURVE('',#4833,#4835,#1114,.T.);
#4219=EDGE_CURVE('',#4836,#4736,#1115,.T.);
#4220=EDGE_CURVE('',#4837,#4737,#1116,.T.);
#4221=EDGE_CURVE('',#4836,#4837,#1117,.T.);
#4222=EDGE_CURVE('',#4836,#4838,#1118,.T.);
#4223=EDGE_CURVE('',#4838,#4738,#1119,.T.);
#4224=EDGE_CURVE('',#4838,#4839,#1120,.T.);
#4225=EDGE_CURVE('',#4839,#4739,#1121,.T.);
#4226=EDGE_CURVE('',#4837,#4839,#1122,.T.);
#4227=EDGE_CURVE('',#4840,#4748,#1123,.T.);
#4228=EDGE_CURVE('',#4841,#4749,#1124,.T.);
#4229=EDGE_CURVE('',#4840,#4841,#1125,.T.);
#4230=EDGE_CURVE('',#4840,#4842,#1126,.T.);
#4231=EDGE_CURVE('',#4842,#4750,#1127,.T.);
#4232=EDGE_CURVE('',#4842,#4843,#1128,.T.);
#4233=EDGE_CURVE('',#4843,#4751,#1129,.T.);
#4234=EDGE_CURVE('',#4841,#4843,#1130,.T.);
#4235=EDGE_CURVE('',#4844,#4845,#1131,.T.);
#4236=EDGE_CURVE('',#4846,#4845,#1132,.T.);
#4237=EDGE_CURVE('',#4847,#4846,#1133,.T.);
#4238=EDGE_CURVE('',#4847,#4844,#1134,.T.);
#4239=EDGE_CURVE('',#4846,#4800,#1135,.T.);
#4240=EDGE_CURVE('',#4803,#4847,#1136,.T.);
#4241=EDGE_CURVE('',#4845,#4801,#1137,.T.);
#4242=EDGE_CURVE('',#4802,#4844,#1138,.T.);
#4243=EDGE_CURVE('',#4848,#4849,#1139,.T.);
#4244=EDGE_CURVE('',#4850,#4849,#1140,.T.);
#4245=EDGE_CURVE('',#4851,#4850,#1141,.T.);
#4246=EDGE_CURVE('',#4851,#4848,#1142,.T.);
#4247=EDGE_CURVE('',#4782,#4850,#1143,.T.);
#4248=EDGE_CURVE('',#4780,#4851,#1144,.T.);
#4249=EDGE_CURVE('',#4783,#4849,#1145,.T.);
#4250=EDGE_CURVE('',#4781,#4848,#1146,.T.);
#4251=EDGE_CURVE('',#4852,#4812,#1147,.T.);
#4252=EDGE_CURVE('',#4853,#4813,#1148,.T.);
#4253=EDGE_CURVE('',#4852,#4853,#1149,.T.);
#4254=EDGE_CURVE('',#4852,#4854,#1150,.T.);
#4255=EDGE_CURVE('',#4854,#4814,#1151,.T.);
#4256=EDGE_CURVE('',#4854,#4855,#1152,.T.);
#4257=EDGE_CURVE('',#4855,#4815,#1153,.T.);
#4258=EDGE_CURVE('',#4853,#4855,#1154,.T.);
#4259=EDGE_CURVE('',#4856,#4816,#1155,.T.);
#4260=EDGE_CURVE('',#4857,#4817,#1156,.T.);
#4261=EDGE_CURVE('',#4856,#4857,#1157,.T.);
#4262=EDGE_CURVE('',#4856,#4858,#1158,.T.);
#4263=EDGE_CURVE('',#4858,#4818,#1159,.T.);
#4264=EDGE_CURVE('',#4858,#4859,#1160,.T.);
#4265=EDGE_CURVE('',#4859,#4819,#1161,.T.);
#4266=EDGE_CURVE('',#4857,#4859,#1162,.T.);
#4267=EDGE_CURVE('',#4860,#4804,#1163,.T.);
#4268=EDGE_CURVE('',#4860,#4861,#1164,.T.);
#4269=EDGE_CURVE('',#4861,#4806,#1165,.T.);
#4270=EDGE_CURVE('',#4862,#4805,#1166,.T.);
#4271=EDGE_CURVE('',#4860,#4862,#1167,.T.);
#4272=EDGE_CURVE('',#4863,#4807,#1168,.T.);
#4273=EDGE_CURVE('',#4862,#4863,#1169,.T.);
#4274=EDGE_CURVE('',#4861,#4863,#1170,.T.);
#4275=EDGE_CURVE('',#4864,#4808,#1171,.T.);
#4276=EDGE_CURVE('',#4864,#4865,#1172,.T.);
#4277=EDGE_CURVE('',#4865,#4810,#1173,.T.);
#4278=EDGE_CURVE('',#4866,#4809,#1174,.T.);
#4279=EDGE_CURVE('',#4864,#4866,#1175,.T.);
#4280=EDGE_CURVE('',#4867,#4811,#1176,.T.);
#4281=EDGE_CURVE('',#4866,#4867,#1177,.T.);
#4282=EDGE_CURVE('',#4865,#4867,#1178,.T.);
#4283=EDGE_CURVE('',#4868,#4776,#1179,.T.);
#4284=EDGE_CURVE('',#4868,#4869,#1180,.T.);
#4285=EDGE_CURVE('',#4869,#4777,#1181,.T.);
#4286=EDGE_CURVE('',#4870,#4779,#1182,.T.);
#4287=EDGE_CURVE('',#4868,#4870,#1183,.T.);
#4288=EDGE_CURVE('',#4871,#4778,#1184,.T.);
#4289=EDGE_CURVE('',#4870,#4871,#1185,.T.);
#4290=EDGE_CURVE('',#4869,#4871,#1186,.T.);
#4291=EDGE_CURVE('',#4872,#4772,#1187,.T.);
#4292=EDGE_CURVE('',#4872,#4873,#1188,.T.);
#4293=EDGE_CURVE('',#4873,#4773,#1189,.T.);
#4294=EDGE_CURVE('',#4874,#4775,#1190,.T.);
#4295=EDGE_CURVE('',#4872,#4874,#1191,.T.);
#4296=EDGE_CURVE('',#4875,#4774,#1192,.T.);
#4297=EDGE_CURVE('',#4874,#4875,#1193,.T.);
#4298=EDGE_CURVE('',#4873,#4875,#1194,.T.);
#4299=EDGE_CURVE('',#4876,#4768,#1195,.T.);
#4300=EDGE_CURVE('',#4876,#4877,#1196,.T.);
#4301=EDGE_CURVE('',#4877,#4769,#1197,.T.);
#4302=EDGE_CURVE('',#4878,#4771,#1198,.T.);
#4303=EDGE_CURVE('',#4876,#4878,#1199,.T.);
#4304=EDGE_CURVE('',#4879,#4770,#1200,.T.);
#4305=EDGE_CURVE('',#4878,#4879,#1201,.T.);
#4306=EDGE_CURVE('',#4877,#4879,#1202,.T.);
#4307=EDGE_CURVE('',#4880,#4764,#1203,.T.);
#4308=EDGE_CURVE('',#4880,#4881,#1204,.T.);
#4309=EDGE_CURVE('',#4881,#4765,#1205,.T.);
#4310=EDGE_CURVE('',#4882,#4767,#1206,.T.);
#4311=EDGE_CURVE('',#4880,#4882,#1207,.T.);
#4312=EDGE_CURVE('',#4883,#4766,#1208,.T.);
#4313=EDGE_CURVE('',#4882,#4883,#1209,.T.);
#4314=EDGE_CURVE('',#4881,#4883,#1210,.T.);
#4315=EDGE_CURVE('',#4884,#4760,#1211,.T.);
#4316=EDGE_CURVE('',#4884,#4885,#1212,.T.);
#4317=EDGE_CURVE('',#4885,#4761,#1213,.T.);
#4318=EDGE_CURVE('',#4886,#4763,#1214,.T.);
#4319=EDGE_CURVE('',#4884,#4886,#1215,.T.);
#4320=EDGE_CURVE('',#4887,#4762,#1216,.T.);
#4321=EDGE_CURVE('',#4886,#4887,#1217,.T.);
#4322=EDGE_CURVE('',#4885,#4887,#1218,.T.);
#4323=EDGE_CURVE('',#4888,#4756,#1219,.T.);
#4324=EDGE_CURVE('',#4888,#4889,#1220,.T.);
#4325=EDGE_CURVE('',#4889,#4757,#1221,.T.);
#4326=EDGE_CURVE('',#4890,#4759,#1222,.T.);
#4327=EDGE_CURVE('',#4888,#4890,#1223,.T.);
#4328=EDGE_CURVE('',#4891,#4758,#1224,.T.);
#4329=EDGE_CURVE('',#4890,#4891,#1225,.T.);
#4330=EDGE_CURVE('',#4889,#4891,#1226,.T.);
#4331=EDGE_CURVE('',#4892,#4732,#1227,.T.);
#4332=EDGE_CURVE('',#4893,#4733,#1228,.T.);
#4333=EDGE_CURVE('',#4892,#4893,#1229,.T.);
#4334=EDGE_CURVE('',#4892,#4894,#1230,.T.);
#4335=EDGE_CURVE('',#4894,#4734,#1231,.T.);
#4336=EDGE_CURVE('',#4894,#4895,#1232,.T.);
#4337=EDGE_CURVE('',#4895,#4735,#1233,.T.);
#4338=EDGE_CURVE('',#4893,#4895,#1234,.T.);
#4339=EDGE_CURVE('',#4896,#4752,#1235,.T.);
#4340=EDGE_CURVE('',#4897,#4753,#1236,.T.);
#4341=EDGE_CURVE('',#4896,#4897,#1237,.T.);
#4342=EDGE_CURVE('',#4896,#4898,#1238,.T.);
#4343=EDGE_CURVE('',#4898,#4754,#1239,.T.);
#4344=EDGE_CURVE('',#4898,#4899,#1240,.T.);
#4345=EDGE_CURVE('',#4899,#4755,#1241,.T.);
#4346=EDGE_CURVE('',#4897,#4899,#1242,.T.);
#4347=EDGE_CURVE('',#4900,#4900,#4981,.T.);
#4348=EDGE_CURVE('',#4901,#4901,#4982,.T.);
#4349=EDGE_CURVE('',#4902,#4903,#1243,.T.);
#4350=EDGE_CURVE('',#4902,#4904,#1244,.T.);
#4351=EDGE_CURVE('',#4904,#4905,#1245,.T.);
#4352=EDGE_CURVE('',#4903,#4905,#1246,.T.);
#4353=EDGE_CURVE('',#4906,#4904,#1247,.T.);
#4354=EDGE_CURVE('',#4906,#4907,#1248,.T.);
#4355=EDGE_CURVE('',#4907,#4905,#1249,.T.);
#4356=EDGE_CURVE('',#4908,#4906,#1250,.T.);
#4357=EDGE_CURVE('',#4908,#4909,#1251,.T.);
#4358=EDGE_CURVE('',#4909,#4907,#1252,.T.);
#4359=EDGE_CURVE('',#4910,#4910,#4983,.F.);
#4360=EDGE_CURVE('',#4908,#4902,#1253,.T.);
#4361=EDGE_CURVE('',#4903,#4909,#1254,.T.);
#4362=EDGE_CURVE('',#4911,#4911,#4984,.T.);
#4363=EDGE_CURVE('',#4913,#4913,#4985,.T.);
#4364=EDGE_CURVE('',#4914,#4914,#4986,.T.);
#4365=EDGE_CURVE('',#4915,#4916,#1255,.T.);
#4366=EDGE_CURVE('',#4917,#4915,#1256,.T.);
#4367=EDGE_CURVE('',#4917,#4918,#1257,.T.);
#4368=EDGE_CURVE('',#4918,#4916,#1258,.T.);
#4369=EDGE_CURVE('',#4915,#4919,#1259,.T.);
#4370=EDGE_CURVE('',#4920,#4919,#1260,.T.);
#4371=EDGE_CURVE('',#4917,#4920,#1261,.T.);
#4372=EDGE_CURVE('',#4919,#4921,#1262,.T.);
#4373=EDGE_CURVE('',#4922,#4921,#1263,.T.);
#4374=EDGE_CURVE('',#4920,#4922,#1264,.T.);
#4375=EDGE_CURVE('',#4916,#4921,#1265,.T.);
#4376=EDGE_CURVE('',#4918,#4922,#1266,.T.);
#4377=EDGE_CURVE('',#4923,#4924,#1267,.T.);
#4378=EDGE_CURVE('',#4925,#4923,#1268,.T.);
#4379=EDGE_CURVE('',#4925,#4926,#1269,.T.);
#4380=EDGE_CURVE('',#4926,#4924,#1270,.T.);
#4381=EDGE_CURVE('',#4923,#4927,#1271,.T.);
#4382=EDGE_CURVE('',#4928,#4927,#1272,.T.);
#4383=EDGE_CURVE('',#4925,#4928,#1273,.T.);
#4384=EDGE_CURVE('',#4927,#4929,#1274,.T.);
#4385=EDGE_CURVE('',#4930,#4929,#1275,.T.);
#4386=EDGE_CURVE('',#4928,#4930,#1276,.T.);
#4387=EDGE_CURVE('',#4924,#4929,#1277,.T.);
#4388=EDGE_CURVE('',#4926,#4930,#1278,.T.);
#4389=EDGE_CURVE('',#4931,#4931,#4987,.F.);
#4390=EDGE_CURVE('',#4932,#4932,#4988,.T.);
#4391=EDGE_CURVE('',#4933,#4934,#1279,.T.);
#4392=EDGE_CURVE('',#4935,#4933,#1280,.T.);
#4393=EDGE_CURVE('',#4935,#4936,#1281,.T.);
#4394=EDGE_CURVE('',#4936,#4934,#1282,.T.);
#4395=EDGE_CURVE('',#4933,#4937,#1283,.T.);
#4396=EDGE_CURVE('',#4938,#4937,#1284,.T.);
#4397=EDGE_CURVE('',#4935,#4938,#1285,.T.);
#4398=EDGE_CURVE('',#4937,#4939,#1286,.T.);
#4399=EDGE_CURVE('',#4940,#4939,#1287,.T.);
#4400=EDGE_CURVE('',#4938,#4940,#1288,.T.);
#4401=EDGE_CURVE('',#4934,#4939,#1289,.T.);
#4402=EDGE_CURVE('',#4936,#4940,#1290,.T.);
#4403=EDGE_CURVE('',#4941,#4941,#11,.T.);
#4404=EDGE_CURVE('',#4942,#4942,#12,.T.);
#4405=EDGE_CURVE('',#4943,#4944,#1291,.T.);
#4406=EDGE_CURVE('',#4945,#4943,#1292,.T.);
#4407=EDGE_CURVE('',#4945,#4946,#1293,.T.);
#4408=EDGE_CURVE('',#4946,#4944,#1294,.T.);
#4409=EDGE_CURVE('',#4943,#4947,#1295,.T.);
#4410=EDGE_CURVE('',#4948,#4947,#1296,.T.);
#4411=EDGE_CURVE('',#4945,#4948,#1297,.T.);
#4412=EDGE_CURVE('',#4947,#4949,#1298,.T.);
#4413=EDGE_CURVE('',#4950,#4949,#1299,.T.);
#4414=EDGE_CURVE('',#4948,#4950,#1300,.T.);
#4415=EDGE_CURVE('',#4944,#4949,#1301,.T.);
#4416=EDGE_CURVE('',#4946,#4950,#1302,.T.);
#4417=EDGE_CURVE('',#4951,#4951,#4989,.T.);
#4418=EDGE_CURVE('',#4952,#4952,#10,.T.);
#4419=EDGE_CURVE('',#4953,#4954,#1303,.T.);
#4420=EDGE_CURVE('',#4955,#4953,#1304,.T.);
#4421=EDGE_CURVE('',#4955,#4956,#1305,.T.);
#4422=EDGE_CURVE('',#4956,#4954,#1306,.T.);
#4423=EDGE_CURVE('',#4953,#4957,#1307,.T.);
#4424=EDGE_CURVE('',#4958,#4957,#1308,.T.);
#4425=EDGE_CURVE('',#4955,#4958,#1309,.T.);
#4426=EDGE_CURVE('',#4957,#4959,#1310,.T.);
#4427=EDGE_CURVE('',#4960,#4959,#1311,.T.);
#4428=EDGE_CURVE('',#4958,#4960,#1312,.T.);
#4429=EDGE_CURVE('',#4954,#4959,#1313,.T.);
#4430=EDGE_CURVE('',#4956,#4960,#1314,.T.);
#4431=EDGE_CURVE('',#4961,#4962,#1315,.T.);
#4432=EDGE_CURVE('',#4963,#4961,#1316,.T.);
#4433=EDGE_CURVE('',#4963,#4964,#1317,.T.);
#4434=EDGE_CURVE('',#4964,#4962,#1318,.T.);
#4435=EDGE_CURVE('',#4961,#4965,#1319,.T.);
#4436=EDGE_CURVE('',#4966,#4965,#1320,.T.);
#4437=EDGE_CURVE('',#4963,#4966,#1321,.T.);
#4438=EDGE_CURVE('',#4965,#4967,#1322,.T.);
#4439=EDGE_CURVE('',#4968,#4967,#1323,.T.);
#4440=EDGE_CURVE('',#4966,#4968,#1324,.T.);
#4441=EDGE_CURVE('',#4962,#4967,#1325,.T.);
#4442=EDGE_CURVE('',#4964,#4968,#1326,.T.);
#4443=EDGE_CURVE('',#4969,#4969,#4990,.T.);
#4444=EDGE_CURVE('',#4970,#4970,#4991,.T.);
#4445=EDGE_CURVE('',#4971,#4971,#4992,.T.);
#4446=EDGE_CURVE('',#4972,#4972,#4993,.T.);
#4447=VERTEX_POINT('',#8210);
#4448=VERTEX_POINT('',#8211);
#4449=VERTEX_POINT('',#8213);
#4450=VERTEX_POINT('',#8215);
#4451=VERTEX_POINT('',#8218);
#4452=VERTEX_POINT('',#8219);
#4453=VERTEX_POINT('',#8221);
#4454=VERTEX_POINT('',#8223);
#4455=VERTEX_POINT('',#8225);
#4456=VERTEX_POINT('',#8227);
#4457=VERTEX_POINT('',#8231);
#4458=VERTEX_POINT('',#8235);
#4459=VERTEX_POINT('',#8239);
#4460=VERTEX_POINT('',#8243);
#4461=VERTEX_POINT('',#8247);
#4462=VERTEX_POINT('',#8249);
#4463=VERTEX_POINT('',#8253);
#4464=VERTEX_POINT('',#8257);
#4465=VERTEX_POINT('',#8264);
#4466=VERTEX_POINT('',#8268);
#4467=VERTEX_POINT('',#8272);
#4468=VERTEX_POINT('',#8276);
#4469=VERTEX_POINT('',#8278);
#4470=VERTEX_POINT('',#8280);
#4471=VERTEX_POINT('',#8285);
#4472=VERTEX_POINT('',#8289);
#4473=VERTEX_POINT('',#8298);
#4474=VERTEX_POINT('',#8299);
#4475=VERTEX_POINT('',#8301);
#4476=VERTEX_POINT('',#8303);
#4477=VERTEX_POINT('',#8306);
#4478=VERTEX_POINT('',#8307);
#4479=VERTEX_POINT('',#8309);
#4480=VERTEX_POINT('',#8311);
#4481=VERTEX_POINT('',#8315);
#4482=VERTEX_POINT('',#8316);
#4483=VERTEX_POINT('',#8318);
#4484=VERTEX_POINT('',#8320);
#4485=VERTEX_POINT('',#8322);
#4486=VERTEX_POINT('',#8324);
#4487=VERTEX_POINT('',#8326);
#4488=VERTEX_POINT('',#8328);
#4489=VERTEX_POINT('',#8330);
#4490=VERTEX_POINT('',#8332);
#4491=VERTEX_POINT('',#8336);
#4492=VERTEX_POINT('',#8337);
#4493=VERTEX_POINT('',#8339);
#4494=VERTEX_POINT('',#8341);
#4495=VERTEX_POINT('',#8345);
#4496=VERTEX_POINT('',#8346);
#4497=VERTEX_POINT('',#8348);
#4498=VERTEX_POINT('',#8350);
#4499=VERTEX_POINT('',#8354);
#4500=VERTEX_POINT('',#8355);
#4501=VERTEX_POINT('',#8357);
#4502=VERTEX_POINT('',#8359);
#4503=VERTEX_POINT('',#8363);
#4504=VERTEX_POINT('',#8364);
#4505=VERTEX_POINT('',#8366);
#4506=VERTEX_POINT('',#8368);
#4507=VERTEX_POINT('',#8372);
#4508=VERTEX_POINT('',#8373);
#4509=VERTEX_POINT('',#8375);
#4510=VERTEX_POINT('',#8377);
#4511=VERTEX_POINT('',#8380);
#4512=VERTEX_POINT('',#8381);
#4513=VERTEX_POINT('',#8383);
#4514=VERTEX_POINT('',#8385);
#4515=VERTEX_POINT('',#8388);
#4516=VERTEX_POINT('',#8389);
#4517=VERTEX_POINT('',#8391);
#4518=VERTEX_POINT('',#8393);
#4519=VERTEX_POINT('',#8396);
#4520=VERTEX_POINT('',#8397);
#4521=VERTEX_POINT('',#8399);
#4522=VERTEX_POINT('',#8401);
#4523=VERTEX_POINT('',#8405);
#4524=VERTEX_POINT('',#8406);
#4525=VERTEX_POINT('',#8408);
#4526=VERTEX_POINT('',#8410);
#4527=VERTEX_POINT('',#8412);
#4528=VERTEX_POINT('',#8414);
#4529=VERTEX_POINT('',#8416);
#4530=VERTEX_POINT('',#8418);
#4531=VERTEX_POINT('',#8420);
#4532=VERTEX_POINT('',#8422);
#4533=VERTEX_POINT('',#8426);
#4534=VERTEX_POINT('',#8427);
#4535=VERTEX_POINT('',#8429);
#4536=VERTEX_POINT('',#8431);
#4537=VERTEX_POINT('',#8433);
#4538=VERTEX_POINT('',#8435);
#4539=VERTEX_POINT('',#8437);
#4540=VERTEX_POINT('',#8439);
#4541=VERTEX_POINT('',#8446);
#4542=VERTEX_POINT('',#8447);
#4543=VERTEX_POINT('',#8449);
#4544=VERTEX_POINT('',#8451);
#4545=VERTEX_POINT('',#8453);
#4546=VERTEX_POINT('',#8455);
#4547=VERTEX_POINT('',#8457);
#4548=VERTEX_POINT('',#8459);
#4549=VERTEX_POINT('',#8461);
#4550=VERTEX_POINT('',#8463);
#4551=VERTEX_POINT('',#8465);
#4552=VERTEX_POINT('',#8467);
#4553=VERTEX_POINT('',#8471);
#4554=VERTEX_POINT('',#8474);
#4555=VERTEX_POINT('',#8476);
#4556=VERTEX_POINT('',#8478);
#4557=VERTEX_POINT('',#8483);
#4558=VERTEX_POINT('',#8484);
#4559=VERTEX_POINT('',#8486);
#4560=VERTEX_POINT('',#8488);
#4561=VERTEX_POINT('',#8490);
#4562=VERTEX_POINT('',#8492);
#4563=VERTEX_POINT('',#8494);
#4564=VERTEX_POINT('',#8497);
#4565=VERTEX_POINT('',#8499);
#4566=VERTEX_POINT('',#8501);
#4567=VERTEX_POINT('',#8503);
#4568=VERTEX_POINT('',#8505);
#4569=VERTEX_POINT('',#8507);
#4570=VERTEX_POINT('',#8509);
#4571=VERTEX_POINT('',#8512);
#4572=VERTEX_POINT('',#8514);
#4573=VERTEX_POINT('',#8518);
#4574=VERTEX_POINT('',#8520);
#4575=VERTEX_POINT('',#8524);
#4576=VERTEX_POINT('',#8525);
#4577=VERTEX_POINT('',#8530);
#4578=VERTEX_POINT('',#8534);
#4579=VERTEX_POINT('',#8536);
#4580=VERTEX_POINT('',#8540);
#4581=VERTEX_POINT('',#8545);
#4582=VERTEX_POINT('',#8549);
#4583=VERTEX_POINT('',#8553);
#4584=VERTEX_POINT('',#8558);
#4585=VERTEX_POINT('',#8560);
#4586=VERTEX_POINT('',#8564);
#4587=VERTEX_POINT('',#8565);
#4588=VERTEX_POINT('',#8568);
#4589=VERTEX_POINT('',#8572);
#4590=VERTEX_POINT('',#8574);
#4591=VERTEX_POINT('',#8576);
#4592=VERTEX_POINT('',#8585);
#4593=VERTEX_POINT('',#8587);
#4594=VERTEX_POINT('',#8589);
#4595=VERTEX_POINT('',#8591);
#4596=VERTEX_POINT('',#8593);
#4597=VERTEX_POINT('',#8595);
#4598=VERTEX_POINT('',#8601);
#4599=VERTEX_POINT('',#8603);
#4600=VERTEX_POINT('',#8605);
#4601=VERTEX_POINT('',#8607);
#4602=VERTEX_POINT('',#8611);
#4603=VERTEX_POINT('',#8612);
#4604=VERTEX_POINT('',#8614);
#4605=VERTEX_POINT('',#8616);
#4606=VERTEX_POINT('',#8619);
#4607=VERTEX_POINT('',#8620);
#4608=VERTEX_POINT('',#8622);
#4609=VERTEX_POINT('',#8624);
#4610=VERTEX_POINT('',#8627);
#4611=VERTEX_POINT('',#8628);
#4612=VERTEX_POINT('',#8630);
#4613=VERTEX_POINT('',#8632);
#4614=VERTEX_POINT('',#8635);
#4615=VERTEX_POINT('',#8636);
#4616=VERTEX_POINT('',#8638);
#4617=VERTEX_POINT('',#8640);
#4618=VERTEX_POINT('',#8644);
#4619=VERTEX_POINT('',#8648);
#4620=VERTEX_POINT('',#8650);
#4621=VERTEX_POINT('',#8652);
#4622=VERTEX_POINT('',#8664);
#4623=VERTEX_POINT('',#8666);
#4624=VERTEX_POINT('',#8677);
#4625=VERTEX_POINT('',#8678);
#4626=VERTEX_POINT('',#8683);
#4627=VERTEX_POINT('',#8685);
#4628=VERTEX_POINT('',#8701);
#4629=VERTEX_POINT('',#8703);
#4630=VERTEX_POINT('',#8708);
#4631=VERTEX_POINT('',#8713);
#4632=VERTEX_POINT('',#8718);
#4633=VERTEX_POINT('',#8720);
#4634=VERTEX_POINT('',#8725);
#4635=VERTEX_POINT('',#8730);
#4636=VERTEX_POINT('',#8735);
#4637=VERTEX_POINT('',#8737);
#4638=VERTEX_POINT('',#8741);
#4639=VERTEX_POINT('',#8743);
#4640=VERTEX_POINT('',#8745);
#4641=VERTEX_POINT('',#8749);
#4642=VERTEX_POINT('',#8753);
#4643=VERTEX_POINT('',#8755);
#4644=VERTEX_POINT('',#8759);
#4645=VERTEX_POINT('',#8761);
#4646=VERTEX_POINT('',#8766);
#4647=VERTEX_POINT('',#8771);
#4648=VERTEX_POINT('',#8776);
#4649=VERTEX_POINT('',#8778);
#4650=VERTEX_POINT('',#8782);
#4651=VERTEX_POINT('',#8786);
#4652=VERTEX_POINT('',#8792);
#4653=VERTEX_POINT('',#8794);
#4654=VERTEX_POINT('',#8798);
#4655=VERTEX_POINT('',#8802);
#4656=VERTEX_POINT('',#8808);
#4657=VERTEX_POINT('',#8810);
#4658=VERTEX_POINT('',#8814);
#4659=VERTEX_POINT('',#8818);
#4660=VERTEX_POINT('',#8824);
#4661=VERTEX_POINT('',#8826);
#4662=VERTEX_POINT('',#8830);
#4663=VERTEX_POINT('',#8834);
#4664=VERTEX_POINT('',#8843);
#4665=VERTEX_POINT('',#8844);
#4666=VERTEX_POINT('',#8846);
#4667=VERTEX_POINT('',#8848);
#4668=VERTEX_POINT('',#8852);
#4669=VERTEX_POINT('',#8853);
#4670=VERTEX_POINT('',#8855);
#4671=VERTEX_POINT('',#8857);
#4672=VERTEX_POINT('',#8869);
#4673=VERTEX_POINT('',#8870);
#4674=VERTEX_POINT('',#8872);
#4675=VERTEX_POINT('',#8874);
#4676=VERTEX_POINT('',#8881);
#4677=VERTEX_POINT('',#8882);
#4678=VERTEX_POINT('',#8884);
#4679=VERTEX_POINT('',#8886);
#4680=VERTEX_POINT('',#8890);
#4681=VERTEX_POINT('',#8892);
#4682=VERTEX_POINT('',#8896);
#4683=VERTEX_POINT('',#8900);
#4684=VERTEX_POINT('',#8904);
#4685=VERTEX_POINT('',#8905);
#4686=VERTEX_POINT('',#8907);
#4687=VERTEX_POINT('',#8909);
#4688=VERTEX_POINT('',#8915);
#4689=VERTEX_POINT('',#8919);
#4690=VERTEX_POINT('',#8923);
#4691=VERTEX_POINT('',#8927);
#4692=VERTEX_POINT('',#8936);
#4693=VERTEX_POINT('',#8938);
#4694=VERTEX_POINT('',#8942);
#4695=VERTEX_POINT('',#8946);
#4696=VERTEX_POINT('',#8953);
#4697=VERTEX_POINT('',#8954);
#4698=VERTEX_POINT('',#8959);
#4699=VERTEX_POINT('',#8961);
#4700=VERTEX_POINT('',#8963);
#4701=VERTEX_POINT('',#8967);
#4702=VERTEX_POINT('',#8973);
#4703=VERTEX_POINT('',#8975);
#4704=VERTEX_POINT('',#8979);
#4705=VERTEX_POINT('',#8980);
#4706=VERTEX_POINT('',#8982);
#4707=VERTEX_POINT('',#8984);
#4708=VERTEX_POINT('',#8987);
#4709=VERTEX_POINT('',#8988);
#4710=VERTEX_POINT('',#8998);
#4711=VERTEX_POINT('',#9002);
#4712=VERTEX_POINT('',#9004);
#4713=VERTEX_POINT('',#9014);
#4714=VERTEX_POINT('',#9016);
#4715=VERTEX_POINT('',#9020);
#4716=VERTEX_POINT('',#9024);
#4717=VERTEX_POINT('',#9032);
#4718=VERTEX_POINT('',#9033);
#4719=VERTEX_POINT('',#9035);
#4720=VERTEX_POINT('',#9037);
#4721=VERTEX_POINT('',#9041);
#4722=VERTEX_POINT('',#9043);
#4723=VERTEX_POINT('',#9047);
#4724=VERTEX_POINT('',#9051);
#4725=VERTEX_POINT('',#9061);
#4726=VERTEX_POINT('',#9065);
#4727=VERTEX_POINT('',#9072);
#4728=VERTEX_POINT('',#9074);
#4729=VERTEX_POINT('',#9078);
#4730=VERTEX_POINT('',#9082);
#4731=VERTEX_POINT('',#9089);
#4732=VERTEX_POINT('',#9097);
#4733=VERTEX_POINT('',#9098);
#4734=VERTEX_POINT('',#9100);
#4735=VERTEX_POINT('',#9102);
#4736=VERTEX_POINT('',#9105);
#4737=VERTEX_POINT('',#9106);
#4738=VERTEX_POINT('',#9108);
#4739=VERTEX_POINT('',#9110);
#4740=VERTEX_POINT('',#9113);
#4741=VERTEX_POINT('',#9114);
#4742=VERTEX_POINT('',#9116);
#4743=VERTEX_POINT('',#9118);
#4744=VERTEX_POINT('',#9121);
#4745=VERTEX_POINT('',#9122);
#4746=VERTEX_POINT('',#9124);
#4747=VERTEX_POINT('',#9126);
#4748=VERTEX_POINT('',#9129);
#4749=VERTEX_POINT('',#9130);
#4750=VERTEX_POINT('',#9132);
#4751=VERTEX_POINT('',#9134);
#4752=VERTEX_POINT('',#9137);
#4753=VERTEX_POINT('',#9138);
#4754=VERTEX_POINT('',#9140);
#4755=VERTEX_POINT('',#9142);
#4756=VERTEX_POINT('',#9146);
#4757=VERTEX_POINT('',#9147);
#4758=VERTEX_POINT('',#9149);
#4759=VERTEX_POINT('',#9151);
#4760=VERTEX_POINT('',#9154);
#4761=VERTEX_POINT('',#9155);
#4762=VERTEX_POINT('',#9157);
#4763=VERTEX_POINT('',#9159);
#4764=VERTEX_POINT('',#9162);
#4765=VERTEX_POINT('',#9163);
#4766=VERTEX_POINT('',#9165);
#4767=VERTEX_POINT('',#9167);
#4768=VERTEX_POINT('',#9170);
#4769=VERTEX_POINT('',#9171);
#4770=VERTEX_POINT('',#9173);
#4771=VERTEX_POINT('',#9175);
#4772=VERTEX_POINT('',#9178);
#4773=VERTEX_POINT('',#9179);
#4774=VERTEX_POINT('',#9181);
#4775=VERTEX_POINT('',#9183);
#4776=VERTEX_POINT('',#9186);
#4777=VERTEX_POINT('',#9187);
#4778=VERTEX_POINT('',#9189);
#4779=VERTEX_POINT('',#9191);
#4780=VERTEX_POINT('',#9194);
#4781=VERTEX_POINT('',#9195);
#4782=VERTEX_POINT('',#9197);
#4783=VERTEX_POINT('',#9199);
#4784=VERTEX_POINT('',#9202);
#4785=VERTEX_POINT('',#9203);
#4786=VERTEX_POINT('',#9205);
#4787=VERTEX_POINT('',#9207);
#4788=VERTEX_POINT('',#9210);
#4789=VERTEX_POINT('',#9211);
#4790=VERTEX_POINT('',#9213);
#4791=VERTEX_POINT('',#9215);
#4792=VERTEX_POINT('',#9218);
#4793=VERTEX_POINT('',#9219);
#4794=VERTEX_POINT('',#9221);
#4795=VERTEX_POINT('',#9223);
#4796=VERTEX_POINT('',#9226);
#4797=VERTEX_POINT('',#9227);
#4798=VERTEX_POINT('',#9229);
#4799=VERTEX_POINT('',#9231);
#4800=VERTEX_POINT('',#9234);
#4801=VERTEX_POINT('',#9235);
#4802=VERTEX_POINT('',#9237);
#4803=VERTEX_POINT('',#9239);
#4804=VERTEX_POINT('',#9245);
#4805=VERTEX_POINT('',#9246);
#4806=VERTEX_POINT('',#9248);
#4807=VERTEX_POINT('',#9250);
#4808=VERTEX_POINT('',#9253);
#4809=VERTEX_POINT('',#9254);
#4810=VERTEX_POINT('',#9256);
#4811=VERTEX_POINT('',#9258);
#4812=VERTEX_POINT('',#9262);
#4813=VERTEX_POINT('',#9263);
#4814=VERTEX_POINT('',#9265);
#4815=VERTEX_POINT('',#9267);
#4816=VERTEX_POINT('',#9272);
#4817=VERTEX_POINT('',#9273);
#4818=VERTEX_POINT('',#9275);
#4819=VERTEX_POINT('',#9277);
#4820=VERTEX_POINT('',#9283);
#4821=VERTEX_POINT('',#9285);
#4822=VERTEX_POINT('',#9289);
#4823=VERTEX_POINT('',#9293);
#4824=VERTEX_POINT('',#9300);
#4825=VERTEX_POINT('',#9302);
#4826=VERTEX_POINT('',#9306);
#4827=VERTEX_POINT('',#9310);
#4828=VERTEX_POINT('',#9317);
#4829=VERTEX_POINT('',#9319);
#4830=VERTEX_POINT('',#9323);
#4831=VERTEX_POINT('',#9327);
#4832=VERTEX_POINT('',#9334);
#4833=VERTEX_POINT('',#9336);
#4834=VERTEX_POINT('',#9340);
#4835=VERTEX_POINT('',#9344);
#4836=VERTEX_POINT('',#9351);
#4837=VERTEX_POINT('',#9353);
#4838=VERTEX_POINT('',#9357);
#4839=VERTEX_POINT('',#9361);
#4840=VERTEX_POINT('',#9368);
#4841=VERTEX_POINT('',#9370);
#4842=VERTEX_POINT('',#9374);
#4843=VERTEX_POINT('',#9378);
#4844=VERTEX_POINT('',#9385);
#4845=VERTEX_POINT('',#9386);
#4846=VERTEX_POINT('',#9388);
#4847=VERTEX_POINT('',#9390);
#4848=VERTEX_POINT('',#9401);
#4849=VERTEX_POINT('',#9402);
#4850=VERTEX_POINT('',#9404);
#4851=VERTEX_POINT('',#9406);
#4852=VERTEX_POINT('',#9418);
#4853=VERTEX_POINT('',#9420);
#4854=VERTEX_POINT('',#9424);
#4855=VERTEX_POINT('',#9428);
#4856=VERTEX_POINT('',#9435);
#4857=VERTEX_POINT('',#9437);
#4858=VERTEX_POINT('',#9441);
#4859=VERTEX_POINT('',#9445);
#4860=VERTEX_POINT('',#9452);
#4861=VERTEX_POINT('',#9454);
#4862=VERTEX_POINT('',#9458);
#4863=VERTEX_POINT('',#9462);
#4864=VERTEX_POINT('',#9469);
#4865=VERTEX_POINT('',#9471);
#4866=VERTEX_POINT('',#9475);
#4867=VERTEX_POINT('',#9479);
#4868=VERTEX_POINT('',#9486);
#4869=VERTEX_POINT('',#9488);
#4870=VERTEX_POINT('',#9492);
#4871=VERTEX_POINT('',#9496);
#4872=VERTEX_POINT('',#9503);
#4873=VERTEX_POINT('',#9505);
#4874=VERTEX_POINT('',#9509);
#4875=VERTEX_POINT('',#9513);
#4876=VERTEX_POINT('',#9521);
#4877=VERTEX_POINT('',#9523);
#4878=VERTEX_POINT('',#9527);
#4879=VERTEX_POINT('',#9531);
#4880=VERTEX_POINT('',#9538);
#4881=VERTEX_POINT('',#9540);
#4882=VERTEX_POINT('',#9544);
#4883=VERTEX_POINT('',#9548);
#4884=VERTEX_POINT('',#9555);
#4885=VERTEX_POINT('',#9557);
#4886=VERTEX_POINT('',#9561);
#4887=VERTEX_POINT('',#9565);
#4888=VERTEX_POINT('',#9572);
#4889=VERTEX_POINT('',#9574);
#4890=VERTEX_POINT('',#9578);
#4891=VERTEX_POINT('',#9582);
#4892=VERTEX_POINT('',#9589);
#4893=VERTEX_POINT('',#9591);
#4894=VERTEX_POINT('',#9595);
#4895=VERTEX_POINT('',#9599);
#4896=VERTEX_POINT('',#9606);
#4897=VERTEX_POINT('',#9608);
#4898=VERTEX_POINT('',#9612);
#4899=VERTEX_POINT('',#9616);
#4900=VERTEX_POINT('',#9624);
#4901=VERTEX_POINT('',#9626);
#4902=VERTEX_POINT('',#9632);
#4903=VERTEX_POINT('',#9633);
#4904=VERTEX_POINT('',#9635);
#4905=VERTEX_POINT('',#9637);
#4906=VERTEX_POINT('',#9641);
#4907=VERTEX_POINT('',#9643);
#4908=VERTEX_POINT('',#9647);
#4909=VERTEX_POINT('',#9649);
#4910=VERTEX_POINT('',#9653);
#4911=VERTEX_POINT('',#9660);
#4912=VERTEX_POINT('',#9662);
#4913=VERTEX_POINT('',#9664);
#4914=VERTEX_POINT('',#9667);
#4915=VERTEX_POINT('',#9676);
#4916=VERTEX_POINT('',#9677);
#4917=VERTEX_POINT('',#9679);
#4918=VERTEX_POINT('',#9681);
#4919=VERTEX_POINT('',#9685);
#4920=VERTEX_POINT('',#9687);
#4921=VERTEX_POINT('',#9691);
#4922=VERTEX_POINT('',#9693);
#4923=VERTEX_POINT('',#9704);
#4924=VERTEX_POINT('',#9705);
#4925=VERTEX_POINT('',#9707);
#4926=VERTEX_POINT('',#9709);
#4927=VERTEX_POINT('',#9713);
#4928=VERTEX_POINT('',#9715);
#4929=VERTEX_POINT('',#9719);
#4930=VERTEX_POINT('',#9721);
#4931=VERTEX_POINT('',#9728);
#4932=VERTEX_POINT('',#9731);
#4933=VERTEX_POINT('',#9752);
#4934=VERTEX_POINT('',#9753);
#4935=VERTEX_POINT('',#9755);
#4936=VERTEX_POINT('',#9757);
#4937=VERTEX_POINT('',#9761);
#4938=VERTEX_POINT('',#9763);
#4939=VERTEX_POINT('',#9767);
#4940=VERTEX_POINT('',#9769);
#4941=VERTEX_POINT('',#9788);
#4942=VERTEX_POINT('',#9790);
#4943=VERTEX_POINT('',#9793);
#4944=VERTEX_POINT('',#9794);
#4945=VERTEX_POINT('',#9796);
#4946=VERTEX_POINT('',#9798);
#4947=VERTEX_POINT('',#9802);
#4948=VERTEX_POINT('',#9804);
#4949=VERTEX_POINT('',#9808);
#4950=VERTEX_POINT('',#9810);
#4951=VERTEX_POINT('',#9817);
#4952=VERTEX_POINT('',#9840);
#4953=VERTEX_POINT('',#9846);
#4954=VERTEX_POINT('',#9847);
#4955=VERTEX_POINT('',#9849);
#4956=VERTEX_POINT('',#9851);
#4957=VERTEX_POINT('',#9855);
#4958=VERTEX_POINT('',#9857);
#4959=VERTEX_POINT('',#9861);
#4960=VERTEX_POINT('',#9863);
#4961=VERTEX_POINT('',#9878);
#4962=VERTEX_POINT('',#9879);
#4963=VERTEX_POINT('',#9881);
#4964=VERTEX_POINT('',#9883);
#4965=VERTEX_POINT('',#9887);
#4966=VERTEX_POINT('',#9889);
#4967=VERTEX_POINT('',#9893);
#4968=VERTEX_POINT('',#9895);
#4969=VERTEX_POINT('',#9902);
#4970=VERTEX_POINT('',#9904);
#4971=VERTEX_POINT('',#9908);
#4972=VERTEX_POINT('',#9912);
#4973=CIRCLE('',#6229,0.000267417280670616);
#4974=CIRCLE('',#6230,0.000267417280670616);
#4975=CIRCLE('',#6231,0.000267417280670616);
#4976=CIRCLE('',#6232,0.000267417280670616);
#4977=CIRCLE('',#6233,0.000267417280670616);
#4978=CIRCLE('',#6234,0.000267417280670616);
#4979=CIRCLE('',#6235,0.000267417280670616);
#4980=CIRCLE('',#6236,0.000267417280670616);
#4981=CIRCLE('',#6512,0.00308266581761793);
#4982=CIRCLE('',#6513,0.00308266581761793);
#4983=CIRCLE('',#6521,0.003302);
#4984=CIRCLE('',#6525,0.003302);
#4985=CIRCLE('',#6527,0.003175);
#4986=CIRCLE('',#6529,0.003175);
#4987=CIRCLE('',#6549,0.003302);
#4988=CIRCLE('',#6551,0.003302);
#4989=CIRCLE('',#6594,0.00112092116683623);
#4990=CIRCLE('',#6618,0.00297903153114021);
#4991=CIRCLE('',#6619,0.00297903153114021);
#4992=CIRCLE('',#6622,0.00297903153114021);
#4993=CIRCLE('',#6625,0.00297903153114021);
#4994=EDGE_LOOP('',(#2089,#2090,#2091,#2092));
#4995=EDGE_LOOP('',(#2093,#2094,#2095,#2096,#2097,#2098));
#4996=EDGE_LOOP('',(#2099,#2100,#2101));
#4997=EDGE_LOOP('',(#2102,#2103,#2104));
#4998=EDGE_LOOP('',(#2105,#2106,#2107));
#4999=EDGE_LOOP('',(#2108,#2109,#2110));
#5000=EDGE_LOOP('',(#2111,#2112,#2113,#2114,#2115));
#5001=EDGE_LOOP('',(#2116,#2117,#2118,#2119,#2120));
#5002=EDGE_LOOP('',(#2121,#2122,#2123,#2124,#2125));
#5003=EDGE_LOOP('',(#2126,#2127,#2128,#2129,#2130));
#5004=EDGE_LOOP('',(#2131,#2132,#2133,#2134));
#5005=EDGE_LOOP('',(#2135,#2136,#2137));
#5006=EDGE_LOOP('',(#2138,#2139,#2140));
#5007=EDGE_LOOP('',(#2141,#2142,#2143));
#5008=EDGE_LOOP('',(#2144,#2145,#2146,#2147,#2148));
#5009=EDGE_LOOP('',(#2149,#2150,#2151,#2152,#2153,#2154));
#5010=EDGE_LOOP('',(#2155,#2156,#2157,#2158,#2159));
#5011=EDGE_LOOP('',(#2160,#2161,#2162,#2163,#2164,#2165));
#5012=EDGE_LOOP('',(#2166,#2167,#2168,#2169));
#5013=EDGE_LOOP('',(#2170,#2171,#2172));
#5014=EDGE_LOOP('',(#2173,#2174,#2175,#2176));
#5015=EDGE_LOOP('',(#2177,#2178,#2179,#2180));
#5016=EDGE_LOOP('',(#2181,#2182,#2183,#2184,#2185,#2186,#2187,#2188,#2189,
#2190));
#5017=EDGE_LOOP('',(#2191,#2192,#2193,#2194));
#5018=EDGE_LOOP('',(#2195,#2196,#2197,#2198));
#5019=EDGE_LOOP('',(#2199,#2200,#2201,#2202));
#5020=EDGE_LOOP('',(#2203,#2204,#2205,#2206));
#5021=EDGE_LOOP('',(#2207,#2208,#2209,#2210));
#5022=EDGE_LOOP('',(#2211,#2212,#2213,#2214));
#5023=EDGE_LOOP('',(#2215,#2216,#2217,#2218));
#5024=EDGE_LOOP('',(#2219,#2220,#2221,#2222));
#5025=EDGE_LOOP('',(#2223,#2224,#2225,#2226,#2227,#2228,#2229,#2230,#2231,
#2232));
#5026=EDGE_LOOP('',(#2233,#2234,#2235,#2236,#2237,#2238,#2239,#2240));
#5027=EDGE_LOOP('',(#2241,#2242,#2243,#2244));
#5028=EDGE_LOOP('',(#2245,#2246,#2247,#2248,#2249,#2250,#2251,#2252,#2253,
#2254,#2255,#2256));
#5029=EDGE_LOOP('',(#2257,#2258,#2259,#2260,#2261,#2262,#2263,#2264,#2265,
#2266,#2267,#2268));
#5030=EDGE_LOOP('',(#2269,#2270,#2271,#2272,#2273,#2274,#2275,#2276,#2277,
#2278,#2279,#2280,#2281,#2282,#2283,#2284,#2285,#2286,#2287,#2288));
#5031=EDGE_LOOP('',(#2289,#2290,#2291,#2292));
#5032=EDGE_LOOP('',(#2293,#2294,#2295,#2296));
#5033=EDGE_LOOP('',(#2297,#2298,#2299,#2300));
#5034=EDGE_LOOP('',(#2301,#2302,#2303,#2304));
#5035=EDGE_LOOP('',(#2305,#2306,#2307,#2308,#2309,#2310,#2311,#2312,#2313,
#2314,#2315));
#5036=EDGE_LOOP('',(#2316,#2317,#2318,#2319));
#5037=EDGE_LOOP('',(#2320,#2321,#2322,#2323));
#5038=EDGE_LOOP('',(#2324,#2325,#2326,#2327,#2328,#2329,#2330,#2331));
#5039=EDGE_LOOP('',(#2332,#2333,#2334,#2335,#2336,#2337));
#5040=EDGE_LOOP('',(#2338,#2339,#2340,#2341,#2342,#2343));
#5041=EDGE_LOOP('',(#2344,#2345,#2346,#2347));
#5042=EDGE_LOOP('',(#2348,#2349,#2350,#2351));
#5043=EDGE_LOOP('',(#2352,#2353,#2354,#2355,#2356,#2357,#2358,#2359));
#5044=EDGE_LOOP('',(#2360,#2361,#2362,#2363,#2364,#2365,#2366,#2367,#2368,
#2369));
#5045=EDGE_LOOP('',(#2370,#2371,#2372,#2373));
#5046=EDGE_LOOP('',(#2374,#2375,#2376,#2377));
#5047=EDGE_LOOP('',(#2378,#2379,#2380,#2381));
#5048=EDGE_LOOP('',(#2382,#2383,#2384,#2385));
#5049=EDGE_LOOP('',(#2386,#2387,#2388,#2389));
#5050=EDGE_LOOP('',(#2390,#2391,#2392,#2393));
#5051=EDGE_LOOP('',(#2394,#2395,#2396,#2397,#2398,#2399));
#5052=EDGE_LOOP('',(#2400,#2401,#2402,#2403));
#5053=EDGE_LOOP('',(#2404,#2405,#2406,#2407));
#5054=EDGE_LOOP('',(#2408,#2409,#2410,#2411));
#5055=EDGE_LOOP('',(#2412,#2413,#2414,#2415));
#5056=EDGE_LOOP('',(#2416,#2417,#2418,#2419));
#5057=EDGE_LOOP('',(#2420,#2421,#2422,#2423));
#5058=EDGE_LOOP('',(#2424,#2425,#2426,#2427));
#5059=EDGE_LOOP('',(#2428,#2429,#2430,#2431));
#5060=EDGE_LOOP('',(#2432,#2433,#2434,#2435));
#5061=EDGE_LOOP('',(#2436,#2437,#2438,#2439));
#5062=EDGE_LOOP('',(#2440,#2441,#2442,#2443,#2444,#2445,#2446,#2447));
#5063=EDGE_LOOP('',(#2448,#2449,#2450,#2451));
#5064=EDGE_LOOP('',(#2452,#2453,#2454,#2455,#2456));
#5065=EDGE_LOOP('',(#2457,#2458,#2459,#2460,#2461,#2462));
#5066=EDGE_LOOP('',(#2463,#2464,#2465,#2466));
#5067=EDGE_LOOP('',(#2467,#2468,#2469,#2470,#2471,#2472));
#5068=EDGE_LOOP('',(#2473,#2474,#2475,#2476,#2477));
#5069=EDGE_LOOP('',(#2478,#2479,#2480,#2481));
#5070=EDGE_LOOP('',(#2482,#2483,#2484,#2485,#2486,#2487));
#5071=EDGE_LOOP('',(#2488,#2489,#2490,#2491));
#5072=EDGE_LOOP('',(#2492,#2493,#2494,#2495,#2496,#2497));
#5073=EDGE_LOOP('',(#2498,#2499,#2500,#2501));
#5074=EDGE_LOOP('',(#2502,#2503,#2504,#2505,#2506,#2507));
#5075=EDGE_LOOP('',(#2508,#2509,#2510,#2511));
#5076=EDGE_LOOP('',(#2512,#2513,#2514,#2515,#2516,#2517));
#5077=EDGE_LOOP('',(#2518,#2519,#2520,#2521));
#5078=EDGE_LOOP('',(#2522,#2523,#2524,#2525,#2526,#2527));
#5079=EDGE_LOOP('',(#2528,#2529,#2530,#2531));
#5080=EDGE_LOOP('',(#2532,#2533,#2534,#2535));
#5081=EDGE_LOOP('',(#2536,#2537,#2538,#2539,#2540,#2541));
#5082=EDGE_LOOP('',(#2542,#2543,#2544,#2545));
#5083=EDGE_LOOP('',(#2546,#2547,#2548,#2549,#2550,#2551));
#5084=EDGE_LOOP('',(#2552,#2553,#2554,#2555,#2556,#2557));
#5085=EDGE_LOOP('',(#2558,#2559,#2560,#2561));
#5086=EDGE_LOOP('',(#2562,#2563,#2564,#2565,#2566,#2567));
#5087=EDGE_LOOP('',(#2568,#2569,#2570,#2571));
#5088=EDGE_LOOP('',(#2572,#2573,#2574,#2575));
#5089=EDGE_LOOP('',(#2576,#2577,#2578,#2579));
#5090=EDGE_LOOP('',(#2580,#2581,#2582,#2583));
#5091=EDGE_LOOP('',(#2584,#2585,#2586,#2587));
#5092=EDGE_LOOP('',(#2588,#2589,#2590,#2591));
#5093=EDGE_LOOP('',(#2592,#2593,#2594,#2595));
#5094=EDGE_LOOP('',(#2596,#2597,#2598,#2599));
#5095=EDGE_LOOP('',(#2600,#2601,#2602,#2603));
#5096=EDGE_LOOP('',(#2604,#2605,#2606,#2607));
#5097=EDGE_LOOP('',(#2608,#2609,#2610,#2611));
#5098=EDGE_LOOP('',(#2612,#2613,#2614,#2615));
#5099=EDGE_LOOP('',(#2616,#2617,#2618,#2619));
#5100=EDGE_LOOP('',(#2620,#2621,#2622,#2623,#2624,#2625));
#5101=EDGE_LOOP('',(#2626,#2627,#2628,#2629));
#5102=EDGE_LOOP('',(#2630,#2631,#2632,#2633,#2634,#2635));
#5103=EDGE_LOOP('',(#2636,#2637,#2638,#2639));
#5104=EDGE_LOOP('',(#2640,#2641,#2642,#2643));
#5105=EDGE_LOOP('',(#2644,#2645,#2646,#2647));
#5106=EDGE_LOOP('',(#2648,#2649,#2650,#2651));
#5107=EDGE_LOOP('',(#2652,#2653,#2654,#2655));
#5108=EDGE_LOOP('',(#2656,#2657,#2658,#2659));
#5109=EDGE_LOOP('',(#2660,#2661,#2662,#2663));
#5110=EDGE_LOOP('',(#2664,#2665,#2666,#2667));
#5111=EDGE_LOOP('',(#2668,#2669,#2670,#2671));
#5112=EDGE_LOOP('',(#2672,#2673,#2674,#2675));
#5113=EDGE_LOOP('',(#2676,#2677,#2678,#2679));
#5114=EDGE_LOOP('',(#2680,#2681,#2682,#2683));
#5115=EDGE_LOOP('',(#2684,#2685,#2686,#2687));
#5116=EDGE_LOOP('',(#2688,#2689,#2690,#2691));
#5117=EDGE_LOOP('',(#2692,#2693,#2694,#2695));
#5118=EDGE_LOOP('',(#2696,#2697,#2698,#2699));
#5119=EDGE_LOOP('',(#2700,#2701,#2702,#2703));
#5120=EDGE_LOOP('',(#2704,#2705,#2706,#2707));
#5121=EDGE_LOOP('',(#2708,#2709,#2710,#2711));
#5122=EDGE_LOOP('',(#2712,#2713,#2714,#2715));
#5123=EDGE_LOOP('',(#2716,#2717,#2718,#2719));
#5124=EDGE_LOOP('',(#2720,#2721,#2722,#2723));
#5125=EDGE_LOOP('',(#2724,#2725,#2726,#2727));
#5126=EDGE_LOOP('',(#2728,#2729,#2730,#2731));
#5127=EDGE_LOOP('',(#2732,#2733,#2734,#2735,#2736,#2737,#2738,#2739));
#5128=EDGE_LOOP('',(#2740,#2741,#2742,#2743));
#5129=EDGE_LOOP('',(#2744,#2745,#2746,#2747,#2748,#2749,#2750,#2751));
#5130=EDGE_LOOP('',(#2752,#2753,#2754,#2755));
#5131=EDGE_LOOP('',(#2756,#2757,#2758,#2759));
#5132=EDGE_LOOP('',(#2760,#2761,#2762,#2763));
#5133=EDGE_LOOP('',(#2764,#2765,#2766,#2767));
#5134=EDGE_LOOP('',(#2768,#2769,#2770,#2771));
#5135=EDGE_LOOP('',(#2772,#2773,#2774,#2775));
#5136=EDGE_LOOP('',(#2776,#2777,#2778,#2779));
#5137=EDGE_LOOP('',(#2780,#2781,#2782,#2783));
#5138=EDGE_LOOP('',(#2784,#2785,#2786,#2787,#2788,#2789));
#5139=EDGE_LOOP('',(#2790,#2791,#2792,#2793));
#5140=EDGE_LOOP('',(#2794,#2795,#2796,#2797));
#5141=EDGE_LOOP('',(#2798,#2799,#2800,#2801));
#5142=EDGE_LOOP('',(#2802,#2803,#2804,#2805));
#5143=EDGE_LOOP('',(#2806,#2807,#2808,#2809,#2810,#2811,#2812,#2813,#2814,
#2815));
#5144=EDGE_LOOP('',(#2816,#2817,#2818,#2819));
#5145=EDGE_LOOP('',(#2820,#2821,#2822,#2823,#2824,#2825,#2826));
#5146=EDGE_LOOP('',(#2827,#2828,#2829,#2830));
#5147=EDGE_LOOP('',(#2831,#2832,#2833,#2834,#2835,#2836,#2837));
#5148=EDGE_LOOP('',(#2838,#2839,#2840,#2841));
#5149=EDGE_LOOP('',(#2842,#2843,#2844,#2845));
#5150=EDGE_LOOP('',(#2846,#2847,#2848,#2849));
#5151=EDGE_LOOP('',(#2850,#2851,#2852,#2853));
#5152=EDGE_LOOP('',(#2854,#2855,#2856,#2857));
#5153=EDGE_LOOP('',(#2858,#2859,#2860,#2861));
#5154=EDGE_LOOP('',(#2862,#2863,#2864,#2865));
#5155=EDGE_LOOP('',(#2866,#2867,#2868,#2869));
#5156=EDGE_LOOP('',(#2870,#2871,#2872,#2873));
#5157=EDGE_LOOP('',(#2874,#2875,#2876,#2877));
#5158=EDGE_LOOP('',(#2878,#2879,#2880,#2881));
#5159=EDGE_LOOP('',(#2882,#2883,#2884,#2885));
#5160=EDGE_LOOP('',(#2886,#2887,#2888,#2889));
#5161=EDGE_LOOP('',(#2890,#2891,#2892,#2893));
#5162=EDGE_LOOP('',(#2894,#2895,#2896,#2897));
#5163=EDGE_LOOP('',(#2898,#2899,#2900,#2901));
#5164=EDGE_LOOP('',(#2902,#2903,#2904,#2905));
#5165=EDGE_LOOP('',(#2906,#2907,#2908,#2909,#2910));
#5166=EDGE_LOOP('',(#2911,#2912,#2913,#2914,#2915));
#5167=EDGE_LOOP('',(#2916,#2917,#2918,#2919));
#5168=EDGE_LOOP('',(#2920,#2921,#2922,#2923));
#5169=EDGE_LOOP('',(#2924,#2925,#2926,#2927));
#5170=EDGE_LOOP('',(#2928,#2929,#2930,#2931));
#5171=EDGE_LOOP('',(#2932,#2933,#2934,#2935));
#5172=EDGE_LOOP('',(#2936,#2937,#2938,#2939));
#5173=EDGE_LOOP('',(#2940,#2941,#2942,#2943));
#5174=EDGE_LOOP('',(#2944,#2945,#2946,#2947));
#5175=EDGE_LOOP('',(#2948,#2949,#2950,#2951,#2952));
#5176=EDGE_LOOP('',(#2953,#2954,#2955,#2956));
#5177=EDGE_LOOP('',(#2957,#2958,#2959,#2960));
#5178=EDGE_LOOP('',(#2961,#2962,#2963,#2964));
#5179=EDGE_LOOP('',(#2965,#2966,#2967,#2968));
#5180=EDGE_LOOP('',(#2969,#2970,#2971,#2972));
#5181=EDGE_LOOP('',(#2973,#2974,#2975,#2976));
#5182=EDGE_LOOP('',(#2977,#2978,#2979,#2980));
#5183=EDGE_LOOP('',(#2981,#2982,#2983,#2984));
#5184=EDGE_LOOP('',(#2985,#2986,#2987,#2988));
#5185=EDGE_LOOP('',(#2989,#2990,#2991,#2992));
#5186=EDGE_LOOP('',(#2993,#2994,#2995,#2996));
#5187=EDGE_LOOP('',(#2997,#2998,#2999,#3000));
#5188=EDGE_LOOP('',(#3001,#3002,#3003,#3004));
#5189=EDGE_LOOP('',(#3005,#3006,#3007,#3008));
#5190=EDGE_LOOP('',(#3009,#3010,#3011,#3012));
#5191=EDGE_LOOP('',(#3013,#3014,#3015,#3016));
#5192=EDGE_LOOP('',(#3017,#3018,#3019,#3020));
#5193=EDGE_LOOP('',(#3021,#3022,#3023,#3024));
#5194=EDGE_LOOP('',(#3025,#3026,#3027,#3028));
#5195=EDGE_LOOP('',(#3029,#3030,#3031,#3032));
#5196=EDGE_LOOP('',(#3033,#3034,#3035,#3036));
#5197=EDGE_LOOP('',(#3037,#3038,#3039,#3040));
#5198=EDGE_LOOP('',(#3041,#3042,#3043,#3044));
#5199=EDGE_LOOP('',(#3045,#3046,#3047,#3048));
#5200=EDGE_LOOP('',(#3049,#3050,#3051,#3052));
#5201=EDGE_LOOP('',(#3053,#3054,#3055,#3056));
#5202=EDGE_LOOP('',(#3057,#3058,#3059,#3060));
#5203=EDGE_LOOP('',(#3061,#3062,#3063,#3064));
#5204=EDGE_LOOP('',(#3065,#3066,#3067,#3068));
#5205=EDGE_LOOP('',(#3069,#3070,#3071,#3072));
#5206=EDGE_LOOP('',(#3073,#3074,#3075,#3076));
#5207=EDGE_LOOP('',(#3077,#3078,#3079,#3080));
#5208=EDGE_LOOP('',(#3081,#3082,#3083,#3084));
#5209=EDGE_LOOP('',(#3085,#3086,#3087,#3088));
#5210=EDGE_LOOP('',(#3089,#3090,#3091,#3092));
#5211=EDGE_LOOP('',(#3093,#3094,#3095,#3096));
#5212=EDGE_LOOP('',(#3097,#3098,#3099,#3100));
#5213=EDGE_LOOP('',(#3101,#3102,#3103,#3104));
#5214=EDGE_LOOP('',(#3105,#3106,#3107,#3108));
#5215=EDGE_LOOP('',(#3109,#3110,#3111,#3112));
#5216=EDGE_LOOP('',(#3113,#3114,#3115,#3116));
#5217=EDGE_LOOP('',(#3117,#3118,#3119,#3120));
#5218=EDGE_LOOP('',(#3121,#3122,#3123,#3124));
#5219=EDGE_LOOP('',(#3125,#3126,#3127,#3128));
#5220=EDGE_LOOP('',(#3129,#3130,#3131,#3132));
#5221=EDGE_LOOP('',(#3133,#3134,#3135,#3136));
#5222=EDGE_LOOP('',(#3137,#3138,#3139,#3140));
#5223=EDGE_LOOP('',(#3141,#3142,#3143,#3144));
#5224=EDGE_LOOP('',(#3145,#3146,#3147,#3148));
#5225=EDGE_LOOP('',(#3149,#3150,#3151,#3152));
#5226=EDGE_LOOP('',(#3153,#3154,#3155,#3156));
#5227=EDGE_LOOP('',(#3157,#3158,#3159,#3160));
#5228=EDGE_LOOP('',(#3161,#3162,#3163,#3164));
#5229=EDGE_LOOP('',(#3165,#3166,#3167,#3168));
#5230=EDGE_LOOP('',(#3169,#3170,#3171,#3172));
#5231=EDGE_LOOP('',(#3173,#3174,#3175,#3176));
#5232=EDGE_LOOP('',(#3177,#3178,#3179,#3180));
#5233=EDGE_LOOP('',(#3181,#3182,#3183,#3184));
#5234=EDGE_LOOP('',(#3185,#3186,#3187,#3188));
#5235=EDGE_LOOP('',(#3189,#3190,#3191,#3192));
#5236=EDGE_LOOP('',(#3193,#3194,#3195,#3196));
#5237=EDGE_LOOP('',(#3197,#3198,#3199,#3200));
#5238=EDGE_LOOP('',(#3201,#3202,#3203,#3204));
#5239=EDGE_LOOP('',(#3205,#3206,#3207,#3208));
#5240=EDGE_LOOP('',(#3209,#3210,#3211,#3212));
#5241=EDGE_LOOP('',(#3213,#3214,#3215,#3216));
#5242=EDGE_LOOP('',(#3217,#3218,#3219,#3220));
#5243=EDGE_LOOP('',(#3221,#3222,#3223,#3224));
#5244=EDGE_LOOP('',(#3225,#3226,#3227,#3228));
#5245=EDGE_LOOP('',(#3229,#3230,#3231,#3232));
#5246=EDGE_LOOP('',(#3233,#3234,#3235,#3236));
#5247=EDGE_LOOP('',(#3237,#3238,#3239,#3240));
#5248=EDGE_LOOP('',(#3241,#3242,#3243,#3244));
#5249=EDGE_LOOP('',(#3245,#3246,#3247,#3248));
#5250=EDGE_LOOP('',(#3249,#3250,#3251,#3252));
#5251=EDGE_LOOP('',(#3253,#3254,#3255,#3256));
#5252=EDGE_LOOP('',(#3257,#3258,#3259,#3260));
#5253=EDGE_LOOP('',(#3261,#3262,#3263,#3264));
#5254=EDGE_LOOP('',(#3265,#3266,#3267,#3268));
#5255=EDGE_LOOP('',(#3269,#3270,#3271,#3272));
#5256=EDGE_LOOP('',(#3273,#3274,#3275,#3276));
#5257=EDGE_LOOP('',(#3277,#3278,#3279,#3280));
#5258=EDGE_LOOP('',(#3281,#3282,#3283,#3284));
#5259=EDGE_LOOP('',(#3285,#3286,#3287,#3288));
#5260=EDGE_LOOP('',(#3289,#3290,#3291,#3292));
#5261=EDGE_LOOP('',(#3293,#3294,#3295,#3296));
#5262=EDGE_LOOP('',(#3297,#3298,#3299,#3300));
#5263=EDGE_LOOP('',(#3301,#3302,#3303,#3304));
#5264=EDGE_LOOP('',(#3305,#3306,#3307,#3308));
#5265=EDGE_LOOP('',(#3309,#3310,#3311,#3312));
#5266=EDGE_LOOP('',(#3313,#3314,#3315,#3316));
#5267=EDGE_LOOP('',(#3317,#3318,#3319,#3320));
#5268=EDGE_LOOP('',(#3321,#3322,#3323,#3324));
#5269=EDGE_LOOP('',(#3325,#3326,#3327,#3328));
#5270=EDGE_LOOP('',(#3329,#3330,#3331,#3332));
#5271=EDGE_LOOP('',(#3333,#3334,#3335,#3336));
#5272=EDGE_LOOP('',(#3337,#3338,#3339,#3340));
#5273=EDGE_LOOP('',(#3341,#3342,#3343,#3344));
#5274=EDGE_LOOP('',(#3345,#3346,#3347,#3348));
#5275=EDGE_LOOP('',(#3349,#3350,#3351,#3352));
#5276=EDGE_LOOP('',(#3353,#3354,#3355,#3356));
#5277=EDGE_LOOP('',(#3357,#3358,#3359,#3360));
#5278=EDGE_LOOP('',(#3361,#3362,#3363,#3364));
#5279=EDGE_LOOP('',(#3365,#3366,#3367,#3368));
#5280=EDGE_LOOP('',(#3369,#3370,#3371,#3372));
#5281=EDGE_LOOP('',(#3373,#3374,#3375,#3376));
#5282=EDGE_LOOP('',(#3377,#3378,#3379,#3380));
#5283=EDGE_LOOP('',(#3381,#3382,#3383,#3384));
#5284=EDGE_LOOP('',(#3385,#3386,#3387,#3388));
#5285=EDGE_LOOP('',(#3389,#3390,#3391,#3392));
#5286=EDGE_LOOP('',(#3393,#3394,#3395,#3396));
#5287=EDGE_LOOP('',(#3397,#3398,#3399,#3400));
#5288=EDGE_LOOP('',(#3401,#3402,#3403,#3404));
#5289=EDGE_LOOP('',(#3405,#3406,#3407,#3408));
#5290=EDGE_LOOP('',(#3409,#3410,#3411,#3412));
#5291=EDGE_LOOP('',(#3413,#3414,#3415,#3416));
#5292=EDGE_LOOP('',(#3417,#3418,#3419,#3420));
#5293=EDGE_LOOP('',(#3421,#3422,#3423,#3424));
#5294=EDGE_LOOP('',(#3425,#3426,#3427,#3428));
#5295=EDGE_LOOP('',(#3429,#3430,#3431,#3432));
#5296=EDGE_LOOP('',(#3433,#3434,#3435,#3436));
#5297=EDGE_LOOP('',(#3437,#3438,#3439,#3440));
#5298=EDGE_LOOP('',(#3441,#3442,#3443,#3444));
#5299=EDGE_LOOP('',(#3445,#3446,#3447,#3448));
#5300=EDGE_LOOP('',(#3449,#3450,#3451,#3452));
#5301=EDGE_LOOP('',(#3453,#3454,#3455,#3456));
#5302=EDGE_LOOP('',(#3457,#3458,#3459,#3460));
#5303=EDGE_LOOP('',(#3461));
#5304=EDGE_LOOP('',(#3462));
#5305=EDGE_LOOP('',(#3463));
#5306=EDGE_LOOP('',(#3464));
#5307=EDGE_LOOP('',(#3465,#3466,#3467,#3468));
#5308=EDGE_LOOP('',(#3469,#3470,#3471,#3472));
#5309=EDGE_LOOP('',(#3473,#3474,#3475,#3476));
#5310=EDGE_LOOP('',(#3477));
#5311=EDGE_LOOP('',(#3478,#3479,#3480,#3481));
#5312=EDGE_LOOP('',(#3482,#3483,#3484,#3485));
#5313=EDGE_LOOP('',(#3486,#3487,#3488,#3489));
#5314=EDGE_LOOP('',(#3490));
#5315=EDGE_LOOP('',(#3491));
#5316=EDGE_LOOP('',(#3492));
#5317=EDGE_LOOP('',(#3493));
#5318=EDGE_LOOP('',(#3494));
#5319=EDGE_LOOP('',(#3495));
#5320=EDGE_LOOP('',(#3496));
#5321=EDGE_LOOP('',(#3497,#3498,#3499,#3500));
#5322=EDGE_LOOP('',(#3501,#3502,#3503,#3504));
#5323=EDGE_LOOP('',(#3505,#3506,#3507,#3508));
#5324=EDGE_LOOP('',(#3509,#3510,#3511,#3512));
#5325=EDGE_LOOP('',(#3513,#3514,#3515,#3516));
#5326=EDGE_LOOP('',(#3517,#3518,#3519,#3520));
#5327=EDGE_LOOP('',(#3521,#3522,#3523,#3524));
#5328=EDGE_LOOP('',(#3525,#3526,#3527,#3528));
#5329=EDGE_LOOP('',(#3529,#3530,#3531,#3532));
#5330=EDGE_LOOP('',(#3533,#3534,#3535,#3536));
#5331=EDGE_LOOP('',(#3537));
#5332=EDGE_LOOP('',(#3538,#3539,#3540,#3541));
#5333=EDGE_LOOP('',(#3542));
#5334=EDGE_LOOP('',(#3543,#3544,#3545,#3546));
#5335=EDGE_LOOP('',(#3547));
#5336=EDGE_LOOP('',(#3548));
#5337=EDGE_LOOP('',(#3549,#3550,#3551,#3552));
#5338=EDGE_LOOP('',(#3553,#3554,#3555,#3556));
#5339=EDGE_LOOP('',(#3557,#3558,#3559,#3560));
#5340=EDGE_LOOP('',(#3561,#3562,#3563,#3564));
#5341=EDGE_LOOP('',(#3565,#3566,#3567,#3568));
#5342=EDGE_LOOP('',(#3569,#3570,#3571,#3572));
#5343=EDGE_LOOP('',(#3573));
#5344=EDGE_LOOP('',(#3574));
#5345=EDGE_LOOP('',(#3575,#3576,#3577,#3578));
#5346=EDGE_LOOP('',(#3579,#3580,#3581,#3582));
#5347=EDGE_LOOP('',(#3583,#3584,#3585,#3586));
#5348=EDGE_LOOP('',(#3587,#3588,#3589,#3590));
#5349=EDGE_LOOP('',(#3591));
#5350=EDGE_LOOP('',(#3592,#3593,#3594,#3595));
#5351=EDGE_LOOP('',(#3596,#3597,#3598,#3599));
#5352=EDGE_LOOP('',(#3600));
#5353=EDGE_LOOP('',(#3601));
#5354=EDGE_LOOP('',(#3602));
#5355=EDGE_LOOP('',(#3603));
#5356=EDGE_LOOP('',(#3604));
#5357=EDGE_LOOP('',(#3605,#3606,#3607,#3608));
#5358=EDGE_LOOP('',(#3609,#3610,#3611,#3612));
#5359=EDGE_LOOP('',(#3613,#3614,#3615,#3616));
#5360=EDGE_LOOP('',(#3617,#3618,#3619,#3620));
#5361=EDGE_LOOP('',(#3621,#3622,#3623,#3624));
#5362=EDGE_LOOP('',(#3625,#3626,#3627,#3628));
#5363=EDGE_LOOP('',(#3629,#3630,#3631,#3632));
#5364=EDGE_LOOP('',(#3633,#3634,#3635,#3636));
#5365=EDGE_LOOP('',(#3637,#3638,#3639,#3640));
#5366=EDGE_LOOP('',(#3641,#3642,#3643,#3644));
#5367=EDGE_LOOP('',(#3645));
#5368=EDGE_LOOP('',(#3646));
#5369=EDGE_LOOP('',(#3647,#3648,#3649,#3650));
#5370=EDGE_LOOP('',(#3651,#3652,#3653,#3654));
#5371=EDGE_LOOP('',(#3655));
#5372=EDGE_LOOP('',(#3656));
#5373=EDGE_LOOP('',(#3657));
#5374=EDGE_LOOP('',(#3658));
#5375=EDGE_LOOP('',(#3659));
#5376=EDGE_LOOP('',(#3660));
#5377=FACE_BOUND('',#4994,.T.);
#5378=FACE_BOUND('',#4995,.T.);
#5379=FACE_BOUND('',#4996,.T.);
#5380=FACE_BOUND('',#4997,.T.);
#5381=FACE_BOUND('',#4998,.T.);
#5382=FACE_BOUND('',#4999,.T.);
#5383=FACE_BOUND('',#5000,.T.);
#5384=FACE_BOUND('',#5001,.T.);
#5385=FACE_BOUND('',#5002,.T.);
#5386=FACE_BOUND('',#5003,.T.);
#5387=FACE_BOUND('',#5004,.T.);
#5388=FACE_BOUND('',#5005,.T.);
#5389=FACE_BOUND('',#5006,.T.);
#5390=FACE_BOUND('',#5007,.T.);
#5391=FACE_BOUND('',#5008,.T.);
#5392=FACE_BOUND('',#5009,.T.);
#5393=FACE_BOUND('',#5010,.T.);
#5394=FACE_BOUND('',#5011,.T.);
#5395=FACE_BOUND('',#5012,.T.);
#5396=FACE_BOUND('',#5013,.T.);
#5397=FACE_BOUND('',#5014,.T.);
#5398=FACE_BOUND('',#5015,.T.);
#5399=FACE_BOUND('',#5016,.T.);
#5400=FACE_BOUND('',#5017,.T.);
#5401=FACE_BOUND('',#5018,.T.);
#5402=FACE_BOUND('',#5019,.T.);
#5403=FACE_BOUND('',#5020,.T.);
#5404=FACE_BOUND('',#5021,.T.);
#5405=FACE_BOUND('',#5022,.T.);
#5406=FACE_BOUND('',#5023,.T.);
#5407=FACE_BOUND('',#5024,.T.);
#5408=FACE_BOUND('',#5025,.T.);
#5409=FACE_BOUND('',#5026,.T.);
#5410=FACE_BOUND('',#5027,.T.);
#5411=FACE_BOUND('',#5028,.T.);
#5412=FACE_BOUND('',#5029,.T.);
#5413=FACE_BOUND('',#5030,.T.);
#5414=FACE_BOUND('',#5031,.T.);
#5415=FACE_BOUND('',#5032,.T.);
#5416=FACE_BOUND('',#5033,.T.);
#5417=FACE_BOUND('',#5034,.T.);
#5418=FACE_BOUND('',#5035,.T.);
#5419=FACE_BOUND('',#5036,.T.);
#5420=FACE_BOUND('',#5037,.T.);
#5421=FACE_BOUND('',#5038,.T.);
#5422=FACE_BOUND('',#5039,.T.);
#5423=FACE_BOUND('',#5040,.T.);
#5424=FACE_BOUND('',#5041,.T.);
#5425=FACE_BOUND('',#5042,.T.);
#5426=FACE_BOUND('',#5043,.T.);
#5427=FACE_BOUND('',#5044,.T.);
#5428=FACE_BOUND('',#5045,.T.);
#5429=FACE_BOUND('',#5046,.T.);
#5430=FACE_BOUND('',#5047,.T.);
#5431=FACE_BOUND('',#5048,.T.);
#5432=FACE_BOUND('',#5049,.T.);
#5433=FACE_BOUND('',#5050,.T.);
#5434=FACE_BOUND('',#5051,.T.);
#5435=FACE_BOUND('',#5052,.T.);
#5436=FACE_BOUND('',#5053,.T.);
#5437=FACE_BOUND('',#5054,.T.);
#5438=FACE_BOUND('',#5055,.T.);
#5439=FACE_BOUND('',#5056,.T.);
#5440=FACE_BOUND('',#5057,.T.);
#5441=FACE_BOUND('',#5058,.T.);
#5442=FACE_BOUND('',#5059,.T.);
#5443=FACE_BOUND('',#5060,.T.);
#5444=FACE_BOUND('',#5061,.T.);
#5445=FACE_BOUND('',#5062,.T.);
#5446=FACE_BOUND('',#5063,.T.);
#5447=FACE_BOUND('',#5064,.T.);
#5448=FACE_BOUND('',#5065,.T.);
#5449=FACE_BOUND('',#5066,.T.);
#5450=FACE_BOUND('',#5067,.T.);
#5451=FACE_BOUND('',#5068,.T.);
#5452=FACE_BOUND('',#5069,.T.);
#5453=FACE_BOUND('',#5070,.T.);
#5454=FACE_BOUND('',#5071,.T.);
#5455=FACE_BOUND('',#5072,.T.);
#5456=FACE_BOUND('',#5073,.T.);
#5457=FACE_BOUND('',#5074,.T.);
#5458=FACE_BOUND('',#5075,.T.);
#5459=FACE_BOUND('',#5076,.T.);
#5460=FACE_BOUND('',#5077,.T.);
#5461=FACE_BOUND('',#5078,.T.);
#5462=FACE_BOUND('',#5079,.T.);
#5463=FACE_BOUND('',#5080,.T.);
#5464=FACE_BOUND('',#5081,.T.);
#5465=FACE_BOUND('',#5082,.T.);
#5466=FACE_BOUND('',#5083,.T.);
#5467=FACE_BOUND('',#5084,.T.);
#5468=FACE_BOUND('',#5085,.T.);
#5469=FACE_BOUND('',#5086,.T.);
#5470=FACE_BOUND('',#5087,.T.);
#5471=FACE_BOUND('',#5088,.T.);
#5472=FACE_BOUND('',#5089,.T.);
#5473=FACE_BOUND('',#5090,.T.);
#5474=FACE_BOUND('',#5091,.T.);
#5475=FACE_BOUND('',#5092,.T.);
#5476=FACE_BOUND('',#5093,.T.);
#5477=FACE_BOUND('',#5094,.T.);
#5478=FACE_BOUND('',#5095,.T.);
#5479=FACE_BOUND('',#5096,.T.);
#5480=FACE_BOUND('',#5097,.T.);
#5481=FACE_BOUND('',#5098,.T.);
#5482=FACE_BOUND('',#5099,.T.);
#5483=FACE_BOUND('',#5100,.T.);
#5484=FACE_BOUND('',#5101,.T.);
#5485=FACE_BOUND('',#5102,.T.);
#5486=FACE_BOUND('',#5103,.T.);
#5487=FACE_BOUND('',#5104,.T.);
#5488=FACE_BOUND('',#5105,.T.);
#5489=FACE_BOUND('',#5106,.T.);
#5490=FACE_BOUND('',#5107,.T.);
#5491=FACE_BOUND('',#5108,.T.);
#5492=FACE_BOUND('',#5109,.T.);
#5493=FACE_BOUND('',#5110,.T.);
#5494=FACE_BOUND('',#5111,.T.);
#5495=FACE_BOUND('',#5112,.T.);
#5496=FACE_BOUND('',#5113,.T.);
#5497=FACE_BOUND('',#5114,.T.);
#5498=FACE_BOUND('',#5115,.T.);
#5499=FACE_BOUND('',#5116,.T.);
#5500=FACE_BOUND('',#5117,.T.);
#5501=FACE_BOUND('',#5118,.T.);
#5502=FACE_BOUND('',#5119,.T.);
#5503=FACE_BOUND('',#5120,.T.);
#5504=FACE_BOUND('',#5121,.T.);
#5505=FACE_BOUND('',#5122,.T.);
#5506=FACE_BOUND('',#5123,.T.);
#5507=FACE_BOUND('',#5124,.T.);
#5508=FACE_BOUND('',#5125,.T.);
#5509=FACE_BOUND('',#5126,.T.);
#5510=FACE_BOUND('',#5127,.T.);
#5511=FACE_BOUND('',#5128,.T.);
#5512=FACE_BOUND('',#5129,.T.);
#5513=FACE_BOUND('',#5130,.T.);
#5514=FACE_BOUND('',#5131,.T.);
#5515=FACE_BOUND('',#5132,.T.);
#5516=FACE_BOUND('',#5133,.T.);
#5517=FACE_BOUND('',#5134,.T.);
#5518=FACE_BOUND('',#5135,.T.);
#5519=FACE_BOUND('',#5136,.T.);
#5520=FACE_BOUND('',#5137,.T.);
#5521=FACE_BOUND('',#5138,.T.);
#5522=FACE_BOUND('',#5139,.T.);
#5523=FACE_BOUND('',#5140,.T.);
#5524=FACE_BOUND('',#5141,.T.);
#5525=FACE_BOUND('',#5142,.T.);
#5526=FACE_BOUND('',#5143,.T.);
#5527=FACE_BOUND('',#5144,.T.);
#5528=FACE_BOUND('',#5145,.T.);
#5529=FACE_BOUND('',#5146,.T.);
#5530=FACE_BOUND('',#5147,.T.);
#5531=FACE_BOUND('',#5148,.T.);
#5532=FACE_BOUND('',#5149,.T.);
#5533=FACE_BOUND('',#5150,.T.);
#5534=FACE_BOUND('',#5151,.T.);
#5535=FACE_BOUND('',#5152,.T.);
#5536=FACE_BOUND('',#5153,.T.);
#5537=FACE_BOUND('',#5154,.T.);
#5538=FACE_BOUND('',#5155,.T.);
#5539=FACE_BOUND('',#5156,.T.);
#5540=FACE_BOUND('',#5157,.T.);
#5541=FACE_BOUND('',#5158,.T.);
#5542=FACE_BOUND('',#5159,.T.);
#5543=FACE_BOUND('',#5160,.T.);
#5544=FACE_BOUND('',#5161,.T.);
#5545=FACE_BOUND('',#5162,.T.);
#5546=FACE_BOUND('',#5163,.T.);
#5547=FACE_BOUND('',#5164,.T.);
#5548=FACE_BOUND('',#5165,.T.);
#5549=FACE_BOUND('',#5166,.T.);
#5550=FACE_BOUND('',#5167,.T.);
#5551=FACE_BOUND('',#5168,.T.);
#5552=FACE_BOUND('',#5169,.T.);
#5553=FACE_BOUND('',#5170,.T.);
#5554=FACE_BOUND('',#5171,.T.);
#5555=FACE_BOUND('',#5172,.T.);
#5556=FACE_BOUND('',#5173,.T.);
#5557=FACE_BOUND('',#5174,.T.);
#5558=FACE_BOUND('',#5175,.T.);
#5559=FACE_BOUND('',#5176,.T.);
#5560=FACE_BOUND('',#5177,.T.);
#5561=FACE_BOUND('',#5178,.T.);
#5562=FACE_BOUND('',#5179,.T.);
#5563=FACE_BOUND('',#5180,.T.);
#5564=FACE_BOUND('',#5181,.T.);
#5565=FACE_BOUND('',#5182,.T.);
#5566=FACE_BOUND('',#5183,.T.);
#5567=FACE_BOUND('',#5184,.T.);
#5568=FACE_BOUND('',#5185,.T.);
#5569=FACE_BOUND('',#5186,.T.);
#5570=FACE_BOUND('',#5187,.T.);
#5571=FACE_BOUND('',#5188,.T.);
#5572=FACE_BOUND('',#5189,.T.);
#5573=FACE_BOUND('',#5190,.T.);
#5574=FACE_BOUND('',#5191,.T.);
#5575=FACE_BOUND('',#5192,.T.);
#5576=FACE_BOUND('',#5193,.T.);
#5577=FACE_BOUND('',#5194,.T.);
#5578=FACE_BOUND('',#5195,.T.);
#5579=FACE_BOUND('',#5196,.T.);
#5580=FACE_BOUND('',#5197,.T.);
#5581=FACE_BOUND('',#5198,.T.);
#5582=FACE_BOUND('',#5199,.T.);
#5583=FACE_BOUND('',#5200,.T.);
#5584=FACE_BOUND('',#5201,.T.);
#5585=FACE_BOUND('',#5202,.T.);
#5586=FACE_BOUND('',#5203,.T.);
#5587=FACE_BOUND('',#5204,.T.);
#5588=FACE_BOUND('',#5205,.T.);
#5589=FACE_BOUND('',#5206,.T.);
#5590=FACE_BOUND('',#5207,.T.);
#5591=FACE_BOUND('',#5208,.T.);
#5592=FACE_BOUND('',#5209,.T.);
#5593=FACE_BOUND('',#5210,.T.);
#5594=FACE_BOUND('',#5211,.T.);
#5595=FACE_BOUND('',#5212,.T.);
#5596=FACE_BOUND('',#5213,.T.);
#5597=FACE_BOUND('',#5214,.T.);
#5598=FACE_BOUND('',#5215,.T.);
#5599=FACE_BOUND('',#5216,.T.);
#5600=FACE_BOUND('',#5217,.T.);
#5601=FACE_BOUND('',#5218,.T.);
#5602=FACE_BOUND('',#5219,.T.);
#5603=FACE_BOUND('',#5220,.T.);
#5604=FACE_BOUND('',#5221,.T.);
#5605=FACE_BOUND('',#5222,.T.);
#5606=FACE_BOUND('',#5223,.T.);
#5607=FACE_BOUND('',#5224,.T.);
#5608=FACE_BOUND('',#5225,.T.);
#5609=FACE_BOUND('',#5226,.T.);
#5610=FACE_BOUND('',#5227,.T.);
#5611=FACE_BOUND('',#5228,.T.);
#5612=FACE_BOUND('',#5229,.T.);
#5613=FACE_BOUND('',#5230,.T.);
#5614=FACE_BOUND('',#5231,.T.);
#5615=FACE_BOUND('',#5232,.T.);
#5616=FACE_BOUND('',#5233,.T.);
#5617=FACE_BOUND('',#5234,.T.);
#5618=FACE_BOUND('',#5235,.T.);
#5619=FACE_BOUND('',#5236,.T.);
#5620=FACE_BOUND('',#5237,.T.);
#5621=FACE_BOUND('',#5238,.T.);
#5622=FACE_BOUND('',#5239,.T.);
#5623=FACE_BOUND('',#5240,.T.);
#5624=FACE_BOUND('',#5241,.T.);
#5625=FACE_BOUND('',#5242,.T.);
#5626=FACE_BOUND('',#5243,.T.);
#5627=FACE_BOUND('',#5244,.T.);
#5628=FACE_BOUND('',#5245,.T.);
#5629=FACE_BOUND('',#5246,.T.);
#5630=FACE_BOUND('',#5247,.T.);
#5631=FACE_BOUND('',#5248,.T.);
#5632=FACE_BOUND('',#5249,.T.);
#5633=FACE_BOUND('',#5250,.T.);
#5634=FACE_BOUND('',#5251,.T.);
#5635=FACE_BOUND('',#5252,.T.);
#5636=FACE_BOUND('',#5253,.T.);
#5637=FACE_BOUND('',#5254,.T.);
#5638=FACE_BOUND('',#5255,.T.);
#5639=FACE_BOUND('',#5256,.T.);
#5640=FACE_BOUND('',#5257,.T.);
#5641=FACE_BOUND('',#5258,.T.);
#5642=FACE_BOUND('',#5259,.T.);
#5643=FACE_BOUND('',#5260,.T.);
#5644=FACE_BOUND('',#5261,.T.);
#5645=FACE_BOUND('',#5262,.T.);
#5646=FACE_BOUND('',#5263,.T.);
#5647=FACE_BOUND('',#5264,.T.);
#5648=FACE_BOUND('',#5265,.T.);
#5649=FACE_BOUND('',#5266,.T.);
#5650=FACE_BOUND('',#5267,.T.);
#5651=FACE_BOUND('',#5268,.T.);
#5652=FACE_BOUND('',#5269,.T.);
#5653=FACE_BOUND('',#5270,.T.);
#5654=FACE_BOUND('',#5271,.T.);
#5655=FACE_BOUND('',#5272,.T.);
#5656=FACE_BOUND('',#5273,.T.);
#5657=FACE_BOUND('',#5274,.T.);
#5658=FACE_BOUND('',#5275,.T.);
#5659=FACE_BOUND('',#5276,.T.);
#5660=FACE_BOUND('',#5277,.T.);
#5661=FACE_BOUND('',#5278,.T.);
#5662=FACE_BOUND('',#5279,.T.);
#5663=FACE_BOUND('',#5280,.T.);
#5664=FACE_BOUND('',#5281,.T.);
#5665=FACE_BOUND('',#5282,.T.);
#5666=FACE_BOUND('',#5283,.T.);
#5667=FACE_BOUND('',#5284,.T.);
#5668=FACE_BOUND('',#5285,.T.);
#5669=FACE_BOUND('',#5286,.T.);
#5670=FACE_BOUND('',#5287,.T.);
#5671=FACE_BOUND('',#5288,.T.);
#5672=FACE_BOUND('',#5289,.T.);
#5673=FACE_BOUND('',#5290,.T.);
#5674=FACE_BOUND('',#5291,.T.);
#5675=FACE_BOUND('',#5292,.T.);
#5676=FACE_BOUND('',#5293,.T.);
#5677=FACE_BOUND('',#5294,.T.);
#5678=FACE_BOUND('',#5295,.T.);
#5679=FACE_BOUND('',#5296,.T.);
#5680=FACE_BOUND('',#5297,.T.);
#5681=FACE_BOUND('',#5298,.T.);
#5682=FACE_BOUND('',#5299,.T.);
#5683=FACE_BOUND('',#5300,.T.);
#5684=FACE_BOUND('',#5301,.T.);
#5685=FACE_BOUND('',#5302,.T.);
#5686=FACE_BOUND('',#5303,.T.);
#5687=FACE_BOUND('',#5304,.T.);
#5688=FACE_BOUND('',#5305,.T.);
#5689=FACE_BOUND('',#5306,.T.);
#5690=FACE_BOUND('',#5307,.T.);
#5691=FACE_BOUND('',#5308,.T.);
#5692=FACE_BOUND('',#5309,.T.);
#5693=FACE_BOUND('',#5310,.T.);
#5694=FACE_BOUND('',#5311,.T.);
#5695=FACE_BOUND('',#5312,.T.);
#5696=FACE_BOUND('',#5313,.T.);
#5697=FACE_BOUND('',#5314,.T.);
#5698=FACE_BOUND('',#5315,.T.);
#5699=FACE_BOUND('',#14,.T.);
#5700=FACE_BOUND('',#5316,.T.);
#5701=FACE_BOUND('',#5317,.T.);
#5702=FACE_BOUND('',#5318,.T.);
#5703=FACE_BOUND('',#5319,.T.);
#5704=FACE_BOUND('',#5320,.T.);
#5705=FACE_BOUND('',#5321,.T.);
#5706=FACE_BOUND('',#5322,.T.);
#5707=FACE_BOUND('',#5323,.T.);
#5708=FACE_BOUND('',#5324,.T.);
#5709=FACE_BOUND('',#5325,.T.);
#5710=FACE_BOUND('',#5326,.T.);
#5711=FACE_BOUND('',#5327,.T.);
#5712=FACE_BOUND('',#5328,.T.);
#5713=FACE_BOUND('',#5329,.T.);
#5714=FACE_BOUND('',#5330,.T.);
#5715=FACE_BOUND('',#5331,.T.);
#5716=FACE_BOUND('',#5332,.T.);
#5717=FACE_BOUND('',#5333,.T.);
#5718=FACE_BOUND('',#5334,.T.);
#5719=FACE_BOUND('',#5335,.T.);
#5720=FACE_BOUND('',#5336,.T.);
#5721=FACE_BOUND('',#5337,.T.);
#5722=FACE_BOUND('',#5338,.T.);
#5723=FACE_BOUND('',#5339,.T.);
#5724=FACE_BOUND('',#5340,.T.);
#5725=FACE_BOUND('',#5341,.T.);
#5726=FACE_BOUND('',#5342,.T.);
#5727=FACE_BOUND('',#5343,.T.);
#5728=FACE_BOUND('',#5344,.T.);
#5729=FACE_BOUND('',#5345,.T.);
#5730=FACE_BOUND('',#5346,.T.);
#5731=FACE_BOUND('',#5347,.T.);
#5732=FACE_BOUND('',#5348,.T.);
#5733=FACE_BOUND('',#5349,.T.);
#5734=FACE_BOUND('',#5350,.T.);
#5735=FACE_BOUND('',#5351,.T.);
#5736=FACE_BOUND('',#5352,.T.);
#5737=FACE_BOUND('',#5353,.T.);
#5738=FACE_BOUND('',#5354,.T.);
#5739=FACE_BOUND('',#5355,.T.);
#5740=FACE_BOUND('',#5356,.T.);
#5741=FACE_BOUND('',#5357,.T.);
#5742=FACE_BOUND('',#5358,.T.);
#5743=FACE_BOUND('',#5359,.T.);
#5744=FACE_BOUND('',#5360,.T.);
#5745=FACE_BOUND('',#5361,.T.);
#5746=FACE_BOUND('',#5362,.T.);
#5747=FACE_BOUND('',#5363,.T.);
#5748=FACE_BOUND('',#5364,.T.);
#5749=FACE_BOUND('',#5365,.T.);
#5750=FACE_BOUND('',#5366,.T.);
#5751=FACE_BOUND('',#5367,.T.);
#5752=FACE_BOUND('',#5368,.T.);
#5753=FACE_BOUND('',#5369,.T.);
#5754=FACE_BOUND('',#5370,.T.);
#5755=FACE_BOUND('',#5371,.T.);
#5756=FACE_BOUND('',#5372,.T.);
#5757=FACE_BOUND('',#5373,.T.);
#5758=FACE_BOUND('',#5374,.T.);
#5759=FACE_BOUND('',#5375,.T.);
#5760=FACE_BOUND('',#5376,.T.);
#5761=CYLINDRICAL_SURFACE('',#6228,0.000267417280670616);
#5762=CYLINDRICAL_SURFACE('',#6511,0.00308266581761793);
#5763=CYLINDRICAL_SURFACE('',#6524,0.003302);
#5764=CYLINDRICAL_SURFACE('',#6528,0.003175);
#5765=CYLINDRICAL_SURFACE('',#6552,0.003302);
#5766=CYLINDRICAL_SURFACE('',#6596,0.00112092116683623);
#5767=CYLINDRICAL_SURFACE('',#6597,0.00354892648471439);
#5768=CYLINDRICAL_SURFACE('',#6598,0.00444494301332865);
#5769=CYLINDRICAL_SURFACE('',#6621,0.00297903153114021);
#5770=CYLINDRICAL_SURFACE('',#6624,0.00297903153114021);
#5771=ADVANCED_FACE('',(#5377,#5378),#5761,.T.);
#5772=ADVANCED_FACE('',(#5379),#246,.F.);
#5773=ADVANCED_FACE('',(#5380),#247,.F.);
#5774=ADVANCED_FACE('',(#5381),#248,.F.);
#5775=ADVANCED_FACE('',(#5382),#249,.F.);
#5776=ADVANCED_FACE('',(#5383),#250,.T.);
#5777=ADVANCED_FACE('',(#5384),#251,.F.);
#5778=ADVANCED_FACE('',(#5385),#252,.F.);
#5779=ADVANCED_FACE('',(#5386),#253,.T.);
#5780=ADVANCED_FACE('',(#5387),#254,.T.);
#5781=ADVANCED_FACE('',(#5388),#255,.F.);
#5782=ADVANCED_FACE('',(#5389),#256,.F.);
#5783=ADVANCED_FACE('',(#5390),#257,.F.);
#5784=ADVANCED_FACE('',(#5391),#258,.T.);
#5785=ADVANCED_FACE('',(#5392),#259,.F.);
#5786=ADVANCED_FACE('',(#5393),#260,.F.);
#5787=ADVANCED_FACE('',(#5394),#261,.T.);
#5788=ADVANCED_FACE('',(#5395),#262,.T.);
#5789=ADVANCED_FACE('',(#5396),#263,.F.);
#5790=ADVANCED_FACE('',(#5397,#5398),#264,.T.);
#5791=ADVANCED_FACE('',(#5399),#265,.F.);
#5792=ADVANCED_FACE('',(#5400),#266,.F.);
#5793=ADVANCED_FACE('',(#5401),#267,.T.);
#5794=ADVANCED_FACE('',(#5402),#268,.T.);
#5795=ADVANCED_FACE('',(#5403),#269,.T.);
#5796=ADVANCED_FACE('',(#5404,#5405,#5406,#5407),#270,.T.);
#5797=ADVANCED_FACE('',(#5408),#271,.T.);
#5798=ADVANCED_FACE('',(#5409),#272,.T.);
#5799=ADVANCED_FACE('',(#5410),#273,.T.);
#5800=ADVANCED_FACE('',(#5411),#274,.T.);
#5801=ADVANCED_FACE('',(#5412),#275,.T.);
#5802=ADVANCED_FACE('',(#5413),#276,.T.);
#5803=ADVANCED_FACE('',(#5414),#277,.F.);
#5804=ADVANCED_FACE('',(#5415),#278,.T.);
#5805=ADVANCED_FACE('',(#5416),#279,.T.);
#5806=ADVANCED_FACE('',(#5417),#280,.F.);
#5807=ADVANCED_FACE('',(#5418),#281,.T.);
#5808=ADVANCED_FACE('',(#5419),#282,.T.);
#5809=ADVANCED_FACE('',(#5420),#283,.T.);
#5810=ADVANCED_FACE('',(#5421),#284,.T.);
#5811=ADVANCED_FACE('',(#5422),#285,.F.);
#5812=ADVANCED_FACE('',(#5423),#286,.T.);
#5813=ADVANCED_FACE('',(#5424),#287,.F.);
#5814=ADVANCED_FACE('',(#5425),#288,.T.);
#5815=ADVANCED_FACE('',(#5426),#289,.T.);
#5816=ADVANCED_FACE('',(#5427),#290,.F.);
#5817=ADVANCED_FACE('',(#5428,#5429,#5430,#5431,#5432),#291,.T.);
#5818=ADVANCED_FACE('',(#5433),#292,.F.);
#5819=ADVANCED_FACE('',(#5434),#293,.F.);
#5820=ADVANCED_FACE('',(#5435),#294,.T.);
#5821=ADVANCED_FACE('',(#5436),#295,.T.);
#5822=ADVANCED_FACE('',(#5437),#296,.F.);
#5823=ADVANCED_FACE('',(#5438),#297,.T.);
#5824=ADVANCED_FACE('',(#5439),#298,.T.);
#5825=ADVANCED_FACE('',(#5440,#5441),#299,.F.);
#5826=ADVANCED_FACE('',(#5442),#300,.T.);
#5827=ADVANCED_FACE('',(#5443),#301,.F.);
#5828=ADVANCED_FACE('',(#5444),#302,.T.);
#5829=ADVANCED_FACE('',(#5445),#303,.T.);
#5830=ADVANCED_FACE('',(#5446),#304,.T.);
#5831=ADVANCED_FACE('',(#5447),#305,.T.);
#5832=ADVANCED_FACE('',(#5448),#306,.T.);
#5833=ADVANCED_FACE('',(#5449),#307,.T.);
#5834=ADVANCED_FACE('',(#5450),#308,.T.);
#5835=ADVANCED_FACE('',(#5451),#309,.F.);
#5836=ADVANCED_FACE('',(#5452),#310,.T.);
#5837=ADVANCED_FACE('',(#5453),#311,.F.);
#5838=ADVANCED_FACE('',(#5454),#312,.T.);
#5839=ADVANCED_FACE('',(#5455),#313,.T.);
#5840=ADVANCED_FACE('',(#5456),#314,.F.);
#5841=ADVANCED_FACE('',(#5457),#315,.F.);
#5842=ADVANCED_FACE('',(#5458),#316,.T.);
#5843=ADVANCED_FACE('',(#5459),#317,.T.);
#5844=ADVANCED_FACE('',(#5460),#318,.F.);
#5845=ADVANCED_FACE('',(#5461),#319,.F.);
#5846=ADVANCED_FACE('',(#5462),#320,.T.);
#5847=ADVANCED_FACE('',(#5463),#321,.T.);
#5848=ADVANCED_FACE('',(#5464),#322,.T.);
#5849=ADVANCED_FACE('',(#5465),#323,.T.);
#5850=ADVANCED_FACE('',(#5466),#324,.T.);
#5851=ADVANCED_FACE('',(#5467),#325,.T.);
#5852=ADVANCED_FACE('',(#5468),#326,.F.);
#5853=ADVANCED_FACE('',(#5469),#327,.F.);
#5854=ADVANCED_FACE('',(#5470),#328,.T.);
#5855=ADVANCED_FACE('',(#5471),#329,.T.);
#5856=ADVANCED_FACE('',(#5472),#330,.F.);
#5857=ADVANCED_FACE('',(#5473),#331,.F.);
#5858=ADVANCED_FACE('',(#5474),#332,.T.);
#5859=ADVANCED_FACE('',(#5475),#333,.T.);
#5860=ADVANCED_FACE('',(#5476),#334,.F.);
#5861=ADVANCED_FACE('',(#5477),#335,.F.);
#5862=ADVANCED_FACE('',(#5478),#336,.T.);
#5863=ADVANCED_FACE('',(#5479),#337,.T.);
#5864=ADVANCED_FACE('',(#5480),#338,.F.);
#5865=ADVANCED_FACE('',(#5481),#339,.F.);
#5866=ADVANCED_FACE('',(#5482),#340,.T.);
#5867=ADVANCED_FACE('',(#5483),#341,.T.);
#5868=ADVANCED_FACE('',(#5484),#342,.F.);
#5869=ADVANCED_FACE('',(#5485),#343,.F.);
#5870=ADVANCED_FACE('',(#5486),#344,.T.);
#5871=ADVANCED_FACE('',(#5487),#345,.T.);
#5872=ADVANCED_FACE('',(#5488),#346,.T.);
#5873=ADVANCED_FACE('',(#5489,#5490),#347,.F.);
#5874=ADVANCED_FACE('',(#5491,#5492),#348,.F.);
#5875=ADVANCED_FACE('',(#5493),#349,.F.);
#5876=ADVANCED_FACE('',(#5494),#350,.T.);
#5877=ADVANCED_FACE('',(#5495),#351,.T.);
#5878=ADVANCED_FACE('',(#5496),#352,.T.);
#5879=ADVANCED_FACE('',(#5497),#353,.T.);
#5880=ADVANCED_FACE('',(#5498,#5499),#354,.F.);
#5881=ADVANCED_FACE('',(#5500),#355,.T.);
#5882=ADVANCED_FACE('',(#5501),#356,.T.);
#5883=ADVANCED_FACE('',(#5502,#5503),#357,.F.);
#5884=ADVANCED_FACE('',(#5504),#358,.T.);
#5885=ADVANCED_FACE('',(#5505),#359,.F.);
#5886=ADVANCED_FACE('',(#5506),#360,.F.);
#5887=ADVANCED_FACE('',(#5507,#5508),#361,.T.);
#5888=ADVANCED_FACE('',(#5509),#362,.T.);
#5889=ADVANCED_FACE('',(#5510),#363,.T.);
#5890=ADVANCED_FACE('',(#5511),#364,.F.);
#5891=ADVANCED_FACE('',(#5512),#365,.F.);
#5892=ADVANCED_FACE('',(#5513),#366,.T.);
#5893=ADVANCED_FACE('',(#5514),#367,.T.);
#5894=ADVANCED_FACE('',(#5515),#368,.T.);
#5895=ADVANCED_FACE('',(#5516),#369,.F.);
#5896=ADVANCED_FACE('',(#5517),#370,.F.);
#5897=ADVANCED_FACE('',(#5518),#371,.T.);
#5898=ADVANCED_FACE('',(#5519),#372,.T.);
#5899=ADVANCED_FACE('',(#5520),#373,.T.);
#5900=ADVANCED_FACE('',(#5521),#374,.F.);
#5901=ADVANCED_FACE('',(#5522),#375,.F.);
#5902=ADVANCED_FACE('',(#5523),#376,.T.);
#5903=ADVANCED_FACE('',(#5524),#377,.T.);
#5904=ADVANCED_FACE('',(#5525,#5526),#378,.F.);
#5905=ADVANCED_FACE('',(#5527),#379,.T.);
#5906=ADVANCED_FACE('',(#5528),#380,.F.);
#5907=ADVANCED_FACE('',(#5529),#381,.T.);
#5908=ADVANCED_FACE('',(#5530),#382,.T.);
#5909=ADVANCED_FACE('',(#5531),#383,.F.);
#5910=ADVANCED_FACE('',(#5532),#384,.T.);
#5911=ADVANCED_FACE('',(#5533),#385,.T.);
#5912=ADVANCED_FACE('',(#5534),#386,.T.);
#5913=ADVANCED_FACE('',(#5535),#387,.F.);
#5914=ADVANCED_FACE('',(#5536),#388,.F.);
#5915=ADVANCED_FACE('',(#5537),#389,.T.);
#5916=ADVANCED_FACE('',(#5538),#390,.T.);
#5917=ADVANCED_FACE('',(#5539),#391,.T.);
#5918=ADVANCED_FACE('',(#5540,#5541),#392,.F.);
#5919=ADVANCED_FACE('',(#5542),#393,.T.);
#5920=ADVANCED_FACE('',(#5543),#394,.F.);
#5921=ADVANCED_FACE('',(#5544),#395,.F.);
#5922=ADVANCED_FACE('',(#5545),#396,.T.);
#5923=ADVANCED_FACE('',(#5546),#397,.T.);
#5924=ADVANCED_FACE('',(#5547),#398,.T.);
#5925=ADVANCED_FACE('',(#5548),#399,.F.);
#5926=ADVANCED_FACE('',(#5549),#400,.T.);
#5927=ADVANCED_FACE('',(#5550),#401,.F.);
#5928=ADVANCED_FACE('',(#5551),#402,.F.);
#5929=ADVANCED_FACE('',(#5552),#403,.T.);
#5930=ADVANCED_FACE('',(#5553),#404,.F.);
#5931=ADVANCED_FACE('',(#5554),#405,.F.);
#5932=ADVANCED_FACE('',(#5555),#406,.T.);
#5933=ADVANCED_FACE('',(#5556),#407,.T.);
#5934=ADVANCED_FACE('',(#5557),#408,.F.);
#5935=ADVANCED_FACE('',(#5558),#409,.F.);
#5936=ADVANCED_FACE('',(#5559),#410,.T.);
#5937=ADVANCED_FACE('',(#5560,#5561,#5562,#5563,#5564,#5565),#411,.F.);
#5938=ADVANCED_FACE('',(#5566,#5567,#5568,#5569,#5570,#5571,#5572,#5573,
#5574,#5575,#5576,#5577),#412,.T.);
#5939=ADVANCED_FACE('',(#5578,#5579,#5580),#413,.T.);
#5940=ADVANCED_FACE('',(#5581,#5582,#5583),#414,.F.);
#5941=ADVANCED_FACE('',(#5584),#415,.T.);
#5942=ADVANCED_FACE('',(#5585),#416,.F.);
#5943=ADVANCED_FACE('',(#5586),#417,.T.);
#5944=ADVANCED_FACE('',(#5587),#418,.F.);
#5945=ADVANCED_FACE('',(#5588),#419,.F.);
#5946=ADVANCED_FACE('',(#5589),#420,.T.);
#5947=ADVANCED_FACE('',(#5590),#421,.T.);
#5948=ADVANCED_FACE('',(#5591),#422,.T.);
#5949=ADVANCED_FACE('',(#5592),#423,.F.);
#5950=ADVANCED_FACE('',(#5593),#424,.F.);
#5951=ADVANCED_FACE('',(#5594),#425,.T.);
#5952=ADVANCED_FACE('',(#5595),#426,.T.);
#5953=ADVANCED_FACE('',(#5596),#427,.T.);
#5954=ADVANCED_FACE('',(#5597),#428,.F.);
#5955=ADVANCED_FACE('',(#5598),#429,.F.);
#5956=ADVANCED_FACE('',(#5599),#430,.T.);
#5957=ADVANCED_FACE('',(#5600),#431,.T.);
#5958=ADVANCED_FACE('',(#5601),#432,.F.);
#5959=ADVANCED_FACE('',(#5602),#433,.T.);
#5960=ADVANCED_FACE('',(#5603),#434,.T.);
#5961=ADVANCED_FACE('',(#5604),#435,.F.);
#5962=ADVANCED_FACE('',(#5605),#436,.F.);
#5963=ADVANCED_FACE('',(#5606),#437,.F.);
#5964=ADVANCED_FACE('',(#5607),#438,.T.);
#5965=ADVANCED_FACE('',(#5608),#439,.T.);
#5966=ADVANCED_FACE('',(#5609),#440,.F.);
#5967=ADVANCED_FACE('',(#5610),#441,.F.);
#5968=ADVANCED_FACE('',(#5611),#442,.F.);
#5969=ADVANCED_FACE('',(#5612),#443,.T.);
#5970=ADVANCED_FACE('',(#5613),#444,.T.);
#5971=ADVANCED_FACE('',(#5614),#445,.F.);
#5972=ADVANCED_FACE('',(#5615),#446,.F.);
#5973=ADVANCED_FACE('',(#5616),#447,.T.);
#5974=ADVANCED_FACE('',(#5617),#448,.T.);
#5975=ADVANCED_FACE('',(#5618),#449,.F.);
#5976=ADVANCED_FACE('',(#5619),#450,.T.);
#5977=ADVANCED_FACE('',(#5620),#451,.T.);
#5978=ADVANCED_FACE('',(#5621),#452,.T.);
#5979=ADVANCED_FACE('',(#5622),#453,.F.);
#5980=ADVANCED_FACE('',(#5623),#454,.T.);
#5981=ADVANCED_FACE('',(#5624),#455,.F.);
#5982=ADVANCED_FACE('',(#5625),#456,.F.);
#5983=ADVANCED_FACE('',(#5626),#457,.T.);
#5984=ADVANCED_FACE('',(#5627),#458,.T.);
#5985=ADVANCED_FACE('',(#5628),#459,.F.);
#5986=ADVANCED_FACE('',(#5629),#460,.F.);
#5987=ADVANCED_FACE('',(#5630),#461,.F.);
#5988=ADVANCED_FACE('',(#5631),#462,.T.);
#5989=ADVANCED_FACE('',(#5632),#463,.T.);
#5990=ADVANCED_FACE('',(#5633),#464,.F.);
#5991=ADVANCED_FACE('',(#5634),#465,.F.);
#5992=ADVANCED_FACE('',(#5635),#466,.T.);
#5993=ADVANCED_FACE('',(#5636),#467,.F.);
#5994=ADVANCED_FACE('',(#5637),#468,.F.);
#5995=ADVANCED_FACE('',(#5638),#469,.T.);
#5996=ADVANCED_FACE('',(#5639),#470,.T.);
#5997=ADVANCED_FACE('',(#5640),#471,.T.);
#5998=ADVANCED_FACE('',(#5641),#472,.F.);
#5999=ADVANCED_FACE('',(#5642),#473,.F.);
#6000=ADVANCED_FACE('',(#5643),#474,.T.);
#6001=ADVANCED_FACE('',(#5644),#475,.T.);
#6002=ADVANCED_FACE('',(#5645),#476,.T.);
#6003=ADVANCED_FACE('',(#5646),#477,.F.);
#6004=ADVANCED_FACE('',(#5647),#478,.F.);
#6005=ADVANCED_FACE('',(#5648),#479,.T.);
#6006=ADVANCED_FACE('',(#5649),#480,.T.);
#6007=ADVANCED_FACE('',(#5650),#481,.T.);
#6008=ADVANCED_FACE('',(#5651),#482,.F.);
#6009=ADVANCED_FACE('',(#5652),#483,.F.);
#6010=ADVANCED_FACE('',(#5653),#484,.T.);
#6011=ADVANCED_FACE('',(#5654),#485,.T.);
#6012=ADVANCED_FACE('',(#5655),#486,.T.);
#6013=ADVANCED_FACE('',(#5656),#487,.T.);
#6014=ADVANCED_FACE('',(#5657),#488,.F.);
#6015=ADVANCED_FACE('',(#5658),#489,.F.);
#6016=ADVANCED_FACE('',(#5659),#490,.T.);
#6017=ADVANCED_FACE('',(#5660),#491,.T.);
#6018=ADVANCED_FACE('',(#5661),#492,.T.);
#6019=ADVANCED_FACE('',(#5662),#493,.F.);
#6020=ADVANCED_FACE('',(#5663),#494,.F.);
#6021=ADVANCED_FACE('',(#5664),#495,.T.);
#6022=ADVANCED_FACE('',(#5665),#496,.T.);
#6023=ADVANCED_FACE('',(#5666),#497,.T.);
#6024=ADVANCED_FACE('',(#5667),#498,.F.);
#6025=ADVANCED_FACE('',(#5668),#499,.F.);
#6026=ADVANCED_FACE('',(#5669),#500,.T.);
#6027=ADVANCED_FACE('',(#5670),#501,.T.);
#6028=ADVANCED_FACE('',(#5671),#502,.T.);
#6029=ADVANCED_FACE('',(#5672),#503,.F.);
#6030=ADVANCED_FACE('',(#5673),#504,.F.);
#6031=ADVANCED_FACE('',(#5674),#505,.T.);
#6032=ADVANCED_FACE('',(#5675),#506,.T.);
#6033=ADVANCED_FACE('',(#5676),#507,.F.);
#6034=ADVANCED_FACE('',(#5677),#508,.T.);
#6035=ADVANCED_FACE('',(#5678),#509,.T.);
#6036=ADVANCED_FACE('',(#5679),#510,.F.);
#6037=ADVANCED_FACE('',(#5680),#511,.F.);
#6038=ADVANCED_FACE('',(#5681),#512,.F.);
#6039=ADVANCED_FACE('',(#5682),#513,.T.);
#6040=ADVANCED_FACE('',(#5683),#514,.T.);
#6041=ADVANCED_FACE('',(#5684),#515,.F.);
#6042=ADVANCED_FACE('',(#5685),#516,.F.);
#6043=ADVANCED_FACE('',(#5686,#5687),#5762,.T.);
#6044=ADVANCED_FACE('',(#5688),#517,.T.);
#6045=ADVANCED_FACE('',(#5689),#518,.F.);
#6046=ADVANCED_FACE('',(#5690),#519,.T.);
#6047=ADVANCED_FACE('',(#5691),#520,.F.);
#6048=ADVANCED_FACE('',(#5692),#521,.F.);
#6049=ADVANCED_FACE('',(#5693,#5694),#522,.F.);
#6050=ADVANCED_FACE('',(#5695),#523,.T.);
#6051=ADVANCED_FACE('',(#5696),#524,.T.);
#6052=ADVANCED_FACE('',(#5697,#5698),#5763,.F.);
#6053=ADVANCED_FACE('',(#5699,#5700),#15,.F.);
#6054=ADVANCED_FACE('',(#5701,#5702),#5764,.F.);
#6055=ADVANCED_FACE('',(#5703,#5704),#525,.T.);
#6056=ADVANCED_FACE('',(#5705),#526,.T.);
#6057=ADVANCED_FACE('',(#5706),#527,.F.);
#6058=ADVANCED_FACE('',(#5707),#528,.F.);
#6059=ADVANCED_FACE('',(#5708),#529,.T.);
#6060=ADVANCED_FACE('',(#5709),#530,.T.);
#6061=ADVANCED_FACE('',(#5710),#531,.F.);
#6062=ADVANCED_FACE('',(#5711),#532,.T.);
#6063=ADVANCED_FACE('',(#5712),#533,.F.);
#6064=ADVANCED_FACE('',(#5713),#534,.F.);
#6065=ADVANCED_FACE('',(#5714),#535,.T.);
#6066=ADVANCED_FACE('',(#5715,#5716),#536,.T.);
#6067=ADVANCED_FACE('',(#5717,#5718),#537,.F.);
#6068=ADVANCED_FACE('',(#5719,#5720),#5765,.F.);
#6069=ADVANCED_FACE('',(#5721),#538,.T.);
#6070=ADVANCED_FACE('',(#5722),#539,.F.);
#6071=ADVANCED_FACE('',(#5723),#540,.F.);
#6072=ADVANCED_FACE('',(#5724),#541,.T.);
#6073=ADVANCED_FACE('',(#5725),#542,.T.);
#6074=ADVANCED_FACE('',(#5726),#543,.F.);
#6075=ADVANCED_FACE('',(#5727,#5728),#544,.T.);
#6076=ADVANCED_FACE('',(#5729),#545,.T.);
#6077=ADVANCED_FACE('',(#5730),#546,.F.);
#6078=ADVANCED_FACE('',(#5731),#547,.F.);
#6079=ADVANCED_FACE('',(#5732),#548,.T.);
#6080=ADVANCED_FACE('',(#5733,#5734),#549,.T.);
#6081=ADVANCED_FACE('',(#5735),#550,.F.);
#6082=ADVANCED_FACE('',(#5736,#5737),#5766,.T.);
#6083=ADVANCED_FACE('',(#5738,#5739),#5767,.T.);
#6084=ADVANCED_FACE('',(#5740),#5768,.T.);
#6085=ADVANCED_FACE('',(#5741),#551,.T.);
#6086=ADVANCED_FACE('',(#5742),#552,.F.);
#6087=ADVANCED_FACE('',(#5743),#553,.F.);
#6088=ADVANCED_FACE('',(#5744),#554,.T.);
#6089=ADVANCED_FACE('',(#5745),#555,.T.);
#6090=ADVANCED_FACE('',(#5746),#556,.F.);
#6091=ADVANCED_FACE('',(#5747),#557,.T.);
#6092=ADVANCED_FACE('',(#5748),#558,.F.);
#6093=ADVANCED_FACE('',(#5749),#559,.F.);
#6094=ADVANCED_FACE('',(#5750),#560,.T.);
#6095=ADVANCED_FACE('',(#5751,#5752,#5753),#561,.T.);
#6096=ADVANCED_FACE('',(#5754),#562,.F.);
#6097=ADVANCED_FACE('',(#5755,#5756),#5769,.T.);
#6098=ADVANCED_FACE('',(#5757),#563,.T.);
#6099=ADVANCED_FACE('',(#5758,#5759),#5770,.T.);
#6100=ADVANCED_FACE('',(#5760),#564,.T.);
#6101=CLOSED_SHELL('',(#5771,#5772,#5773,#5774,#5775,#5776,#5777,#5778,
#5779,#5780,#5781,#5782,#5783,#5784,#5785,#5786,#5787,#5788,#5789));
#6102=CLOSED_SHELL('',(#5790,#5791,#5792,#5793,#5794,#5795,#5796,#5797,
#5798,#5799,#5800,#5801,#5802,#5803,#5804,#5805,#5806,#5807,#5808,#5809,
#5810,#5811,#5812,#5813,#5814,#5815,#5816,#5817,#5818,#5819,#5820,#5821,
#5822,#5823,#5824,#5825,#5826,#5827,#5828,#5829,#5830,#5831,#5832,#5833,
#5834,#5835,#5836,#5837,#5838,#5839,#5840,#5841,#5842,#5843,#5844,#5845,
#5846,#5847,#5848,#5849,#5850,#5851,#5852,#5853,#5854,#5855,#5856,#5857,
#5858,#5859,#5860,#5861,#5862,#5863,#5864,#5865,#5866,#5867,#5868,#5869,
#5870,#5871,#5872,#5873,#5874,#5875,#5876,#5877,#5878,#5879,#5880,#5881,
#5882,#5883,#5884,#5885,#5886,#5887,#5888,#5889,#5890,#5891,#5892,#5893,
#5894,#5895,#5896,#5897,#5898,#5899,#5900,#5901,#5902,#5903,#5904,#5905,
#5906,#5907,#5908,#5909,#5910,#5911,#5912,#5913,#5914,#5915,#5916,#5917,
#5918,#5919,#5920,#5921,#5922,#5923,#5924,#5925,#5926,#5927,#5928,#5929,
#5930,#5931,#5932,#5933,#5934,#5935,#5936));
#6103=CLOSED_SHELL('',(#5937,#5938,#5939,#5940,#5941,#5942,#5943,#5944,
#5945,#5946,#5947,#5948,#5949,#5950,#5951,#5952,#5953,#5954,#5955,#5956,
#5957,#5958,#5959,#5960,#5961,#5962,#5963,#5964,#5965,#5966,#5967,#5968,
#5969,#5970,#5971,#5972,#5973,#5974,#5975,#5976,#5977,#5978,#5979,#5980,
#5981,#5982,#5983,#5984,#5985,#5986,#5987,#5988,#5989,#5990,#5991,#5992,
#5993,#5994,#5995,#5996,#5997,#5998,#5999,#6000,#6001,#6002,#6003,#6004,
#6005,#6006,#6007,#6008,#6009,#6010,#6011,#6012,#6013,#6014,#6015,#6016,
#6017,#6018,#6019,#6020,#6021,#6022,#6023,#6024,#6025,#6026,#6027,#6028,
#6029,#6030,#6031,#6032,#6033,#6034,#6035,#6036,#6037,#6038,#6039,#6040,
#6041,#6042));
#6104=CLOSED_SHELL('',(#6043,#6044,#6045));
#6105=CLOSED_SHELL('',(#6046,#6047,#6048,#6049,#6050,#6051,#6052,#6053,
#6054,#6055));
#6106=CLOSED_SHELL('',(#6056,#6057,#6058,#6059,#6060,#6061));
#6107=CLOSED_SHELL('',(#6062,#6063,#6064,#6065,#6066,#6067,#6068));
#6108=CLOSED_SHELL('',(#6069,#6070,#6071,#6072,#6073,#6074));
#6109=CLOSED_SHELL('',(#6075,#6076,#6077,#6078,#6079,#6080,#6081,#6082,
#6083,#6084));
#6110=CLOSED_SHELL('',(#6085,#6086,#6087,#6088,#6089,#6090));
#6111=CLOSED_SHELL('',(#6091,#6092,#6093,#6094,#6095,#6096,#6097,#6098,
#6099,#6100));
#6112=STYLED_ITEM('',(#6123),#6192);
#6113=STYLED_ITEM('',(#6124),#6193);
#6114=STYLED_ITEM('',(#6125),#6194);
#6115=STYLED_ITEM('',(#6126),#6195);
#6116=STYLED_ITEM('',(#6127),#6196);
#6117=STYLED_ITEM('',(#6128),#6197);
#6118=STYLED_ITEM('',(#6129),#6198);
#6119=STYLED_ITEM('',(#6130),#6199);
#6120=STYLED_ITEM('',(#6131),#6200);
#6121=STYLED_ITEM('',(#6132),#6201);
#6122=STYLED_ITEM('',(#6133),#6202);
#6123=PRESENTATION_STYLE_ASSIGNMENT((#6134));
#6124=PRESENTATION_STYLE_ASSIGNMENT((#6135));
#6125=PRESENTATION_STYLE_ASSIGNMENT((#6136));
#6126=PRESENTATION_STYLE_ASSIGNMENT((#6137));
#6127=PRESENTATION_STYLE_ASSIGNMENT((#6138));
#6128=PRESENTATION_STYLE_ASSIGNMENT((#6139));
#6129=PRESENTATION_STYLE_ASSIGNMENT((#6140));
#6130=PRESENTATION_STYLE_ASSIGNMENT((#6141));
#6131=PRESENTATION_STYLE_ASSIGNMENT((#6142));
#6132=PRESENTATION_STYLE_ASSIGNMENT((#6143));
#6133=PRESENTATION_STYLE_ASSIGNMENT((#6144));
#6134=SURFACE_STYLE_USAGE(.BOTH.,#6145);
#6135=SURFACE_STYLE_USAGE(.BOTH.,#6146);
#6136=SURFACE_STYLE_USAGE(.BOTH.,#6147);
#6137=SURFACE_STYLE_USAGE(.BOTH.,#6148);
#6138=SURFACE_STYLE_USAGE(.BOTH.,#6149);
#6139=SURFACE_STYLE_USAGE(.BOTH.,#6150);
#6140=SURFACE_STYLE_USAGE(.BOTH.,#6151);
#6141=SURFACE_STYLE_USAGE(.BOTH.,#6152);
#6142=SURFACE_STYLE_USAGE(.BOTH.,#6153);
#6143=SURFACE_STYLE_USAGE(.BOTH.,#6154);
#6144=SURFACE_STYLE_USAGE(.BOTH.,#6155);
#6145=SURFACE_SIDE_STYLE('',(#6156));
#6146=SURFACE_SIDE_STYLE('',(#6157));
#6147=SURFACE_SIDE_STYLE('',(#6158));
#6148=SURFACE_SIDE_STYLE('',(#6159));
#6149=SURFACE_SIDE_STYLE('',(#6160));
#6150=SURFACE_SIDE_STYLE('',(#6161));
#6151=SURFACE_SIDE_STYLE('',(#6162));
#6152=SURFACE_SIDE_STYLE('',(#6163));
#6153=SURFACE_SIDE_STYLE('',(#6164));
#6154=SURFACE_SIDE_STYLE('',(#6165));
#6155=SURFACE_SIDE_STYLE('',(#6166));
#6156=SURFACE_STYLE_FILL_AREA(#6167);
#6157=SURFACE_STYLE_FILL_AREA(#6168);
#6158=SURFACE_STYLE_FILL_AREA(#6169);
#6159=SURFACE_STYLE_FILL_AREA(#6170);
#6160=SURFACE_STYLE_FILL_AREA(#6171);
#6161=SURFACE_STYLE_FILL_AREA(#6172);
#6162=SURFACE_STYLE_FILL_AREA(#6173);
#6163=SURFACE_STYLE_FILL_AREA(#6174);
#6164=SURFACE_STYLE_FILL_AREA(#6175);
#6165=SURFACE_STYLE_FILL_AREA(#6176);
#6166=SURFACE_STYLE_FILL_AREA(#6177);
#6167=FILL_AREA_STYLE('',(#6178));
#6168=FILL_AREA_STYLE('',(#6179));
#6169=FILL_AREA_STYLE('',(#6180));
#6170=FILL_AREA_STYLE('',(#6181));
#6171=FILL_AREA_STYLE('',(#6182));
#6172=FILL_AREA_STYLE('',(#6183));
#6173=FILL_AREA_STYLE('',(#6184));
#6174=FILL_AREA_STYLE('',(#6185));
#6175=FILL_AREA_STYLE('',(#6186));
#6176=FILL_AREA_STYLE('',(#6187));
#6177=FILL_AREA_STYLE('',(#6188));
#6178=FILL_AREA_STYLE_COLOUR('',#6189);
#6179=FILL_AREA_STYLE_COLOUR('',#6189);
#6180=FILL_AREA_STYLE_COLOUR('',#6190);
#6181=FILL_AREA_STYLE_COLOUR('',#6189);
#6182=FILL_AREA_STYLE_COLOUR('',#6189);
#6183=FILL_AREA_STYLE_COLOUR('',#13);
#6184=FILL_AREA_STYLE_COLOUR('',#6189);
#6185=FILL_AREA_STYLE_COLOUR('',#6189);
#6186=FILL_AREA_STYLE_COLOUR('',#6191);
#6187=FILL_AREA_STYLE_COLOUR('',#6189);
#6188=FILL_AREA_STYLE_COLOUR('',#6189);
#6189=COLOUR_RGB('',0.615686274509804,0.811764705882353,0.929411764705882);
#6190=COLOUR_RGB('',0.992156862745098,0.992156862745098,0.992156862745098);
#6191=COLOUR_RGB('',0.882352941176471,0.572549019607843,0.47843137254902);
#6192=MANIFOLD_SOLID_BREP('Part 1',#6101);
#6193=MANIFOLD_SOLID_BREP('Part 1',#6102);
#6194=MANIFOLD_SOLID_BREP('Part 1',#6103);
#6195=MANIFOLD_SOLID_BREP('Part 1',#6104);
#6196=MANIFOLD_SOLID_BREP('Part 2',#6105);
#6197=MANIFOLD_SOLID_BREP('Part 1',#6106);
#6198=MANIFOLD_SOLID_BREP('Part 1',#6107);
#6199=MANIFOLD_SOLID_BREP('Part 1',#6108);
#6200=MANIFOLD_SOLID_BREP('Part 1',#6109);
#6201=MANIFOLD_SOLID_BREP('Part 1',#6110);
#6202=MANIFOLD_SOLID_BREP('Part 1',#6111);
#6203=SHAPE_DEFINITION_REPRESENTATION(#9948,#6215);
#6204=SHAPE_DEFINITION_REPRESENTATION(#9949,#6216);
#6205=SHAPE_DEFINITION_REPRESENTATION(#9951,#6217);
#6206=SHAPE_DEFINITION_REPRESENTATION(#9953,#6218);
#6207=SHAPE_DEFINITION_REPRESENTATION(#9955,#6219);
#6208=SHAPE_DEFINITION_REPRESENTATION(#9957,#6220);
#6209=SHAPE_DEFINITION_REPRESENTATION(#9963,#6221);
#6210=SHAPE_DEFINITION_REPRESENTATION(#9966,#6222);
#6211=SHAPE_DEFINITION_REPRESENTATION(#9984,#6223);
#6212=SHAPE_DEFINITION_REPRESENTATION(#9995,#6224);
#6213=SHAPE_DEFINITION_REPRESENTATION(#9998,#6225);
#6214=SHAPE_DEFINITION_REPRESENTATION(#10005,#6226);
#6215=SHAPE_REPRESENTATION('Hand Assembly',(#6227,#6255,#6403,#6510,#6516,
#6531,#6532,#6533,#6534,#6535,#6542,#6543,#6553,#6554,#6555,#6556,#6557,
#6558,#6559,#6560,#6561,#6562,#6563,#6564,#6565,#6566,#6567,#6568,#6569,
#6576,#6577,#6578,#6579,#6580,#6581,#6582,#6583,#6584,#6585,#6599,#6600,
#6607,#6608,#6609,#6610,#6611,#6612,#6627,#6628,#6629,#6630,#6631,#6632),
#9921);
#6216=SHAPE_REPRESENTATION('Part 1',(#6227),#9922);
#6217=SHAPE_REPRESENTATION('Part 1',(#6227),#9923);
#6218=SHAPE_REPRESENTATION('Part 1',(#6227),#9924);
#6219=SHAPE_REPRESENTATION('Part 1',(#6227),#9925);
#6220=SHAPE_REPRESENTATION('Part 2',(#6227),#9926);
#6221=SHAPE_REPRESENTATION('Part 1',(#6227),#9927);
#6222=SHAPE_REPRESENTATION('Part 1',(#6227),#9928);
#6223=SHAPE_REPRESENTATION('Part 1',(#6227),#9929);
#6224=SHAPE_REPRESENTATION('Part 1',(#6227),#9930);
#6225=SHAPE_REPRESENTATION('Part 1',(#6227),#9931);
#6226=SHAPE_REPRESENTATION('Part 1',(#6227),#9932);
#6227=AXIS2_PLACEMENT_3D('',#8207,#6633,#6634);
#6228=AXIS2_PLACEMENT_3D('',#8208,#6635,#6636);
#6229=AXIS2_PLACEMENT_3D('',#8209,#6637,#6638);
#6230=AXIS2_PLACEMENT_3D('',#8212,#6639,#6640);
#6231=AXIS2_PLACEMENT_3D('',#8214,#6641,#6642);
#6232=AXIS2_PLACEMENT_3D('',#8216,#6643,#6644);
#6233=AXIS2_PLACEMENT_3D('',#8217,#6645,#6646);
#6234=AXIS2_PLACEMENT_3D('',#8222,#6648,#6649);
#6235=AXIS2_PLACEMENT_3D('',#8224,#6650,#6651);
#6236=AXIS2_PLACEMENT_3D('',#8228,#6653,#6654);
#6237=AXIS2_PLACEMENT_3D('',#8229,#6655,#6656);
#6238=AXIS2_PLACEMENT_3D('',#8233,#6659,#6660);
#6239=AXIS2_PLACEMENT_3D('',#8237,#6663,#6664);
#6240=AXIS2_PLACEMENT_3D('',#8241,#6667,#6668);
#6241=AXIS2_PLACEMENT_3D('',#8245,#6671,#6672);
#6242=AXIS2_PLACEMENT_3D('',#8251,#6676,#6677);
#6243=AXIS2_PLACEMENT_3D('',#8255,#6680,#6681);
#6244=AXIS2_PLACEMENT_3D('',#8259,#6684,#6685);
#6245=AXIS2_PLACEMENT_3D('',#8261,#6687,#6688);
#6246=AXIS2_PLACEMENT_3D('',#8262,#6689,#6690);
#6247=AXIS2_PLACEMENT_3D('',#8266,#6693,#6694);
#6248=AXIS2_PLACEMENT_3D('',#8270,#6697,#6698);
#6249=AXIS2_PLACEMENT_3D('',#8274,#6701,#6702);
#6250=AXIS2_PLACEMENT_3D('',#8282,#6707,#6708);
#6251=AXIS2_PLACEMENT_3D('',#8287,#6712,#6713);
#6252=AXIS2_PLACEMENT_3D('',#8291,#6716,#6717);
#6253=AXIS2_PLACEMENT_3D('',#8293,#6719,#6720);
#6254=AXIS2_PLACEMENT_3D('',#8294,#6721,#6722);
#6255=AXIS2_PLACEMENT_3D('',#8295,#6723,#6724);
#6256=AXIS2_PLACEMENT_3D('',#8296,#6725,#6726);
#6257=AXIS2_PLACEMENT_3D('',#8313,#6735,#6736);
#6258=AXIS2_PLACEMENT_3D('',#8334,#6747,#6748);
#6259=AXIS2_PLACEMENT_3D('',#8343,#6753,#6754);
#6260=AXIS2_PLACEMENT_3D('',#8352,#6759,#6760);
#6261=AXIS2_PLACEMENT_3D('',#8361,#6765,#6766);
#6262=AXIS2_PLACEMENT_3D('',#8370,#6771,#6772);
#6263=AXIS2_PLACEMENT_3D('',#8403,#6789,#6790);
#6264=AXIS2_PLACEMENT_3D('',#8424,#6801,#6802);
#6265=AXIS2_PLACEMENT_3D('',#8441,#6811,#6812);
#6266=AXIS2_PLACEMENT_3D('',#8444,#6815,#6816);
#6267=AXIS2_PLACEMENT_3D('',#8469,#6829,#6830);
#6268=AXIS2_PLACEMENT_3D('',#8481,#6838,#6839);
#6269=AXIS2_PLACEMENT_3D('',#8516,#6858,#6859);
#6270=AXIS2_PLACEMENT_3D('',#8522,#6863,#6864);
#6271=AXIS2_PLACEMENT_3D('',#8528,#6868,#6869);
#6272=AXIS2_PLACEMENT_3D('',#8532,#6872,#6873);
#6273=AXIS2_PLACEMENT_3D('',#8538,#6877,#6878);
#6274=AXIS2_PLACEMENT_3D('',#8547,#6885,#6886);
#6275=AXIS2_PLACEMENT_3D('',#8551,#6889,#6890);
#6276=AXIS2_PLACEMENT_3D('',#8555,#6893,#6894);
#6277=AXIS2_PLACEMENT_3D('',#8562,#6899,#6900);
#6278=AXIS2_PLACEMENT_3D('',#8570,#6905,#6906);
#6279=AXIS2_PLACEMENT_3D('',#8578,#6911,#6912);
#6280=AXIS2_PLACEMENT_3D('',#8580,#6914,#6915);
#6281=AXIS2_PLACEMENT_3D('',#8583,#6918,#6919);
#6282=AXIS2_PLACEMENT_3D('',#8597,#6927,#6928);
#6283=AXIS2_PLACEMENT_3D('',#8609,#6936,#6937);
#6284=AXIS2_PLACEMENT_3D('',#8642,#6954,#6955);
#6285=AXIS2_PLACEMENT_3D('',#8646,#6958,#6959);
#6286=AXIS2_PLACEMENT_3D('',#8654,#6964,#6965);
#6287=AXIS2_PLACEMENT_3D('',#8656,#6967,#6968);
#6288=AXIS2_PLACEMENT_3D('',#8658,#6970,#6971);
#6289=AXIS2_PLACEMENT_3D('',#8660,#6973,#6974);
#6290=AXIS2_PLACEMENT_3D('',#8661,#6975,#6976);
#6291=AXIS2_PLACEMENT_3D('',#8662,#6977,#6978);
#6292=AXIS2_PLACEMENT_3D('',#8668,#6982,#6983);
#6293=AXIS2_PLACEMENT_3D('',#8669,#6984,#6985);
#6294=AXIS2_PLACEMENT_3D('',#8671,#6987,#6988);
#6295=AXIS2_PLACEMENT_3D('',#8672,#6989,#6990);
#6296=AXIS2_PLACEMENT_3D('',#8674,#6992,#6993);
#6297=AXIS2_PLACEMENT_3D('',#8675,#6994,#6995);
#6298=AXIS2_PLACEMENT_3D('',#8681,#6999,#7000);
#6299=AXIS2_PLACEMENT_3D('',#8687,#7004,#7005);
#6300=AXIS2_PLACEMENT_3D('',#8688,#7006,#7007);
#6301=AXIS2_PLACEMENT_3D('',#8690,#7009,#7010);
#6302=AXIS2_PLACEMENT_3D('',#8693,#7013,#7014);
#6303=AXIS2_PLACEMENT_3D('',#8694,#7015,#7016);
#6304=AXIS2_PLACEMENT_3D('',#8697,#7019,#7020);
#6305=AXIS2_PLACEMENT_3D('',#8699,#7022,#7023);
#6306=AXIS2_PLACEMENT_3D('',#8706,#7028,#7029);
#6307=AXIS2_PLACEMENT_3D('',#8710,#7032,#7033);
#6308=AXIS2_PLACEMENT_3D('',#8715,#7037,#7038);
#6309=AXIS2_PLACEMENT_3D('',#8716,#7039,#7040);
#6310=AXIS2_PLACEMENT_3D('',#8723,#7045,#7046);
#6311=AXIS2_PLACEMENT_3D('',#8727,#7049,#7050);
#6312=AXIS2_PLACEMENT_3D('',#8732,#7054,#7055);
#6313=AXIS2_PLACEMENT_3D('',#8733,#7056,#7057);
#6314=AXIS2_PLACEMENT_3D('',#8739,#7061,#7062);
#6315=AXIS2_PLACEMENT_3D('',#8747,#7067,#7068);
#6316=AXIS2_PLACEMENT_3D('',#8751,#7071,#7072);
#6317=AXIS2_PLACEMENT_3D('',#8757,#7076,#7077);
#6318=AXIS2_PLACEMENT_3D('',#8764,#7082,#7083);
#6319=AXIS2_PLACEMENT_3D('',#8768,#7086,#7087);
#6320=AXIS2_PLACEMENT_3D('',#8773,#7091,#7092);
#6321=AXIS2_PLACEMENT_3D('',#8774,#7093,#7094);
#6322=AXIS2_PLACEMENT_3D('',#8780,#7098,#7099);
#6323=AXIS2_PLACEMENT_3D('',#8784,#7102,#7103);
#6324=AXIS2_PLACEMENT_3D('',#8788,#7106,#7107);
#6325=AXIS2_PLACEMENT_3D('',#8790,#7109,#7110);
#6326=AXIS2_PLACEMENT_3D('',#8796,#7114,#7115);
#6327=AXIS2_PLACEMENT_3D('',#8800,#7118,#7119);
#6328=AXIS2_PLACEMENT_3D('',#8804,#7122,#7123);
#6329=AXIS2_PLACEMENT_3D('',#8806,#7125,#7126);
#6330=AXIS2_PLACEMENT_3D('',#8812,#7130,#7131);
#6331=AXIS2_PLACEMENT_3D('',#8816,#7134,#7135);
#6332=AXIS2_PLACEMENT_3D('',#8820,#7138,#7139);
#6333=AXIS2_PLACEMENT_3D('',#8822,#7141,#7142);
#6334=AXIS2_PLACEMENT_3D('',#8828,#7146,#7147);
#6335=AXIS2_PLACEMENT_3D('',#8832,#7150,#7151);
#6336=AXIS2_PLACEMENT_3D('',#8836,#7154,#7155);
#6337=AXIS2_PLACEMENT_3D('',#8838,#7157,#7158);
#6338=AXIS2_PLACEMENT_3D('',#8840,#7160,#7161);
#6339=AXIS2_PLACEMENT_3D('',#8841,#7162,#7163);
#6340=AXIS2_PLACEMENT_3D('',#8850,#7168,#7169);
#6341=AXIS2_PLACEMENT_3D('',#8859,#7174,#7175);
#6342=AXIS2_PLACEMENT_3D('',#8861,#7177,#7178);
#6343=AXIS2_PLACEMENT_3D('',#8863,#7180,#7181);
#6344=AXIS2_PLACEMENT_3D('',#8864,#7182,#7183);
#6345=AXIS2_PLACEMENT_3D('',#8866,#7185,#7186);
#6346=AXIS2_PLACEMENT_3D('',#8867,#7187,#7188);
#6347=AXIS2_PLACEMENT_3D('',#8876,#7193,#7194);
#6348=AXIS2_PLACEMENT_3D('',#8878,#7196,#7197);
#6349=AXIS2_PLACEMENT_3D('',#8879,#7198,#7199);
#6350=AXIS2_PLACEMENT_3D('',#8888,#7204,#7205);
#6351=AXIS2_PLACEMENT_3D('',#8894,#7209,#7210);
#6352=AXIS2_PLACEMENT_3D('',#8898,#7213,#7214);
#6353=AXIS2_PLACEMENT_3D('',#8902,#7217,#7218);
#6354=AXIS2_PLACEMENT_3D('',#8912,#7224,#7225);
#6355=AXIS2_PLACEMENT_3D('',#8913,#7226,#7227);
#6356=AXIS2_PLACEMENT_3D('',#8921,#7233,#7234);
#6357=AXIS2_PLACEMENT_3D('',#8925,#7237,#7238);
#6358=AXIS2_PLACEMENT_3D('',#8931,#7243,#7244);
#6359=AXIS2_PLACEMENT_3D('',#8933,#7246,#7247);
#6360=AXIS2_PLACEMENT_3D('',#8934,#7248,#7249);
#6361=AXIS2_PLACEMENT_3D('',#8940,#7253,#7254);
#6362=AXIS2_PLACEMENT_3D('',#8944,#7257,#7258);
#6363=AXIS2_PLACEMENT_3D('',#8948,#7261,#7262);
#6364=AXIS2_PLACEMENT_3D('',#8950,#7264,#7265);
#6365=AXIS2_PLACEMENT_3D('',#8951,#7266,#7267);
#6366=AXIS2_PLACEMENT_3D('',#8957,#7271,#7272);
#6367=AXIS2_PLACEMENT_3D('',#8965,#7277,#7278);
#6368=AXIS2_PLACEMENT_3D('',#8969,#7281,#7282);
#6369=AXIS2_PLACEMENT_3D('',#8971,#7284,#7285);
#6370=AXIS2_PLACEMENT_3D('',#8977,#7289,#7290);
#6371=AXIS2_PLACEMENT_3D('',#8993,#7300,#7301);
#6372=AXIS2_PLACEMENT_3D('',#8995,#7303,#7304);
#6373=AXIS2_PLACEMENT_3D('',#9000,#7308,#7309);
#6374=AXIS2_PLACEMENT_3D('',#9006,#7313,#7314);
#6375=AXIS2_PLACEMENT_3D('',#9008,#7316,#7317);
#6376=AXIS2_PLACEMENT_3D('',#9010,#7319,#7320);
#6377=AXIS2_PLACEMENT_3D('',#9011,#7321,#7322);
#6378=AXIS2_PLACEMENT_3D('',#9012,#7323,#7324);
#6379=AXIS2_PLACEMENT_3D('',#9018,#7328,#7329);
#6380=AXIS2_PLACEMENT_3D('',#9022,#7332,#7333);
#6381=AXIS2_PLACEMENT_3D('',#9026,#7336,#7337);
#6382=AXIS2_PLACEMENT_3D('',#9028,#7339,#7340);
#6383=AXIS2_PLACEMENT_3D('',#9029,#7341,#7342);
#6384=AXIS2_PLACEMENT_3D('',#9030,#7343,#7344);
#6385=AXIS2_PLACEMENT_3D('',#9039,#7349,#7350);
#6386=AXIS2_PLACEMENT_3D('',#9045,#7354,#7355);
#6387=AXIS2_PLACEMENT_3D('',#9049,#7358,#7359);
#6388=AXIS2_PLACEMENT_3D('',#9053,#7362,#7363);
#6389=AXIS2_PLACEMENT_3D('',#9055,#7365,#7366);
#6390=AXIS2_PLACEMENT_3D('',#9056,#7367,#7368);
#6391=AXIS2_PLACEMENT_3D('',#9059,#7371,#7372);
#6392=AXIS2_PLACEMENT_3D('',#9063,#7375,#7376);
#6393=AXIS2_PLACEMENT_3D('',#9067,#7379,#7380);
#6394=AXIS2_PLACEMENT_3D('',#9069,#7382,#7383);
#6395=AXIS2_PLACEMENT_3D('',#9070,#7384,#7385);
#6396=AXIS2_PLACEMENT_3D('',#9076,#7389,#7390);
#6397=AXIS2_PLACEMENT_3D('',#9080,#7393,#7394);
#6398=AXIS2_PLACEMENT_3D('',#9084,#7397,#7398);
#6399=AXIS2_PLACEMENT_3D('',#9086,#7400,#7401);
#6400=AXIS2_PLACEMENT_3D('',#9087,#7402,#7403);
#6401=AXIS2_PLACEMENT_3D('',#9091,#7406,#7407);
#6402=AXIS2_PLACEMENT_3D('',#9093,#7409,#7410);
#6403=AXIS2_PLACEMENT_3D('',#9094,#7411,#7412);
#6404=AXIS2_PLACEMENT_3D('',#9095,#7413,#7414);
#6405=AXIS2_PLACEMENT_3D('',#9144,#7439,#7440);
#6406=AXIS2_PLACEMENT_3D('',#9241,#7489,#7490);
#6407=AXIS2_PLACEMENT_3D('',#9260,#7501,#7502);
#6408=AXIS2_PLACEMENT_3D('',#9279,#7513,#7514);
#6409=AXIS2_PLACEMENT_3D('',#9280,#7515,#7516);
#6410=AXIS2_PLACEMENT_3D('',#9281,#7517,#7518);
#6411=AXIS2_PLACEMENT_3D('',#9287,#7522,#7523);
#6412=AXIS2_PLACEMENT_3D('',#9291,#7526,#7527);
#6413=AXIS2_PLACEMENT_3D('',#9295,#7530,#7531);
#6414=AXIS2_PLACEMENT_3D('',#9297,#7533,#7534);
#6415=AXIS2_PLACEMENT_3D('',#9298,#7535,#7536);
#6416=AXIS2_PLACEMENT_3D('',#9304,#7540,#7541);
#6417=AXIS2_PLACEMENT_3D('',#9308,#7544,#7545);
#6418=AXIS2_PLACEMENT_3D('',#9312,#7548,#7549);
#6419=AXIS2_PLACEMENT_3D('',#9314,#7551,#7552);
#6420=AXIS2_PLACEMENT_3D('',#9315,#7553,#7554);
#6421=AXIS2_PLACEMENT_3D('',#9321,#7558,#7559);
#6422=AXIS2_PLACEMENT_3D('',#9325,#7562,#7563);
#6423=AXIS2_PLACEMENT_3D('',#9329,#7566,#7567);
#6424=AXIS2_PLACEMENT_3D('',#9331,#7569,#7570);
#6425=AXIS2_PLACEMENT_3D('',#9332,#7571,#7572);
#6426=AXIS2_PLACEMENT_3D('',#9338,#7576,#7577);
#6427=AXIS2_PLACEMENT_3D('',#9342,#7580,#7581);
#6428=AXIS2_PLACEMENT_3D('',#9346,#7584,#7585);
#6429=AXIS2_PLACEMENT_3D('',#9348,#7587,#7588);
#6430=AXIS2_PLACEMENT_3D('',#9349,#7589,#7590);
#6431=AXIS2_PLACEMENT_3D('',#9355,#7594,#7595);
#6432=AXIS2_PLACEMENT_3D('',#9359,#7598,#7599);
#6433=AXIS2_PLACEMENT_3D('',#9363,#7602,#7603);
#6434=AXIS2_PLACEMENT_3D('',#9365,#7605,#7606);
#6435=AXIS2_PLACEMENT_3D('',#9366,#7607,#7608);
#6436=AXIS2_PLACEMENT_3D('',#9372,#7612,#7613);
#6437=AXIS2_PLACEMENT_3D('',#9376,#7616,#7617);
#6438=AXIS2_PLACEMENT_3D('',#9380,#7620,#7621);
#6439=AXIS2_PLACEMENT_3D('',#9382,#7623,#7624);
#6440=AXIS2_PLACEMENT_3D('',#9383,#7625,#7626);
#6441=AXIS2_PLACEMENT_3D('',#9392,#7631,#7632);
#6442=AXIS2_PLACEMENT_3D('',#9395,#7635,#7636);
#6443=AXIS2_PLACEMENT_3D('',#9398,#7639,#7640);
#6444=AXIS2_PLACEMENT_3D('',#9399,#7641,#7642);
#6445=AXIS2_PLACEMENT_3D('',#9408,#7647,#7648);
#6446=AXIS2_PLACEMENT_3D('',#9411,#7651,#7652);
#6447=AXIS2_PLACEMENT_3D('',#9414,#7655,#7656);
#6448=AXIS2_PLACEMENT_3D('',#9415,#7657,#7658);
#6449=AXIS2_PLACEMENT_3D('',#9416,#7659,#7660);
#6450=AXIS2_PLACEMENT_3D('',#9422,#7664,#7665);
#6451=AXIS2_PLACEMENT_3D('',#9426,#7668,#7669);
#6452=AXIS2_PLACEMENT_3D('',#9430,#7672,#7673);
#6453=AXIS2_PLACEMENT_3D('',#9432,#7675,#7676);
#6454=AXIS2_PLACEMENT_3D('',#9433,#7677,#7678);
#6455=AXIS2_PLACEMENT_3D('',#9439,#7682,#7683);
#6456=AXIS2_PLACEMENT_3D('',#9443,#7686,#7687);
#6457=AXIS2_PLACEMENT_3D('',#9447,#7690,#7691);
#6458=AXIS2_PLACEMENT_3D('',#9449,#7693,#7694);
#6459=AXIS2_PLACEMENT_3D('',#9450,#7695,#7696);
#6460=AXIS2_PLACEMENT_3D('',#9456,#7700,#7701);
#6461=AXIS2_PLACEMENT_3D('',#9460,#7704,#7705);
#6462=AXIS2_PLACEMENT_3D('',#9464,#7708,#7709);
#6463=AXIS2_PLACEMENT_3D('',#9466,#7711,#7712);
#6464=AXIS2_PLACEMENT_3D('',#9467,#7713,#7714);
#6465=AXIS2_PLACEMENT_3D('',#9473,#7718,#7719);
#6466=AXIS2_PLACEMENT_3D('',#9477,#7722,#7723);
#6467=AXIS2_PLACEMENT_3D('',#9481,#7726,#7727);
#6468=AXIS2_PLACEMENT_3D('',#9483,#7729,#7730);
#6469=AXIS2_PLACEMENT_3D('',#9484,#7731,#7732);
#6470=AXIS2_PLACEMENT_3D('',#9490,#7736,#7737);
#6471=AXIS2_PLACEMENT_3D('',#9494,#7740,#7741);
#6472=AXIS2_PLACEMENT_3D('',#9498,#7744,#7745);
#6473=AXIS2_PLACEMENT_3D('',#9500,#7747,#7748);
#6474=AXIS2_PLACEMENT_3D('',#9501,#7749,#7750);
#6475=AXIS2_PLACEMENT_3D('',#9507,#7754,#7755);
#6476=AXIS2_PLACEMENT_3D('',#9511,#7758,#7759);
#6477=AXIS2_PLACEMENT_3D('',#9515,#7762,#7763);
#6478=AXIS2_PLACEMENT_3D('',#9517,#7765,#7766);
#6479=AXIS2_PLACEMENT_3D('',#9518,#7767,#7768);
#6480=AXIS2_PLACEMENT_3D('',#9519,#7769,#7770);
#6481=AXIS2_PLACEMENT_3D('',#9525,#7774,#7775);
#6482=AXIS2_PLACEMENT_3D('',#9529,#7778,#7779);
#6483=AXIS2_PLACEMENT_3D('',#9533,#7782,#7783);
#6484=AXIS2_PLACEMENT_3D('',#9535,#7785,#7786);
#6485=AXIS2_PLACEMENT_3D('',#9536,#7787,#7788);
#6486=AXIS2_PLACEMENT_3D('',#9542,#7792,#7793);
#6487=AXIS2_PLACEMENT_3D('',#9546,#7796,#7797);
#6488=AXIS2_PLACEMENT_3D('',#9550,#7800,#7801);
#6489=AXIS2_PLACEMENT_3D('',#9552,#7803,#7804);
#6490=AXIS2_PLACEMENT_3D('',#9553,#7805,#7806);
#6491=AXIS2_PLACEMENT_3D('',#9559,#7810,#7811);
#6492=AXIS2_PLACEMENT_3D('',#9563,#7814,#7815);
#6493=AXIS2_PLACEMENT_3D('',#9567,#7818,#7819);
#6494=AXIS2_PLACEMENT_3D('',#9569,#7821,#7822);
#6495=AXIS2_PLACEMENT_3D('',#9570,#7823,#7824);
#6496=AXIS2_PLACEMENT_3D('',#9576,#7828,#7829);
#6497=AXIS2_PLACEMENT_3D('',#9580,#7832,#7833);
#6498=AXIS2_PLACEMENT_3D('',#9584,#7836,#7837);
#6499=AXIS2_PLACEMENT_3D('',#9586,#7839,#7840);
#6500=AXIS2_PLACEMENT_3D('',#9587,#7841,#7842);
#6501=AXIS2_PLACEMENT_3D('',#9593,#7846,#7847);
#6502=AXIS2_PLACEMENT_3D('',#9597,#7850,#7851);
#6503=AXIS2_PLACEMENT_3D('',#9601,#7854,#7855);
#6504=AXIS2_PLACEMENT_3D('',#9603,#7857,#7858);
#6505=AXIS2_PLACEMENT_3D('',#9604,#7859,#7860);
#6506=AXIS2_PLACEMENT_3D('',#9610,#7864,#7865);
#6507=AXIS2_PLACEMENT_3D('',#9614,#7868,#7869);
#6508=AXIS2_PLACEMENT_3D('',#9618,#7872,#7873);
#6509=AXIS2_PLACEMENT_3D('',#9620,#7875,#7876);
#6510=AXIS2_PLACEMENT_3D('',#9621,#7877,#7878);
#6511=AXIS2_PLACEMENT_3D('',#9622,#7879,#7880);
#6512=AXIS2_PLACEMENT_3D('',#9623,#7881,#7882);
#6513=AXIS2_PLACEMENT_3D('',#9625,#7883,#7884);
#6514=AXIS2_PLACEMENT_3D('',#9627,#7885,#7886);
#6515=AXIS2_PLACEMENT_3D('',#9628,#7887,#7888);
#6516=AXIS2_PLACEMENT_3D('',#9629,#7889,#7890);
#6517=AXIS2_PLACEMENT_3D('',#9630,#7891,#7892);
#6518=AXIS2_PLACEMENT_3D('',#9639,#7897,#7898);
#6519=AXIS2_PLACEMENT_3D('',#9645,#7902,#7903);
#6520=AXIS2_PLACEMENT_3D('',#9651,#7907,#7908);
#6521=AXIS2_PLACEMENT_3D('',#9652,#7909,#7910);
#6522=AXIS2_PLACEMENT_3D('',#9656,#7913,#7914);
#6523=AXIS2_PLACEMENT_3D('',#9657,#7915,#7916);
#6524=AXIS2_PLACEMENT_3D('',#9658,#7917,#7918);
#6525=AXIS2_PLACEMENT_3D('',#9659,#7919,#7920);
#6526=AXIS2_PLACEMENT_3D('',#9661,#7921,#7922);
#6527=AXIS2_PLACEMENT_3D('',#9663,#7923,#7924);
#6528=AXIS2_PLACEMENT_3D('',#9665,#7925,#7926);
#6529=AXIS2_PLACEMENT_3D('',#9666,#7927,#7928);
#6530=AXIS2_PLACEMENT_3D('',#9668,#7929,#7930);
#6531=AXIS2_PLACEMENT_3D('',#9669,#7931,#7932);
#6532=AXIS2_PLACEMENT_3D('',#9670,#7933,#7934);
#6533=AXIS2_PLACEMENT_3D('',#9671,#7935,#7936);
#6534=AXIS2_PLACEMENT_3D('',#9672,#7937,#7938);
#6535=AXIS2_PLACEMENT_3D('',#9673,#7939,#7940);
#6536=AXIS2_PLACEMENT_3D('',#9674,#7941,#7942);
#6537=AXIS2_PLACEMENT_3D('',#9683,#7947,#7948);
#6538=AXIS2_PLACEMENT_3D('',#9689,#7952,#7953);
#6539=AXIS2_PLACEMENT_3D('',#9695,#7957,#7958);
#6540=AXIS2_PLACEMENT_3D('',#9698,#7961,#7962);
#6541=AXIS2_PLACEMENT_3D('',#9699,#7963,#7964);
#6542=AXIS2_PLACEMENT_3D('',#9700,#7965,#7966);
#6543=AXIS2_PLACEMENT_3D('',#9701,#7967,#7968);
#6544=AXIS2_PLACEMENT_3D('',#9702,#7969,#7970);
#6545=AXIS2_PLACEMENT_3D('',#9711,#7975,#7976);
#6546=AXIS2_PLACEMENT_3D('',#9717,#7980,#7981);
#6547=AXIS2_PLACEMENT_3D('',#9723,#7985,#7986);
#6548=AXIS2_PLACEMENT_3D('',#9726,#7989,#7990);
#6549=AXIS2_PLACEMENT_3D('',#9727,#7991,#7992);
#6550=AXIS2_PLACEMENT_3D('',#9729,#7993,#7994);
#6551=AXIS2_PLACEMENT_3D('',#9730,#7995,#7996);
#6552=AXIS2_PLACEMENT_3D('',#9732,#7997,#7998);
#6553=AXIS2_PLACEMENT_3D('',#9733,#7999,#8000);
#6554=AXIS2_PLACEMENT_3D('',#9734,#8001,#8002);
#6555=AXIS2_PLACEMENT_3D('',#9735,#8003,#8004);
#6556=AXIS2_PLACEMENT_3D('',#9736,#8005,#8006);
#6557=AXIS2_PLACEMENT_3D('',#9737,#8007,#8008);
#6558=AXIS2_PLACEMENT_3D('',#9738,#8009,#8010);
#6559=AXIS2_PLACEMENT_3D('',#9739,#8011,#8012);
#6560=AXIS2_PLACEMENT_3D('',#9740,#8013,#8014);
#6561=AXIS2_PLACEMENT_3D('',#9741,#8015,#8016);
#6562=AXIS2_PLACEMENT_3D('',#9742,#8017,#8018);
#6563=AXIS2_PLACEMENT_3D('',#9743,#8019,#8020);
#6564=AXIS2_PLACEMENT_3D('',#9744,#8021,#8022);
#6565=AXIS2_PLACEMENT_3D('',#9745,#8023,#8024);
#6566=AXIS2_PLACEMENT_3D('',#9746,#8025,#8026);
#6567=AXIS2_PLACEMENT_3D('',#9747,#8027,#8028);
#6568=AXIS2_PLACEMENT_3D('',#9748,#8029,#8030);
#6569=AXIS2_PLACEMENT_3D('',#9749,#8031,#8032);
#6570=AXIS2_PLACEMENT_3D('',#9750,#8033,#8034);
#6571=AXIS2_PLACEMENT_3D('',#9759,#8039,#8040);
#6572=AXIS2_PLACEMENT_3D('',#9765,#8044,#8045);
#6573=AXIS2_PLACEMENT_3D('',#9771,#8049,#8050);
#6574=AXIS2_PLACEMENT_3D('',#9774,#8053,#8054);
#6575=AXIS2_PLACEMENT_3D('',#9775,#8055,#8056);
#6576=AXIS2_PLACEMENT_3D('',#9776,#8057,#8058);
#6577=AXIS2_PLACEMENT_3D('',#9777,#8059,#8060);
#6578=AXIS2_PLACEMENT_3D('',#9778,#8061,#8062);
#6579=AXIS2_PLACEMENT_3D('',#9779,#8063,#8064);
#6580=AXIS2_PLACEMENT_3D('',#9780,#8065,#8066);
#6581=AXIS2_PLACEMENT_3D('',#9781,#8067,#8068);
#6582=AXIS2_PLACEMENT_3D('',#9782,#8069,#8070);
#6583=AXIS2_PLACEMENT_3D('',#9783,#8071,#8072);
#6584=AXIS2_PLACEMENT_3D('',#9784,#8073,#8074);
#6585=AXIS2_PLACEMENT_3D('',#9785,#8075,#8076);
#6586=AXIS2_PLACEMENT_3D('',#9786,#8077,#8078);
#6587=AXIS2_PLACEMENT_3D('',#9787,#8079,#8080);
#6588=AXIS2_PLACEMENT_3D('',#9789,#8081,#8082);
#6589=AXIS2_PLACEMENT_3D('',#9791,#8083,#8084);
#6590=AXIS2_PLACEMENT_3D('',#9800,#8089,#8090);
#6591=AXIS2_PLACEMENT_3D('',#9806,#8094,#8095);
#6592=AXIS2_PLACEMENT_3D('',#9812,#8099,#8100);
#6593=AXIS2_PLACEMENT_3D('',#9815,#8103,#8104);
#6594=AXIS2_PLACEMENT_3D('',#9816,#8105,#8106);
#6595=AXIS2_PLACEMENT_3D('',#9818,#8107,#8108);
#6596=AXIS2_PLACEMENT_3D('',#9819,#8109,#8110);
#6597=AXIS2_PLACEMENT_3D('',#9820,#8111,#8112);
#6598=AXIS2_PLACEMENT_3D('',#9841,#8113,#8114);
#6599=AXIS2_PLACEMENT_3D('',#9842,#8115,#8116);
#6600=AXIS2_PLACEMENT_3D('',#9843,#8117,#8118);
#6601=AXIS2_PLACEMENT_3D('',#9844,#8119,#8120);
#6602=AXIS2_PLACEMENT_3D('',#9853,#8125,#8126);
#6603=AXIS2_PLACEMENT_3D('',#9859,#8130,#8131);
#6604=AXIS2_PLACEMENT_3D('',#9865,#8135,#8136);
#6605=AXIS2_PLACEMENT_3D('',#9868,#8139,#8140);
#6606=AXIS2_PLACEMENT_3D('',#9869,#8141,#8142);
#6607=AXIS2_PLACEMENT_3D('',#9870,#8143,#8144);
#6608=AXIS2_PLACEMENT_3D('',#9871,#8145,#8146);
#6609=AXIS2_PLACEMENT_3D('',#9872,#8147,#8148);
#6610=AXIS2_PLACEMENT_3D('',#9873,#8149,#8150);
#6611=AXIS2_PLACEMENT_3D('',#9874,#8151,#8152);
#6612=AXIS2_PLACEMENT_3D('',#9875,#8153,#8154);
#6613=AXIS2_PLACEMENT_3D('',#9876,#8155,#8156);
#6614=AXIS2_PLACEMENT_3D('',#9885,#8161,#8162);
#6615=AXIS2_PLACEMENT_3D('',#9891,#8166,#8167);
#6616=AXIS2_PLACEMENT_3D('',#9897,#8171,#8172);
#6617=AXIS2_PLACEMENT_3D('',#9900,#8175,#8176);
#6618=AXIS2_PLACEMENT_3D('',#9901,#8177,#8178);
#6619=AXIS2_PLACEMENT_3D('',#9903,#8179,#8180);
#6620=AXIS2_PLACEMENT_3D('',#9905,#8181,#8182);
#6621=AXIS2_PLACEMENT_3D('',#9906,#8183,#8184);
#6622=AXIS2_PLACEMENT_3D('',#9907,#8185,#8186);
#6623=AXIS2_PLACEMENT_3D('',#9909,#8187,#8188);
#6624=AXIS2_PLACEMENT_3D('',#9910,#8189,#8190);
#6625=AXIS2_PLACEMENT_3D('',#9911,#8191,#8192);
#6626=AXIS2_PLACEMENT_3D('',#9913,#8193,#8194);
#6627=AXIS2_PLACEMENT_3D('',#9914,#8195,#8196);
#6628=AXIS2_PLACEMENT_3D('',#9915,#8197,#8198);
#6629=AXIS2_PLACEMENT_3D('',#9916,#8199,#8200);
#6630=AXIS2_PLACEMENT_3D('',#9917,#8201,#8202);
#6631=AXIS2_PLACEMENT_3D('',#9918,#8203,#8204);
#6632=AXIS2_PLACEMENT_3D('',#9919,#8205,#8206);
#6633=DIRECTION('',(0.,0.,1.));
#6634=DIRECTION('',(1.,0.,0.));
#6635=DIRECTION('',(0.,1.,0.));
#6636=DIRECTION('',(0.,0.,1.));
#6637=DIRECTION('',(0.,-1.,0.));
#6638=DIRECTION('',(0.,0.,-1.));
#6639=DIRECTION('',(0.,-1.,0.));
#6640=DIRECTION('',(0.,0.,-1.));
#6641=DIRECTION('',(0.,-1.,0.));
#6642=DIRECTION('',(0.,0.,-1.));
#6643=DIRECTION('',(0.,-1.,0.));
#6644=DIRECTION('',(0.,0.,-1.));
#6645=DIRECTION('',(0.,-1.,0.));
#6646=DIRECTION('',(0.,0.,-1.));
#6647=DIRECTION('',(0.,0.,1.));
#6648=DIRECTION('',(0.,-1.,0.));
#6649=DIRECTION('',(0.,0.,-1.));
#6650=DIRECTION('',(0.,-1.,0.));
#6651=DIRECTION('',(0.,0.,-1.));
#6652=DIRECTION('',(0.,0.,1.));
#6653=DIRECTION('',(0.,-1.,0.));
#6654=DIRECTION('',(0.,0.,-1.));
#6655=DIRECTION('',(0.,-1.,0.));
#6656=DIRECTION('',(1.,0.,0.));
#6657=DIRECTION('',(0.,0.,-1.));
#6658=DIRECTION('',(1.,0.,0.));
#6659=DIRECTION('',(0.,-1.,0.));
#6660=DIRECTION('',(1.,0.,0.));
#6661=DIRECTION('',(1.,0.,0.));
#6662=DIRECTION('',(0.,0.,-1.));
#6663=DIRECTION('',(0.,-1.,0.));
#6664=DIRECTION('',(1.,0.,0.));
#6665=DIRECTION('',(0.,0.,-1.));
#6666=DIRECTION('',(1.,0.,0.));
#6667=DIRECTION('',(0.,-1.,0.));
#6668=DIRECTION('',(1.,0.,0.));
#6669=DIRECTION('',(1.,0.,0.));
#6670=DIRECTION('',(0.,0.,-1.));
#6671=DIRECTION('',(0.,0.,1.));
#6672=DIRECTION('',(1.,0.,0.));
#6673=DIRECTION('',(0.,1.,0.));
#6674=DIRECTION('',(1.,0.,0.));
#6675=DIRECTION('',(0.,1.,0.));
#6676=DIRECTION('',(1.,0.,0.));
#6677=DIRECTION('',(0.,0.,-1.));
#6678=DIRECTION('',(0.,1.,0.));
#6679=DIRECTION('',(0.,0.,-1.));
#6680=DIRECTION('',(0.,0.,1.));
#6681=DIRECTION('',(1.,0.,0.));
#6682=DIRECTION('',(0.,1.,0.));
#6683=DIRECTION('',(1.,0.,0.));
#6684=DIRECTION('',(1.,0.,0.));
#6685=DIRECTION('',(0.,0.,-1.));
#6686=DIRECTION('',(0.,0.,-1.));
#6687=DIRECTION('',(0.,-1.,0.));
#6688=DIRECTION('',(1.,0.,0.));
#6689=DIRECTION('',(0.,1.,0.));
#6690=DIRECTION('',(-1.,0.,0.));
#6691=DIRECTION('',(1.,0.,0.));
#6692=DIRECTION('',(0.,0.,1.));
#6693=DIRECTION('',(0.,1.,0.));
#6694=DIRECTION('',(-1.,0.,0.));
#6695=DIRECTION('',(0.,0.,1.));
#6696=DIRECTION('',(1.,0.,0.));
#6697=DIRECTION('',(0.,1.,0.));
#6698=DIRECTION('',(-1.,0.,0.));
#6699=DIRECTION('',(1.,0.,0.));
#6700=DIRECTION('',(0.,0.,1.));
#6701=DIRECTION('',(0.,0.,-1.));
#6702=DIRECTION('',(-1.,0.,0.));
#6703=DIRECTION('',(1.,0.,0.));
#6704=DIRECTION('',(0.,-1.,0.));
#6705=DIRECTION('',(1.,0.,0.));
#6706=DIRECTION('',(0.,-1.,0.));
#6707=DIRECTION('',(1.,0.,0.));
#6708=DIRECTION('',(0.,0.,-1.));
#6709=DIRECTION('',(0.,0.,1.));
#6710=DIRECTION('',(0.,-1.,0.));
#6711=DIRECTION('',(0.,0.,1.));
#6712=DIRECTION('',(0.,0.,-1.));
#6713=DIRECTION('',(-1.,0.,0.));
#6714=DIRECTION('',(0.,-1.,0.));
#6715=DIRECTION('',(1.,0.,0.));
#6716=DIRECTION('',(1.,0.,0.));
#6717=DIRECTION('',(0.,0.,-1.));
#6718=DIRECTION('',(0.,0.,1.));
#6719=DIRECTION('',(0.,1.,0.));
#6720=DIRECTION('',(-1.,0.,0.));
#6721=DIRECTION('',(0.,1.,0.));
#6722=DIRECTION('',(-1.,0.,0.));
#6723=DIRECTION('',(0.,0.,1.));
#6724=DIRECTION('',(1.,0.,0.));
#6725=DIRECTION('',(0.,0.,-1.));
#6726=DIRECTION('',(1.,0.,0.));
#6727=DIRECTION('',(1.,0.,0.));
#6728=DIRECTION('',(0.,1.,0.));
#6729=DIRECTION('',(1.,0.,0.));
#6730=DIRECTION('',(0.,1.,0.));
#6731=DIRECTION('',(1.,0.,0.));
#6732=DIRECTION('',(0.,-1.,0.));
#6733=DIRECTION('',(1.,0.,0.));
#6734=DIRECTION('',(0.,-1.,0.));
#6735=DIRECTION('',(0.,0.,1.));
#6736=DIRECTION('',(1.,0.,0.));
#6737=DIRECTION('',(0.,1.,0.));
#6738=DIRECTION('',(1.,0.,0.));
#6739=DIRECTION('',(-1.,0.,0.));
#6740=DIRECTION('',(1.,0.,0.));
#6741=DIRECTION('',(0.,-1.,0.));
#6742=DIRECTION('',(1.,0.,0.));
#6743=DIRECTION('',(0.,-1.,0.));
#6744=DIRECTION('',(1.,0.,0.));
#6745=DIRECTION('',(0.,1.,0.));
#6746=DIRECTION('',(1.,0.,0.));
#6747=DIRECTION('',(1.,0.,0.));
#6748=DIRECTION('',(0.,0.,-1.));
#6749=DIRECTION('',(0.,-1.,0.));
#6750=DIRECTION('',(0.,0.,1.));
#6751=DIRECTION('',(0.,1.,0.));
#6752=DIRECTION('',(0.,0.,1.));
#6753=DIRECTION('',(0.,0.,1.));
#6754=DIRECTION('',(1.,0.,0.));
#6755=DIRECTION('',(1.,0.,0.));
#6756=DIRECTION('',(0.,-1.,0.));
#6757=DIRECTION('',(1.,0.,0.));
#6758=DIRECTION('',(0.,-1.,0.));
#6759=DIRECTION('',(0.,0.,1.));
#6760=DIRECTION('',(1.,0.,0.));
#6761=DIRECTION('',(1.,0.,0.));
#6762=DIRECTION('',(0.,-1.,0.));
#6763=DIRECTION('',(1.,0.,0.));
#6764=DIRECTION('',(0.,-1.,0.));
#6765=DIRECTION('',(0.,0.,1.));
#6766=DIRECTION('',(1.,0.,0.));
#6767=DIRECTION('',(1.,0.,0.));
#6768=DIRECTION('',(0.,-1.,0.));
#6769=DIRECTION('',(1.,0.,0.));
#6770=DIRECTION('',(0.,-1.,0.));
#6771=DIRECTION('',(0.,0.,-1.));
#6772=DIRECTION('',(-1.,0.,0.));
#6773=DIRECTION('',(-1.,0.,0.));
#6774=DIRECTION('',(0.,1.,0.));
#6775=DIRECTION('',(-1.,0.,0.));
#6776=DIRECTION('',(0.,1.,0.));
#6777=DIRECTION('',(0.,1.,0.));
#6778=DIRECTION('',(-1.,0.,0.));
#6779=DIRECTION('',(0.,1.,0.));
#6780=DIRECTION('',(-1.,0.,0.));
#6781=DIRECTION('',(0.,1.,0.));
#6782=DIRECTION('',(-1.,0.,0.));
#6783=DIRECTION('',(0.,1.,0.));
#6784=DIRECTION('',(-1.,0.,0.));
#6785=DIRECTION('',(0.,1.,0.));
#6786=DIRECTION('',(-1.,0.,0.));
#6787=DIRECTION('',(0.,1.,0.));
#6788=DIRECTION('',(-1.,0.,0.));
#6789=DIRECTION('',(0.,0.,-1.));
#6790=DIRECTION('',(-1.,0.,0.));
#6791=DIRECTION('',(0.,1.,0.));
#6792=DIRECTION('',(-1.,0.,0.));
#6793=DIRECTION('',(0.,1.,0.));
#6794=DIRECTION('',(-1.,0.,0.));
#6795=DIRECTION('',(0.,1.,0.));
#6796=DIRECTION('',(-1.,0.,0.));
#6797=DIRECTION('',(0.,1.,0.));
#6798=DIRECTION('',(-1.,0.,0.));
#6799=DIRECTION('',(0.,1.,0.));
#6800=DIRECTION('',(-1.,0.,0.));
#6801=DIRECTION('',(0.,0.,-1.));
#6802=DIRECTION('',(-1.,0.,0.));
#6803=DIRECTION('',(0.,-1.,0.));
#6804=DIRECTION('',(-1.,0.,0.));
#6805=DIRECTION('',(0.,-1.,0.));
#6806=DIRECTION('',(-1.,0.,0.));
#6807=DIRECTION('',(0.,1.,0.));
#6808=DIRECTION('',(-1.,0.,0.));
#6809=DIRECTION('',(0.,-1.,0.));
#6810=DIRECTION('',(-1.,0.,0.));
#6811=DIRECTION('',(-1.,0.,0.));
#6812=DIRECTION('',(0.,-1.,0.));
#6813=DIRECTION('',(0.,0.,1.));
#6814=DIRECTION('',(0.,0.,-1.));
#6815=DIRECTION('',(-1.,0.,0.));
#6816=DIRECTION('',(0.,-1.,0.));
#6817=DIRECTION('',(0.,0.,-1.));
#6818=DIRECTION('',(0.,-1.,0.));
#6819=DIRECTION('',(0.,0.,1.));
#6820=DIRECTION('',(0.,-1.,0.));
#6821=DIRECTION('',(0.,0.,1.));
#6822=DIRECTION('',(0.,1.,0.));
#6823=DIRECTION('',(0.,0.,1.));
#6824=DIRECTION('',(0.,-1.,0.));
#6825=DIRECTION('',(0.,0.,1.));
#6826=DIRECTION('',(0.,-1.,0.));
#6827=DIRECTION('',(0.,0.,-1.));
#6828=DIRECTION('',(0.,-1.,0.));
#6829=DIRECTION('',(0.,1.,0.));
#6830=DIRECTION('',(0.,0.,1.));
#6831=DIRECTION('',(0.,0.,1.));
#6832=DIRECTION('',(-1.,0.,0.));
#6833=DIRECTION('',(1.,0.,0.));
#6834=DIRECTION('',(0.,0.,-1.));
#6835=DIRECTION('',(1.,0.,0.));
#6836=DIRECTION('',(0.,0.,1.));
#6837=DIRECTION('',(0.,0.,1.));
#6838=DIRECTION('',(0.,1.,0.));
#6839=DIRECTION('',(-1.,0.,0.));
#6840=DIRECTION('',(0.,0.,1.));
#6841=DIRECTION('',(-1.,0.,0.));
#6842=DIRECTION('',(0.,0.,-1.));
#6843=DIRECTION('',(-1.,0.,0.));
#6844=DIRECTION('',(0.,0.,-1.));
#6845=DIRECTION('',(-1.,0.,0.));
#6846=DIRECTION('',(0.,0.,1.));
#6847=DIRECTION('',(0.,0.,1.));
#6848=DIRECTION('',(-1.,0.,0.));
#6849=DIRECTION('',(0.,0.,-1.));
#6850=DIRECTION('',(-1.,0.,0.));
#6851=DIRECTION('',(0.,0.,1.));
#6852=DIRECTION('',(-1.,0.,0.));
#6853=DIRECTION('',(0.,0.,1.));
#6854=DIRECTION('',(-1.,0.,0.));
#6855=DIRECTION('',(1.,0.,0.));
#6856=DIRECTION('',(0.,0.,1.));
#6857=DIRECTION('',(1.,0.,0.));
#6858=DIRECTION('',(-1.,0.,0.));
#6859=DIRECTION('',(0.,0.,1.));
#6860=DIRECTION('',(0.,-1.,0.));
#6861=DIRECTION('',(0.,0.,-1.));
#6862=DIRECTION('',(0.,-1.,0.));
#6863=DIRECTION('',(-1.,0.,0.));
#6864=DIRECTION('',(0.,0.,1.));
#6865=DIRECTION('',(0.,0.,-1.));
#6866=DIRECTION('',(0.,-1.,0.));
#6867=DIRECTION('',(0.,-1.,0.));
#6868=DIRECTION('',(0.,0.,-1.));
#6869=DIRECTION('',(-1.,0.,0.));
#6870=DIRECTION('',(1.,0.,0.));
#6871=DIRECTION('',(0.,-1.,0.));
#6872=DIRECTION('',(1.,0.,0.));
#6873=DIRECTION('',(0.,0.,-1.));
#6874=DIRECTION('',(0.,1.,0.));
#6875=DIRECTION('',(0.,-1.,0.));
#6876=DIRECTION('',(0.,0.,1.));
#6877=DIRECTION('',(0.,1.,0.));
#6878=DIRECTION('',(-1.,0.,0.));
#6879=DIRECTION('',(1.,0.,0.));
#6880=DIRECTION('',(1.,0.,0.));
#6881=DIRECTION('',(-1.,0.,0.));
#6882=DIRECTION('',(1.,0.,0.));
#6883=DIRECTION('',(1.,0.,0.));
#6884=DIRECTION('',(0.,0.,1.));
#6885=DIRECTION('',(0.,0.,1.));
#6886=DIRECTION('',(1.,0.,0.));
#6887=DIRECTION('',(-1.,0.,0.));
#6888=DIRECTION('',(0.,-1.,0.));
#6889=DIRECTION('',(0.,1.,0.));
#6890=DIRECTION('',(-1.,0.,0.));
#6891=DIRECTION('',(-1.,0.,0.));
#6892=DIRECTION('',(0.,0.,1.));
#6893=DIRECTION('',(-1.,0.,0.));
#6894=DIRECTION('',(0.,0.,1.));
#6895=DIRECTION('',(0.,-1.,0.));
#6896=DIRECTION('',(0.,1.,0.));
#6897=DIRECTION('',(0.,0.,1.));
#6898=DIRECTION('',(0.,1.,0.));
#6899=DIRECTION('',(0.,0.,-1.));
#6900=DIRECTION('',(-1.,0.,0.));
#6901=DIRECTION('',(0.,-1.,0.));
#6902=DIRECTION('',(-1.,0.,0.));
#6903=DIRECTION('',(0.,-1.,0.));
#6904=DIRECTION('',(-1.,0.,0.));
#6905=DIRECTION('',(0.,0.,-1.));
#6906=DIRECTION('',(-1.,0.,0.));
#6907=DIRECTION('',(-1.,0.,0.));
#6908=DIRECTION('',(0.,-1.,0.));
#6909=DIRECTION('',(-1.,0.,0.));
#6910=DIRECTION('',(0.,-1.,0.));
#6911=DIRECTION('',(0.,1.,0.));
#6912=DIRECTION('',(0.,0.,1.));
#6913=DIRECTION('',(0.,0.,-1.));
#6914=DIRECTION('',(0.,1.,0.));
#6915=DIRECTION('',(0.,0.,1.));
#6916=DIRECTION('',(0.,0.,-1.));
#6917=DIRECTION('',(0.,0.,-1.));
#6918=DIRECTION('',(1.,0.,0.));
#6919=DIRECTION('',(0.,0.,-1.));
#6920=DIRECTION('',(0.,-1.,0.));
#6921=DIRECTION('',(0.,-1.,0.));
#6922=DIRECTION('',(0.,0.,-1.));
#6923=DIRECTION('',(0.,1.,0.));
#6924=DIRECTION('',(0.,0.,1.));
#6925=DIRECTION('',(0.,1.,0.));
#6926=DIRECTION('',(0.,0.,-1.));
#6927=DIRECTION('',(0.,1.,0.));
#6928=DIRECTION('',(0.,0.,1.));
#6929=DIRECTION('',(1.,0.,0.));
#6930=DIRECTION('',(1.,0.,0.));
#6931=DIRECTION('',(-1.,0.,0.));
#6932=DIRECTION('',(0.,0.,-1.));
#6933=DIRECTION('',(-1.,0.,0.));
#6934=DIRECTION('',(0.,0.,-1.));
#6935=DIRECTION('',(-1.,0.,0.));
#6936=DIRECTION('',(0.,0.,1.));
#6937=DIRECTION('',(1.,0.,0.));
#6938=DIRECTION('',(1.,0.,0.));
#6939=DIRECTION('',(0.,-1.,0.));
#6940=DIRECTION('',(1.,0.,0.));
#6941=DIRECTION('',(0.,-1.,0.));
#6942=DIRECTION('',(0.,-1.,0.));
#6943=DIRECTION('',(-1.,0.,0.));
#6944=DIRECTION('',(0.,1.,0.));
#6945=DIRECTION('',(1.,0.,0.));
#6946=DIRECTION('',(1.,0.,0.));
#6947=DIRECTION('',(0.,-1.,0.));
#6948=DIRECTION('',(1.,0.,0.));
#6949=DIRECTION('',(0.,-1.,0.));
#6950=DIRECTION('',(1.,0.,0.));
#6951=DIRECTION('',(0.,-1.,0.));
#6952=DIRECTION('',(1.,0.,0.));
#6953=DIRECTION('',(0.,-1.,0.));
#6954=DIRECTION('',(0.,0.,1.));
#6955=DIRECTION('',(1.,0.,0.));
#6956=DIRECTION('',(-1.,0.,0.));
#6957=DIRECTION('',(0.,1.,0.));
#6958=DIRECTION('',(0.,-1.,0.));
#6959=DIRECTION('',(0.,0.,-1.));
#6960=DIRECTION('',(-1.,0.,0.));
#6961=DIRECTION('',(0.,0.,-1.));
#6962=DIRECTION('',(-1.,0.,0.));
#6963=DIRECTION('',(0.,0.,1.));
#6964=DIRECTION('',(0.,0.,1.));
#6965=DIRECTION('',(1.,0.,0.));
#6966=DIRECTION('',(0.,-1.,0.));
#6967=DIRECTION('',(1.,0.,0.));
#6968=DIRECTION('',(0.,1.,0.));
#6969=DIRECTION('',(0.,1.,0.));
#6970=DIRECTION('',(1.,0.,0.));
#6971=DIRECTION('',(0.,0.,-1.));
#6972=DIRECTION('',(0.,-1.,0.));
#6973=DIRECTION('',(0.,0.,1.));
#6974=DIRECTION('',(1.,0.,0.));
#6975=DIRECTION('',(1.,0.,0.));
#6976=DIRECTION('',(0.,1.,0.));
#6977=DIRECTION('',(1.,0.,0.));
#6978=DIRECTION('',(0.,1.,0.));
#6979=DIRECTION('',(0.,0.,-1.));
#6980=DIRECTION('',(0.,-1.,0.));
#6981=DIRECTION('',(0.,0.,-1.));
#6982=DIRECTION('',(0.,0.,1.));
#6983=DIRECTION('',(1.,0.,0.));
#6984=DIRECTION('',(0.,0.,-1.));
#6985=DIRECTION('',(-1.,0.,0.));
#6986=DIRECTION('',(0.,-1.,0.));
#6987=DIRECTION('',(1.,0.,0.));
#6988=DIRECTION('',(0.,0.,-1.));
#6989=DIRECTION('',(0.,0.,-1.));
#6990=DIRECTION('',(1.,0.,0.));
#6991=DIRECTION('',(0.,-1.,0.));
#6992=DIRECTION('',(1.,0.,0.));
#6993=DIRECTION('',(0.,0.,-1.));
#6994=DIRECTION('',(0.,0.,-1.));
#6995=DIRECTION('',(-1.,0.,0.));
#6996=DIRECTION('',(-1.,0.,0.));
#6997=DIRECTION('',(0.,1.,0.));
#6998=DIRECTION('',(-1.,0.,0.));
#6999=DIRECTION('',(0.,0.,1.));
#7000=DIRECTION('',(1.,0.,0.));
#7001=DIRECTION('',(0.,1.,0.));
#7002=DIRECTION('',(-1.,0.,0.));
#7003=DIRECTION('',(0.,1.,0.));
#7004=DIRECTION('',(0.,0.,1.));
#7005=DIRECTION('',(1.,0.,0.));
#7006=DIRECTION('',(-1.,0.,0.));
#7007=DIRECTION('',(0.,0.,1.));
#7008=DIRECTION('',(0.,0.,1.));
#7009=DIRECTION('',(-1.,0.,0.));
#7010=DIRECTION('',(0.,0.,1.));
#7011=DIRECTION('',(0.,0.,1.));
#7012=DIRECTION('',(0.,0.,1.));
#7013=DIRECTION('',(0.,1.,0.));
#7014=DIRECTION('',(-1.,0.,0.));
#7015=DIRECTION('',(0.,-1.,0.));
#7016=DIRECTION('',(0.,0.,-1.));
#7017=DIRECTION('',(0.,0.,1.));
#7018=DIRECTION('',(0.,0.,1.));
#7019=DIRECTION('',(-1.,0.,0.));
#7020=DIRECTION('',(0.,-1.,0.));
#7021=DIRECTION('',(0.,0.,1.));
#7022=DIRECTION('',(0.,1.,0.));
#7023=DIRECTION('',(0.,0.,1.));
#7024=DIRECTION('',(0.,0.,-1.));
#7025=DIRECTION('',(1.,0.,0.));
#7026=DIRECTION('',(0.,0.,-1.));
#7027=DIRECTION('',(0.,0.,-1.));
#7028=DIRECTION('',(1.,0.,0.));
#7029=DIRECTION('',(0.,0.,-1.));
#7030=DIRECTION('',(0.,0.,-1.));
#7031=DIRECTION('',(0.,-1.,0.));
#7032=DIRECTION('',(0.,1.,0.));
#7033=DIRECTION('',(0.,0.,1.));
#7034=DIRECTION('',(0.,0.,-1.));
#7035=DIRECTION('',(0.,0.,-1.));
#7036=DIRECTION('',(1.,0.,0.));
#7037=DIRECTION('',(1.,0.,0.));
#7038=DIRECTION('',(0.,0.,-1.));
#7039=DIRECTION('',(0.,1.,0.));
#7040=DIRECTION('',(0.,0.,1.));
#7041=DIRECTION('',(0.,0.,-1.));
#7042=DIRECTION('',(1.,0.,0.));
#7043=DIRECTION('',(0.,0.,-1.));
#7044=DIRECTION('',(0.,0.,-1.));
#7045=DIRECTION('',(1.,0.,0.));
#7046=DIRECTION('',(0.,0.,-1.));
#7047=DIRECTION('',(0.,0.,-1.));
#7048=DIRECTION('',(0.,-1.,0.));
#7049=DIRECTION('',(0.,1.,0.));
#7050=DIRECTION('',(0.,0.,1.));
#7051=DIRECTION('',(0.,0.,-1.));
#7052=DIRECTION('',(0.,0.,-1.));
#7053=DIRECTION('',(1.,0.,0.));
#7054=DIRECTION('',(1.,0.,0.));
#7055=DIRECTION('',(0.,0.,-1.));
#7056=DIRECTION('',(1.,0.,0.));
#7057=DIRECTION('',(0.,0.,-1.));
#7058=DIRECTION('',(0.,0.,-1.));
#7059=DIRECTION('',(0.,-1.,0.));
#7060=DIRECTION('',(0.,0.,-1.));
#7061=DIRECTION('',(0.,1.,0.));
#7062=DIRECTION('',(0.,0.,1.));
#7063=DIRECTION('',(0.,0.,-1.));
#7064=DIRECTION('',(1.,0.,0.));
#7065=DIRECTION('',(0.,0.,-1.));
#7066=DIRECTION('',(1.,0.,0.));
#7067=DIRECTION('',(-1.,0.,0.));
#7068=DIRECTION('',(0.,0.,1.));
#7069=DIRECTION('',(0.,0.,-1.));
#7070=DIRECTION('',(0.,-1.,0.));
#7071=DIRECTION('',(0.,-1.,0.));
#7072=DIRECTION('',(0.,0.,-1.));
#7073=DIRECTION('',(1.,0.,0.));
#7074=DIRECTION('',(0.,0.,-1.));
#7075=DIRECTION('',(1.,0.,0.));
#7076=DIRECTION('',(0.,1.,0.));
#7077=DIRECTION('',(0.,0.,1.));
#7078=DIRECTION('',(0.,0.,-1.));
#7079=DIRECTION('',(1.,0.,0.));
#7080=DIRECTION('',(0.,0.,-1.));
#7081=DIRECTION('',(0.,0.,-1.));
#7082=DIRECTION('',(1.,0.,0.));
#7083=DIRECTION('',(0.,0.,-1.));
#7084=DIRECTION('',(0.,0.,-1.));
#7085=DIRECTION('',(0.,-1.,0.));
#7086=DIRECTION('',(0.,1.,0.));
#7087=DIRECTION('',(0.,0.,1.));
#7088=DIRECTION('',(0.,0.,-1.));
#7089=DIRECTION('',(0.,0.,-1.));
#7090=DIRECTION('',(1.,0.,0.));
#7091=DIRECTION('',(1.,0.,0.));
#7092=DIRECTION('',(0.,0.,-1.));
#7093=DIRECTION('',(0.,-1.,0.));
#7094=DIRECTION('',(0.,0.,-1.));
#7095=DIRECTION('',(0.,0.,1.));
#7096=DIRECTION('',(1.,0.,0.));
#7097=DIRECTION('',(0.,0.,1.));
#7098=DIRECTION('',(-1.,0.,0.));
#7099=DIRECTION('',(0.,0.,1.));
#7100=DIRECTION('',(0.,-1.,0.));
#7101=DIRECTION('',(0.,0.,1.));
#7102=DIRECTION('',(0.,-1.,0.));
#7103=DIRECTION('',(0.,0.,-1.));
#7104=DIRECTION('',(1.,0.,0.));
#7105=DIRECTION('',(0.,0.,1.));
#7106=DIRECTION('',(-1.,0.,0.));
#7107=DIRECTION('',(0.,0.,1.));
#7108=DIRECTION('',(0.,-1.,0.));
#7109=DIRECTION('',(0.,-1.,0.));
#7110=DIRECTION('',(0.,0.,-1.));
#7111=DIRECTION('',(0.,0.,1.));
#7112=DIRECTION('',(1.,0.,0.));
#7113=DIRECTION('',(0.,0.,1.));
#7114=DIRECTION('',(-1.,0.,0.));
#7115=DIRECTION('',(0.,0.,1.));
#7116=DIRECTION('',(0.,-1.,0.));
#7117=DIRECTION('',(0.,0.,1.));
#7118=DIRECTION('',(0.,-1.,0.));
#7119=DIRECTION('',(0.,0.,-1.));
#7120=DIRECTION('',(1.,0.,0.));
#7121=DIRECTION('',(0.,0.,1.));
#7122=DIRECTION('',(-1.,0.,0.));
#7123=DIRECTION('',(0.,0.,1.));
#7124=DIRECTION('',(0.,-1.,0.));
#7125=DIRECTION('',(0.,-1.,0.));
#7126=DIRECTION('',(0.,0.,-1.));
#7127=DIRECTION('',(0.,0.,1.));
#7128=DIRECTION('',(1.,0.,0.));
#7129=DIRECTION('',(0.,0.,1.));
#7130=DIRECTION('',(-1.,0.,0.));
#7131=DIRECTION('',(0.,0.,1.));
#7132=DIRECTION('',(0.,-1.,0.));
#7133=DIRECTION('',(0.,0.,1.));
#7134=DIRECTION('',(0.,-1.,0.));
#7135=DIRECTION('',(0.,0.,-1.));
#7136=DIRECTION('',(1.,0.,0.));
#7137=DIRECTION('',(0.,0.,1.));
#7138=DIRECTION('',(-1.,0.,0.));
#7139=DIRECTION('',(0.,0.,1.));
#7140=DIRECTION('',(0.,-1.,0.));
#7141=DIRECTION('',(0.,-1.,0.));
#7142=DIRECTION('',(0.,0.,-1.));
#7143=DIRECTION('',(0.,0.,1.));
#7144=DIRECTION('',(1.,0.,0.));
#7145=DIRECTION('',(0.,0.,1.));
#7146=DIRECTION('',(-1.,0.,0.));
#7147=DIRECTION('',(0.,0.,1.));
#7148=DIRECTION('',(0.,-1.,0.));
#7149=DIRECTION('',(0.,0.,1.));
#7150=DIRECTION('',(0.,-1.,0.));
#7151=DIRECTION('',(0.,0.,-1.));
#7152=DIRECTION('',(1.,0.,0.));
#7153=DIRECTION('',(0.,0.,1.));
#7154=DIRECTION('',(-1.,0.,0.));
#7155=DIRECTION('',(0.,0.,1.));
#7156=DIRECTION('',(0.,-1.,0.));
#7157=DIRECTION('',(0.,0.,1.));
#7158=DIRECTION('',(1.,0.,0.));
#7159=DIRECTION('',(0.,-1.,0.));
#7160=DIRECTION('',(1.,0.,0.));
#7161=DIRECTION('',(0.,0.,-1.));
#7162=DIRECTION('',(0.,0.,1.));
#7163=DIRECTION('',(1.,0.,0.));
#7164=DIRECTION('',(0.,-1.,0.));
#7165=DIRECTION('',(-1.,0.,0.));
#7166=DIRECTION('',(0.,-1.,0.));
#7167=DIRECTION('',(-1.,0.,0.));
#7168=DIRECTION('',(0.,0.,1.));
#7169=DIRECTION('',(1.,0.,0.));
#7170=DIRECTION('',(0.,1.,0.));
#7171=DIRECTION('',(1.,0.,0.));
#7172=DIRECTION('',(0.,1.,0.));
#7173=DIRECTION('',(1.,0.,0.));
#7174=DIRECTION('',(0.,0.,1.));
#7175=DIRECTION('',(1.,0.,0.));
#7176=DIRECTION('',(0.,-1.,0.));
#7177=DIRECTION('',(1.,0.,0.));
#7178=DIRECTION('',(0.,0.,-1.));
#7179=DIRECTION('',(0.,-1.,0.));
#7180=DIRECTION('',(0.,0.,1.));
#7181=DIRECTION('',(1.,0.,0.));
#7182=DIRECTION('',(0.,0.,1.));
#7183=DIRECTION('',(1.,0.,0.));
#7184=DIRECTION('',(0.,-1.,0.));
#7185=DIRECTION('',(1.,0.,0.));
#7186=DIRECTION('',(0.,0.,-1.));
#7187=DIRECTION('',(0.,0.,1.));
#7188=DIRECTION('',(1.,0.,0.));
#7189=DIRECTION('',(0.,1.,0.));
#7190=DIRECTION('',(1.,0.,0.));
#7191=DIRECTION('',(0.,1.,0.));
#7192=DIRECTION('',(1.,0.,0.));
#7193=DIRECTION('',(0.,0.,1.));
#7194=DIRECTION('',(1.,0.,0.));
#7195=DIRECTION('',(0.,-1.,0.));
#7196=DIRECTION('',(1.,0.,0.));
#7197=DIRECTION('',(0.,0.,-1.));
#7198=DIRECTION('',(0.,0.,1.));
#7199=DIRECTION('',(1.,0.,0.));
#7200=DIRECTION('',(0.,1.,0.));
#7201=DIRECTION('',(1.,0.,0.));
#7202=DIRECTION('',(0.,1.,0.));
#7203=DIRECTION('',(1.,0.,0.));
#7204=DIRECTION('',(0.,-1.,0.));
#7205=DIRECTION('',(0.,0.,-1.));
#7206=DIRECTION('',(0.,0.,1.));
#7207=DIRECTION('',(1.,0.,0.));
#7208=DIRECTION('',(0.,0.,1.));
#7209=DIRECTION('',(1.,0.,0.));
#7210=DIRECTION('',(0.,0.,-1.));
#7211=DIRECTION('',(0.,0.,1.));
#7212=DIRECTION('',(0.,1.,0.));
#7213=DIRECTION('',(0.,-1.,0.));
#7214=DIRECTION('',(0.,0.,-1.));
#7215=DIRECTION('',(0.,0.,1.));
#7216=DIRECTION('',(1.,0.,0.));
#7217=DIRECTION('',(1.,0.,0.));
#7218=DIRECTION('',(0.,0.,-1.));
#7219=DIRECTION('',(0.,-1.,0.));
#7220=DIRECTION('',(0.,0.,1.));
#7221=DIRECTION('',(0.,-1.,0.));
#7222=DIRECTION('',(0.,0.,1.));
#7223=DIRECTION('',(0.,1.,0.));
#7224=DIRECTION('',(0.,0.,-1.));
#7225=DIRECTION('',(1.,0.,0.));
#7226=DIRECTION('',(0.,-1.,0.));
#7227=DIRECTION('',(0.,0.,-1.));
#7228=DIRECTION('',(0.,0.,1.));
#7229=DIRECTION('',(1.,0.,0.));
#7230=DIRECTION('',(1.,0.,0.));
#7231=DIRECTION('',(1.,0.,0.));
#7232=DIRECTION('',(0.,0.,1.));
#7233=DIRECTION('',(1.,0.,0.));
#7234=DIRECTION('',(0.,0.,-1.));
#7235=DIRECTION('',(0.,0.,1.));
#7236=DIRECTION('',(0.,-1.,0.));
#7237=DIRECTION('',(0.,-1.,0.));
#7238=DIRECTION('',(0.,0.,-1.));
#7239=DIRECTION('',(0.,0.,1.));
#7240=DIRECTION('',(1.,0.,0.));
#7241=DIRECTION('',(1.,0.,0.));
#7242=DIRECTION('',(1.,0.,0.));
#7243=DIRECTION('',(1.,0.,0.));
#7244=DIRECTION('',(0.,0.,-1.));
#7245=DIRECTION('',(0.,1.,0.));
#7246=DIRECTION('',(0.,0.,-1.));
#7247=DIRECTION('',(1.,0.,0.));
#7248=DIRECTION('',(0.,-1.,0.));
#7249=DIRECTION('',(0.,0.,-1.));
#7250=DIRECTION('',(0.,0.,1.));
#7251=DIRECTION('',(1.,0.,0.));
#7252=DIRECTION('',(0.,0.,1.));
#7253=DIRECTION('',(1.,0.,0.));
#7254=DIRECTION('',(0.,0.,-1.));
#7255=DIRECTION('',(0.,0.,1.));
#7256=DIRECTION('',(0.,1.,0.));
#7257=DIRECTION('',(0.,-1.,0.));
#7258=DIRECTION('',(0.,0.,-1.));
#7259=DIRECTION('',(0.,0.,1.));
#7260=DIRECTION('',(1.,0.,0.));
#7261=DIRECTION('',(1.,0.,0.));
#7262=DIRECTION('',(0.,0.,-1.));
#7263=DIRECTION('',(0.,1.,0.));
#7264=DIRECTION('',(0.,0.,-1.));
#7265=DIRECTION('',(1.,0.,0.));
#7266=DIRECTION('',(0.,1.,0.));
#7267=DIRECTION('',(0.,0.,1.));
#7268=DIRECTION('',(1.,0.,0.));
#7269=DIRECTION('',(0.,0.,1.));
#7270=DIRECTION('',(0.,0.,1.));
#7271=DIRECTION('',(-1.,0.,0.));
#7272=DIRECTION('',(0.,0.,1.));
#7273=DIRECTION('',(0.,0.,1.));
#7274=DIRECTION('',(0.,0.,1.));
#7275=DIRECTION('',(0.,0.,1.));
#7276=DIRECTION('',(0.,-1.,0.));
#7277=DIRECTION('',(0.,1.,0.));
#7278=DIRECTION('',(0.,0.,1.));
#7279=DIRECTION('',(0.,0.,1.));
#7280=DIRECTION('',(1.,0.,0.));
#7281=DIRECTION('',(-1.,0.,0.));
#7282=DIRECTION('',(0.,0.,1.));
#7283=DIRECTION('',(0.,1.,0.));
#7284=DIRECTION('',(0.,0.,1.));
#7285=DIRECTION('',(1.,0.,0.));
#7286=DIRECTION('',(1.,0.,0.));
#7287=DIRECTION('',(0.,-1.,0.));
#7288=DIRECTION('',(1.,0.,0.));
#7289=DIRECTION('',(0.,-1.,0.));
#7290=DIRECTION('',(0.,0.,-1.));
#7291=DIRECTION('',(0.,0.,-1.));
#7292=DIRECTION('',(-1.,0.,0.));
#7293=DIRECTION('',(0.,0.,-1.));
#7294=DIRECTION('',(-1.,0.,0.));
#7295=DIRECTION('',(-1.,0.,0.));
#7296=DIRECTION('',(0.,0.,-1.));
#7297=DIRECTION('',(1.,0.,0.));
#7298=DIRECTION('',(0.,0.,-1.));
#7299=DIRECTION('',(0.,0.,-1.));
#7300=DIRECTION('',(0.,-1.,0.));
#7301=DIRECTION('',(0.,0.,-1.));
#7302=DIRECTION('',(0.,0.,-1.));
#7303=DIRECTION('',(-1.,0.,0.));
#7304=DIRECTION('',(0.,0.,1.));
#7305=DIRECTION('',(0.,-1.,0.));
#7306=DIRECTION('',(0.,-1.,0.));
#7307=DIRECTION('',(0.,0.,-1.));
#7308=DIRECTION('',(-1.,0.,0.));
#7309=DIRECTION('',(0.,0.,1.));
#7310=DIRECTION('',(0.,-1.,0.));
#7311=DIRECTION('',(0.,0.,-1.));
#7312=DIRECTION('',(0.,-1.,0.));
#7313=DIRECTION('',(0.,0.,1.));
#7314=DIRECTION('',(1.,0.,0.));
#7315=DIRECTION('',(-1.,0.,0.));
#7316=DIRECTION('',(0.,0.,1.));
#7317=DIRECTION('',(1.,0.,0.));
#7318=DIRECTION('',(-1.,0.,0.));
#7319=DIRECTION('',(0.,1.,0.));
#7320=DIRECTION('',(-1.,0.,0.));
#7321=DIRECTION('',(-1.,0.,0.));
#7322=DIRECTION('',(0.,-1.,0.));
#7323=DIRECTION('',(0.,0.,1.));
#7324=DIRECTION('',(1.,0.,0.));
#7325=DIRECTION('',(0.,-1.,0.));
#7326=DIRECTION('',(-1.,0.,0.));
#7327=DIRECTION('',(0.,-1.,0.));
#7328=DIRECTION('',(-1.,0.,0.));
#7329=DIRECTION('',(0.,0.,1.));
#7330=DIRECTION('',(0.,-1.,0.));
#7331=DIRECTION('',(0.,0.,-1.));
#7332=DIRECTION('',(0.,0.,1.));
#7333=DIRECTION('',(1.,0.,0.));
#7334=DIRECTION('',(0.,-1.,0.));
#7335=DIRECTION('',(-1.,0.,0.));
#7336=DIRECTION('',(-1.,0.,0.));
#7337=DIRECTION('',(0.,0.,1.));
#7338=DIRECTION('',(0.,0.,-1.));
#7339=DIRECTION('',(0.,1.,0.));
#7340=DIRECTION('',(-1.,0.,0.));
#7341=DIRECTION('',(0.,0.,1.));
#7342=DIRECTION('',(1.,0.,0.));
#7343=DIRECTION('',(0.,0.,1.));
#7344=DIRECTION('',(1.,0.,0.));
#7345=DIRECTION('',(0.,1.,0.));
#7346=DIRECTION('',(1.,0.,0.));
#7347=DIRECTION('',(0.,1.,0.));
#7348=DIRECTION('',(1.,0.,0.));
#7349=DIRECTION('',(0.,-1.,0.));
#7350=DIRECTION('',(0.,0.,-1.));
#7351=DIRECTION('',(0.,0.,1.));
#7352=DIRECTION('',(1.,0.,0.));
#7353=DIRECTION('',(0.,0.,1.));
#7354=DIRECTION('',(1.,0.,0.));
#7355=DIRECTION('',(0.,0.,-1.));
#7356=DIRECTION('',(0.,0.,1.));
#7357=DIRECTION('',(0.,1.,0.));
#7358=DIRECTION('',(0.,-1.,0.));
#7359=DIRECTION('',(0.,0.,-1.));
#7360=DIRECTION('',(0.,0.,1.));
#7361=DIRECTION('',(1.,0.,0.));
#7362=DIRECTION('',(1.,0.,0.));
#7363=DIRECTION('',(0.,0.,-1.));
#7364=DIRECTION('',(0.,1.,0.));
#7365=DIRECTION('',(0.,0.,-1.));
#7366=DIRECTION('',(1.,0.,0.));
#7367=DIRECTION('',(0.,-1.,0.));
#7368=DIRECTION('',(0.,0.,-1.));
#7369=DIRECTION('',(0.,0.,1.));
#7370=DIRECTION('',(0.,0.,1.));
#7371=DIRECTION('',(1.,0.,0.));
#7372=DIRECTION('',(0.,0.,-1.));
#7373=DIRECTION('',(0.,-1.,0.));
#7374=DIRECTION('',(0.,0.,1.));
#7375=DIRECTION('',(1.,0.,0.));
#7376=DIRECTION('',(0.,0.,-1.));
#7377=DIRECTION('',(0.,0.,1.));
#7378=DIRECTION('',(0.,-1.,0.));
#7379=DIRECTION('',(0.,0.,-1.));
#7380=DIRECTION('',(-1.,0.,0.));
#7381=DIRECTION('',(1.,0.,0.));
#7382=DIRECTION('',(0.,-1.,0.));
#7383=DIRECTION('',(0.,0.,-1.));
#7384=DIRECTION('',(-1.,0.,0.));
#7385=DIRECTION('',(0.,0.,1.));
#7386=DIRECTION('',(0.,0.,1.));
#7387=DIRECTION('',(0.,-1.,0.));
#7388=DIRECTION('',(0.,0.,1.));
#7389=DIRECTION('',(0.,-1.,0.));
#7390=DIRECTION('',(0.,0.,-1.));
#7391=DIRECTION('',(0.,0.,1.));
#7392=DIRECTION('',(1.,0.,0.));
#7393=DIRECTION('',(-1.,0.,0.));
#7394=DIRECTION('',(0.,0.,1.));
#7395=DIRECTION('',(0.,0.,1.));
#7396=DIRECTION('',(0.,-1.,0.));
#7397=DIRECTION('',(0.,-1.,0.));
#7398=DIRECTION('',(0.,0.,-1.));
#7399=DIRECTION('',(1.,0.,0.));
#7400=DIRECTION('',(0.,0.,-1.));
#7401=DIRECTION('',(1.,0.,0.));
#7402=DIRECTION('',(0.,1.,0.));
#7403=DIRECTION('',(0.,0.,1.));
#7404=DIRECTION('',(0.,0.,1.));
#7405=DIRECTION('',(-1.,0.,0.));
#7406=DIRECTION('',(-1.,0.,0.));
#7407=DIRECTION('',(0.,0.,1.));
#7408=DIRECTION('',(0.,-1.,0.));
#7409=DIRECTION('',(0.,0.,-1.));
#7410=DIRECTION('',(1.,0.,0.));
#7411=DIRECTION('',(-1.0563095311631E-8,1.00834439649827E-8,1.));
#7412=DIRECTION('',(0.999999999999999,-5.17803478685747E-8,1.05630958337552E-8));
#7413=DIRECTION('',(0.,0.,1.));
#7414=DIRECTION('',(1.,0.,0.));
#7415=DIRECTION('',(1.,0.,0.));
#7416=DIRECTION('',(0.,-1.,0.));
#7417=DIRECTION('',(1.,0.,0.));
#7418=DIRECTION('',(0.,-1.,0.));
#7419=DIRECTION('',(1.,0.,0.));
#7420=DIRECTION('',(0.,-1.,0.));
#7421=DIRECTION('',(1.,0.,0.));
#7422=DIRECTION('',(0.,-1.,0.));
#7423=DIRECTION('',(1.,0.,0.));
#7424=DIRECTION('',(0.,-1.,0.));
#7425=DIRECTION('',(1.,0.,0.));
#7426=DIRECTION('',(0.,-1.,0.));
#7427=DIRECTION('',(1.,0.,0.));
#7428=DIRECTION('',(0.,-1.,0.));
#7429=DIRECTION('',(1.,0.,0.));
#7430=DIRECTION('',(0.,-1.,0.));
#7431=DIRECTION('',(1.,0.,0.));
#7432=DIRECTION('',(0.,-1.,0.));
#7433=DIRECTION('',(1.,0.,0.));
#7434=DIRECTION('',(0.,-1.,0.));
#7435=DIRECTION('',(1.,0.,0.));
#7436=DIRECTION('',(0.,-1.,0.));
#7437=DIRECTION('',(1.,0.,0.));
#7438=DIRECTION('',(0.,-1.,0.));
#7439=DIRECTION('',(0.,0.,1.));
#7440=DIRECTION('',(1.,0.,0.));
#7441=DIRECTION('',(0.,1.,0.));
#7442=DIRECTION('',(1.,0.,0.));
#7443=DIRECTION('',(0.,1.,0.));
#7444=DIRECTION('',(1.,0.,0.));
#7445=DIRECTION('',(0.,1.,0.));
#7446=DIRECTION('',(1.,0.,0.));
#7447=DIRECTION('',(0.,1.,0.));
#7448=DIRECTION('',(1.,0.,0.));
#7449=DIRECTION('',(0.,1.,0.));
#7450=DIRECTION('',(1.,0.,0.));
#7451=DIRECTION('',(0.,1.,0.));
#7452=DIRECTION('',(1.,0.,0.));
#7453=DIRECTION('',(0.,1.,0.));
#7454=DIRECTION('',(1.,0.,0.));
#7455=DIRECTION('',(0.,1.,0.));
#7456=DIRECTION('',(1.,0.,0.));
#7457=DIRECTION('',(1.,0.,0.));
#7458=DIRECTION('',(0.,-1.,0.));
#7459=DIRECTION('',(1.,0.,0.));
#7460=DIRECTION('',(0.,-1.,0.));
#7461=DIRECTION('',(1.,0.,0.));
#7462=DIRECTION('',(0.,-1.,0.));
#7463=DIRECTION('',(1.,0.,0.));
#7464=DIRECTION('',(0.,-1.,0.));
#7465=DIRECTION('',(0.,1.,0.));
#7466=DIRECTION('',(-1.,0.,0.));
#7467=DIRECTION('',(0.,1.,0.));
#7468=DIRECTION('',(-1.,0.,0.));
#7469=DIRECTION('',(1.,0.,0.));
#7470=DIRECTION('',(0.,-1.,0.));
#7471=DIRECTION('',(1.,0.,0.));
#7472=DIRECTION('',(0.,-1.,0.));
#7473=DIRECTION('',(0.,-1.,0.));
#7474=DIRECTION('',(1.,0.,0.));
#7475=DIRECTION('',(0.,-1.,0.));
#7476=DIRECTION('',(1.,0.,0.));
#7477=DIRECTION('',(0.,-1.,0.));
#7478=DIRECTION('',(1.,0.,0.));
#7479=DIRECTION('',(0.,-1.,0.));
#7480=DIRECTION('',(1.,0.,0.));
#7481=DIRECTION('',(0.,-1.,0.));
#7482=DIRECTION('',(1.,0.,0.));
#7483=DIRECTION('',(0.,-1.,0.));
#7484=DIRECTION('',(1.,0.,0.));
#7485=DIRECTION('',(0.,1.,0.));
#7486=DIRECTION('',(-1.,0.,0.));
#7487=DIRECTION('',(0.,1.,0.));
#7488=DIRECTION('',(-1.,0.,0.));
#7489=DIRECTION('',(1.,0.,0.));
#7490=DIRECTION('',(0.,0.,-1.));
#7491=DIRECTION('',(0.,0.,-1.));
#7492=DIRECTION('',(0.,0.,-1.));
#7493=DIRECTION('',(0.,-1.,0.));
#7494=DIRECTION('',(0.,0.,-1.));
#7495=DIRECTION('',(0.,-1.,0.));
#7496=DIRECTION('',(0.,0.,-1.));
#7497=DIRECTION('',(0.,-1.,0.));
#7498=DIRECTION('',(0.,0.,-1.));
#7499=DIRECTION('',(0.,-1.,0.));
#7500=DIRECTION('',(0.,0.,-1.));
#7501=DIRECTION('',(1.,0.,0.));
#7502=DIRECTION('',(0.,0.,-1.));
#7503=DIRECTION('',(0.,1.,0.));
#7504=DIRECTION('',(0.,0.,-1.));
#7505=DIRECTION('',(0.,1.,0.));
#7506=DIRECTION('',(0.,0.,-1.));
#7507=DIRECTION('',(0.,0.,-1.));
#7508=DIRECTION('',(0.,0.,-1.));
#7509=DIRECTION('',(0.,1.,0.));
#7510=DIRECTION('',(0.,0.,-1.));
#7511=DIRECTION('',(0.,1.,0.));
#7512=DIRECTION('',(0.,0.,-1.));
#7513=DIRECTION('',(0.,1.,0.));
#7514=DIRECTION('',(0.,0.,1.));
#7515=DIRECTION('',(0.,1.,0.));
#7516=DIRECTION('',(0.,0.,1.));
#7517=DIRECTION('',(0.,1.,0.));
#7518=DIRECTION('',(0.,0.,1.));
#7519=DIRECTION('',(0.,0.,-1.));
#7520=DIRECTION('',(1.,0.,0.));
#7521=DIRECTION('',(0.,0.,-1.));
#7522=DIRECTION('',(1.,0.,0.));
#7523=DIRECTION('',(0.,0.,-1.));
#7524=DIRECTION('',(0.,0.,-1.));
#7525=DIRECTION('',(0.,-1.,0.));
#7526=DIRECTION('',(0.,1.,0.));
#7527=DIRECTION('',(0.,0.,1.));
#7528=DIRECTION('',(0.,0.,-1.));
#7529=DIRECTION('',(1.,0.,0.));
#7530=DIRECTION('',(1.,0.,0.));
#7531=DIRECTION('',(0.,0.,-1.));
#7532=DIRECTION('',(0.,-1.,0.));
#7533=DIRECTION('',(0.,0.,1.));
#7534=DIRECTION('',(1.,0.,0.));
#7535=DIRECTION('',(0.,1.,0.));
#7536=DIRECTION('',(0.,0.,1.));
#7537=DIRECTION('',(0.,0.,-1.));
#7538=DIRECTION('',(1.,0.,0.));
#7539=DIRECTION('',(0.,0.,-1.));
#7540=DIRECTION('',(1.,0.,0.));
#7541=DIRECTION('',(0.,0.,-1.));
#7542=DIRECTION('',(0.,0.,-1.));
#7543=DIRECTION('',(0.,-1.,0.));
#7544=DIRECTION('',(0.,1.,0.));
#7545=DIRECTION('',(0.,0.,1.));
#7546=DIRECTION('',(0.,0.,-1.));
#7547=DIRECTION('',(1.,0.,0.));
#7548=DIRECTION('',(1.,0.,0.));
#7549=DIRECTION('',(0.,0.,-1.));
#7550=DIRECTION('',(0.,-1.,0.));
#7551=DIRECTION('',(0.,0.,1.));
#7552=DIRECTION('',(1.,0.,0.));
#7553=DIRECTION('',(0.,1.,0.));
#7554=DIRECTION('',(0.,0.,1.));
#7555=DIRECTION('',(0.,0.,-1.));
#7556=DIRECTION('',(1.,0.,0.));
#7557=DIRECTION('',(0.,0.,-1.));
#7558=DIRECTION('',(1.,0.,0.));
#7559=DIRECTION('',(0.,0.,-1.));
#7560=DIRECTION('',(0.,0.,-1.));
#7561=DIRECTION('',(0.,-1.,0.));
#7562=DIRECTION('',(0.,1.,0.));
#7563=DIRECTION('',(0.,0.,1.));
#7564=DIRECTION('',(0.,0.,-1.));
#7565=DIRECTION('',(1.,0.,0.));
#7566=DIRECTION('',(1.,0.,0.));
#7567=DIRECTION('',(0.,0.,-1.));
#7568=DIRECTION('',(0.,-1.,0.));
#7569=DIRECTION('',(0.,0.,1.));
#7570=DIRECTION('',(1.,0.,0.));
#7571=DIRECTION('',(0.,-1.,0.));
#7572=DIRECTION('',(0.,0.,-1.));
#7573=DIRECTION('',(0.,0.,1.));
#7574=DIRECTION('',(0.,0.,1.));
#7575=DIRECTION('',(1.,0.,0.));
#7576=DIRECTION('',(-1.,0.,0.));
#7577=DIRECTION('',(0.,0.,1.));
#7578=DIRECTION('',(0.,-1.,0.));
#7579=DIRECTION('',(0.,0.,1.));
#7580=DIRECTION('',(0.,-1.,0.));
#7581=DIRECTION('',(0.,0.,-1.));
#7582=DIRECTION('',(1.,0.,0.));
#7583=DIRECTION('',(0.,0.,1.));
#7584=DIRECTION('',(-1.,0.,0.));
#7585=DIRECTION('',(0.,0.,1.));
#7586=DIRECTION('',(0.,-1.,0.));
#7587=DIRECTION('',(0.,0.,1.));
#7588=DIRECTION('',(1.,0.,0.));
#7589=DIRECTION('',(0.,-1.,0.));
#7590=DIRECTION('',(0.,0.,-1.));
#7591=DIRECTION('',(0.,0.,1.));
#7592=DIRECTION('',(0.,0.,1.));
#7593=DIRECTION('',(1.,0.,0.));
#7594=DIRECTION('',(-1.,0.,0.));
#7595=DIRECTION('',(0.,0.,1.));
#7596=DIRECTION('',(0.,-1.,0.));
#7597=DIRECTION('',(0.,0.,1.));
#7598=DIRECTION('',(0.,-1.,0.));
#7599=DIRECTION('',(0.,0.,-1.));
#7600=DIRECTION('',(1.,0.,0.));
#7601=DIRECTION('',(0.,0.,1.));
#7602=DIRECTION('',(-1.,0.,0.));
#7603=DIRECTION('',(0.,0.,1.));
#7604=DIRECTION('',(0.,-1.,0.));
#7605=DIRECTION('',(0.,0.,1.));
#7606=DIRECTION('',(1.,0.,0.));
#7607=DIRECTION('',(0.,-1.,0.));
#7608=DIRECTION('',(0.,0.,-1.));
#7609=DIRECTION('',(0.,0.,1.));
#7610=DIRECTION('',(0.,0.,1.));
#7611=DIRECTION('',(1.,0.,0.));
#7612=DIRECTION('',(-1.,0.,0.));
#7613=DIRECTION('',(0.,0.,1.));
#7614=DIRECTION('',(0.,-1.,0.));
#7615=DIRECTION('',(0.,0.,1.));
#7616=DIRECTION('',(0.,-1.,0.));
#7617=DIRECTION('',(0.,0.,-1.));
#7618=DIRECTION('',(1.,0.,0.));
#7619=DIRECTION('',(0.,0.,1.));
#7620=DIRECTION('',(-1.,0.,0.));
#7621=DIRECTION('',(0.,0.,1.));
#7622=DIRECTION('',(0.,-1.,0.));
#7623=DIRECTION('',(0.,0.,1.));
#7624=DIRECTION('',(1.,0.,0.));
#7625=DIRECTION('',(0.,0.,1.));
#7626=DIRECTION('',(1.,0.,0.));
#7627=DIRECTION('',(-1.,0.,0.));
#7628=DIRECTION('',(0.,1.,0.));
#7629=DIRECTION('',(-1.,0.,0.));
#7630=DIRECTION('',(0.,1.,0.));
#7631=DIRECTION('',(0.,-1.,0.));
#7632=DIRECTION('',(0.,0.,-1.));
#7633=DIRECTION('',(0.,0.,-1.));
#7634=DIRECTION('',(0.,0.,1.));
#7635=DIRECTION('',(0.,-1.,0.));
#7636=DIRECTION('',(0.,0.,-1.));
#7637=DIRECTION('',(0.,0.,-1.));
#7638=DIRECTION('',(0.,0.,1.));
#7639=DIRECTION('',(1.,0.,0.));
#7640=DIRECTION('',(0.,0.,-1.));
#7641=DIRECTION('',(0.,0.,1.));
#7642=DIRECTION('',(1.,0.,0.));
#7643=DIRECTION('',(-1.,0.,0.));
#7644=DIRECTION('',(0.,1.,0.));
#7645=DIRECTION('',(-1.,0.,0.));
#7646=DIRECTION('',(0.,1.,0.));
#7647=DIRECTION('',(0.,-1.,0.));
#7648=DIRECTION('',(0.,0.,-1.));
#7649=DIRECTION('',(0.,0.,1.));
#7650=DIRECTION('',(0.,0.,1.));
#7651=DIRECTION('',(0.,-1.,0.));
#7652=DIRECTION('',(0.,0.,-1.));
#7653=DIRECTION('',(0.,0.,1.));
#7654=DIRECTION('',(0.,0.,1.));
#7655=DIRECTION('',(1.,0.,0.));
#7656=DIRECTION('',(0.,0.,-1.));
#7657=DIRECTION('',(1.,0.,0.));
#7658=DIRECTION('',(0.,0.,-1.));
#7659=DIRECTION('',(0.,0.,-1.));
#7660=DIRECTION('',(-1.,0.,0.));
#7661=DIRECTION('',(1.,0.,0.));
#7662=DIRECTION('',(1.,0.,0.));
#7663=DIRECTION('',(0.,1.,0.));
#7664=DIRECTION('',(0.,-1.,0.));
#7665=DIRECTION('',(0.,0.,-1.));
#7666=DIRECTION('',(0.,0.,-1.));
#7667=DIRECTION('',(1.,0.,0.));
#7668=DIRECTION('',(0.,0.,-1.));
#7669=DIRECTION('',(-1.,0.,0.));
#7670=DIRECTION('',(0.,1.,0.));
#7671=DIRECTION('',(1.,0.,0.));
#7672=DIRECTION('',(0.,-1.,0.));
#7673=DIRECTION('',(0.,0.,-1.));
#7674=DIRECTION('',(0.,0.,-1.));
#7675=DIRECTION('',(1.,0.,0.));
#7676=DIRECTION('',(0.,1.,0.));
#7677=DIRECTION('',(0.,0.,-1.));
#7678=DIRECTION('',(-1.,0.,0.));
#7679=DIRECTION('',(1.,0.,0.));
#7680=DIRECTION('',(1.,0.,0.));
#7681=DIRECTION('',(0.,1.,0.));
#7682=DIRECTION('',(0.,-1.,0.));
#7683=DIRECTION('',(0.,0.,-1.));
#7684=DIRECTION('',(0.,0.,-1.));
#7685=DIRECTION('',(1.,0.,0.));
#7686=DIRECTION('',(0.,0.,-1.));
#7687=DIRECTION('',(-1.,0.,0.));
#7688=DIRECTION('',(0.,1.,0.));
#7689=DIRECTION('',(1.,0.,0.));
#7690=DIRECTION('',(0.,-1.,0.));
#7691=DIRECTION('',(0.,0.,-1.));
#7692=DIRECTION('',(0.,0.,-1.));
#7693=DIRECTION('',(1.,0.,0.));
#7694=DIRECTION('',(0.,1.,0.));
#7695=DIRECTION('',(0.,1.,0.));
#7696=DIRECTION('',(0.,0.,1.));
#7697=DIRECTION('',(-1.,0.,0.));
#7698=DIRECTION('',(0.,0.,-1.));
#7699=DIRECTION('',(-1.,0.,0.));
#7700=DIRECTION('',(0.,0.,-1.));
#7701=DIRECTION('',(-1.,0.,0.));
#7702=DIRECTION('',(-1.,0.,0.));
#7703=DIRECTION('',(0.,-1.,0.));
#7704=DIRECTION('',(0.,1.,0.));
#7705=DIRECTION('',(0.,0.,1.));
#7706=DIRECTION('',(-1.,0.,0.));
#7707=DIRECTION('',(0.,0.,-1.));
#7708=DIRECTION('',(0.,0.,-1.));
#7709=DIRECTION('',(-1.,0.,0.));
#7710=DIRECTION('',(0.,-1.,0.));
#7711=DIRECTION('',(1.,0.,0.));
#7712=DIRECTION('',(0.,1.,0.));
#7713=DIRECTION('',(0.,1.,0.));
#7714=DIRECTION('',(0.,0.,1.));
#7715=DIRECTION('',(-1.,0.,0.));
#7716=DIRECTION('',(0.,0.,-1.));
#7717=DIRECTION('',(-1.,0.,0.));
#7718=DIRECTION('',(0.,0.,-1.));
#7719=DIRECTION('',(-1.,0.,0.));
#7720=DIRECTION('',(-1.,0.,0.));
#7721=DIRECTION('',(0.,-1.,0.));
#7722=DIRECTION('',(0.,1.,0.));
#7723=DIRECTION('',(0.,0.,1.));
#7724=DIRECTION('',(-1.,0.,0.));
#7725=DIRECTION('',(0.,0.,-1.));
#7726=DIRECTION('',(0.,0.,-1.));
#7727=DIRECTION('',(-1.,0.,0.));
#7728=DIRECTION('',(0.,-1.,0.));
#7729=DIRECTION('',(1.,0.,0.));
#7730=DIRECTION('',(0.,1.,0.));
#7731=DIRECTION('',(0.,1.,0.));
#7732=DIRECTION('',(0.,0.,1.));
#7733=DIRECTION('',(0.,0.,-1.));
#7734=DIRECTION('',(1.,0.,0.));
#7735=DIRECTION('',(0.,0.,-1.));
#7736=DIRECTION('',(1.,0.,0.));
#7737=DIRECTION('',(0.,0.,-1.));
#7738=DIRECTION('',(0.,0.,-1.));
#7739=DIRECTION('',(0.,-1.,0.));
#7740=DIRECTION('',(0.,1.,0.));
#7741=DIRECTION('',(0.,0.,1.));
#7742=DIRECTION('',(0.,0.,-1.));
#7743=DIRECTION('',(1.,0.,0.));
#7744=DIRECTION('',(1.,0.,0.));
#7745=DIRECTION('',(0.,0.,-1.));
#7746=DIRECTION('',(0.,-1.,0.));
#7747=DIRECTION('',(0.,0.,1.));
#7748=DIRECTION('',(1.,0.,0.));
#7749=DIRECTION('',(0.,1.,0.));
#7750=DIRECTION('',(0.,0.,1.));
#7751=DIRECTION('',(0.,0.,-1.));
#7752=DIRECTION('',(1.,0.,0.));
#7753=DIRECTION('',(0.,0.,-1.));
#7754=DIRECTION('',(1.,0.,0.));
#7755=DIRECTION('',(0.,0.,-1.));
#7756=DIRECTION('',(0.,0.,-1.));
#7757=DIRECTION('',(0.,-1.,0.));
#7758=DIRECTION('',(0.,1.,0.));
#7759=DIRECTION('',(0.,0.,1.));
#7760=DIRECTION('',(0.,0.,-1.));
#7761=DIRECTION('',(1.,0.,0.));
#7762=DIRECTION('',(1.,0.,0.));
#7763=DIRECTION('',(0.,0.,-1.));
#7764=DIRECTION('',(0.,-1.,0.));
#7765=DIRECTION('',(0.,0.,1.));
#7766=DIRECTION('',(1.,0.,0.));
#7767=DIRECTION('',(-1.,0.,0.));
#7768=DIRECTION('',(0.,0.,1.));
#7769=DIRECTION('',(-1.,0.,0.));
#7770=DIRECTION('',(0.,0.,1.));
#7771=DIRECTION('',(0.,0.,-1.));
#7772=DIRECTION('',(0.,1.,0.));
#7773=DIRECTION('',(0.,0.,-1.));
#7774=DIRECTION('',(0.,1.,0.));
#7775=DIRECTION('',(0.,0.,1.));
#7776=DIRECTION('',(0.,0.,-1.));
#7777=DIRECTION('',(1.,0.,0.));
#7778=DIRECTION('',(-1.,0.,0.));
#7779=DIRECTION('',(0.,0.,1.));
#7780=DIRECTION('',(0.,0.,-1.));
#7781=DIRECTION('',(0.,1.,0.));
#7782=DIRECTION('',(0.,1.,0.));
#7783=DIRECTION('',(0.,0.,1.));
#7784=DIRECTION('',(1.,0.,0.));
#7785=DIRECTION('',(0.,0.,1.));
#7786=DIRECTION('',(1.,0.,0.));
#7787=DIRECTION('',(-1.,0.,0.));
#7788=DIRECTION('',(0.,0.,1.));
#7789=DIRECTION('',(0.,0.,-1.));
#7790=DIRECTION('',(0.,1.,0.));
#7791=DIRECTION('',(0.,0.,-1.));
#7792=DIRECTION('',(0.,1.,0.));
#7793=DIRECTION('',(0.,0.,1.));
#7794=DIRECTION('',(0.,0.,-1.));
#7795=DIRECTION('',(1.,0.,0.));
#7796=DIRECTION('',(-1.,0.,0.));
#7797=DIRECTION('',(0.,0.,1.));
#7798=DIRECTION('',(0.,0.,-1.));
#7799=DIRECTION('',(0.,1.,0.));
#7800=DIRECTION('',(0.,1.,0.));
#7801=DIRECTION('',(0.,0.,1.));
#7802=DIRECTION('',(1.,0.,0.));
#7803=DIRECTION('',(0.,0.,1.));
#7804=DIRECTION('',(1.,0.,0.));
#7805=DIRECTION('',(-1.,0.,0.));
#7806=DIRECTION('',(0.,0.,1.));
#7807=DIRECTION('',(0.,0.,-1.));
#7808=DIRECTION('',(0.,1.,0.));
#7809=DIRECTION('',(0.,0.,-1.));
#7810=DIRECTION('',(0.,1.,0.));
#7811=DIRECTION('',(0.,0.,1.));
#7812=DIRECTION('',(0.,0.,-1.));
#7813=DIRECTION('',(1.,0.,0.));
#7814=DIRECTION('',(-1.,0.,0.));
#7815=DIRECTION('',(0.,0.,1.));
#7816=DIRECTION('',(0.,0.,-1.));
#7817=DIRECTION('',(0.,1.,0.));
#7818=DIRECTION('',(0.,1.,0.));
#7819=DIRECTION('',(0.,0.,1.));
#7820=DIRECTION('',(1.,0.,0.));
#7821=DIRECTION('',(0.,0.,1.));
#7822=DIRECTION('',(1.,0.,0.));
#7823=DIRECTION('',(-1.,0.,0.));
#7824=DIRECTION('',(0.,0.,1.));
#7825=DIRECTION('',(0.,0.,-1.));
#7826=DIRECTION('',(0.,1.,0.));
#7827=DIRECTION('',(0.,0.,-1.));
#7828=DIRECTION('',(0.,1.,0.));
#7829=DIRECTION('',(0.,0.,1.));
#7830=DIRECTION('',(0.,0.,-1.));
#7831=DIRECTION('',(1.,0.,0.));
#7832=DIRECTION('',(-1.,0.,0.));
#7833=DIRECTION('',(0.,0.,1.));
#7834=DIRECTION('',(0.,0.,-1.));
#7835=DIRECTION('',(0.,1.,0.));
#7836=DIRECTION('',(0.,1.,0.));
#7837=DIRECTION('',(0.,0.,1.));
#7838=DIRECTION('',(1.,0.,0.));
#7839=DIRECTION('',(0.,0.,1.));
#7840=DIRECTION('',(1.,0.,0.));
#7841=DIRECTION('',(0.,-1.,0.));
#7842=DIRECTION('',(0.,0.,-1.));
#7843=DIRECTION('',(0.,0.,1.));
#7844=DIRECTION('',(0.,0.,1.));
#7845=DIRECTION('',(1.,0.,0.));
#7846=DIRECTION('',(-1.,0.,0.));
#7847=DIRECTION('',(0.,0.,1.));
#7848=DIRECTION('',(0.,-1.,0.));
#7849=DIRECTION('',(0.,0.,1.));
#7850=DIRECTION('',(0.,-1.,0.));
#7851=DIRECTION('',(0.,0.,-1.));
#7852=DIRECTION('',(1.,0.,0.));
#7853=DIRECTION('',(0.,0.,1.));
#7854=DIRECTION('',(-1.,0.,0.));
#7855=DIRECTION('',(0.,0.,1.));
#7856=DIRECTION('',(0.,-1.,0.));
#7857=DIRECTION('',(0.,0.,1.));
#7858=DIRECTION('',(1.,0.,0.));
#7859=DIRECTION('',(0.,-1.,0.));
#7860=DIRECTION('',(0.,0.,-1.));
#7861=DIRECTION('',(0.,0.,1.));
#7862=DIRECTION('',(0.,0.,1.));
#7863=DIRECTION('',(1.,0.,0.));
#7864=DIRECTION('',(-1.,0.,0.));
#7865=DIRECTION('',(0.,0.,1.));
#7866=DIRECTION('',(0.,-1.,0.));
#7867=DIRECTION('',(0.,0.,1.));
#7868=DIRECTION('',(0.,-1.,0.));
#7869=DIRECTION('',(0.,0.,-1.));
#7870=DIRECTION('',(1.,0.,0.));
#7871=DIRECTION('',(0.,0.,1.));
#7872=DIRECTION('',(-1.,0.,0.));
#7873=DIRECTION('',(0.,0.,1.));
#7874=DIRECTION('',(0.,-1.,0.));
#7875=DIRECTION('',(0.,0.,1.));
#7876=DIRECTION('',(1.,0.,0.));
#7877=DIRECTION('',(4.30211422042248E-16,-1.,2.08166817117222E-17));
#7878=DIRECTION('',(1.,4.30211422042248E-16,3.33066907387544E-16));
#7879=DIRECTION('',(0.,0.,-1.));
#7880=DIRECTION('',(-1.,0.,0.));
#7881=DIRECTION('',(0.,0.,1.));
#7882=DIRECTION('',(1.,0.,0.));
#7883=DIRECTION('',(0.,0.,1.));
#7884=DIRECTION('',(1.,0.,0.));
#7885=DIRECTION('',(0.,0.,1.));
#7886=DIRECTION('',(1.,0.,0.));
#7887=DIRECTION('',(0.,0.,1.));
#7888=DIRECTION('',(1.,0.,0.));
#7889=DIRECTION('',(0.,0.,1.));
#7890=DIRECTION('',(1.,0.,0.));
#7891=DIRECTION('',(-1.,0.,1.36823716056963E-16));
#7892=DIRECTION('',(1.36823716056963E-16,0.,1.));
#7893=DIRECTION('',(0.,1.,0.));
#7894=DIRECTION('',(1.36823716056963E-16,1.52054962496699E-16,1.));
#7895=DIRECTION('',(0.,1.,0.));
#7896=DIRECTION('',(1.36823716056963E-16,0.,1.));
#7897=DIRECTION('',(0.,0.,-1.));
#7898=DIRECTION('',(-1.,0.,0.));
#7899=DIRECTION('',(-1.,0.,1.36823716056963E-16));
#7900=DIRECTION('',(0.,1.,0.));
#7901=DIRECTION('',(-1.,0.,0.));
#7902=DIRECTION('',(-1.,0.,1.36823716056963E-16));
#7903=DIRECTION('',(1.36823716056963E-16,0.,1.));
#7904=DIRECTION('',(1.36823716056963E-16,1.52054962496699E-16,1.));
#7905=DIRECTION('',(0.,1.,0.));
#7906=DIRECTION('',(1.36823716056963E-16,0.,1.));
#7907=DIRECTION('',(0.,0.,1.));
#7908=DIRECTION('',(1.,0.,0.));
#7909=DIRECTION('',(0.,0.,1.));
#7910=DIRECTION('',(1.,0.,0.));
#7911=DIRECTION('',(-1.,0.,1.36823716056963E-16));
#7912=DIRECTION('',(1.,0.,0.));
#7913=DIRECTION('',(0.,1.,0.));
#7914=DIRECTION('',(-1.,0.,0.));
#7915=DIRECTION('',(2.08047250137005E-32,-1.,1.52054962496699E-16));
#7916=DIRECTION('',(0.,-1.52054962496699E-16,-1.));
#7917=DIRECTION('',(0.,0.,1.));
#7918=DIRECTION('',(1.,0.,0.));
#7919=DIRECTION('',(0.,0.,1.));
#7920=DIRECTION('',(1.,0.,0.));
#7921=DIRECTION('',(0.,0.,-1.));
#7922=DIRECTION('',(-1.,0.,0.));
#7923=DIRECTION('',(0.,0.,1.));
#7924=DIRECTION('',(1.,0.,0.));
#7925=DIRECTION('',(0.,0.,1.));
#7926=DIRECTION('',(1.,0.,0.));
#7927=DIRECTION('',(0.,0.,1.));
#7928=DIRECTION('',(1.,0.,0.));
#7929=DIRECTION('',(0.,0.,-1.));
#7930=DIRECTION('',(-1.,0.,0.));
#7931=DIRECTION('',(1.05630954989811E-8,-1.00834439125725E-8,-1.));
#7932=DIRECTION('',(-0.999999999999999,5.17803479726581E-8,-1.05630960211053E-8));
#7933=DIRECTION('',(0.,0.,1.));
#7934=DIRECTION('',(1.,0.,0.));
#7935=DIRECTION('',(0.999999999999999,-5.17803482736406E-8,1.05630959196674E-8));
#7936=DIRECTION('',(-1.05630953975431E-8,1.00834439254333E-8,1.));
#7937=DIRECTION('',(-1.0563095383013E-8,1.00834439125725E-8,1.));
#7938=DIRECTION('',(-0.999999999999999,5.17803481669471E-8,-1.05630959051373E-8));
#7939=DIRECTION('',(-1.,-2.01293273465317E-16,-9.0806324140055E-17));
#7940=DIRECTION('',(-9.08063241400549E-17,-4.58567701047132E-16,1.));
#7941=DIRECTION('',(0.,1.,0.));
#7942=DIRECTION('',(0.,0.,1.));
#7943=DIRECTION('',(1.,0.,0.));
#7944=DIRECTION('',(0.,0.,-1.));
#7945=DIRECTION('',(1.,0.,0.));
#7946=DIRECTION('',(0.,0.,-1.));
#7947=DIRECTION('',(1.,0.,0.));
#7948=DIRECTION('',(0.,0.,-1.));
#7949=DIRECTION('',(0.,-1.,0.));
#7950=DIRECTION('',(0.,0.,-1.));
#7951=DIRECTION('',(0.,-1.,0.));
#7952=DIRECTION('',(0.,1.,0.));
#7953=DIRECTION('',(0.,0.,1.));
#7954=DIRECTION('',(1.,0.,0.));
#7955=DIRECTION('',(0.,0.,-1.));
#7956=DIRECTION('',(1.,0.,0.));
#7957=DIRECTION('',(1.,0.,0.));
#7958=DIRECTION('',(0.,0.,-1.));
#7959=DIRECTION('',(0.,-1.,0.));
#7960=DIRECTION('',(0.,-1.,0.));
#7961=DIRECTION('',(0.,0.,1.));
#7962=DIRECTION('',(1.,0.,0.));
#7963=DIRECTION('',(0.,0.,1.));
#7964=DIRECTION('',(1.,0.,0.));
#7965=DIRECTION('',(4.9960036108132E-16,-1.,2.08166817117222E-17));
#7966=DIRECTION('',(1.,4.9960036108132E-16,4.4408920985006E-16));
#7967=DIRECTION('',(-1.05630952971525E-8,1.00834444821625E-8,1.));
#7968=DIRECTION('',(-0.999999999999999,5.17803477506135E-8,-1.05630958192767E-8));
#7969=DIRECTION('',(0.,1.,0.));
#7970=DIRECTION('',(0.,0.,1.));
#7971=DIRECTION('',(1.,0.,0.));
#7972=DIRECTION('',(0.,0.,-1.));
#7973=DIRECTION('',(1.,0.,0.));
#7974=DIRECTION('',(0.,0.,-1.));
#7975=DIRECTION('',(1.,0.,0.));
#7976=DIRECTION('',(0.,0.,-1.));
#7977=DIRECTION('',(0.,-1.,0.));
#7978=DIRECTION('',(0.,0.,-1.));
#7979=DIRECTION('',(0.,-1.,0.));
#7980=DIRECTION('',(0.,1.,0.));
#7981=DIRECTION('',(0.,0.,1.));
#7982=DIRECTION('',(1.,0.,0.));
#7983=DIRECTION('',(0.,0.,-1.));
#7984=DIRECTION('',(1.,0.,0.));
#7985=DIRECTION('',(1.,0.,0.));
#7986=DIRECTION('',(0.,0.,-1.));
#7987=DIRECTION('',(0.,-1.,0.));
#7988=DIRECTION('',(0.,-1.,0.));
#7989=DIRECTION('',(0.,0.,1.));
#7990=DIRECTION('',(1.,0.,0.));
#7991=DIRECTION('',(0.,0.,1.));
#7992=DIRECTION('',(1.,0.,0.));
#7993=DIRECTION('',(0.,0.,1.));
#7994=DIRECTION('',(1.,0.,0.));
#7995=DIRECTION('',(0.,0.,1.));
#7996=DIRECTION('',(1.,0.,0.));
#7997=DIRECTION('',(0.,0.,1.));
#7998=DIRECTION('',(1.,0.,0.));
#7999=DIRECTION('',(-6.93889390390723E-17,-8.12312485978927E-32,-1.));
#8000=DIRECTION('',(1.,-2.83751996629786E-17,-6.93889390390723E-17));
#8001=DIRECTION('',(0.,0.,1.));
#8002=DIRECTION('',(1.,0.,0.));
#8003=DIRECTION('',(5.16028271888893E-17,-1.52054962496701E-16,-1.));
#8004=DIRECTION('',(-1.,-2.36053093236858E-16,-5.16028271888893E-17));
#8005=DIRECTION('',(1.05630954573478E-8,-1.00834435795056E-8,-1.));
#8006=DIRECTION('',(-0.999999999999999,5.1780348042047E-8,-1.0563095979472E-8));
#8007=DIRECTION('',(-1.05630952353031E-8,1.00834439125725E-8,1.));
#8008=DIRECTION('',(-0.999999999999999,5.17803477506135E-8,-1.05630957574274E-8));
#8009=DIRECTION('',(1.0563095336356E-8,-1.00834435795056E-8,-1.));
#8010=DIRECTION('',(-0.999999999999999,5.17803477783691E-8,-1.05630958584802E-8));
#8011=DIRECTION('',(4.94575583102482E-18,2.72004641033166E-15,-1.));
#8012=DIRECTION('',(1.,3.7854548817802E-16,4.94575583102585E-18));
#8013=DIRECTION('',(4.9960036108132E-16,-1.,2.08166817117222E-17));
#8014=DIRECTION('',(1.,4.9960036108132E-16,4.4408920985006E-16));
#8015=DIRECTION('',(4.9960036108132E-16,-1.,2.08166817117222E-17));
#8016=DIRECTION('',(1.,4.9960036108132E-16,4.4408920985006E-16));
#8017=DIRECTION('',(1.0563095311631E-8,-1.00834439649827E-8,-1.));
#8018=DIRECTION('',(-0.999999999999999,5.17803477506135E-8,-1.05630958337552E-8));
#8019=DIRECTION('',(-4.4408920985006E-16,2.08166817117222E-17,1.));
#8020=DIRECTION('',(5.82867087928207E-16,-1.,2.08166817117224E-17));
#8021=DIRECTION('',(-1.0563095311631E-8,1.00834439649827E-8,1.));
#8022=DIRECTION('',(-0.999999999999999,5.17803477506135E-8,-1.05630958337552E-8));
#8023=DIRECTION('',(-1.11022302462516E-16,3.33066907387547E-16,-1.));
#8024=DIRECTION('',(1.,2.01293273465316E-16,-1.11022302462516E-16));
#8025=DIRECTION('',(-7.63278329429795E-17,-3.85477096102692E-16,1.));
#8026=DIRECTION('',(-1.,-3.12315575927833E-16,-7.63278329429796E-17));
#8027=DIRECTION('',(5.16028271888893E-17,-1.41333258521932E-30,-1.));
#8028=DIRECTION('',(1.,4.02586546930633E-16,5.16028271888893E-17));
#8029=DIRECTION('',(2.06411308755557E-16,3.33066907387548E-16,-1.));
#8030=DIRECTION('',(1.,1.61034618772253E-15,2.06411308755557E-16));
#8031=DIRECTION('',(0.,0.,1.));
#8032=DIRECTION('',(1.,0.,0.));
#8033=DIRECTION('',(0.,0.,1.));
#8034=DIRECTION('',(1.,0.,0.));
#8035=DIRECTION('',(1.,0.,0.));
#8036=DIRECTION('',(0.,1.,0.));
#8037=DIRECTION('',(1.,0.,0.));
#8038=DIRECTION('',(0.,1.,0.));
#8039=DIRECTION('',(1.,0.,0.));
#8040=DIRECTION('',(0.,0.,-1.));
#8041=DIRECTION('',(0.,0.,-1.));
#8042=DIRECTION('',(0.,1.,0.));
#8043=DIRECTION('',(0.,0.,-1.));
#8044=DIRECTION('',(0.,0.,1.));
#8045=DIRECTION('',(1.,0.,0.));
#8046=DIRECTION('',(1.,0.,0.));
#8047=DIRECTION('',(0.,1.,0.));
#8048=DIRECTION('',(1.,0.,0.));
#8049=DIRECTION('',(1.,0.,0.));
#8050=DIRECTION('',(0.,0.,-1.));
#8051=DIRECTION('',(0.,0.,-1.));
#8052=DIRECTION('',(0.,0.,-1.));
#8053=DIRECTION('',(0.,-1.,0.));
#8054=DIRECTION('',(1.,0.,0.));
#8055=DIRECTION('',(0.,-1.,0.));
#8056=DIRECTION('',(1.,0.,0.));
#8057=DIRECTION('',(3.12315575927832E-16,-1.,-3.85477096102692E-16));
#8058=DIRECTION('',(-7.63278329429794E-17,-3.85477096102692E-16,1.));
#8059=DIRECTION('',(5.17803478571259E-8,0.999999999999999,-1.00834435141495E-8));
#8060=DIRECTION('',(-1.05630953261611E-8,1.00834440611103E-8,1.));
#8061=DIRECTION('',(-6.59194920871187E-16,1.,-2.08166817117226E-17));
#8062=DIRECTION('',(-1.,-6.59194920871187E-16,-2.22044604925029E-16));
#8063=DIRECTION('',(1.05630953830131E-8,-1.00834440646275E-8,-1.));
#8064=DIRECTION('',(-0.999999999999999,5.17803474661191E-8,-1.05630959051373E-8));
#8065=DIRECTION('',(1.0563095336356E-8,-1.00834434274507E-8,-1.));
#8066=DIRECTION('',(0.999999999999999,-5.17803479449026E-8,1.05630958584802E-8));
#8067=DIRECTION('',(-5.62050406216486E-16,1.,-2.08166817117226E-17));
#8068=DIRECTION('',(-1.,-5.62050406216486E-16,-3.33066907387544E-16));
#8069=DIRECTION('',(-1.0563095336356E-8,1.00834434274506E-8,1.));
#8070=DIRECTION('',(-0.999999999999999,5.17803477506135E-8,-1.05630958584802E-8));
#8071=DIRECTION('',(7.63278329429794E-17,3.85477096102692E-16,-1.));
#8072=DIRECTION('',(1.,3.12315575927832E-16,7.63278329429795E-17));
#8073=DIRECTION('',(-6.59194920871187E-16,1.,-2.08166817117226E-17));
#8074=DIRECTION('',(-1.,-6.59194920871187E-16,-2.22044604925029E-16));
#8075=DIRECTION('',(0.999999999999999,-5.17803478920016E-8,1.05630958338068E-8));
#8076=DIRECTION('',(-1.05630953116826E-8,1.00834441342009E-8,1.));
#8077=DIRECTION('',(0.00336849674559484,0.,-0.999994326598744));
#8078=DIRECTION('',(-0.999994326598744,0.,-0.00336849674559484));
#8079=DIRECTION('',(0.00336849674559484,0.,-0.999994326598744));
#8080=DIRECTION('',(-0.999994326598744,0.,-0.00336849674559484));
#8081=DIRECTION('',(0.00336849674559484,0.,-0.999994326598744));
#8082=DIRECTION('',(0.999994326598744,0.,0.00336849674559484));
#8083=DIRECTION('',(0.,-1.,0.));
#8084=DIRECTION('',(0.,0.,-1.));
#8085=DIRECTION('',(-1.,0.,0.));
#8086=DIRECTION('',(0.,0.,-1.));
#8087=DIRECTION('',(-1.,0.,0.));
#8088=DIRECTION('',(0.,0.,-1.));
#8089=DIRECTION('',(-1.,0.,0.));
#8090=DIRECTION('',(0.,0.,1.));
#8091=DIRECTION('',(0.,1.,0.));
#8092=DIRECTION('',(0.,0.,-1.));
#8093=DIRECTION('',(0.,1.,0.));
#8094=DIRECTION('',(0.,-1.,0.));
#8095=DIRECTION('',(0.,0.,-1.));
#8096=DIRECTION('',(-1.,0.,0.));
#8097=DIRECTION('',(0.,0.,-1.));
#8098=DIRECTION('',(-1.,0.,0.));
#8099=DIRECTION('',(-1.,0.,0.));
#8100=DIRECTION('',(0.,0.,1.));
#8101=DIRECTION('',(0.,1.,0.));
#8102=DIRECTION('',(0.,1.,0.));
#8103=DIRECTION('',(0.,0.,1.));
#8104=DIRECTION('',(1.,0.,0.));
#8105=DIRECTION('',(0.,0.,1.));
#8106=DIRECTION('',(1.,0.,0.));
#8107=DIRECTION('',(0.,0.,1.));
#8108=DIRECTION('',(1.,0.,0.));
#8109=DIRECTION('',(0.,0.,-1.));
#8110=DIRECTION('',(-1.,0.,0.));
#8111=DIRECTION('',(0.,0.,1.));
#8112=DIRECTION('',(1.,0.,0.));
#8113=DIRECTION('',(0.,1.,0.));
#8114=DIRECTION('',(0.,0.,1.));
#8115=DIRECTION('',(-3.95516952522712E-16,1.,-2.08166817117225E-17));
#8116=DIRECTION('',(-1.,-3.95516952522712E-16,-3.33066907387545E-16));
#8117=DIRECTION('',(-1.0563095336356E-8,1.00834439125725E-8,1.));
#8118=DIRECTION('',(-0.999999999999999,5.17803476326523E-8,-1.05630958584802E-8));
#8119=DIRECTION('',(0.,0.,-1.));
#8120=DIRECTION('',(-1.,0.,0.));
#8121=DIRECTION('',(-1.,0.,0.));
#8122=DIRECTION('',(0.,1.,0.));
#8123=DIRECTION('',(-1.,0.,0.));
#8124=DIRECTION('',(0.,1.,0.));
#8125=DIRECTION('',(-1.,0.,0.));
#8126=DIRECTION('',(0.,0.,1.));
#8127=DIRECTION('',(0.,0.,1.));
#8128=DIRECTION('',(0.,1.,0.));
#8129=DIRECTION('',(0.,0.,1.));
#8130=DIRECTION('',(0.,0.,-1.));
#8131=DIRECTION('',(-1.,0.,0.));
#8132=DIRECTION('',(-1.,0.,0.));
#8133=DIRECTION('',(0.,1.,0.));
#8134=DIRECTION('',(-1.,0.,0.));
#8135=DIRECTION('',(-1.,0.,0.));
#8136=DIRECTION('',(0.,0.,1.));
#8137=DIRECTION('',(0.,0.,1.));
#8138=DIRECTION('',(0.,0.,1.));
#8139=DIRECTION('',(0.,-1.,0.));
#8140=DIRECTION('',(1.,0.,0.));
#8141=DIRECTION('',(0.,-1.,0.));
#8142=DIRECTION('',(1.,0.,0.));
#8143=DIRECTION('',(-2.58014135944462E-17,-3.33066907387547E-16,1.));
#8144=DIRECTION('',(-2.01293273465317E-16,1.,3.33066907387547E-16));
#8145=DIRECTION('',(-3.33066907387545E-16,2.08166817117221E-17,1.));
#8146=DIRECTION('',(7.63278329429795E-16,-1.,2.08166817117224E-17));
#8147=DIRECTION('',(-1.05630953621574E-8,1.00834439125725E-8,1.));
#8148=DIRECTION('',(-5.17803480470862E-8,-0.999999999999999,1.00834433656117E-8));
#8149=DIRECTION('',(5.55111512312578E-17,-1.,2.08166817117221E-17));
#8150=DIRECTION('',(1.,5.55111512312578E-17,3.33066907387544E-16));
#8151=DIRECTION('',(0.,0.,1.));
#8152=DIRECTION('',(1.,0.,0.));
#8153=DIRECTION('',(-1.,9.32992972876733E-17,-4.94575583102476E-18));
#8154=DIRECTION('',(-4.94575583102499E-18,-2.48472472098805E-15,1.));
#8155=DIRECTION('',(0.,1.,0.));
#8156=DIRECTION('',(0.,0.,1.));
#8157=DIRECTION('',(1.,0.,0.));
#8158=DIRECTION('',(0.,0.,-1.));
#8159=DIRECTION('',(1.,0.,0.));
#8160=DIRECTION('',(0.,0.,-1.));
#8161=DIRECTION('',(1.,0.,0.));
#8162=DIRECTION('',(0.,0.,-1.));
#8163=DIRECTION('',(0.,-1.,0.));
#8164=DIRECTION('',(0.,0.,-1.));
#8165=DIRECTION('',(0.,-1.,0.));
#8166=DIRECTION('',(0.,1.,0.));
#8167=DIRECTION('',(0.,0.,1.));
#8168=DIRECTION('',(1.,0.,0.));
#8169=DIRECTION('',(0.,0.,-1.));
#8170=DIRECTION('',(1.,0.,0.));
#8171=DIRECTION('',(1.,0.,0.));
#8172=DIRECTION('',(0.,0.,-1.));
#8173=DIRECTION('',(0.,-1.,0.));
#8174=DIRECTION('',(0.,-1.,0.));
#8175=DIRECTION('',(0.,0.,1.));
#8176=DIRECTION('',(1.,0.,0.));
#8177=DIRECTION('',(0.,0.,1.));
#8178=DIRECTION('',(1.,0.,0.));
#8179=DIRECTION('',(0.,0.,1.));
#8180=DIRECTION('',(1.,0.,0.));
#8181=DIRECTION('',(0.,0.,1.));
#8182=DIRECTION('',(1.,0.,0.));
#8183=DIRECTION('',(0.,0.,-1.));
#8184=DIRECTION('',(-1.,0.,0.));
#8185=DIRECTION('',(0.,0.,1.));
#8186=DIRECTION('',(1.,0.,0.));
#8187=DIRECTION('',(0.,0.,1.));
#8188=DIRECTION('',(1.,0.,0.));
#8189=DIRECTION('',(0.,0.,-1.));
#8190=DIRECTION('',(-1.,0.,0.));
#8191=DIRECTION('',(0.,0.,1.));
#8192=DIRECTION('',(1.,0.,0.));
#8193=DIRECTION('',(0.,0.,1.));
#8194=DIRECTION('',(1.,0.,0.));
#8195=DIRECTION('',(-1.,-5.82867087928207E-16,-4.44089209850059E-16));
#8196=DIRECTION('',(4.44089209850059E-16,-2.0816681711722E-17,-1.));
#8197=DIRECTION('',(-6.59194920871187E-16,1.,-2.08166817117226E-17));
#8198=DIRECTION('',(-1.,-6.59194920871187E-16,-2.22044604925029E-16));
#8199=DIRECTION('',(1.,7.63278329429795E-16,2.22044604925029E-16));
#8200=DIRECTION('',(2.22044604925029E-16,-2.08166817117224E-17,-1.));
#8201=DIRECTION('',(-2.2204460492503E-16,2.08166817117221E-17,1.));
#8202=DIRECTION('',(-7.63278329429795E-16,1.,-2.08166817117223E-17));
#8203=DIRECTION('',(-3.33066907387544E-16,2.08166817117222E-17,1.));
#8204=DIRECTION('',(-5.82867087928207E-16,1.,-2.08166817117224E-17));
#8205=DIRECTION('',(1.05630951815475E-8,-1.00834439125725E-8,-1.));
#8206=DIRECTION('',(-0.999999999999999,5.17803465224293E-8,-1.05630957036717E-8));
#8207=CARTESIAN_POINT('',(0.,0.,0.));
#8208=CARTESIAN_POINT('',(0.,-0.00635,1.63745858404979E-20));
#8209=CARTESIAN_POINT('',(0.,-0.00635,1.63745858404979E-20));
#8210=CARTESIAN_POINT('',(0.,-0.00635,-0.00026998968385923));
#8211=CARTESIAN_POINT('',(0.000269098771953204,-0.00635,1.63745858404979E-20));
#8212=CARTESIAN_POINT('',(0.,-0.00635,1.63745858404979E-20));
#8213=CARTESIAN_POINT('',(-0.000269098771953204,-0.00635,1.63745858404979E-20));
#8214=CARTESIAN_POINT('',(0.,-0.00635,1.63745858404979E-20));
#8215=CARTESIAN_POINT('',(0.,-0.00635,0.00026998968385923));
#8216=CARTESIAN_POINT('',(0.,-0.00635,1.63745858404979E-20));
#8217=CARTESIAN_POINT('',(0.,0.00635,1.63745858404979E-20));
#8218=CARTESIAN_POINT('',(0.,0.00635,-0.000269377804927708));
#8219=CARTESIAN_POINT('',(0.000267052004346624,0.00635,-1.39724362842641E-5));
#8220=CARTESIAN_POINT('',(0.000267052004346624,0.00635,0.));
#8221=CARTESIAN_POINT('',(0.000267052004346624,0.00635,1.39724362842642E-5));
#8222=CARTESIAN_POINT('',(0.,0.00635,1.63745858404979E-20));
#8223=CARTESIAN_POINT('',(0.,0.00635,0.000269377804927708));
#8224=CARTESIAN_POINT('',(0.,0.00635,1.63745858404979E-20));
#8225=CARTESIAN_POINT('',(-0.000267052004346624,0.00635,1.39724362842642E-5));
#8226=CARTESIAN_POINT('',(-0.000267052004346624,0.00635,0.));
#8227=CARTESIAN_POINT('',(-0.000267052004346624,0.00635,-1.39724362842641E-5));
#8228=CARTESIAN_POINT('',(0.,0.00635,1.63745858404979E-20));
#8229=CARTESIAN_POINT('',(0.,-0.00635,0.));
#8230=CARTESIAN_POINT('',(0.000270780263235793,-0.00635,0.));
#8231=CARTESIAN_POINT('',(0.000270780263235793,-0.00635,0.000272562087047845));
#8232=CARTESIAN_POINT('',(0.,-0.00635,0.000272562087047845));
#8233=CARTESIAN_POINT('',(0.,-0.00635,0.));
#8234=CARTESIAN_POINT('',(0.,-0.00635,-0.000272562087047845));
#8235=CARTESIAN_POINT('',(0.000270780263235793,-0.00635,-0.000272562087047845));
#8236=CARTESIAN_POINT('',(0.000270780263235793,-0.00635,0.));
#8237=CARTESIAN_POINT('',(0.,-0.00635,0.));
#8238=CARTESIAN_POINT('',(-0.000270780263235793,-0.00635,0.));
#8239=CARTESIAN_POINT('',(-0.000270780263235793,-0.00635,-0.000272562087047845));
#8240=CARTESIAN_POINT('',(0.,-0.00635,-0.000272562087047845));
#8241=CARTESIAN_POINT('',(0.,-0.00635,0.));
#8242=CARTESIAN_POINT('',(0.,-0.00635,0.000272562087047845));
#8243=CARTESIAN_POINT('',(-0.000270780263235793,-0.00635,0.000272562087047845));
#8244=CARTESIAN_POINT('',(-0.000270780263235793,-0.00635,0.));
#8245=CARTESIAN_POINT('',(0.,-0.0073406,0.000272562087047845));
#8246=CARTESIAN_POINT('',(-0.000270780263235793,-0.0073406,0.000272562087047845));
#8247=CARTESIAN_POINT('',(-0.000270780263235793,-0.0073406,0.000272562087047845));
#8248=CARTESIAN_POINT('',(0.,-0.0073406,0.000272562087047845));
#8249=CARTESIAN_POINT('',(0.000270780263235793,-0.0073406,0.000272562087047845));
#8250=CARTESIAN_POINT('',(0.000270780263235793,-0.0073406,0.000272562087047845));
#8251=CARTESIAN_POINT('',(-0.000270780263235793,-0.0073406,0.));
#8252=CARTESIAN_POINT('',(-0.000270780263235793,-0.0073406,-0.000272562087047845));
#8253=CARTESIAN_POINT('',(-0.000270780263235793,-0.0073406,-0.000272562087047845));
#8254=CARTESIAN_POINT('',(-0.000270780263235793,-0.0073406,0.));
#8255=CARTESIAN_POINT('',(0.,-0.0073406,-0.000272562087047845));
#8256=CARTESIAN_POINT('',(0.000270780263235793,-0.0073406,-0.000272562087047845));
#8257=CARTESIAN_POINT('',(0.000270780263235793,-0.0073406,-0.000272562087047845));
#8258=CARTESIAN_POINT('',(0.,-0.0073406,-0.000272562087047845));
#8259=CARTESIAN_POINT('',(0.000270780263235793,-0.0073406,0.));
#8260=CARTESIAN_POINT('',(0.000270780263235793,-0.0073406,0.));
#8261=CARTESIAN_POINT('',(0.,-0.0073406,0.));
#8262=CARTESIAN_POINT('',(0.,0.00635,0.));
#8263=CARTESIAN_POINT('',(0.,0.00635,0.000271338329184801));
#8264=CARTESIAN_POINT('',(-0.000267052004346624,0.00635,0.000271338329184801));
#8265=CARTESIAN_POINT('',(-0.000267052004346624,0.00635,0.));
#8266=CARTESIAN_POINT('',(0.,0.00635,0.));
#8267=CARTESIAN_POINT('',(0.000267052004346624,0.00635,0.));
#8268=CARTESIAN_POINT('',(0.000267052004346624,0.00635,0.000271338329184801));
#8269=CARTESIAN_POINT('',(0.,0.00635,0.000271338329184801));
#8270=CARTESIAN_POINT('',(0.,0.00635,0.));
#8271=CARTESIAN_POINT('',(0.,0.00635,-0.000271338329184801));
#8272=CARTESIAN_POINT('',(0.000267052004346624,0.00635,-0.000271338329184801));
#8273=CARTESIAN_POINT('',(0.000267052004346624,0.00635,0.));
#8274=CARTESIAN_POINT('',(0.,0.007366,-0.000271338329184801));
#8275=CARTESIAN_POINT('',(0.,0.00635,-0.000271338329184801));
#8276=CARTESIAN_POINT('',(-0.000267052004346624,0.00635,-0.000271338329184801));
#8277=CARTESIAN_POINT('',(-0.000267052004346624,0.007366,-0.000271338329184801));
#8278=CARTESIAN_POINT('',(-0.000267052004346624,0.007366,-0.000271338329184801));
#8279=CARTESIAN_POINT('',(0.,0.007366,-0.000271338329184801));
#8280=CARTESIAN_POINT('',(0.000267052004346624,0.007366,-0.000271338329184801));
#8281=CARTESIAN_POINT('',(0.000267052004346624,0.007366,-0.000271338329184801));
#8282=CARTESIAN_POINT('',(-0.000267052004346624,0.007366,0.));
#8283=CARTESIAN_POINT('',(-0.000267052004346624,0.00635,0.));
#8284=CARTESIAN_POINT('',(-0.000267052004346624,0.007366,0.000271338329184801));
#8285=CARTESIAN_POINT('',(-0.000267052004346624,0.007366,0.000271338329184801));
#8286=CARTESIAN_POINT('',(-0.000267052004346624,0.007366,0.));
#8287=CARTESIAN_POINT('',(0.,0.007366,0.000271338329184801));
#8288=CARTESIAN_POINT('',(0.000267052004346624,0.007366,0.000271338329184801));
#8289=CARTESIAN_POINT('',(0.000267052004346624,0.007366,0.000271338329184801));
#8290=CARTESIAN_POINT('',(0.,0.007366,0.000271338329184801));
#8291=CARTESIAN_POINT('',(0.000267052004346624,0.007366,0.));
#8292=CARTESIAN_POINT('',(0.000267052004346624,0.007366,0.));
#8293=CARTESIAN_POINT('',(0.,0.007366,0.));
#8294=CARTESIAN_POINT('',(0.,0.00635,0.));
#8295=CARTESIAN_POINT('',(-0.0726117159685414,0.00980867824681503,-0.0208921912842216));
#8296=CARTESIAN_POINT('',(0.0113609427335464,-0.002996188705948,0.0114912908307314));
#8297=CARTESIAN_POINT('',(0.00654017925262451,-0.00342089240439236,0.0114912908307314));
#8298=CARTESIAN_POINT('',(0.00586335966363549,-0.00342089240439236,0.0114912908307314));
#8299=CARTESIAN_POINT('',(0.00721699884161353,-0.00342089240439236,0.0114912908307314));
#8300=CARTESIAN_POINT('',(0.00586335966363549,-0.00292323110625148,0.0114912908307314));
#8301=CARTESIAN_POINT('',(0.00586335966363549,0.000419230191889405,0.0114912908307314));
#8302=CARTESIAN_POINT('',(0.00654017925262451,0.000419230191889405,0.0114912908307314));
#8303=CARTESIAN_POINT('',(0.00721699884161353,0.000419230191889405,0.0114912908307314));
#8304=CARTESIAN_POINT('',(0.00721699884161353,-0.00292323110625148,0.0114912908307314));
#8305=CARTESIAN_POINT('',(0.00654734415002167,0.,0.0114912908307314));
#8306=CARTESIAN_POINT('',(0.0062624984420836,0.,0.0114912908307314));
#8307=CARTESIAN_POINT('',(0.00683218985795975,0.,0.0114912908307314));
#8308=CARTESIAN_POINT('',(0.0062624984420836,-0.000244239025050774,0.0114912908307314));
#8309=CARTESIAN_POINT('',(0.0062624984420836,-0.000488478050101548,0.0114912908307314));
#8310=CARTESIAN_POINT('',(0.00654734415002167,-0.000488478050101548,0.0114912908307314));
#8311=CARTESIAN_POINT('',(0.00683218985795975,-0.000488478050101548,0.0114912908307314));
#8312=CARTESIAN_POINT('',(0.00683218985795975,-0.000244239025050774,0.0114912908307314));
#8313=CARTESIAN_POINT('',(0.00718331773354638,-0.00303207733668387,0.0117452908307314));
#8314=CARTESIAN_POINT('',(0.00721699884161353,-0.00292323110625148,0.0117452908307314));
#8315=CARTESIAN_POINT('',(0.00721699884161353,-0.00342089240439236,0.0117452908307314));
#8316=CARTESIAN_POINT('',(0.00721699884161353,-0.00220441864803434,0.0117452908307314));
#8317=CARTESIAN_POINT('',(0.00718331773354638,-0.00220441864803434,0.0117452908307314));
#8318=CARTESIAN_POINT('',(0.00972427800297737,-0.00220441864803434,0.011740930378437));
#8319=CARTESIAN_POINT('',(0.0100252451375127,-0.00220441864803434,0.0117365699261427));
#8320=CARTESIAN_POINT('',(0.010326212272048,-0.00220441864803434,0.011740930378437));
#8321=CARTESIAN_POINT('',(0.00718331773354638,-0.00220441864803434,0.0117452908307314));
#8322=CARTESIAN_POINT('',(0.0212041177335464,-0.00220441864803434,0.0117452908307314));
#8323=CARTESIAN_POINT('',(0.0212041177335464,-0.00303207733668387,0.0117452908307314));
#8324=CARTESIAN_POINT('',(0.0212041177335464,-0.0038597360253334,0.0117452908307314));
#8325=CARTESIAN_POINT('',(0.00718331773354638,-0.0038597360253334,0.0117452908307314));
#8326=CARTESIAN_POINT('',(0.00146831773354638,-0.0038597360253334,0.0117452908307314));
#8327=CARTESIAN_POINT('',(0.00146831773354638,-0.00303207733668387,0.0117452908307314));
#8328=CARTESIAN_POINT('',(0.00146831773354638,-0.00220441864803434,0.0117452908307314));
#8329=CARTESIAN_POINT('',(0.00146831773354638,-0.00220441864803434,0.0117452908307314));
#8330=CARTESIAN_POINT('',(0.00586335966363549,-0.00220441864803434,0.0117452908307314));
#8331=CARTESIAN_POINT('',(0.00586335966363549,-0.00292323110625148,0.0117452908307314));
#8332=CARTESIAN_POINT('',(0.00586335966363549,-0.00342089240439236,0.0117452908307314));
#8333=CARTESIAN_POINT('',(0.00654017925262451,-0.00342089240439236,0.0117452908307314));
#8334=CARTESIAN_POINT('',(-0.00890053529292345,0.,0.013208));
#8335=CARTESIAN_POINT('',(-0.00890053529292345,0.,0.0138750222100328));
#8336=CARTESIAN_POINT('',(-0.00890053529292345,0.000684544676914811,0.0138750222100328));
#8337=CARTESIAN_POINT('',(-0.00890053529292345,-0.000684544676914811,0.0138750222100328));
#8338=CARTESIAN_POINT('',(-0.00890053529292345,0.000684544676914811,0.013208));
#8339=CARTESIAN_POINT('',(-0.00890053529292345,0.000684544676914811,0.013208));
#8340=CARTESIAN_POINT('',(-0.00890053529292345,0.,0.013208));
#8341=CARTESIAN_POINT('',(-0.00890053529292345,-0.000684544676914811,0.013208));
#8342=CARTESIAN_POINT('',(-0.00890053529292345,-0.000684544676914811,0.013208));
#8343=CARTESIAN_POINT('',(-0.003429,0.,0.052324));
#8344=CARTESIAN_POINT('',(-0.0177308470010758,0.0042997938580811,0.052324));
#8345=CARTESIAN_POINT('',(-0.0151948574930429,0.0042997938580811,0.052324));
#8346=CARTESIAN_POINT('',(-0.0146340932697058,0.0042997938580811,0.052324));
#8347=CARTESIAN_POINT('',(-0.0151948574930429,0.,0.052324));
#8348=CARTESIAN_POINT('',(-0.0151948574930429,-0.0042997938580811,0.052324));
#8349=CARTESIAN_POINT('',(-0.0177308470010758,-0.0042997938580811,0.052324));
#8350=CARTESIAN_POINT('',(-0.0146340932697058,-0.0042997938580811,0.052324));
#8351=CARTESIAN_POINT('',(-0.0146340932697058,0.,0.052324));
#8352=CARTESIAN_POINT('',(-0.003429,0.,0.052324));
#8353=CARTESIAN_POINT('',(-0.00818778946995735,0.00404699798673391,0.052324));
#8354=CARTESIAN_POINT('',(-0.00396561063826084,0.00404699798673391,0.052324));
#8355=CARTESIAN_POINT('',(-0.003827054053545,0.00404699798673391,0.052324));
#8356=CARTESIAN_POINT('',(-0.00396561063826084,0.,0.052324));
#8357=CARTESIAN_POINT('',(-0.00396561063826084,-0.00404699798673391,0.052324));
#8358=CARTESIAN_POINT('',(-0.00818778946995735,-0.00404699798673391,0.052324));
#8359=CARTESIAN_POINT('',(-0.003827054053545,-0.00404699798673391,0.052324));
#8360=CARTESIAN_POINT('',(-0.003827054053545,0.,0.052324));
#8361=CARTESIAN_POINT('',(-0.003429,0.,0.052324));
#8362=CARTESIAN_POINT('',(0.0102031342685223,0.00360460462979972,0.052324));
#8363=CARTESIAN_POINT('',(0.0124246487393975,0.00360460462979972,0.052324));
#8364=CARTESIAN_POINT('',(0.012478300370276,0.00360460462979972,0.052324));
#8365=CARTESIAN_POINT('',(0.0124246487393975,0.,0.052324));
#8366=CARTESIAN_POINT('',(0.0124246487393975,-0.00360460462979972,0.052324));
#8367=CARTESIAN_POINT('',(0.0102031342685223,-0.00360460462979972,0.052324));
#8368=CARTESIAN_POINT('',(0.012478300370276,-0.00360460462979972,0.052324));
#8369=CARTESIAN_POINT('',(0.012478300370276,0.,0.052324));
#8370=CARTESIAN_POINT('',(-0.000373255256028809,-0.00573624758208114,0.0252503472753155));
#8371=CARTESIAN_POINT('',(-0.000373255256028809,0.00790355241791886,0.0252503472753155));
#8372=CARTESIAN_POINT('',(0.0139799369911021,0.00790355241791886,0.0252503472753155));
#8373=CARTESIAN_POINT('',(-0.0147264475031598,0.00790355241791886,0.0252503472753155));
#8374=CARTESIAN_POINT('',(0.0139799369911021,-0.00573624758208114,0.0252503472753155));
#8375=CARTESIAN_POINT('',(0.0139799369911021,-0.00573624758208114,0.0252503472753155));
#8376=CARTESIAN_POINT('',(-0.000373255256028809,-0.00573624758208114,0.0252503472753155));
#8377=CARTESIAN_POINT('',(-0.0147264475031598,-0.00573624758208114,0.0252503472753155));
#8378=CARTESIAN_POINT('',(-0.0147264475031598,-0.00573624758208114,0.0252503472753155));
#8379=CARTESIAN_POINT('',(-0.0045768478885293,-0.00573624758208114,0.0252503472753155));
#8380=CARTESIAN_POINT('',(-0.0045768478885293,-0.00312907434999943,0.0252503472753155));
#8381=CARTESIAN_POINT('',(-0.0045768478885293,0.00312907434999943,0.0252503472753155));
#8382=CARTESIAN_POINT('',(-0.000373255256028809,0.00312907434999943,0.0252503472753155));
#8383=CARTESIAN_POINT('',(-0.011743170209229,0.00312907434999943,0.0252503472753155));
#8384=CARTESIAN_POINT('',(-0.011743170209229,-0.00573624758208114,0.0252503472753155));
#8385=CARTESIAN_POINT('',(-0.011743170209229,-0.00312907434999943,0.0252503472753155));
#8386=CARTESIAN_POINT('',(-0.000373255256028809,-0.00312907434999943,0.0252503472753155));
#8387=CARTESIAN_POINT('',(0.00513750244863331,-0.00573624758208114,0.0252503472753155));
#8388=CARTESIAN_POINT('',(0.00513750244863331,-0.0030494483653456,0.0252503472753155));
#8389=CARTESIAN_POINT('',(0.00513750244863331,0.0030494483653456,0.0252503472753155));
#8390=CARTESIAN_POINT('',(-0.000373255256028809,0.0030494483653456,0.0252503472753155));
#8391=CARTESIAN_POINT('',(-0.00091405981220305,0.0030494483653456,0.0252503472753155));
#8392=CARTESIAN_POINT('',(-0.00091405981220305,-0.00573624758208114,0.0252503472753155));
#8393=CARTESIAN_POINT('',(-0.00091405981220305,-0.0030494483653456,0.0252503472753155));
#8394=CARTESIAN_POINT('',(-0.000373255256028809,-0.0030494483653456,0.0252503472753155));
#8395=CARTESIAN_POINT('',(0.0115075679495931,-0.00573624758208114,0.0252503472753155));
#8396=CARTESIAN_POINT('',(0.0115075679495931,-0.00257169362157583,0.0252503472753155));
#8397=CARTESIAN_POINT('',(0.0115075679495931,0.00257169362157583,0.0252503472753155));
#8398=CARTESIAN_POINT('',(-0.000373255256028809,0.00257169362157583,0.0252503472753155));
#8399=CARTESIAN_POINT('',(0.00880028959363699,0.00257169362157583,0.0252503472753155));
#8400=CARTESIAN_POINT('',(0.00880028959363699,-0.00573624758208114,0.0252503472753155));
#8401=CARTESIAN_POINT('',(0.00880028959363699,-0.00257169362157583,0.0252503472753155));
#8402=CARTESIAN_POINT('',(-0.000373255256028809,-0.00257169362157583,0.0252503472753155));
#8403=CARTESIAN_POINT('',(-0.0178772586412183,-0.00581244758208114,0.0253040920943022));
#8404=CARTESIAN_POINT('',(-0.0159633383154869,-0.00581244758208114,0.0253040920943022));
#8405=CARTESIAN_POINT('',(-0.0159633383154869,-0.00336795183829963,0.0253040920943022));
#8406=CARTESIAN_POINT('',(-0.0159633383154869,0.00336795183829963,0.0253040920943022));
#8407=CARTESIAN_POINT('',(-0.0178772586412183,0.00336795183829963,0.0253040920943022));
#8408=CARTESIAN_POINT('',(-0.0198833177335464,0.00336795183829963,0.0253040920943022));
#8409=CARTESIAN_POINT('',(-0.0198833177335464,-0.00581244758208114,0.0253040920943022));
#8410=CARTESIAN_POINT('',(-0.0198833177335464,0.00790355241791886,0.0253040920943022));
#8411=CARTESIAN_POINT('',(-0.0178772586412183,0.00790355241791886,0.0253040920943022));
#8412=CARTESIAN_POINT('',(-0.0147264475031598,0.00790355241791886,0.0253040920943022));
#8413=CARTESIAN_POINT('',(-0.0147264475031598,-0.00581244758208114,0.0253040920943022));
#8414=CARTESIAN_POINT('',(-0.0147264475031598,-0.00581244758208114,0.0253040920943022));
#8415=CARTESIAN_POINT('',(-0.0178772586412183,-0.00581244758208114,0.0253040920943022));
#8416=CARTESIAN_POINT('',(-0.0210280697792769,-0.00581244758208114,0.0253040920943022));
#8417=CARTESIAN_POINT('',(-0.0210280697792769,-0.00581244758208114,0.0253040920943022));
#8418=CARTESIAN_POINT('',(-0.0210280697792769,-0.00539001356810331,0.0253040920943022));
#8419=CARTESIAN_POINT('',(-0.0178772586412183,-0.00539001356810331,0.0253040920943022));
#8420=CARTESIAN_POINT('',(-0.0198833177335464,-0.00539001356810331,0.0253040920943022));
#8421=CARTESIAN_POINT('',(-0.0198833177335464,-0.00581244758208114,0.0253040920943022));
#8422=CARTESIAN_POINT('',(-0.0198833177335464,-0.00336795183829963,0.0253040920943022));
#8423=CARTESIAN_POINT('',(-0.0178772586412183,-0.00336795183829963,0.0253040920943022));
#8424=CARTESIAN_POINT('',(-0.0198833177335464,0.00125676942490777,0.0257510971277952));
#8425=CARTESIAN_POINT('',(-0.0210517177335464,0.00125676942490777,0.0257510971277952));
#8426=CARTESIAN_POINT('',(-0.0210517177335464,0.00790355241791886,0.0257510971277952));
#8427=CARTESIAN_POINT('',(-0.0210517177335464,-0.00539001356810331,0.0257510971277952));
#8428=CARTESIAN_POINT('',(-0.0198833177335464,0.00790355241791886,0.0257510971277952));
#8429=CARTESIAN_POINT('',(-0.0198833177335464,0.00790355241791886,0.0257510971277952));
#8430=CARTESIAN_POINT('',(-0.0198833177335464,0.00125676942490777,0.0257510971277952));
#8431=CARTESIAN_POINT('',(-0.0198833177335464,0.00336795183829963,0.0257510971277952));
#8432=CARTESIAN_POINT('',(-0.0198833177335464,0.00336795183829963,0.0257510971277952));
#8433=CARTESIAN_POINT('',(-0.0199446305632591,0.00336795183829963,0.0257510971277952));
#8434=CARTESIAN_POINT('',(-0.0199446305632591,0.00125676942490777,0.0257510971277952));
#8435=CARTESIAN_POINT('',(-0.0199446305632591,-0.00336795183829963,0.0257510971277952));
#8436=CARTESIAN_POINT('',(-0.0198833177335464,-0.00336795183829963,0.0257510971277952));
#8437=CARTESIAN_POINT('',(-0.0198833177335464,-0.00336795183829963,0.0257510971277952));
#8438=CARTESIAN_POINT('',(-0.0198833177335464,0.00125676942490777,0.0257510971277952));
#8439=CARTESIAN_POINT('',(-0.0198833177335464,-0.00539001356810331,0.0257510971277952));
#8440=CARTESIAN_POINT('',(-0.0198833177335464,-0.00539001356810331,0.0257510971277952));
#8441=CARTESIAN_POINT('',(-0.0198833177335464,0.,0.0145034));
#8442=CARTESIAN_POINT('',(-0.0198833177335464,0.00336795183829963,0.0145034));
#8443=CARTESIAN_POINT('',(-0.0198833177335464,0.00790355241791886,0.026924));
#8444=CARTESIAN_POINT('',(-0.0222201177335464,-0.0066929,0.0082931));
#8445=CARTESIAN_POINT('',(-0.0222201177335464,0.00790355241791886,0.026924));
#8446=CARTESIAN_POINT('',(-0.0222201177335464,0.00790355241791886,0.026924));
#8447=CARTESIAN_POINT('',(-0.0222201177335464,0.00790355241791886,0.000351097127795217));
#8448=CARTESIAN_POINT('',(-0.0222201177335464,0.00125676942490777,0.000351097127795217));
#8449=CARTESIAN_POINT('',(-0.0222201177335464,-0.00539001356810331,0.000351097127795217));
#8450=CARTESIAN_POINT('',(-0.0222201177335464,-0.00539001356810331,0.000351097127795217));
#8451=CARTESIAN_POINT('',(-0.0222201177335464,-0.00539001356810331,0.0145034));
#8452=CARTESIAN_POINT('',(-0.0222201177335464,1.7347234759768E-18,0.0145034));
#8453=CARTESIAN_POINT('',(-0.0222201177335464,-0.00548224758208114,0.0145034));
#8454=CARTESIAN_POINT('',(-0.0222201177335464,-0.00548224758208114,0.013330744141398));
#8455=CARTESIAN_POINT('',(-0.0222201177335464,-0.00548224758208114,0.00951467175036669));
#8456=CARTESIAN_POINT('',(-0.0222201177335464,-0.00548224758208114,0.00951467175036669));
#8457=CARTESIAN_POINT('',(-0.0222201177335464,-0.00573624758208114,0.00951467175036669));
#8458=CARTESIAN_POINT('',(-0.0222201177335464,-0.00573624758208114,0.013462));
#8459=CARTESIAN_POINT('',(-0.0222201177335464,-0.00573624758208114,0.00574820209294558));
#8460=CARTESIAN_POINT('',(-0.0222201177335464,-0.00548224758208114,0.00574820209294558));
#8461=CARTESIAN_POINT('',(-0.0222201177335464,-0.00548224758208114,0.00574820209294558));
#8462=CARTESIAN_POINT('',(-0.0222201177335464,-0.00548224758208114,0.0136665736376577));
#8463=CARTESIAN_POINT('',(-0.0222201177335464,-0.00548224758208114,0.0020828));
#8464=CARTESIAN_POINT('',(-0.0222201177335464,0.,0.0020828));
#8465=CARTESIAN_POINT('',(-0.0222201177335464,-0.00790355241791886,0.0020828));
#8466=CARTESIAN_POINT('',(-0.0222201177335464,-0.00790355241791886,0.026924));
#8467=CARTESIAN_POINT('',(-0.0222201177335464,-0.00790355241791886,0.026924));
#8468=CARTESIAN_POINT('',(-0.0222201177335464,0.,0.026924));
#8469=CARTESIAN_POINT('',(0.,0.00790355241791886,0.026924));
#8470=CARTESIAN_POINT('',(-0.0210517177335464,0.00790355241791886,0.000351097127795217));
#8471=CARTESIAN_POINT('',(-0.0210517177335464,0.00790355241791886,0.000351097127795217));
#8472=CARTESIAN_POINT('',(-0.0198833177335464,0.00790355241791886,0.000351097127795217));
#8473=CARTESIAN_POINT('',(0.,0.00790355241791886,0.026924));
#8474=CARTESIAN_POINT('',(0.0153621177335464,0.00790355241791886,0.026924));
#8475=CARTESIAN_POINT('',(0.0153621177335464,0.00790355241791886,0.026924));
#8476=CARTESIAN_POINT('',(0.0153621177335464,0.00790355241791886,0.0020828));
#8477=CARTESIAN_POINT('',(0.,0.00790355241791886,0.0020828));
#8478=CARTESIAN_POINT('',(0.0139799369911021,0.00790355241791886,0.0020828));
#8479=CARTESIAN_POINT('',(0.0139799369911021,0.00790355241791886,0.013330744141398));
#8480=CARTESIAN_POINT('',(-0.0147264475031598,0.00790355241791886,0.0199037460471511));
#8481=CARTESIAN_POINT('',(0.,-0.00573624758208114,0.013462));
#8482=CARTESIAN_POINT('',(0.00607699202373624,-0.00573624758208114,0.0138978180475533));
#8483=CARTESIAN_POINT('',(0.00607699202373624,-0.00573624758208114,0.0145034));
#8484=CARTESIAN_POINT('',(0.00607699202373624,-0.00573624758208114,0.0182809643447399));
#8485=CARTESIAN_POINT('',(0.,-0.00573624758208114,0.0145034));
#8486=CARTESIAN_POINT('',(-0.00518246740102768,-0.00573624758208114,0.0145034));
#8487=CARTESIAN_POINT('',(-0.00518246740102768,-0.00573624758208114,0.0138978180475533));
#8488=CARTESIAN_POINT('',(-0.00518246740102768,-0.00573624758208114,0.0182809643447399));
#8489=CARTESIAN_POINT('',(-0.00779627030715346,-0.00573624758208114,0.0182809643447399));
#8490=CARTESIAN_POINT('',(-0.0104100732132792,-0.00573624758208114,0.0182809643447399));
#8491=CARTESIAN_POINT('',(-0.0104100732132792,-0.00573624758208114,0.0138978180475533));
#8492=CARTESIAN_POINT('',(-0.0104100732132792,-0.00573624758208114,0.0145034));
#8493=CARTESIAN_POINT('',(0.,-0.00573624758208114,0.0145034));
#8494=CARTESIAN_POINT('',(-0.0147264475031598,-0.00573624758208114,0.0145034));
#8495=CARTESIAN_POINT('',(-0.0147264475031598,-0.00573624758208114,0.013330744141398));
#8496=CARTESIAN_POINT('',(0.0139799369911021,-0.00573624758208114,0.013330744141398));
#8497=CARTESIAN_POINT('',(0.0139799369911021,-0.00573624758208114,0.0161213358719889));
#8498=CARTESIAN_POINT('',(0.0153621177335464,-0.00573624758208114,0.0161213358719889));
#8499=CARTESIAN_POINT('',(0.0153621177335464,-0.00573624758208114,0.0161213358719889));
#8500=CARTESIAN_POINT('',(0.0153621177335464,-0.00573624758208114,0.013462));
#8501=CARTESIAN_POINT('',(0.0153621177335464,-0.00573624758208114,0.0095577298787009));
#8502=CARTESIAN_POINT('',(0.0153621177335464,-0.00573624758208114,0.0095577298787009));
#8503=CARTESIAN_POINT('',(0.0139799369911021,-0.00573624758208114,0.0095577298787009));
#8504=CARTESIAN_POINT('',(0.0139799369911021,-0.00573624758208114,0.013330744141398));
#8505=CARTESIAN_POINT('',(0.0139799369911021,-0.00573624758208114,0.0020828));
#8506=CARTESIAN_POINT('',(0.,-0.00573624758208114,0.0020828));
#8507=CARTESIAN_POINT('',(0.0111142517998815,-0.00573624758208114,0.0020828));
#8508=CARTESIAN_POINT('',(0.0111142517998815,-0.00573624758208114,0.00391550104647279));
#8509=CARTESIAN_POINT('',(0.0111142517998815,-0.00573624758208114,0.00574820209294558));
#8510=CARTESIAN_POINT('',(0.00872782873921096,-0.00573624758208114,0.00574820209294558));
#8511=CARTESIAN_POINT('',(0.00852994550950825,-0.00573624758208114,0.00951467175036669));
#8512=CARTESIAN_POINT('',(0.0109828989952803,-0.00573624758208114,0.00951467175036669));
#8513=CARTESIAN_POINT('',(0.0109828989952803,-0.00573624758208114,0.0138978180475533));
#8514=CARTESIAN_POINT('',(0.0109828989952803,-0.00573624758208114,0.0182809643447399));
#8515=CARTESIAN_POINT('',(0.00852994550950825,-0.00573624758208114,0.0182809643447399));
#8516=CARTESIAN_POINT('',(-0.00518246740102768,-0.00548224758208114,0.0138978180475533));
#8517=CARTESIAN_POINT('',(-0.00518246740102768,-0.00548224758208114,0.0145034));
#8518=CARTESIAN_POINT('',(-0.00518246740102768,-0.00548224758208114,0.0145034));
#8519=CARTESIAN_POINT('',(-0.00518246740102768,-0.00548224758208114,0.0138978180475533));
#8520=CARTESIAN_POINT('',(-0.00518246740102768,-0.00548224758208114,0.0182809643447399));
#8521=CARTESIAN_POINT('',(-0.00518246740102768,-0.00548224758208114,0.0182809643447399));
#8522=CARTESIAN_POINT('',(-0.0104100732132792,-0.00548224758208114,0.0138978180475533));
#8523=CARTESIAN_POINT('',(-0.0104100732132792,-0.00548224758208114,0.0138978180475533));
#8524=CARTESIAN_POINT('',(-0.0104100732132792,-0.00548224758208114,0.0182809643447399));
#8525=CARTESIAN_POINT('',(-0.0104100732132792,-0.00548224758208114,0.0145034));
#8526=CARTESIAN_POINT('',(-0.0104100732132792,-0.00548224758208114,0.0145034));
#8527=CARTESIAN_POINT('',(-0.0104100732132792,-0.00548224758208114,0.0182809643447399));
#8528=CARTESIAN_POINT('',(0.00852994550950825,-0.00548224758208114,0.00951467175036669));
#8529=CARTESIAN_POINT('',(0.00852994550950825,-0.00548224758208114,0.00951467175036669));
#8530=CARTESIAN_POINT('',(0.0109828989952803,-0.00548224758208114,0.00951467175036669));
#8531=CARTESIAN_POINT('',(0.0109828989952803,-0.00548224758208114,0.00951467175036669));
#8532=CARTESIAN_POINT('',(0.00607699202373624,-0.00548224758208114,0.0138978180475533));
#8533=CARTESIAN_POINT('',(0.00607699202373624,-0.00548224758208114,0.0145034));
#8534=CARTESIAN_POINT('',(0.00607699202373624,-0.00548224758208114,0.0145034));
#8535=CARTESIAN_POINT('',(0.00607699202373624,-0.00548224758208114,0.0182809643447399));
#8536=CARTESIAN_POINT('',(0.00607699202373624,-0.00548224758208114,0.0182809643447399));
#8537=CARTESIAN_POINT('',(0.00607699202373624,-0.00548224758208114,0.0138978180475533));
#8538=CARTESIAN_POINT('',(0.000317835115193308,-0.00548224758208114,0.013330744141398));
#8539=CARTESIAN_POINT('',(-0.0222201177335464,-0.00548224758208114,0.0145034));
#8540=CARTESIAN_POINT('',(-0.0210280697792769,-0.00548224758208114,0.0145034));
#8541=CARTESIAN_POINT('',(-0.0222201177335464,-0.00548224758208114,0.0145034));
#8542=CARTESIAN_POINT('',(-0.00779627030715346,-0.00548224758208114,0.0182809643447399));
#8543=CARTESIAN_POINT('',(-0.0222201177335464,-0.00548224758208114,0.0145034));
#8544=CARTESIAN_POINT('',(0.00852994550950825,-0.00548224758208114,0.0182809643447399));
#8545=CARTESIAN_POINT('',(0.0109828989952803,-0.00548224758208114,0.0182809643447399));
#8546=CARTESIAN_POINT('',(0.0109828989952803,-0.00548224758208114,0.0138978180475533));
#8547=CARTESIAN_POINT('',(0.00872782873921096,-0.00548224758208114,0.00574820209294558));
#8548=CARTESIAN_POINT('',(0.00872782873921096,-0.00548224758208114,0.00574820209294558));
#8549=CARTESIAN_POINT('',(0.0111142517998815,-0.00548224758208114,0.00574820209294558));
#8550=CARTESIAN_POINT('',(0.0111142517998815,-0.00548224758208114,0.00574820209294558));
#8551=CARTESIAN_POINT('',(0.000317835115193308,-0.00548224758208114,0.0136665736376577));
#8552=CARTESIAN_POINT('',(0.,-0.00548224758208114,0.0020828));
#8553=CARTESIAN_POINT('',(0.0111142517998815,-0.00548224758208114,0.0020828));
#8554=CARTESIAN_POINT('',(0.0111142517998815,-0.00548224758208114,0.00391550104647279));
#8555=CARTESIAN_POINT('',(0.0139799369911021,-0.00573624758208114,0.013330744141398));
#8556=CARTESIAN_POINT('',(0.0139799369911021,-0.00573624758208114,0.0020828));
#8557=CARTESIAN_POINT('',(0.0139799369911021,-0.00573624758208114,0.0095577298787009));
#8558=CARTESIAN_POINT('',(0.0139799369911021,-0.00093747513420632,0.0095577298787009));
#8559=CARTESIAN_POINT('',(0.0139799369911021,-0.00093747513420632,0.013330744141398));
#8560=CARTESIAN_POINT('',(0.0139799369911021,-0.00093747513420632,0.0161213358719889));
#8561=CARTESIAN_POINT('',(0.0139799369911021,-0.00573624758208114,0.0161213358719889));
#8562=CARTESIAN_POINT('',(0.0214581177335464,-0.00389117942628111,0.0095577298787009));
#8563=CARTESIAN_POINT('',(0.0212041177335464,-0.00389117942628111,0.0095577298787009));
#8564=CARTESIAN_POINT('',(0.0212041177335464,-0.00093747513420632,0.0095577298787009));
#8565=CARTESIAN_POINT('',(0.0212041177335464,-0.00684488371835591,0.0095577298787009));
#8566=CARTESIAN_POINT('',(0.0214581177335464,-0.00093747513420632,0.0095577298787009));
#8567=CARTESIAN_POINT('',(0.0153621177335464,-0.00389117942628111,0.0095577298787009));
#8568=CARTESIAN_POINT('',(0.0153621177335464,-0.00684488371835591,0.0095577298787009));
#8569=CARTESIAN_POINT('',(0.0214581177335464,-0.00684488371835591,0.0095577298787009));
#8570=CARTESIAN_POINT('',(0.0214581177335464,-0.00389117942628111,0.0161213358719889));
#8571=CARTESIAN_POINT('',(0.0214581177335464,-0.00093747513420632,0.0161213358719889));
#8572=CARTESIAN_POINT('',(0.0212041177335464,-0.00093747513420632,0.0161213358719889));
#8573=CARTESIAN_POINT('',(0.0212041177335464,-0.00389117942628111,0.0161213358719889));
#8574=CARTESIAN_POINT('',(0.0212041177335464,-0.00684488371835591,0.0161213358719889));
#8575=CARTESIAN_POINT('',(0.0214581177335464,-0.00684488371835591,0.0161213358719889));
#8576=CARTESIAN_POINT('',(0.0153621177335464,-0.00684488371835591,0.0161213358719889));
#8577=CARTESIAN_POINT('',(0.0153621177335464,-0.00389117942628111,0.0161213358719889));
#8578=CARTESIAN_POINT('',(0.0214581177335464,-0.00093747513420632,0.0128395328753449));
#8579=CARTESIAN_POINT('',(0.0212041177335464,-0.00093747513420632,0.0128395328753449));
#8580=CARTESIAN_POINT('',(0.0214581177335464,-0.00684488371835591,0.0128395328753449));
#8581=CARTESIAN_POINT('',(0.0212041177335464,-0.00684488371835591,0.0128395328753449));
#8582=CARTESIAN_POINT('',(0.0153621177335464,-0.00684488371835591,0.0128395328753449));
#8583=CARTESIAN_POINT('',(0.0153621177335464,0.,0.026924));
#8584=CARTESIAN_POINT('',(0.0153621177335464,0.,0.0020828));
#8585=CARTESIAN_POINT('',(0.0153621177335464,-0.00790355241791886,0.0020828));
#8586=CARTESIAN_POINT('',(0.0153621177335464,0.,0.026924));
#8587=CARTESIAN_POINT('',(0.0153621177335464,-0.00790355241791886,0.026924));
#8588=CARTESIAN_POINT('',(0.0153621177335464,-0.00790355241791886,0.026924));
#8589=CARTESIAN_POINT('',(0.0153621177335464,-0.00790355241791886,0.0165322237305815));
#8590=CARTESIAN_POINT('',(0.0153621177335464,-0.00395177620895943,0.0165322237305815));
#8591=CARTESIAN_POINT('',(0.0153621177335464,0.,0.0165322237305815));
#8592=CARTESIAN_POINT('',(0.0153621177335464,0.,0.0128395328753449));
#8593=CARTESIAN_POINT('',(0.0153621177335464,0.,0.00914684202010836));
#8594=CARTESIAN_POINT('',(0.0153621177335464,-0.00395177620895943,0.00914684202010836));
#8595=CARTESIAN_POINT('',(0.0153621177335464,-0.00790355241791886,0.00914684202010836));
#8596=CARTESIAN_POINT('',(0.0153621177335464,-0.00790355241791886,0.026924));
#8597=CARTESIAN_POINT('',(0.,-0.00790355241791886,0.026924));
#8598=CARTESIAN_POINT('',(0.,-0.00790355241791886,0.026924));
#8599=CARTESIAN_POINT('',(0.,-0.00790355241791886,0.0020828));
#8600=CARTESIAN_POINT('',(0.0214581177335464,-0.00790355241791886,0.00914684202010836));
#8601=CARTESIAN_POINT('',(0.0214581177335464,-0.00790355241791886,0.00914684202010836));
#8602=CARTESIAN_POINT('',(0.0214581177335464,-0.00790355241791886,0.026924));
#8603=CARTESIAN_POINT('',(0.0214581177335464,-0.00790355241791886,0.0419322237305814));
#8604=CARTESIAN_POINT('',(0.0214581177335464,-0.00790355241791886,0.0419322237305814));
#8605=CARTESIAN_POINT('',(0.0184101177335464,-0.00790355241791886,0.0419322237305814));
#8606=CARTESIAN_POINT('',(0.0184101177335464,-0.00790355241791886,0.0419322237305814));
#8607=CARTESIAN_POINT('',(0.0184101177335464,-0.00790355241791886,0.0165322237305815));
#8608=CARTESIAN_POINT('',(0.0214581177335464,-0.00790355241791886,0.0165322237305815));
#8609=CARTESIAN_POINT('',(0.,0.,0.026924));
#8610=CARTESIAN_POINT('',(0.0102031342685223,0.00360460462979972,0.026924));
#8611=CARTESIAN_POINT('',(0.00792796816676855,0.00360460462979972,0.026924));
#8612=CARTESIAN_POINT('',(0.012478300370276,0.00360460462979972,0.026924));
#8613=CARTESIAN_POINT('',(0.012478300370276,0.,0.026924));
#8614=CARTESIAN_POINT('',(0.012478300370276,-0.00360460462979972,0.026924));
#8615=CARTESIAN_POINT('',(0.0102031342685223,-0.00360460462979972,0.026924));
#8616=CARTESIAN_POINT('',(0.00792796816676855,-0.00360460462979972,0.026924));
#8617=CARTESIAN_POINT('',(0.00792796816676855,0.,0.026924));
#8618=CARTESIAN_POINT('',(0.00612328248098493,0.,0.026924));
#8619=CARTESIAN_POINT('',(0.00612328248098493,0.00379420164972543,0.026924));
#8620=CARTESIAN_POINT('',(0.00612328248098493,-0.00379420164972543,0.026924));
#8621=CARTESIAN_POINT('',(-0.000939494412938491,-0.00379420164972543,0.026924));
#8622=CARTESIAN_POINT('',(-0.00187898882587698,-0.00379420164972543,0.026924));
#8623=CARTESIAN_POINT('',(-0.00187898882587698,0.,0.026924));
#8624=CARTESIAN_POINT('',(-0.00187898882587698,0.00379420164972543,0.026924));
#8625=CARTESIAN_POINT('',(0.00306164124049246,0.00379420164972543,0.026924));
#8626=CARTESIAN_POINT('',(-0.00818778946995735,0.00404699798673391,0.026924));
#8627=CARTESIAN_POINT('',(-0.0125485248863697,0.00404699798673391,0.026924));
#8628=CARTESIAN_POINT('',(-0.003827054053545,0.00404699798673391,0.026924));
#8629=CARTESIAN_POINT('',(-0.003827054053545,0.,0.026924));
#8630=CARTESIAN_POINT('',(-0.003827054053545,-0.00404699798673391,0.026924));
#8631=CARTESIAN_POINT('',(-0.00818778946995735,-0.00404699798673391,0.026924));
#8632=CARTESIAN_POINT('',(-0.0125485248863697,-0.00404699798673391,0.026924));
#8633=CARTESIAN_POINT('',(-0.0125485248863697,0.,0.026924));
#8634=CARTESIAN_POINT('',(-0.0177308470010758,0.0042997938580811,0.026924));
#8635=CARTESIAN_POINT('',(-0.0208276007324457,0.0042997938580811,0.026924));
#8636=CARTESIAN_POINT('',(-0.0146340932697058,0.0042997938580811,0.026924));
#8637=CARTESIAN_POINT('',(-0.0146340932697058,0.,0.026924));
#8638=CARTESIAN_POINT('',(-0.0146340932697058,-0.0042997938580811,0.026924));
#8639=CARTESIAN_POINT('',(-0.0177308470010758,-0.0042997938580811,0.026924));
#8640=CARTESIAN_POINT('',(-0.0208276007324457,-0.0042997938580811,0.026924));
#8641=CARTESIAN_POINT('',(-0.0208276007324457,0.,0.026924));
#8642=CARTESIAN_POINT('',(0.0214581177335464,-0.00395177620895943,0.00914684202010836));
#8643=CARTESIAN_POINT('',(0.0214581177335464,0.,0.00914684202010836));
#8644=CARTESIAN_POINT('',(0.0214581177335464,0.,0.00914684202010836));
#8645=CARTESIAN_POINT('',(0.0214581177335464,-0.00395177620895943,0.00914684202010836));
#8646=CARTESIAN_POINT('',(0.0214581177335464,0.,0.0128395328753449));
#8647=CARTESIAN_POINT('',(0.0214581177335464,0.,0.0165322237305815));
#8648=CARTESIAN_POINT('',(0.0184101177335464,0.,0.0165322237305815));
#8649=CARTESIAN_POINT('',(0.0184101177335464,0.,0.0419322237305814));
#8650=CARTESIAN_POINT('',(0.0184101177335464,0.,0.0419322237305814));
#8651=CARTESIAN_POINT('',(0.0214581177335464,0.,0.0419322237305814));
#8652=CARTESIAN_POINT('',(0.0214581177335464,0.,0.0419322237305814));
#8653=CARTESIAN_POINT('',(0.0214581177335464,0.,0.0128395328753449));
#8654=CARTESIAN_POINT('',(0.0214581177335464,-0.00395177620895943,0.0165322237305815));
#8655=CARTESIAN_POINT('',(0.0184101177335464,-0.00395177620895943,0.0165322237305815));
#8656=CARTESIAN_POINT('',(0.0214581177335464,0.,0.013462));
#8657=CARTESIAN_POINT('',(0.0214581177335464,-0.00395177620895943,0.0419322237305814));
#8658=CARTESIAN_POINT('',(0.0184101177335464,-0.00395177620895943,0.0419322237305814));
#8659=CARTESIAN_POINT('',(0.0184101177335464,-0.00395177620895943,0.0419322237305814));
#8660=CARTESIAN_POINT('',(0.0184101177335464,-0.00395177620895943,0.0419322237305814));
#8661=CARTESIAN_POINT('',(0.0153621177335464,0.,0.013462));
#8662=CARTESIAN_POINT('',(0.0212041177335464,-0.00395177620895943,0.0255395328753449));
#8663=CARTESIAN_POINT('',(0.0212041177335464,-0.00220441864803434,0.0126732718199491));
#8664=CARTESIAN_POINT('',(0.0212041177335464,-0.00220441864803434,0.0136012528091669));
#8665=CARTESIAN_POINT('',(0.0212041177335464,-0.00303207733668387,0.0136012528091669));
#8666=CARTESIAN_POINT('',(0.0212041177335464,-0.0038597360253334,0.0136012528091669));
#8667=CARTESIAN_POINT('',(0.0212041177335464,-0.0038597360253334,0.0126732718199491));
#8668=CARTESIAN_POINT('',(-0.00779627030715346,-0.00548224758208114,0.0182809643447399));
#8669=CARTESIAN_POINT('',(0.00852994550950825,-0.00548224758208114,0.0182809643447399));
#8670=CARTESIAN_POINT('',(0.0109828989952803,-0.00548224758208114,0.0182809643447399));
#8671=CARTESIAN_POINT('',(0.0109828989952803,-0.00548224758208114,0.0138978180475533));
#8672=CARTESIAN_POINT('',(0.,0.,0.0020828));
#8673=CARTESIAN_POINT('',(0.0111142517998815,-0.00548224758208114,0.0020828));
#8674=CARTESIAN_POINT('',(0.0111142517998815,-0.00548224758208114,0.00391550104647279));
#8675=CARTESIAN_POINT('',(0.0100378822664536,1.7347234759768E-18,0.0145034));
#8676=CARTESIAN_POINT('',(-0.0198833177335464,-0.00539001356810331,0.0145034));
#8677=CARTESIAN_POINT('',(-0.0210280697792769,-0.00539001356810331,0.0145034));
#8678=CARTESIAN_POINT('',(-0.0210517177335464,-0.00539001356810331,0.0145034));
#8679=CARTESIAN_POINT('',(-0.0210280697792769,-0.00581244758208114,0.0145034));
#8680=CARTESIAN_POINT('',(-0.0198833177335464,-0.00539001356810331,0.0145034));
#8681=CARTESIAN_POINT('',(-0.0222201177335464,1.7347234759768E-18,0.0145034));
#8682=CARTESIAN_POINT('',(-0.0210280697792769,-0.00581244758208114,0.0145034));
#8683=CARTESIAN_POINT('',(-0.0210280697792769,-0.00581244758208114,0.0145034));
#8684=CARTESIAN_POINT('',(0.0100378822664536,-0.00581244758208114,0.0145034));
#8685=CARTESIAN_POINT('',(-0.0147264475031598,-0.00581244758208114,0.0145034));
#8686=CARTESIAN_POINT('',(-0.0147264475031598,-0.00581244758208114,0.0145034));
#8687=CARTESIAN_POINT('',(-0.0222201177335464,1.7347234759768E-18,0.0145034));
#8688=CARTESIAN_POINT('',(-0.0147264475031598,-0.00581244758208114,0.0199037460471511));
#8689=CARTESIAN_POINT('',(-0.0147264475031598,-0.00581244758208114,0.0199037460471511));
#8690=CARTESIAN_POINT('',(-0.0210280697792769,-0.00581244758208114,0.0199037460471511));
#8691=CARTESIAN_POINT('',(-0.0210280697792769,-0.00539001356810331,0.0199037460471511));
#8692=CARTESIAN_POINT('',(-0.0210280697792769,-0.00581244758208114,0.0199037460471511));
#8693=CARTESIAN_POINT('',(-0.003429,-0.00581244758208114,0.0145034));
#8694=CARTESIAN_POINT('',(-0.0198833177335464,-0.00539001356810331,0.0201272485638976));
#8695=CARTESIAN_POINT('',(-0.0210517177335464,-0.00539001356810331,0.000351097127795217));
#8696=CARTESIAN_POINT('',(-0.0198833177335464,-0.00539001356810331,0.0201272485638976));
#8697=CARTESIAN_POINT('',(-0.0198833177335464,0.,0.0145034));
#8698=CARTESIAN_POINT('',(-0.0198833177335464,-0.00336795183829963,0.0145034));
#8699=CARTESIAN_POINT('',(-0.0177308470010758,0.0042997938580811,0.052324));
#8700=CARTESIAN_POINT('',(-0.0208276007324457,0.0042997938580811,0.052324));
#8701=CARTESIAN_POINT('',(-0.0208276007324457,0.0042997938580811,0.052578));
#8702=CARTESIAN_POINT('',(-0.0180112291127443,0.0042997938580811,0.052578));
#8703=CARTESIAN_POINT('',(-0.0151948574930429,0.0042997938580811,0.052578));
#8704=CARTESIAN_POINT('',(-0.0151948574930429,0.0042997938580811,0.052578));
#8705=CARTESIAN_POINT('',(-0.0146340932697058,0.0042997938580811,0.052324));
#8706=CARTESIAN_POINT('',(-0.0208276007324457,0.,0.052324));
#8707=CARTESIAN_POINT('',(-0.0208276007324457,-0.0042997938580811,0.052324));
#8708=CARTESIAN_POINT('',(-0.0208276007324457,-0.0042997938580811,0.052578));
#8709=CARTESIAN_POINT('',(-0.0208276007324457,0.,0.052578));
#8710=CARTESIAN_POINT('',(-0.0177308470010758,-0.0042997938580811,0.052324));
#8711=CARTESIAN_POINT('',(-0.0146340932697058,-0.0042997938580811,0.052324));
#8712=CARTESIAN_POINT('',(-0.0151948574930429,-0.0042997938580811,0.052578));
#8713=CARTESIAN_POINT('',(-0.0151948574930429,-0.0042997938580811,0.052578));
#8714=CARTESIAN_POINT('',(-0.0180112291127443,-0.0042997938580811,0.052578));
#8715=CARTESIAN_POINT('',(-0.0146340932697058,0.,0.052324));
#8716=CARTESIAN_POINT('',(-0.00818778946995735,0.00404699798673391,0.052324));
#8717=CARTESIAN_POINT('',(-0.0125485248863697,0.00404699798673391,0.052324));
#8718=CARTESIAN_POINT('',(-0.0125485248863697,0.00404699798673391,0.052578));
#8719=CARTESIAN_POINT('',(-0.00825706776231527,0.00404699798673391,0.052578));
#8720=CARTESIAN_POINT('',(-0.00396561063826084,0.00404699798673391,0.052578));
#8721=CARTESIAN_POINT('',(-0.00396561063826084,0.00404699798673391,0.052578));
#8722=CARTESIAN_POINT('',(-0.003827054053545,0.00404699798673391,0.052324));
#8723=CARTESIAN_POINT('',(-0.0125485248863697,0.,0.052324));
#8724=CARTESIAN_POINT('',(-0.0125485248863697,-0.00404699798673391,0.052324));
#8725=CARTESIAN_POINT('',(-0.0125485248863697,-0.00404699798673391,0.052578));
#8726=CARTESIAN_POINT('',(-0.0125485248863697,0.,0.052578));
#8727=CARTESIAN_POINT('',(-0.00818778946995735,-0.00404699798673391,0.052324));
#8728=CARTESIAN_POINT('',(-0.003827054053545,-0.00404699798673391,0.052324));
#8729=CARTESIAN_POINT('',(-0.00396561063826084,-0.00404699798673391,0.052578));
#8730=CARTESIAN_POINT('',(-0.00396561063826084,-0.00404699798673391,0.052578));
#8731=CARTESIAN_POINT('',(-0.00825706776231527,-0.00404699798673391,0.052578));
#8732=CARTESIAN_POINT('',(-0.003827054053545,0.,0.052324));
#8733=CARTESIAN_POINT('',(0.00612328248098493,0.,0.052324));
#8734=CARTESIAN_POINT('',(0.00612328248098493,0.00379420164972543,0.052324));
#8735=CARTESIAN_POINT('',(0.00612328248098493,0.00379420164972543,0.052324));
#8736=CARTESIAN_POINT('',(0.00612328248098493,0.,0.052324));
#8737=CARTESIAN_POINT('',(0.00612328248098493,-0.00379420164972543,0.052324));
#8738=CARTESIAN_POINT('',(0.00612328248098493,-0.00379420164972543,0.052324));
#8739=CARTESIAN_POINT('',(0.00306164124049246,0.00379420164972543,0.052324));
#8740=CARTESIAN_POINT('',(-0.00187898882587698,0.00379420164972543,0.052324));
#8741=CARTESIAN_POINT('',(-0.00187898882587698,0.00379420164972543,0.052578));
#8742=CARTESIAN_POINT('',(0.00217391457408667,0.00379420164972543,0.052578));
#8743=CARTESIAN_POINT('',(0.00622681797405031,0.00379420164972543,0.052578));
#8744=CARTESIAN_POINT('',(0.00622681797405031,0.00379420164972543,0.052578));
#8745=CARTESIAN_POINT('',(0.00622681797405031,0.00379420164972543,0.052324));
#8746=CARTESIAN_POINT('',(0.00217391457408667,0.00379420164972543,0.052324));
#8747=CARTESIAN_POINT('',(-0.00187898882587698,0.,0.052324));
#8748=CARTESIAN_POINT('',(-0.00187898882587698,-0.00379420164972543,0.052324));
#8749=CARTESIAN_POINT('',(-0.00187898882587698,-0.00379420164972543,0.052578));
#8750=CARTESIAN_POINT('',(-0.00187898882587698,0.,0.052578));
#8751=CARTESIAN_POINT('',(-0.000939494412938491,-0.00379420164972543,0.052324));
#8752=CARTESIAN_POINT('',(0.00217391457408667,-0.00379420164972543,0.052324));
#8753=CARTESIAN_POINT('',(0.00622681797405031,-0.00379420164972543,0.052324));
#8754=CARTESIAN_POINT('',(0.00622681797405031,-0.00379420164972543,0.052578));
#8755=CARTESIAN_POINT('',(0.00622681797405031,-0.00379420164972543,0.052578));
#8756=CARTESIAN_POINT('',(0.00217391457408667,-0.00379420164972543,0.052578));
#8757=CARTESIAN_POINT('',(0.0102031342685223,0.00360460462979972,0.052324));
#8758=CARTESIAN_POINT('',(0.00792796816676855,0.00360460462979972,0.052324));
#8759=CARTESIAN_POINT('',(0.00792796816676855,0.00360460462979972,0.052578));
#8760=CARTESIAN_POINT('',(0.0102031342685223,0.00360460462979972,0.052578));
#8761=CARTESIAN_POINT('',(0.0124246487393975,0.00360460462979972,0.052578));
#8762=CARTESIAN_POINT('',(0.0124246487393975,0.00360460462979972,0.052578));
#8763=CARTESIAN_POINT('',(0.012478300370276,0.00360460462979972,0.052324));
#8764=CARTESIAN_POINT('',(0.00792796816676855,0.,0.052324));
#8765=CARTESIAN_POINT('',(0.00792796816676855,-0.00360460462979972,0.052324));
#8766=CARTESIAN_POINT('',(0.00792796816676855,-0.00360460462979972,0.052578));
#8767=CARTESIAN_POINT('',(0.00792796816676855,0.,0.052578));
#8768=CARTESIAN_POINT('',(0.0102031342685223,-0.00360460462979972,0.052324));
#8769=CARTESIAN_POINT('',(0.012478300370276,-0.00360460462979972,0.052324));
#8770=CARTESIAN_POINT('',(0.0124246487393975,-0.00360460462979972,0.052578));
#8771=CARTESIAN_POINT('',(0.0124246487393975,-0.00360460462979972,0.052578));
#8772=CARTESIAN_POINT('',(0.0102031342685223,-0.00360460462979972,0.052578));
#8773=CARTESIAN_POINT('',(0.012478300370276,0.,0.052324));
#8774=CARTESIAN_POINT('',(0.010153928771615,0.00257169362157583,0.0071882));
#8775=CARTESIAN_POINT('',(0.0115075679495931,0.00257169362157583,0.0071882));
#8776=CARTESIAN_POINT('',(0.0115075679495931,0.00257169362157583,0.052324));
#8777=CARTESIAN_POINT('',(0.010153928771615,0.00257169362157583,0.052324));
#8778=CARTESIAN_POINT('',(0.00880028959363699,0.00257169362157583,0.052324));
#8779=CARTESIAN_POINT('',(0.00880028959363699,0.00257169362157583,0.0071882));
#8780=CARTESIAN_POINT('',(0.00880028959363699,0.,0.0071882));
#8781=CARTESIAN_POINT('',(0.00880028959363699,0.,0.052324));
#8782=CARTESIAN_POINT('',(0.00880028959363699,-0.00257169362157583,0.052324));
#8783=CARTESIAN_POINT('',(0.00880028959363699,-0.00257169362157583,0.0071882));
#8784=CARTESIAN_POINT('',(0.010153928771615,-0.00257169362157583,0.0071882));
#8785=CARTESIAN_POINT('',(0.010153928771615,-0.00257169362157583,0.052324));
#8786=CARTESIAN_POINT('',(0.0115075679495931,-0.00257169362157583,0.052324));
#8787=CARTESIAN_POINT('',(0.0115075679495931,-0.00257169362157583,0.0071882));
#8788=CARTESIAN_POINT('',(0.0115075679495931,0.,0.0071882));
#8789=CARTESIAN_POINT('',(0.0115075679495931,0.,0.052324));
#8790=CARTESIAN_POINT('',(0.00211172131821513,0.0030494483653456,0.0071882));
#8791=CARTESIAN_POINT('',(0.00513750244863331,0.0030494483653456,0.0071882));
#8792=CARTESIAN_POINT('',(0.00513750244863331,0.0030494483653456,0.052324));
#8793=CARTESIAN_POINT('',(0.00211172131821513,0.0030494483653456,0.052324));
#8794=CARTESIAN_POINT('',(-0.00091405981220305,0.0030494483653456,0.052324));
#8795=CARTESIAN_POINT('',(-0.00091405981220305,0.0030494483653456,0.0071882));
#8796=CARTESIAN_POINT('',(-0.00091405981220305,0.,0.0071882));
#8797=CARTESIAN_POINT('',(-0.00091405981220305,0.,0.052324));
#8798=CARTESIAN_POINT('',(-0.00091405981220305,-0.0030494483653456,0.052324));
#8799=CARTESIAN_POINT('',(-0.00091405981220305,-0.0030494483653456,0.0071882));
#8800=CARTESIAN_POINT('',(0.00211172131821513,-0.0030494483653456,0.0071882));
#8801=CARTESIAN_POINT('',(0.00211172131821513,-0.0030494483653456,0.052324));
#8802=CARTESIAN_POINT('',(0.00513750244863331,-0.0030494483653456,0.052324));
#8803=CARTESIAN_POINT('',(0.00513750244863331,-0.0030494483653456,0.0071882));
#8804=CARTESIAN_POINT('',(0.00513750244863331,0.,0.0071882));
#8805=CARTESIAN_POINT('',(0.00513750244863331,0.,0.052324));
#8806=CARTESIAN_POINT('',(-0.00816000904887915,0.00312907434999943,0.0071882));
#8807=CARTESIAN_POINT('',(-0.0045768478885293,0.00312907434999943,0.0071882));
#8808=CARTESIAN_POINT('',(-0.0045768478885293,0.00312907434999943,0.052324));
#8809=CARTESIAN_POINT('',(-0.00816000904887915,0.00312907434999943,0.052324));
#8810=CARTESIAN_POINT('',(-0.011743170209229,0.00312907434999943,0.052324));
#8811=CARTESIAN_POINT('',(-0.011743170209229,0.00312907434999943,0.0071882));
#8812=CARTESIAN_POINT('',(-0.011743170209229,0.,0.0071882));
#8813=CARTESIAN_POINT('',(-0.011743170209229,0.,0.052324));
#8814=CARTESIAN_POINT('',(-0.011743170209229,-0.00312907434999943,0.052324));
#8815=CARTESIAN_POINT('',(-0.011743170209229,-0.00312907434999943,0.0071882));
#8816=CARTESIAN_POINT('',(-0.00816000904887915,-0.00312907434999943,0.0071882));
#8817=CARTESIAN_POINT('',(-0.00816000904887915,-0.00312907434999943,0.052324));
#8818=CARTESIAN_POINT('',(-0.0045768478885293,-0.00312907434999943,0.052324));
#8819=CARTESIAN_POINT('',(-0.0045768478885293,-0.00312907434999943,0.0071882));
#8820=CARTESIAN_POINT('',(-0.0045768478885293,0.,0.0071882));
#8821=CARTESIAN_POINT('',(-0.0045768478885293,0.,0.052324));
#8822=CARTESIAN_POINT('',(-0.017953984439373,0.00336795183829963,0.0071882));
#8823=CARTESIAN_POINT('',(-0.0159633383154869,0.00336795183829963,0.0071882));
#8824=CARTESIAN_POINT('',(-0.0159633383154869,0.00336795183829963,0.052324));
#8825=CARTESIAN_POINT('',(-0.017953984439373,0.00336795183829963,0.052324));
#8826=CARTESIAN_POINT('',(-0.0199446305632591,0.00336795183829963,0.052324));
#8827=CARTESIAN_POINT('',(-0.0199446305632591,0.00336795183829963,0.0071882));
#8828=CARTESIAN_POINT('',(-0.0199446305632591,0.,0.0071882));
#8829=CARTESIAN_POINT('',(-0.0199446305632591,0.,0.052324));
#8830=CARTESIAN_POINT('',(-0.0199446305632591,-0.00336795183829963,0.052324));
#8831=CARTESIAN_POINT('',(-0.0199446305632591,-0.00336795183829963,0.0071882));
#8832=CARTESIAN_POINT('',(-0.017953984439373,-0.00336795183829963,0.0071882));
#8833=CARTESIAN_POINT('',(-0.017953984439373,-0.00336795183829963,0.052324));
#8834=CARTESIAN_POINT('',(-0.0159633383154869,-0.00336795183829963,0.052324));
#8835=CARTESIAN_POINT('',(-0.0159633383154869,-0.00336795183829963,0.0071882));
#8836=CARTESIAN_POINT('',(-0.0159633383154869,0.,0.0071882));
#8837=CARTESIAN_POINT('',(-0.0159633383154869,0.,0.052324));
#8838=CARTESIAN_POINT('',(-0.00417465018108487,0.,0.052578));
#8839=CARTESIAN_POINT('',(0.0124246487393975,0.,0.052578));
#8840=CARTESIAN_POINT('',(0.0124246487393975,0.,0.052578));
#8841=CARTESIAN_POINT('',(-0.00417465018108487,0.,0.052324));
#8842=CARTESIAN_POINT('',(0.0103290993720293,0.,0.052324));
#8843=CARTESIAN_POINT('',(0.0103290993720293,0.000589468458201736,0.052324));
#8844=CARTESIAN_POINT('',(0.0103290993720293,-0.000589468458201736,0.052324));
#8845=CARTESIAN_POINT('',(0.0100504085421562,0.000589468458201736,0.052324));
#8846=CARTESIAN_POINT('',(0.00977171771228313,0.000589468458201736,0.052324));
#8847=CARTESIAN_POINT('',(0.00977171771228313,0.,0.052324));
#8848=CARTESIAN_POINT('',(0.00977171771228313,-0.000589468458201736,0.052324));
#8849=CARTESIAN_POINT('',(0.0100504085421562,-0.000589468458201736,0.052324));
#8850=CARTESIAN_POINT('',(-0.00417465018108487,0.,0.052324));
#8851=CARTESIAN_POINT('',(0.00161007244605571,0.,0.052324));
#8852=CARTESIAN_POINT('',(0.00161007244605571,-0.000565105932764709,0.052324));
#8853=CARTESIAN_POINT('',(0.00161007244605571,0.000565105932764709,0.052324));
#8854=CARTESIAN_POINT('',(0.00216745329089463,-0.000565105932764709,0.052324));
#8855=CARTESIAN_POINT('',(0.00272483413573355,-0.000565105932764709,0.052324));
#8856=CARTESIAN_POINT('',(0.00272483413573355,0.,0.052324));
#8857=CARTESIAN_POINT('',(0.00272483413573355,0.000565105932764709,0.052324));
#8858=CARTESIAN_POINT('',(0.00216745329089463,0.000565105932764709,0.052324));
#8859=CARTESIAN_POINT('',(-0.00417465018108487,0.,0.052324));
#8860=CARTESIAN_POINT('',(0.00622681797405031,0.,0.052324));
#8861=CARTESIAN_POINT('',(0.00622681797405031,0.,0.052578));
#8862=CARTESIAN_POINT('',(0.00622681797405031,0.,0.052578));
#8863=CARTESIAN_POINT('',(-0.00417465018108487,0.,0.052578));
#8864=CARTESIAN_POINT('',(-0.00417465018108487,0.,0.052578));
#8865=CARTESIAN_POINT('',(-0.00396561063826084,0.,0.052578));
#8866=CARTESIAN_POINT('',(-0.00396561063826084,0.,0.052578));
#8867=CARTESIAN_POINT('',(-0.00417465018108487,0.,0.052324));
#8868=CARTESIAN_POINT('',(-0.00890053529292345,0.,0.052324));
#8869=CARTESIAN_POINT('',(-0.00890053529292345,-0.000684544676914811,0.052324));
#8870=CARTESIAN_POINT('',(-0.00890053529292345,0.000684544676914811,0.052324));
#8871=CARTESIAN_POINT('',(-0.00810427684336901,-0.000684544676914811,0.052324));
#8872=CARTESIAN_POINT('',(-0.00730801839381456,-0.000684544676914811,0.052324));
#8873=CARTESIAN_POINT('',(-0.00730801839381456,0.,0.052324));
#8874=CARTESIAN_POINT('',(-0.00730801839381456,0.000684544676914811,0.052324));
#8875=CARTESIAN_POINT('',(-0.00810427684336901,0.000684544676914811,0.052324));
#8876=CARTESIAN_POINT('',(-0.00417465018108487,0.,0.052578));
#8877=CARTESIAN_POINT('',(-0.0151948574930429,0.,0.052578));
#8878=CARTESIAN_POINT('',(-0.0151948574930429,0.,0.052578));
#8879=CARTESIAN_POINT('',(-0.00417465018108487,0.,0.052324));
#8880=CARTESIAN_POINT('',(-0.0187741369009018,0.,0.052324));
#8881=CARTESIAN_POINT('',(-0.0187741369009018,-0.000843796238768846,0.052324));
#8882=CARTESIAN_POINT('',(-0.0187741369009018,0.000843796238768846,0.052324));
#8883=CARTESIAN_POINT('',(-0.0180176924914122,-0.000843796238768846,0.052324));
#8884=CARTESIAN_POINT('',(-0.0172612480819225,-0.000843796238768846,0.052324));
#8885=CARTESIAN_POINT('',(-0.0172612480819225,0.,0.052324));
#8886=CARTESIAN_POINT('',(-0.0172612480819225,0.000843796238768846,0.052324));
#8887=CARTESIAN_POINT('',(-0.0180176924914122,0.000843796238768846,0.052324));
#8888=CARTESIAN_POINT('',(-0.0180176924914122,-0.000843796238768846,0.013208));
#8889=CARTESIAN_POINT('',(-0.0187741369009018,-0.000843796238768846,0.013208));
#8890=CARTESIAN_POINT('',(-0.0187741369009018,-0.000843796238768846,0.013208));
#8891=CARTESIAN_POINT('',(-0.0180176924914122,-0.000843796238768846,0.013208));
#8892=CARTESIAN_POINT('',(-0.0172612480819225,-0.000843796238768846,0.013208));
#8893=CARTESIAN_POINT('',(-0.0172612480819225,-0.000843796238768846,0.013208));
#8894=CARTESIAN_POINT('',(-0.0187741369009018,0.,0.013208));
#8895=CARTESIAN_POINT('',(-0.0187741369009018,0.000843796238768846,0.013208));
#8896=CARTESIAN_POINT('',(-0.0187741369009018,0.000843796238768846,0.013208));
#8897=CARTESIAN_POINT('',(-0.0187741369009018,0.,0.013208));
#8898=CARTESIAN_POINT('',(-0.0180176924914122,0.000843796238768846,0.013208));
#8899=CARTESIAN_POINT('',(-0.0172612480819225,0.000843796238768846,0.013208));
#8900=CARTESIAN_POINT('',(-0.0172612480819225,0.000843796238768846,0.013208));
#8901=CARTESIAN_POINT('',(-0.0180176924914122,0.000843796238768846,0.013208));
#8902=CARTESIAN_POINT('',(-0.0172612480819225,0.,0.013208));
#8903=CARTESIAN_POINT('',(-0.0172612480819225,0.,0.014730857077475));
#8904=CARTESIAN_POINT('',(-0.0172612480819225,0.000684544676914811,0.014730857077475));
#8905=CARTESIAN_POINT('',(-0.0172612480819225,-0.000684544676914811,0.014730857077475));
#8906=CARTESIAN_POINT('',(-0.0172612480819225,0.000684544676914811,0.013208));
#8907=CARTESIAN_POINT('',(-0.0172612480819225,0.000684544676914811,0.0138750222100328));
#8908=CARTESIAN_POINT('',(-0.0172612480819225,0.,0.0138750222100328));
#8909=CARTESIAN_POINT('',(-0.0172612480819225,-0.000684544676914811,0.0138750222100328));
#8910=CARTESIAN_POINT('',(-0.0172612480819225,-0.000684544676914811,0.013208));
#8911=CARTESIAN_POINT('',(-0.0172612480819225,0.,0.013208));
#8912=CARTESIAN_POINT('',(-0.00480776559561491,0.,0.013208));
#8913=CARTESIAN_POINT('',(-0.00810427684336901,-0.000684544676914811,0.013208));
#8914=CARTESIAN_POINT('',(-0.00890053529292345,-0.000684544676914811,0.013208));
#8915=CARTESIAN_POINT('',(-0.00890053529292345,-0.000684544676914811,0.014730857077475));
#8916=CARTESIAN_POINT('',(-0.0178921352929234,-0.000684544676914811,0.014730857077475));
#8917=CARTESIAN_POINT('',(-0.0178921352929234,-0.000684544676914811,0.0138750222100328));
#8918=CARTESIAN_POINT('',(-0.00810427684336901,-0.000684544676914811,0.013208));
#8919=CARTESIAN_POINT('',(-0.00730801839381456,-0.000684544676914811,0.013208));
#8920=CARTESIAN_POINT('',(-0.00730801839381456,-0.000684544676914811,0.013208));
#8921=CARTESIAN_POINT('',(-0.00890053529292345,0.,0.013208));
#8922=CARTESIAN_POINT('',(-0.00890053529292345,0.000684544676914811,0.013208));
#8923=CARTESIAN_POINT('',(-0.00890053529292345,0.000684544676914811,0.014730857077475));
#8924=CARTESIAN_POINT('',(-0.00890053529292345,0.,0.014730857077475));
#8925=CARTESIAN_POINT('',(-0.00810427684336901,0.000684544676914811,0.013208));
#8926=CARTESIAN_POINT('',(-0.00730801839381456,0.000684544676914811,0.013208));
#8927=CARTESIAN_POINT('',(-0.00730801839381456,0.000684544676914811,0.013208));
#8928=CARTESIAN_POINT('',(-0.00810427684336901,0.000684544676914811,0.013208));
#8929=CARTESIAN_POINT('',(-0.0178921352929234,0.000684544676914811,0.0138750222100328));
#8930=CARTESIAN_POINT('',(-0.0178921352929234,0.000684544676914811,0.014730857077475));
#8931=CARTESIAN_POINT('',(-0.00730801839381456,0.,0.013208));
#8932=CARTESIAN_POINT('',(-0.00730801839381456,0.,0.013208));
#8933=CARTESIAN_POINT('',(-0.00480776559561491,0.,0.013208));
#8934=CARTESIAN_POINT('',(0.00216745329089463,-0.000565105932764709,0.013208));
#8935=CARTESIAN_POINT('',(0.00161007244605571,-0.000565105932764709,0.013208));
#8936=CARTESIAN_POINT('',(0.00161007244605571,-0.000565105932764709,0.013208));
#8937=CARTESIAN_POINT('',(0.00216745329089463,-0.000565105932764709,0.013208));
#8938=CARTESIAN_POINT('',(0.00272483413573355,-0.000565105932764709,0.013208));
#8939=CARTESIAN_POINT('',(0.00272483413573355,-0.000565105932764709,0.013208));
#8940=CARTESIAN_POINT('',(0.00161007244605571,0.,0.013208));
#8941=CARTESIAN_POINT('',(0.00161007244605571,0.000565105932764709,0.013208));
#8942=CARTESIAN_POINT('',(0.00161007244605571,0.000565105932764709,0.013208));
#8943=CARTESIAN_POINT('',(0.00161007244605571,0.,0.013208));
#8944=CARTESIAN_POINT('',(0.00216745329089463,0.000565105932764709,0.013208));
#8945=CARTESIAN_POINT('',(0.00272483413573355,0.000565105932764709,0.013208));
#8946=CARTESIAN_POINT('',(0.00272483413573355,0.000565105932764709,0.013208));
#8947=CARTESIAN_POINT('',(0.00216745329089463,0.000565105932764709,0.013208));
#8948=CARTESIAN_POINT('',(0.00272483413573355,0.,0.013208));
#8949=CARTESIAN_POINT('',(0.00272483413573355,0.,0.013208));
#8950=CARTESIAN_POINT('',(-0.00480776559561491,0.,0.013208));
#8951=CARTESIAN_POINT('',(0.0100504085421562,0.000589468458201736,0.013208));
#8952=CARTESIAN_POINT('',(0.0100504085421562,0.000589468458201736,0.0132664833217859));
#8953=CARTESIAN_POINT('',(0.00977171771228313,0.000589468458201736,0.0132664833217859));
#8954=CARTESIAN_POINT('',(0.0103276558220386,0.000594576681642719,0.0132664833217859));
#8955=CARTESIAN_POINT('',(0.00977171771228313,0.000589468458201736,0.013208));
#8956=CARTESIAN_POINT('',(0.0103290993720293,0.000589468458201736,0.013208));
#8957=CARTESIAN_POINT('',(0.0103290993720293,0.,0.013208));
#8958=CARTESIAN_POINT('',(0.0103290993720293,0.000589468458201736,0.013208));
#8959=CARTESIAN_POINT('',(0.0103276558220386,0.000589468458201736,0.013208));
#8960=CARTESIAN_POINT('',(0.0103290993720293,-0.000589468458201736,0.013208));
#8961=CARTESIAN_POINT('',(0.0103276558220386,-0.000589468458201736,0.0132664833217859));
#8962=CARTESIAN_POINT('',(0.0103290993720293,-0.000589468458201736,0.013208));
#8963=CARTESIAN_POINT('',(0.0103276558220386,-0.000589468458201736,0.013208));
#8964=CARTESIAN_POINT('',(0.0103290993720293,0.,0.013208));
#8965=CARTESIAN_POINT('',(0.0100504085421562,-0.000589468458201736,0.013208));
#8966=CARTESIAN_POINT('',(0.00977171771228313,-0.000589468458201736,0.013208));
#8967=CARTESIAN_POINT('',(0.00977171771228313,-0.000589468458201736,0.0132664833217859));
#8968=CARTESIAN_POINT('',(0.0100504085421562,-0.000589468458201736,0.0132664833217859));
#8969=CARTESIAN_POINT('',(0.00977171771228313,0.,0.013208));
#8970=CARTESIAN_POINT('',(0.00977171771228313,0.,0.0132664833217859));
#8971=CARTESIAN_POINT('',(0.00718331773354638,-0.00303207733668387,0.0136012528091669));
#8972=CARTESIAN_POINT('',(0.00718331773354638,-0.00220441864803434,0.0136012528091669));
#8973=CARTESIAN_POINT('',(0.00146831773354638,-0.00220441864803434,0.0136012528091669));
#8974=CARTESIAN_POINT('',(0.00146831773354638,-0.00303207733668387,0.0136012528091669));
#8975=CARTESIAN_POINT('',(0.00146831773354638,-0.0038597360253334,0.0136012528091669));
#8976=CARTESIAN_POINT('',(0.00718331773354638,-0.0038597360253334,0.0136012528091669));
#8977=CARTESIAN_POINT('',(0.00718331773354638,-0.00220441864803434,0.0126732718199491));
#8978=CARTESIAN_POINT('',(0.00267955125309527,-0.00220441864803434,0.0125824119895697));
#8979=CARTESIAN_POINT('',(0.00267955125309527,-0.00220441864803434,0.0131843453273177));
#8980=CARTESIAN_POINT('',(0.00267955125309527,-0.00220441864803434,0.0119804786518216));
#8981=CARTESIAN_POINT('',(0.0021779399830848,-0.00220441864803434,0.0131843453273177));
#8982=CARTESIAN_POINT('',(0.00167632871307432,-0.00220441864803434,0.0131843453273177));
#8983=CARTESIAN_POINT('',(0.00167632871307432,-0.00220441864803434,0.0125824119895697));
#8984=CARTESIAN_POINT('',(0.00167632871307432,-0.00220441864803434,0.0119804786518216));
#8985=CARTESIAN_POINT('',(0.0021779399830848,-0.00220441864803434,0.0119804786518216));
#8986=CARTESIAN_POINT('',(0.0100252451375127,-0.00220441864803434,0.0132664833217859));
#8987=CARTESIAN_POINT('',(0.010326212272048,-0.00220441864803434,0.0132664833217859));
#8988=CARTESIAN_POINT('',(0.00972427800297737,-0.00220441864803434,0.0132664833217859));
#8989=CARTESIAN_POINT('',(0.00972427800297737,-0.00220441864803434,0.0125015266239643));
#8990=CARTESIAN_POINT('',(0.00718331773354638,-0.00220441864803434,0.0117452908307314));
#8991=CARTESIAN_POINT('',(0.00146831773354638,-0.00220441864803434,0.0126732718199491));
#8992=CARTESIAN_POINT('',(0.010326212272048,-0.00220441864803434,0.0125015266239643));
#8993=CARTESIAN_POINT('',(0.00718331773354638,-0.0038597360253334,0.0126732718199491));
#8994=CARTESIAN_POINT('',(0.00146831773354638,-0.0038597360253334,0.0126732718199491));
#8995=CARTESIAN_POINT('',(0.010326212272048,0.000609901351965666,0.0125015266239643));
#8996=CARTESIAN_POINT('',(0.010326212272048,0.000609901351965666,0.0132664833217859));
#8997=CARTESIAN_POINT('',(0.010326212272048,0.000609901351965666,0.0117365699261427));
#8998=CARTESIAN_POINT('',(0.010326212272048,0.000609901351965666,0.0117365699261427));
#8999=CARTESIAN_POINT('',(0.010326212272048,0.000609901351965666,0.0125015266239643));
#9000=CARTESIAN_POINT('',(0.00972427800297737,0.000609901351965666,0.0125015266239643));
#9001=CARTESIAN_POINT('',(0.00972427800297737,0.000609901351965666,0.0132664833217859));
#9002=CARTESIAN_POINT('',(0.00972427800297737,0.000609901351965666,0.0132664833217859));
#9003=CARTESIAN_POINT('',(0.00972427800297737,0.000609901351965666,0.0125015266239643));
#9004=CARTESIAN_POINT('',(0.00972427800297737,0.000609901351965666,0.0117365699261427));
#9005=CARTESIAN_POINT('',(0.00972427800297737,0.000609901351965666,0.0117365699261427));
#9006=CARTESIAN_POINT('',(0.0100252451375127,0.000609901351965666,0.0132664833217859));
#9007=CARTESIAN_POINT('',(0.0100252451375127,0.000609901351965666,0.0132664833217859));
#9008=CARTESIAN_POINT('',(0.0100252451375127,0.000609901351965666,0.0117365699261427));
#9009=CARTESIAN_POINT('',(0.0100252451375127,0.000609901351965666,0.0117365699261427));
#9010=CARTESIAN_POINT('',(0.0141937177335464,0.000609901351965666,0.0126689113676548));
#9011=CARTESIAN_POINT('',(0.00146831773354638,-0.00389117942628111,0.0128395328753449));
#9012=CARTESIAN_POINT('',(0.0021779399830848,0.000632761351965666,0.0131843453273177));
#9013=CARTESIAN_POINT('',(0.00267955125309527,0.000632761351965666,0.0131843453273177));
#9014=CARTESIAN_POINT('',(0.00267955125309527,0.000632761351965666,0.0131843453273177));
#9015=CARTESIAN_POINT('',(0.0021779399830848,0.000632761351965666,0.0131843453273177));
#9016=CARTESIAN_POINT('',(0.00167632871307432,0.000632761351965666,0.0131843453273177));
#9017=CARTESIAN_POINT('',(0.00167632871307432,0.000632761351965666,0.0131843453273177));
#9018=CARTESIAN_POINT('',(0.00267955125309527,0.000632761351965666,0.0125824119895697));
#9019=CARTESIAN_POINT('',(0.00267955125309527,0.000632761351965666,0.0119804786518216));
#9020=CARTESIAN_POINT('',(0.00267955125309527,0.000632761351965666,0.0119804786518216));
#9021=CARTESIAN_POINT('',(0.00267955125309527,0.000632761351965666,0.0125824119895697));
#9022=CARTESIAN_POINT('',(0.0021779399830848,0.000632761351965666,0.0119804786518216));
#9023=CARTESIAN_POINT('',(0.00167632871307432,0.000632761351965666,0.0119804786518216));
#9024=CARTESIAN_POINT('',(0.00167632871307432,0.000632761351965666,0.0119804786518216));
#9025=CARTESIAN_POINT('',(0.0021779399830848,0.000632761351965666,0.0119804786518216));
#9026=CARTESIAN_POINT('',(0.00167632871307432,0.000632761351965666,0.0125824119895697));
#9027=CARTESIAN_POINT('',(0.00167632871307432,0.000632761351965666,0.0125824119895697));
#9028=CARTESIAN_POINT('',(0.0113609427335464,0.000632761351965666,0.0126352029630661));
#9029=CARTESIAN_POINT('',(-0.0178921352929234,0.,0.014730857077475));
#9030=CARTESIAN_POINT('',(-0.0178921352929234,0.,0.0138750222100328));
#9031=CARTESIAN_POINT('',(-0.0137919206172228,0.,0.0138750222100328));
#9032=CARTESIAN_POINT('',(-0.0137919206172228,-0.00044174719369039,0.0138750222100328));
#9033=CARTESIAN_POINT('',(-0.0137919206172228,0.00044174719369039,0.0138750222100328));
#9034=CARTESIAN_POINT('',(-0.013080891687423,-0.00044174719369039,0.0138750222100328));
#9035=CARTESIAN_POINT('',(-0.0123698627576232,-0.00044174719369039,0.0138750222100328));
#9036=CARTESIAN_POINT('',(-0.0123698627576232,0.,0.0138750222100328));
#9037=CARTESIAN_POINT('',(-0.0123698627576232,0.00044174719369039,0.0138750222100328));
#9038=CARTESIAN_POINT('',(-0.013080891687423,0.00044174719369039,0.0138750222100328));
#9039=CARTESIAN_POINT('',(-0.013080891687423,-0.00044174719369039,0.0115636222100328));
#9040=CARTESIAN_POINT('',(-0.0137919206172228,-0.00044174719369039,0.0115636222100328));
#9041=CARTESIAN_POINT('',(-0.0137919206172228,-0.00044174719369039,0.0115636222100328));
#9042=CARTESIAN_POINT('',(-0.013080891687423,-0.00044174719369039,0.0115636222100328));
#9043=CARTESIAN_POINT('',(-0.0123698627576232,-0.00044174719369039,0.0115636222100328));
#9044=CARTESIAN_POINT('',(-0.0123698627576232,-0.00044174719369039,0.0115636222100328));
#9045=CARTESIAN_POINT('',(-0.0137919206172228,0.,0.0115636222100328));
#9046=CARTESIAN_POINT('',(-0.0137919206172228,0.00044174719369039,0.0115636222100328));
#9047=CARTESIAN_POINT('',(-0.0137919206172228,0.00044174719369039,0.0115636222100328));
#9048=CARTESIAN_POINT('',(-0.0137919206172228,0.,0.0115636222100328));
#9049=CARTESIAN_POINT('',(-0.013080891687423,0.00044174719369039,0.0115636222100328));
#9050=CARTESIAN_POINT('',(-0.0123698627576232,0.00044174719369039,0.0115636222100328));
#9051=CARTESIAN_POINT('',(-0.0123698627576232,0.00044174719369039,0.0115636222100328));
#9052=CARTESIAN_POINT('',(-0.013080891687423,0.00044174719369039,0.0115636222100328));
#9053=CARTESIAN_POINT('',(-0.0123698627576232,0.,0.0115636222100328));
#9054=CARTESIAN_POINT('',(-0.0123698627576232,0.,0.0115636222100328));
#9055=CARTESIAN_POINT('',(-0.013080891687423,0.,0.0115636222100328));
#9056=CARTESIAN_POINT('',(0.00654017925262451,-0.00342089240439236,0.0114912908307314));
#9057=CARTESIAN_POINT('',(0.00586335966363549,-0.00342089240439236,0.0114912908307314));
#9058=CARTESIAN_POINT('',(0.00721699884161353,-0.00342089240439236,0.0114912908307314));
#9059=CARTESIAN_POINT('',(0.00586335966363549,-0.00292323110625148,0.0114912908307314));
#9060=CARTESIAN_POINT('',(0.00586335966363549,0.000419230191889405,0.0117452908307314));
#9061=CARTESIAN_POINT('',(0.00586335966363549,0.000419230191889405,0.0117452908307314));
#9062=CARTESIAN_POINT('',(0.00586335966363549,0.000419230191889405,0.0114912908307314));
#9063=CARTESIAN_POINT('',(0.00721699884161353,-0.00292323110625148,0.0114912908307314));
#9064=CARTESIAN_POINT('',(0.00721699884161353,0.000419230191889405,0.0114912908307314));
#9065=CARTESIAN_POINT('',(0.00721699884161353,0.000419230191889405,0.0117452908307314));
#9066=CARTESIAN_POINT('',(0.00721699884161353,0.000419230191889405,0.0117452908307314));
#9067=CARTESIAN_POINT('',(0.00654017925262451,0.000419230191889405,0.0117452908307314));
#9068=CARTESIAN_POINT('',(0.00654017925262451,0.000419230191889405,0.0117452908307314));
#9069=CARTESIAN_POINT('',(0.00654017925262451,0.000419230191889405,0.0114912908307314));
#9070=CARTESIAN_POINT('',(0.0062624984420836,-0.000244239025050774,0.0112372908307314));
#9071=CARTESIAN_POINT('',(0.0062624984420836,0.,0.0112372908307314));
#9072=CARTESIAN_POINT('',(0.0062624984420836,0.,0.0112372908307314));
#9073=CARTESIAN_POINT('',(0.0062624984420836,-0.000244239025050774,0.0112372908307314));
#9074=CARTESIAN_POINT('',(0.0062624984420836,-0.000488478050101548,0.0112372908307314));
#9075=CARTESIAN_POINT('',(0.0062624984420836,-0.000488478050101548,0.0112372908307314));
#9076=CARTESIAN_POINT('',(0.00654734415002167,0.,0.0112372908307314));
#9077=CARTESIAN_POINT('',(0.00683218985795975,0.,0.0112372908307314));
#9078=CARTESIAN_POINT('',(0.00683218985795975,0.,0.0112372908307314));
#9079=CARTESIAN_POINT('',(0.00654734415002167,0.,0.0112372908307314));
#9080=CARTESIAN_POINT('',(0.00683218985795975,-0.000244239025050774,0.0112372908307314));
#9081=CARTESIAN_POINT('',(0.00683218985795975,-0.000488478050101548,0.0112372908307314));
#9082=CARTESIAN_POINT('',(0.00683218985795975,-0.000488478050101548,0.0112372908307314));
#9083=CARTESIAN_POINT('',(0.00683218985795975,-0.000244239025050774,0.0112372908307314));
#9084=CARTESIAN_POINT('',(0.00654734415002167,-0.000488478050101548,0.0112372908307314));
#9085=CARTESIAN_POINT('',(0.00654734415002167,-0.000488478050101548,0.0112372908307314));
#9086=CARTESIAN_POINT('',(0.00654017925262451,-0.00150083110625148,0.0112372908307314));
#9087=CARTESIAN_POINT('',(-0.0198833177335464,-0.00539001356810331,0.000351097127795217));
#9088=CARTESIAN_POINT('',(-0.0210517177335464,-0.00539001356810331,0.000351097127795217));
#9089=CARTESIAN_POINT('',(-0.0210517177335464,-0.00539001356810331,0.000351097127795217));
#9090=CARTESIAN_POINT('',(-0.0198833177335464,-0.00539001356810331,0.000351097127795217));
#9091=CARTESIAN_POINT('',(-0.0210517177335464,0.00125676942490777,0.000351097127795217));
#9092=CARTESIAN_POINT('',(-0.0210517177335464,0.00125676942490777,0.000351097127795217));
#9093=CARTESIAN_POINT('',(-0.0210517177335464,0.00125676942490777,0.000351097127795217));
#9094=CARTESIAN_POINT('',(-0.0186632743948077,0.0663084371163941,0.0017103559150422));
#9095=CARTESIAN_POINT('',(0.,0.,0.));
#9096=CARTESIAN_POINT('',(0.,-0.00865153130143881,0.));
#9097=CARTESIAN_POINT('',(-0.00349589157849551,-0.00865153130143881,0.));
#9098=CARTESIAN_POINT('',(0.00349589157849551,-0.00865153130143881,0.));
#9099=CARTESIAN_POINT('',(-0.00349589157849551,0.,0.));
#9100=CARTESIAN_POINT('',(-0.00349589157849551,-0.010661150328815,0.));
#9101=CARTESIAN_POINT('',(0.,-0.010661150328815,0.));
#9102=CARTESIAN_POINT('',(0.00349589157849551,-0.010661150328815,0.));
#9103=CARTESIAN_POINT('',(0.00349589157849551,0.,0.));
#9104=CARTESIAN_POINT('',(0.,0.0235772673040629,0.));
#9105=CARTESIAN_POINT('',(-0.0024943903554231,0.0235772673040629,0.));
#9106=CARTESIAN_POINT('',(0.0024943903554231,0.0235772673040629,0.));
#9107=CARTESIAN_POINT('',(-0.0024943903554231,0.,0.));
#9108=CARTESIAN_POINT('',(-0.0024943903554231,0.0207638014107943,0.));
#9109=CARTESIAN_POINT('',(0.,0.0207638014107943,0.));
#9110=CARTESIAN_POINT('',(0.0024943903554231,0.0207638014107943,-2.16840434497101E-19));
#9111=CARTESIAN_POINT('',(0.0024943903554231,0.,0.));
#9112=CARTESIAN_POINT('',(0.,0.0305192053849067,0.));
#9113=CARTESIAN_POINT('',(-0.0147033827553219,0.0305192053849067,0.));
#9114=CARTESIAN_POINT('',(0.0147033827553219,0.0305192053849067,0.));
#9115=CARTESIAN_POINT('',(0.0147033827553219,0.,0.));
#9116=CARTESIAN_POINT('',(0.0147033827553219,-0.0305192053849067,0.));
#9117=CARTESIAN_POINT('',(0.,-0.0305192053849067,0.));
#9118=CARTESIAN_POINT('',(-0.0147033827553219,-0.0305192053849067,0.));
#9119=CARTESIAN_POINT('',(-0.0147033827553219,0.,0.));
#9120=CARTESIAN_POINT('',(0.,0.00137097004335374,0.));
#9121=CARTESIAN_POINT('',(-0.00269535207189619,0.00137097004335374,0.));
#9122=CARTESIAN_POINT('',(0.00269535207189619,0.00137097004335374,0.));
#9123=CARTESIAN_POINT('',(-0.00269535207189619,0.,0.));
#9124=CARTESIAN_POINT('',(-0.00269535207189619,-0.00137097004335374,0.));
#9125=CARTESIAN_POINT('',(0.,-0.00137097004335374,0.));
#9126=CARTESIAN_POINT('',(0.00269535207189619,-0.00137097004335374,-2.16840434497101E-19));
#9127=CARTESIAN_POINT('',(0.00269535207189619,0.,0.));
#9128=CARTESIAN_POINT('',(0.,-0.020430551841855,0.));
#9129=CARTESIAN_POINT('',(-0.00256322231143713,-0.020430551841855,0.));
#9130=CARTESIAN_POINT('',(0.00256322231143713,-0.020430551841855,0.));
#9131=CARTESIAN_POINT('',(-0.00256322231143713,0.,0.));
#9132=CARTESIAN_POINT('',(-0.00256322231143713,-0.0233016218990087,0.));
#9133=CARTESIAN_POINT('',(0.,-0.0233016218990087,0.));
#9134=CARTESIAN_POINT('',(0.00256322231143713,-0.0233016218990087,-2.16840434497101E-19));
#9135=CARTESIAN_POINT('',(0.00256322231143713,0.,0.));
#9136=CARTESIAN_POINT('',(0.,0.0143586127087474,0.));
#9137=CARTESIAN_POINT('',(-0.00319444830529392,0.0143586127087474,0.));
#9138=CARTESIAN_POINT('',(0.00319444830529392,0.0143586127087474,0.));
#9139=CARTESIAN_POINT('',(-0.00319444830529392,0.,0.));
#9140=CARTESIAN_POINT('',(-0.00319444830529392,0.0123923225328326,0.));
#9141=CARTESIAN_POINT('',(0.,0.0123923225328326,0.));
#9142=CARTESIAN_POINT('',(0.00319444830529392,0.0123923225328326,0.));
#9143=CARTESIAN_POINT('',(0.00319444830529392,0.,0.));
#9144=CARTESIAN_POINT('',(0.,0.,0.00254));
#9145=CARTESIAN_POINT('',(-0.0114929052069783,-0.0132519919425249,0.00254));
#9146=CARTESIAN_POINT('',(-0.0114929052069783,-0.0149601688608527,0.00254));
#9147=CARTESIAN_POINT('',(-0.0114929052069783,-0.0115438150241971,0.00254));
#9148=CARTESIAN_POINT('',(-0.00998569000512362,-0.0115438150241971,0.00254));
#9149=CARTESIAN_POINT('',(-0.00847847480326891,-0.0115438150241971,0.00254));
#9150=CARTESIAN_POINT('',(-0.00847847480326891,-0.0132519919425249,0.00254));
#9151=CARTESIAN_POINT('',(-0.00847847480326891,-0.0149601688608527,0.00254));
#9152=CARTESIAN_POINT('',(-0.00998569000512362,-0.0149601688608527,0.00254));
#9153=CARTESIAN_POINT('',(-0.0105885760858655,0.0158874914050102,0.00254));
#9154=CARTESIAN_POINT('',(-0.0105885760858655,0.014179315418005,0.00254));
#9155=CARTESIAN_POINT('',(-0.0105885760858655,0.0175956673920155,0.00254));
#9156=CARTESIAN_POINT('',(-0.00918184220790863,0.0175956673920155,0.00254));
#9157=CARTESIAN_POINT('',(-0.00777510832995176,0.0175956673920155,0.00254));
#9158=CARTESIAN_POINT('',(-0.00777510832995176,0.0158874914050102,0.00254));
#9159=CARTESIAN_POINT('',(-0.00777510832995176,0.014179315418005,0.00254));
#9160=CARTESIAN_POINT('',(-0.00918184220790863,0.014179315418005,0.00254));
#9161=CARTESIAN_POINT('',(0.0101105058565736,0.0152846062555909,0.00254));
#9162=CARTESIAN_POINT('',(0.0101105058565736,0.01337546762079,0.00254));
#9163=CARTESIAN_POINT('',(0.0101105058565736,0.0171937448903919,0.00254));
#9164=CARTESIAN_POINT('',(0.0114167584106326,0.0171937448903919,0.00254));
#9165=CARTESIAN_POINT('',(0.0127230109646916,0.0171937448903919,0.00254));
#9166=CARTESIAN_POINT('',(0.0127230109646916,0.0152846062555909,0.00254));
#9167=CARTESIAN_POINT('',(0.0127230109646916,0.01337546762079,0.00254));
#9168=CARTESIAN_POINT('',(0.0114167584106326,0.01337546762079,0.00254));
#9169=CARTESIAN_POINT('',(0.0104119479656219,-0.0141563210636377,0.00254));
#9170=CARTESIAN_POINT('',(0.0104119479656219,-0.0155630549415946,0.00254));
#9171=CARTESIAN_POINT('',(0.0104119479656219,-0.0127495871856809,0.00254));
#9172=CARTESIAN_POINT('',(0.0116177210584283,-0.0127495871856809,0.00254));
#9173=CARTESIAN_POINT('',(0.0128234941512346,-0.0127495871856809,0.00254));
#9174=CARTESIAN_POINT('',(0.0128234941512346,-0.0141563210636377,0.00254));
#9175=CARTESIAN_POINT('',(0.0128234941512346,-0.0155630549415946,0.00254));
#9176=CARTESIAN_POINT('',(0.0116177210584283,-0.0155630549415946,0.00254));
#9177=CARTESIAN_POINT('',(0.,0.0143586127087474,0.00254));
#9178=CARTESIAN_POINT('',(-0.00319444830529392,0.0143586127087474,0.00254));
#9179=CARTESIAN_POINT('',(0.00319444830529392,0.0143586127087474,0.00254));
#9180=CARTESIAN_POINT('',(0.00319444830529392,0.01337546762079,0.00254));
#9181=CARTESIAN_POINT('',(0.00319444830529392,0.0123923225328326,0.00254));
#9182=CARTESIAN_POINT('',(0.,0.0123923225328326,0.00254));
#9183=CARTESIAN_POINT('',(-0.00319444830529392,0.0123923225328326,0.00254));
#9184=CARTESIAN_POINT('',(-0.00319444830529392,0.01337546762079,0.00254));
#9185=CARTESIAN_POINT('',(0.,-0.00865153130143881,0.00254));
#9186=CARTESIAN_POINT('',(-0.00349589157849551,-0.00865153130143881,0.00254));
#9187=CARTESIAN_POINT('',(0.00349589157849551,-0.00865153130143881,0.00254));
#9188=CARTESIAN_POINT('',(0.00349589157849551,-0.0096563408151269,0.00254));
#9189=CARTESIAN_POINT('',(0.00349589157849551,-0.010661150328815,0.00254));
#9190=CARTESIAN_POINT('',(0.,-0.010661150328815,0.00254));
#9191=CARTESIAN_POINT('',(-0.00349589157849551,-0.010661150328815,0.00254));
#9192=CARTESIAN_POINT('',(-0.00349589157849551,-0.0096563408151269,0.00254));
#9193=CARTESIAN_POINT('',(0.0127178448199511,0.,0.00254));
#9194=CARTESIAN_POINT('',(0.0127178448199511,-0.00137097004335374,0.00254));
#9195=CARTESIAN_POINT('',(0.0127178448199511,0.00137097004335374,0.00254));
#9196=CARTESIAN_POINT('',(0.0127178448199511,-0.00137097004335374,0.00254));
#9197=CARTESIAN_POINT('',(0.0103810448199511,-0.00137097004335374,0.00254));
#9198=CARTESIAN_POINT('',(0.0103810448199511,0.,0.00254));
#9199=CARTESIAN_POINT('',(0.0103810448199511,0.00137097004335374,0.00254));
#9200=CARTESIAN_POINT('',(0.0127178448199511,0.00137097004335374,0.00254));
#9201=CARTESIAN_POINT('',(0.,0.0305192053849067,0.00254));
#9202=CARTESIAN_POINT('',(-0.0147033827553219,0.0305192053849067,0.00254));
#9203=CARTESIAN_POINT('',(0.0147033827553219,0.0305192053849067,0.00254));
#9204=CARTESIAN_POINT('',(-0.0147033827553219,0.,0.00254));
#9205=CARTESIAN_POINT('',(-0.0147033827553219,-0.0305192053849067,0.00254));
#9206=CARTESIAN_POINT('',(0.,-0.0305192053849067,0.00254));
#9207=CARTESIAN_POINT('',(0.0147033827553219,-0.0305192053849067,0.00254));
#9208=CARTESIAN_POINT('',(0.0147033827553219,0.,0.00254));
#9209=CARTESIAN_POINT('',(-0.00269535207189619,0.,0.00254));
#9210=CARTESIAN_POINT('',(-0.00269535207189619,0.00137097004335374,0.00254));
#9211=CARTESIAN_POINT('',(-0.00269535207189619,-0.00137097004335374,0.00254));
#9212=CARTESIAN_POINT('',(0.,0.00137097004335374,0.00254));
#9213=CARTESIAN_POINT('',(0.00269535207189619,0.00137097004335374,0.00254));
#9214=CARTESIAN_POINT('',(0.00269535207189619,0.,0.00254));
#9215=CARTESIAN_POINT('',(0.00269535207189619,-0.00137097004335374,0.00254));
#9216=CARTESIAN_POINT('',(0.,-0.00137097004335374,0.00254));
#9217=CARTESIAN_POINT('',(-0.0024943903554231,0.0221705343574286,0.00254));
#9218=CARTESIAN_POINT('',(-0.0024943903554231,0.0235772673040629,0.00254));
#9219=CARTESIAN_POINT('',(-0.0024943903554231,0.0207638014107943,0.00254));
#9220=CARTESIAN_POINT('',(0.,0.0235772673040629,0.00254));
#9221=CARTESIAN_POINT('',(0.0024943903554231,0.0235772673040629,0.00254));
#9222=CARTESIAN_POINT('',(0.0024943903554231,0.0221705343574286,0.00254));
#9223=CARTESIAN_POINT('',(0.0024943903554231,0.0207638014107943,0.00254));
#9224=CARTESIAN_POINT('',(0.,0.0207638014107943,0.00254));
#9225=CARTESIAN_POINT('',(-0.00256322231143713,-0.0218660868704319,0.00254));
#9226=CARTESIAN_POINT('',(-0.00256322231143713,-0.020430551841855,0.00254));
#9227=CARTESIAN_POINT('',(-0.00256322231143713,-0.0233016218990087,0.00254));
#9228=CARTESIAN_POINT('',(0.,-0.020430551841855,0.00254));
#9229=CARTESIAN_POINT('',(0.00256322231143713,-0.020430551841855,0.00254));
#9230=CARTESIAN_POINT('',(0.00256322231143713,-0.0218660868704319,0.00254));
#9231=CARTESIAN_POINT('',(0.00256322231143713,-0.0233016218990087,0.00254));
#9232=CARTESIAN_POINT('',(0.,-0.0233016218990087,0.00254));
#9233=CARTESIAN_POINT('',(-0.0108874375000596,0.,0.00254));
#9234=CARTESIAN_POINT('',(-0.0108874375000596,-0.00137097004335374,0.00254));
#9235=CARTESIAN_POINT('',(-0.0108874375000596,0.00137097004335374,0.00254));
#9236=CARTESIAN_POINT('',(-0.00652506677962542,0.00137097004335374,0.00254));
#9237=CARTESIAN_POINT('',(-0.00652506677962542,0.00137097004335374,0.00254));
#9238=CARTESIAN_POINT('',(-0.00652506677962542,0.,0.00254));
#9239=CARTESIAN_POINT('',(-0.00652506677962542,-0.00137097004335374,0.00254));
#9240=CARTESIAN_POINT('',(-0.00652506677962542,-0.00137097004335374,0.00254));
#9241=CARTESIAN_POINT('',(0.0147033827553219,0.,0.00254));
#9242=CARTESIAN_POINT('',(0.0147033827553219,0.0305192053849067,0.00254));
#9243=CARTESIAN_POINT('',(0.0147033827553219,-0.0305192053849067,0.00254));
#9244=CARTESIAN_POINT('',(0.0147033827553219,-0.0141144851222634,0.00189857243094594));
#9245=CARTESIAN_POINT('',(0.0147033827553219,-0.0125320078805089,0.00189857243094594));
#9246=CARTESIAN_POINT('',(0.0147033827553219,-0.0156969623640179,0.00189857243094594));
#9247=CARTESIAN_POINT('',(0.0147033827553219,-0.0125320078805089,0.00132888101506978));
#9248=CARTESIAN_POINT('',(0.0147033827553219,-0.0125320078805089,0.000759189599193633));
#9249=CARTESIAN_POINT('',(0.0147033827553219,-0.0141144851222634,0.000759189599193633));
#9250=CARTESIAN_POINT('',(0.0147033827553219,-0.0156969623640179,0.000759189599193633));
#9251=CARTESIAN_POINT('',(0.0147033827553219,-0.0156969623640179,0.00132888101506978));
#9252=CARTESIAN_POINT('',(0.0147033827553219,0.0122179202735424,0.00170867529232055));
#9253=CARTESIAN_POINT('',(0.0147033827553219,0.0137370973825455,0.00170867529232055));
#9254=CARTESIAN_POINT('',(0.0147033827553219,0.0106987431645393,0.00170867529232055));
#9255=CARTESIAN_POINT('',(0.0147033827553219,0.0137370973825455,0.00120228284504265));
#9256=CARTESIAN_POINT('',(0.0147033827553219,0.0137370973825455,0.000695890397764742));
#9257=CARTESIAN_POINT('',(0.0147033827553219,0.0122179202735424,0.000695890397764742));
#9258=CARTESIAN_POINT('',(0.0147033827553219,0.0106987431645393,0.000695890397764742));
#9259=CARTESIAN_POINT('',(0.0147033827553219,0.0106987431645393,0.00120228284504265));
#9260=CARTESIAN_POINT('',(-0.0147033827553219,0.,0.00254));
#9261=CARTESIAN_POINT('',(-0.0147033827553219,0.,0.0017448712605983));
#9262=CARTESIAN_POINT('',(-0.0147033827553219,0.0204548817127943,0.0017448712605983));
#9263=CARTESIAN_POINT('',(-0.0147033827553219,0.0243736412376165,0.0017448712605983));
#9264=CARTESIAN_POINT('',(-0.0147033827553219,0.0204548817127943,0.00254));
#9265=CARTESIAN_POINT('',(-0.0147033827553219,0.0204548817127943,0.000740061281248927));
#9266=CARTESIAN_POINT('',(-0.0147033827553219,0.,0.000740061281248927));
#9267=CARTESIAN_POINT('',(-0.0147033827553219,0.0243736412376165,0.000740061281248927));
#9268=CARTESIAN_POINT('',(-0.0147033827553219,0.0243736412376165,0.00254));
#9269=CARTESIAN_POINT('',(-0.0147033827553219,-0.0305192053849067,0.00254));
#9270=CARTESIAN_POINT('',(-0.0147033827553219,0.0305192053849067,0.00254));
#9271=CARTESIAN_POINT('',(-0.0147033827553219,0.,0.00194583320990205));
#9272=CARTESIAN_POINT('',(-0.0147033827553219,-0.0238069910556078,0.00194583320990205));
#9273=CARTESIAN_POINT('',(-0.0147033827553219,-0.0198882315307856,0.00194583320990205));
#9274=CARTESIAN_POINT('',(-0.0147033827553219,-0.0238069910556078,0.00254));
#9275=CARTESIAN_POINT('',(-0.0147033827553219,-0.0238069910556078,0.000539099331945181));
#9276=CARTESIAN_POINT('',(-0.0147033827553219,0.,0.000539099331945181));
#9277=CARTESIAN_POINT('',(-0.0147033827553219,-0.0198882315307856,0.000539099331945181));
#9278=CARTESIAN_POINT('',(-0.0147033827553219,-0.0198882315307856,0.00254));
#9279=CARTESIAN_POINT('',(0.,0.0305192053849067,0.00254));
#9280=CARTESIAN_POINT('',(0.,-0.0305192053849067,0.00254));
#9281=CARTESIAN_POINT('',(0.,0.00137097004335374,0.002794));
#9282=CARTESIAN_POINT('',(-0.00269535207189619,0.00137097004335374,0.002794));
#9283=CARTESIAN_POINT('',(-0.00269535207189619,0.00137097004335374,0.002794));
#9284=CARTESIAN_POINT('',(0.,0.00137097004335374,0.002794));
#9285=CARTESIAN_POINT('',(0.00269535207189619,0.00137097004335374,0.002794));
#9286=CARTESIAN_POINT('',(0.00269535207189619,0.00137097004335374,0.002794));
#9287=CARTESIAN_POINT('',(-0.00269535207189619,0.,0.002794));
#9288=CARTESIAN_POINT('',(-0.00269535207189619,-0.00137097004335374,0.002794));
#9289=CARTESIAN_POINT('',(-0.00269535207189619,-0.00137097004335374,0.002794));
#9290=CARTESIAN_POINT('',(-0.00269535207189619,0.,0.002794));
#9291=CARTESIAN_POINT('',(0.,-0.00137097004335374,0.002794));
#9292=CARTESIAN_POINT('',(0.00269535207189619,-0.00137097004335374,0.002794));
#9293=CARTESIAN_POINT('',(0.00269535207189619,-0.00137097004335374,0.002794));
#9294=CARTESIAN_POINT('',(0.,-0.00137097004335374,0.002794));
#9295=CARTESIAN_POINT('',(0.00269535207189619,0.,0.002794));
#9296=CARTESIAN_POINT('',(0.00269535207189619,0.,0.002794));
#9297=CARTESIAN_POINT('',(0.,0.,0.002794));
#9298=CARTESIAN_POINT('',(0.,0.0235772673040629,0.002794));
#9299=CARTESIAN_POINT('',(-0.0024943903554231,0.0235772673040629,0.002794));
#9300=CARTESIAN_POINT('',(-0.0024943903554231,0.0235772673040629,0.002794));
#9301=CARTESIAN_POINT('',(0.,0.0235772673040629,0.002794));
#9302=CARTESIAN_POINT('',(0.0024943903554231,0.0235772673040629,0.002794));
#9303=CARTESIAN_POINT('',(0.0024943903554231,0.0235772673040629,0.002794));
#9304=CARTESIAN_POINT('',(-0.0024943903554231,0.0221705343574286,0.002794));
#9305=CARTESIAN_POINT('',(-0.0024943903554231,0.0207638014107943,0.002794));
#9306=CARTESIAN_POINT('',(-0.0024943903554231,0.0207638014107943,0.002794));
#9307=CARTESIAN_POINT('',(-0.0024943903554231,0.0221705343574286,0.002794));
#9308=CARTESIAN_POINT('',(0.,0.0207638014107943,0.002794));
#9309=CARTESIAN_POINT('',(0.0024943903554231,0.0207638014107943,0.002794));
#9310=CARTESIAN_POINT('',(0.0024943903554231,0.0207638014107943,0.002794));
#9311=CARTESIAN_POINT('',(0.,0.0207638014107943,0.002794));
#9312=CARTESIAN_POINT('',(0.0024943903554231,0.0221705343574286,0.002794));
#9313=CARTESIAN_POINT('',(0.0024943903554231,0.0221705343574286,0.002794));
#9314=CARTESIAN_POINT('',(0.,0.,0.002794));
#9315=CARTESIAN_POINT('',(0.,-0.020430551841855,0.002794));
#9316=CARTESIAN_POINT('',(-0.00256322231143713,-0.020430551841855,0.002794));
#9317=CARTESIAN_POINT('',(-0.00256322231143713,-0.020430551841855,0.002794));
#9318=CARTESIAN_POINT('',(0.,-0.020430551841855,0.002794));
#9319=CARTESIAN_POINT('',(0.00256322231143713,-0.020430551841855,0.002794));
#9320=CARTESIAN_POINT('',(0.00256322231143713,-0.020430551841855,0.002794));
#9321=CARTESIAN_POINT('',(-0.00256322231143713,-0.0218660868704319,0.002794));
#9322=CARTESIAN_POINT('',(-0.00256322231143713,-0.0233016218990087,0.002794));
#9323=CARTESIAN_POINT('',(-0.00256322231143713,-0.0233016218990087,0.002794));
#9324=CARTESIAN_POINT('',(-0.00256322231143713,-0.0218660868704319,0.002794));
#9325=CARTESIAN_POINT('',(0.,-0.0233016218990087,0.002794));
#9326=CARTESIAN_POINT('',(0.00256322231143713,-0.0233016218990087,0.002794));
#9327=CARTESIAN_POINT('',(0.00256322231143713,-0.0233016218990087,0.002794));
#9328=CARTESIAN_POINT('',(0.,-0.0233016218990087,0.002794));
#9329=CARTESIAN_POINT('',(0.00256322231143713,-0.0218660868704319,0.002794));
#9330=CARTESIAN_POINT('',(0.00256322231143713,-0.0218660868704319,0.002794));
#9331=CARTESIAN_POINT('',(0.,0.,0.002794));
#9332=CARTESIAN_POINT('',(0.,0.00137097004335374,-0.0006858));
#9333=CARTESIAN_POINT('',(-0.00269535207189619,0.00137097004335374,-0.0006858));
#9334=CARTESIAN_POINT('',(-0.00269535207189619,0.00137097004335374,-0.0006858));
#9335=CARTESIAN_POINT('',(0.00269535207189619,0.00137097004335374,-0.0006858));
#9336=CARTESIAN_POINT('',(0.00269535207189619,0.00137097004335374,-0.0006858));
#9337=CARTESIAN_POINT('',(0.,0.00137097004335374,-0.0006858));
#9338=CARTESIAN_POINT('',(-0.00269535207189619,0.,-0.0006858));
#9339=CARTESIAN_POINT('',(-0.00269535207189619,0.,-0.0006858));
#9340=CARTESIAN_POINT('',(-0.00269535207189619,-0.00137097004335374,-0.0006858));
#9341=CARTESIAN_POINT('',(-0.00269535207189619,-0.00137097004335374,-0.0006858));
#9342=CARTESIAN_POINT('',(0.,-0.00137097004335374,-0.0006858));
#9343=CARTESIAN_POINT('',(0.,-0.00137097004335374,-0.0006858));
#9344=CARTESIAN_POINT('',(0.00269535207189619,-0.00137097004335374,-0.0006858));
#9345=CARTESIAN_POINT('',(0.00269535207189619,-0.00137097004335374,-0.0006858));
#9346=CARTESIAN_POINT('',(0.00269535207189619,0.,-0.0006858));
#9347=CARTESIAN_POINT('',(0.00269535207189619,0.,-0.0006858));
#9348=CARTESIAN_POINT('',(0.,0.,-0.0006858));
#9349=CARTESIAN_POINT('',(0.,0.0235772673040629,-0.0006858));
#9350=CARTESIAN_POINT('',(-0.0024943903554231,0.0235772673040629,-0.0006858));
#9351=CARTESIAN_POINT('',(-0.0024943903554231,0.0235772673040629,-0.0006858));
#9352=CARTESIAN_POINT('',(0.0024943903554231,0.0235772673040629,-0.0006858));
#9353=CARTESIAN_POINT('',(0.0024943903554231,0.0235772673040629,-0.0006858));
#9354=CARTESIAN_POINT('',(0.,0.0235772673040629,-0.0006858));
#9355=CARTESIAN_POINT('',(-0.0024943903554231,0.0221705343574286,-0.0006858));
#9356=CARTESIAN_POINT('',(-0.0024943903554231,0.0221705343574286,-0.0006858));
#9357=CARTESIAN_POINT('',(-0.0024943903554231,0.0207638014107943,-0.0006858));
#9358=CARTESIAN_POINT('',(-0.0024943903554231,0.0207638014107943,-0.0006858));
#9359=CARTESIAN_POINT('',(0.,0.0207638014107943,-0.0006858));
#9360=CARTESIAN_POINT('',(0.,0.0207638014107943,-0.0006858));
#9361=CARTESIAN_POINT('',(0.0024943903554231,0.0207638014107943,-0.0006858));
#9362=CARTESIAN_POINT('',(0.0024943903554231,0.0207638014107943,-0.0006858));
#9363=CARTESIAN_POINT('',(0.0024943903554231,0.0221705343574286,-0.0006858));
#9364=CARTESIAN_POINT('',(0.0024943903554231,0.0221705343574286,-0.0006858));
#9365=CARTESIAN_POINT('',(0.,0.,-0.0006858));
#9366=CARTESIAN_POINT('',(0.,-0.020430551841855,-0.0006858));
#9367=CARTESIAN_POINT('',(-0.00256322231143713,-0.020430551841855,-0.0006858));
#9368=CARTESIAN_POINT('',(-0.00256322231143713,-0.020430551841855,-0.0006858));
#9369=CARTESIAN_POINT('',(0.00256322231143713,-0.020430551841855,-0.0006858));
#9370=CARTESIAN_POINT('',(0.00256322231143713,-0.020430551841855,-0.0006858));
#9371=CARTESIAN_POINT('',(0.,-0.020430551841855,-0.0006858));
#9372=CARTESIAN_POINT('',(-0.00256322231143713,-0.0218660868704319,-0.0006858));
#9373=CARTESIAN_POINT('',(-0.00256322231143713,-0.0218660868704319,-0.0006858));
#9374=CARTESIAN_POINT('',(-0.00256322231143713,-0.0233016218990087,-0.0006858));
#9375=CARTESIAN_POINT('',(-0.00256322231143713,-0.0233016218990087,-0.0006858));
#9376=CARTESIAN_POINT('',(0.,-0.0233016218990087,-0.0006858));
#9377=CARTESIAN_POINT('',(0.,-0.0233016218990087,-0.0006858));
#9378=CARTESIAN_POINT('',(0.00256322231143713,-0.0233016218990087,-0.0006858));
#9379=CARTESIAN_POINT('',(0.00256322231143713,-0.0233016218990087,-0.0006858));
#9380=CARTESIAN_POINT('',(0.00256322231143713,-0.0218660868704319,-0.0006858));
#9381=CARTESIAN_POINT('',(0.00256322231143713,-0.0218660868704319,-0.0006858));
#9382=CARTESIAN_POINT('',(0.,0.,-0.0006858));
#9383=CARTESIAN_POINT('',(-0.00652506677962542,0.,0.002794));
#9384=CARTESIAN_POINT('',(-0.00652506677962542,0.00137097004335374,0.002794));
#9385=CARTESIAN_POINT('',(-0.00652506677962542,0.00137097004335374,0.002794));
#9386=CARTESIAN_POINT('',(-0.0108874375000596,0.00137097004335374,0.002794));
#9387=CARTESIAN_POINT('',(-0.0108874375000596,0.,0.002794));
#9388=CARTESIAN_POINT('',(-0.0108874375000596,-0.00137097004335374,0.002794));
#9389=CARTESIAN_POINT('',(-0.00652506677962542,-0.00137097004335374,0.002794));
#9390=CARTESIAN_POINT('',(-0.00652506677962542,-0.00137097004335374,0.002794));
#9391=CARTESIAN_POINT('',(-0.00652506677962542,0.,0.002794));
#9392=CARTESIAN_POINT('',(-0.00652506677962542,-0.00137097004335374,0.00254));
#9393=CARTESIAN_POINT('',(-0.0108874375000596,-0.00137097004335374,0.002794));
#9394=CARTESIAN_POINT('',(-0.00652506677962542,-0.00137097004335374,0.00254));
#9395=CARTESIAN_POINT('',(-0.00652506677962542,0.00137097004335374,0.00254));
#9396=CARTESIAN_POINT('',(-0.0108874375000596,0.00137097004335374,0.002794));
#9397=CARTESIAN_POINT('',(-0.00652506677962542,0.00137097004335374,0.00254));
#9398=CARTESIAN_POINT('',(-0.00652506677962542,0.,0.00254));
#9399=CARTESIAN_POINT('',(0.0127178448199511,0.,0.002794));
#9400=CARTESIAN_POINT('',(0.0127178448199511,0.00137097004335374,0.002794));
#9401=CARTESIAN_POINT('',(0.0127178448199511,0.00137097004335374,0.002794));
#9402=CARTESIAN_POINT('',(0.0103810448199511,0.00137097004335374,0.002794));
#9403=CARTESIAN_POINT('',(0.0103810448199511,0.,0.002794));
#9404=CARTESIAN_POINT('',(0.0103810448199511,-0.00137097004335374,0.002794));
#9405=CARTESIAN_POINT('',(0.0127178448199511,-0.00137097004335374,0.002794));
#9406=CARTESIAN_POINT('',(0.0127178448199511,-0.00137097004335374,0.002794));
#9407=CARTESIAN_POINT('',(0.0127178448199511,0.,0.002794));
#9408=CARTESIAN_POINT('',(0.0127178448199511,-0.00137097004335374,0.00254));
#9409=CARTESIAN_POINT('',(0.0103810448199511,-0.00137097004335374,0.00254));
#9410=CARTESIAN_POINT('',(0.0127178448199511,-0.00137097004335374,0.00254));
#9411=CARTESIAN_POINT('',(0.0127178448199511,0.00137097004335374,0.00254));
#9412=CARTESIAN_POINT('',(0.0103810448199511,0.00137097004335374,0.00254));
#9413=CARTESIAN_POINT('',(0.0127178448199511,0.00137097004335374,0.00254));
#9414=CARTESIAN_POINT('',(0.0127178448199511,0.,0.00254));
#9415=CARTESIAN_POINT('',(0.0103810448199511,0.,0.00254));
#9416=CARTESIAN_POINT('',(-0.0151924172446781,0.0224142614752054,0.0017448712605983));
#9417=CARTESIAN_POINT('',(-0.0151924172446781,0.0204548817127943,0.0017448712605983));
#9418=CARTESIAN_POINT('',(-0.0151924172446781,0.0204548817127943,0.0017448712605983));
#9419=CARTESIAN_POINT('',(-0.0151924172446781,0.0243736412376165,0.0017448712605983));
#9420=CARTESIAN_POINT('',(-0.0151924172446781,0.0243736412376165,0.0017448712605983));
#9421=CARTESIAN_POINT('',(-0.0151924172446781,0.0224142614752054,0.0017448712605983));
#9422=CARTESIAN_POINT('',(-0.0151924172446781,0.0204548817127943,0.00124246627092361));
#9423=CARTESIAN_POINT('',(-0.0151924172446781,0.0204548817127943,0.00124246627092361));
#9424=CARTESIAN_POINT('',(-0.0151924172446781,0.0204548817127943,0.000740061281248927));
#9425=CARTESIAN_POINT('',(-0.0151924172446781,0.0204548817127943,0.000740061281248927));
#9426=CARTESIAN_POINT('',(-0.0151924172446781,0.0224142614752054,0.000740061281248927));
#9427=CARTESIAN_POINT('',(-0.0151924172446781,0.0224142614752054,0.000740061281248927));
#9428=CARTESIAN_POINT('',(-0.0151924172446781,0.0243736412376165,0.000740061281248927));
#9429=CARTESIAN_POINT('',(-0.0151924172446781,0.0243736412376165,0.000740061281248927));
#9430=CARTESIAN_POINT('',(-0.0151924172446781,0.0243736412376165,0.00124246627092361));
#9431=CARTESIAN_POINT('',(-0.0151924172446781,0.0243736412376165,0.00124246627092361));
#9432=CARTESIAN_POINT('',(-0.0151924172446781,0.,0.00127));
#9433=CARTESIAN_POINT('',(-0.0151924172446781,-0.0218476112931967,0.00194583320990205));
#9434=CARTESIAN_POINT('',(-0.0151924172446781,-0.0238069910556078,0.00194583320990205));
#9435=CARTESIAN_POINT('',(-0.0151924172446781,-0.0238069910556078,0.00194583320990205));
#9436=CARTESIAN_POINT('',(-0.0151924172446781,-0.0198882315307856,0.00194583320990205));
#9437=CARTESIAN_POINT('',(-0.0151924172446781,-0.0198882315307856,0.00194583320990205));
#9438=CARTESIAN_POINT('',(-0.0151924172446781,-0.0218476112931967,0.00194583320990205));
#9439=CARTESIAN_POINT('',(-0.0151924172446781,-0.0238069910556078,0.00124246627092361));
#9440=CARTESIAN_POINT('',(-0.0151924172446781,-0.0238069910556078,0.00124246627092361));
#9441=CARTESIAN_POINT('',(-0.0151924172446781,-0.0238069910556078,0.000539099331945181));
#9442=CARTESIAN_POINT('',(-0.0151924172446781,-0.0238069910556078,0.000539099331945181));
#9443=CARTESIAN_POINT('',(-0.0151924172446781,-0.0218476112931967,0.000539099331945181));
#9444=CARTESIAN_POINT('',(-0.0151924172446781,-0.0218476112931967,0.000539099331945181));
#9445=CARTESIAN_POINT('',(-0.0151924172446781,-0.0198882315307856,0.000539099331945181));
#9446=CARTESIAN_POINT('',(-0.0151924172446781,-0.0198882315307856,0.000539099331945181));
#9447=CARTESIAN_POINT('',(-0.0151924172446781,-0.0198882315307856,0.00124246627092361));
#9448=CARTESIAN_POINT('',(-0.0151924172446781,-0.0198882315307856,0.00124246627092361));
#9449=CARTESIAN_POINT('',(-0.0151924172446781,0.,0.00127));
#9450=CARTESIAN_POINT('',(0.0149573827553219,-0.0125320078805089,0.00132888101506978));
#9451=CARTESIAN_POINT('',(0.0149573827553219,-0.0125320078805089,0.00189857243094594));
#9452=CARTESIAN_POINT('',(0.0149573827553219,-0.0125320078805089,0.00189857243094594));
#9453=CARTESIAN_POINT('',(0.0149573827553219,-0.0125320078805089,0.00132888101506978));
#9454=CARTESIAN_POINT('',(0.0149573827553219,-0.0125320078805089,0.000759189599193633));
#9455=CARTESIAN_POINT('',(0.0149573827553219,-0.0125320078805089,0.000759189599193633));
#9456=CARTESIAN_POINT('',(0.0149573827553219,-0.0141144851222634,0.00189857243094594));
#9457=CARTESIAN_POINT('',(0.0149573827553219,-0.0156969623640179,0.00189857243094594));
#9458=CARTESIAN_POINT('',(0.0149573827553219,-0.0156969623640179,0.00189857243094594));
#9459=CARTESIAN_POINT('',(0.0149573827553219,-0.0141144851222634,0.00189857243094594));
#9460=CARTESIAN_POINT('',(0.0149573827553219,-0.0156969623640179,0.00132888101506978));
#9461=CARTESIAN_POINT('',(0.0149573827553219,-0.0156969623640179,0.000759189599193633));
#9462=CARTESIAN_POINT('',(0.0149573827553219,-0.0156969623640179,0.000759189599193633));
#9463=CARTESIAN_POINT('',(0.0149573827553219,-0.0156969623640179,0.00132888101506978));
#9464=CARTESIAN_POINT('',(0.0149573827553219,-0.0141144851222634,0.000759189599193633));
#9465=CARTESIAN_POINT('',(0.0149573827553219,-0.0141144851222634,0.000759189599193633));
#9466=CARTESIAN_POINT('',(0.0149573827553219,0.,0.00127));
#9467=CARTESIAN_POINT('',(0.0149573827553219,0.0137370973825455,0.00120228284504265));
#9468=CARTESIAN_POINT('',(0.0149573827553219,0.0137370973825455,0.00170867529232055));
#9469=CARTESIAN_POINT('',(0.0149573827553219,0.0137370973825455,0.00170867529232055));
#9470=CARTESIAN_POINT('',(0.0149573827553219,0.0137370973825455,0.00120228284504265));
#9471=CARTESIAN_POINT('',(0.0149573827553219,0.0137370973825455,0.000695890397764742));
#9472=CARTESIAN_POINT('',(0.0149573827553219,0.0137370973825455,0.000695890397764742));
#9473=CARTESIAN_POINT('',(0.0149573827553219,0.0122179202735424,0.00170867529232055));
#9474=CARTESIAN_POINT('',(0.0149573827553219,0.0106987431645393,0.00170867529232055));
#9475=CARTESIAN_POINT('',(0.0149573827553219,0.0106987431645393,0.00170867529232055));
#9476=CARTESIAN_POINT('',(0.0149573827553219,0.0122179202735424,0.00170867529232055));
#9477=CARTESIAN_POINT('',(0.0149573827553219,0.0106987431645393,0.00120228284504265));
#9478=CARTESIAN_POINT('',(0.0149573827553219,0.0106987431645393,0.000695890397764742));
#9479=CARTESIAN_POINT('',(0.0149573827553219,0.0106987431645393,0.000695890397764742));
#9480=CARTESIAN_POINT('',(0.0149573827553219,0.0106987431645393,0.00120228284504265));
#9481=CARTESIAN_POINT('',(0.0149573827553219,0.0122179202735424,0.000695890397764742));
#9482=CARTESIAN_POINT('',(0.0149573827553219,0.0122179202735424,0.000695890397764742));
#9483=CARTESIAN_POINT('',(0.0149573827553219,0.,0.00127));
#9484=CARTESIAN_POINT('',(0.,-0.00865153130143881,0.002794));
#9485=CARTESIAN_POINT('',(-0.00349589157849551,-0.00865153130143881,0.002794));
#9486=CARTESIAN_POINT('',(-0.00349589157849551,-0.00865153130143881,0.002794));
#9487=CARTESIAN_POINT('',(0.,-0.00865153130143881,0.002794));
#9488=CARTESIAN_POINT('',(0.00349589157849551,-0.00865153130143881,0.002794));
#9489=CARTESIAN_POINT('',(0.00349589157849551,-0.00865153130143881,0.002794));
#9490=CARTESIAN_POINT('',(-0.00349589157849551,-0.0096563408151269,0.002794));
#9491=CARTESIAN_POINT('',(-0.00349589157849551,-0.010661150328815,0.002794));
#9492=CARTESIAN_POINT('',(-0.00349589157849551,-0.010661150328815,0.002794));
#9493=CARTESIAN_POINT('',(-0.00349589157849551,-0.0096563408151269,0.002794));
#9494=CARTESIAN_POINT('',(0.,-0.010661150328815,0.002794));
#9495=CARTESIAN_POINT('',(0.00349589157849551,-0.010661150328815,0.002794));
#9496=CARTESIAN_POINT('',(0.00349589157849551,-0.010661150328815,0.002794));
#9497=CARTESIAN_POINT('',(0.,-0.010661150328815,0.002794));
#9498=CARTESIAN_POINT('',(0.00349589157849551,-0.0096563408151269,0.002794));
#9499=CARTESIAN_POINT('',(0.00349589157849551,-0.0096563408151269,0.002794));
#9500=CARTESIAN_POINT('',(0.,0.,0.002794));
#9501=CARTESIAN_POINT('',(0.,0.0143586127087474,0.002794));
#9502=CARTESIAN_POINT('',(-0.00319444830529392,0.0143586127087474,0.002794));
#9503=CARTESIAN_POINT('',(-0.00319444830529392,0.0143586127087474,0.002794));
#9504=CARTESIAN_POINT('',(0.,0.0143586127087474,0.002794));
#9505=CARTESIAN_POINT('',(0.00319444830529392,0.0143586127087474,0.002794));
#9506=CARTESIAN_POINT('',(0.00319444830529392,0.0143586127087474,0.002794));
#9507=CARTESIAN_POINT('',(-0.00319444830529392,0.01337546762079,0.002794));
#9508=CARTESIAN_POINT('',(-0.00319444830529392,0.0123923225328326,0.002794));
#9509=CARTESIAN_POINT('',(-0.00319444830529392,0.0123923225328326,0.002794));
#9510=CARTESIAN_POINT('',(-0.00319444830529392,0.01337546762079,0.002794));
#9511=CARTESIAN_POINT('',(0.,0.0123923225328326,0.002794));
#9512=CARTESIAN_POINT('',(0.00319444830529392,0.0123923225328326,0.002794));
#9513=CARTESIAN_POINT('',(0.00319444830529392,0.0123923225328326,0.002794));
#9514=CARTESIAN_POINT('',(0.,0.0123923225328326,0.002794));
#9515=CARTESIAN_POINT('',(0.00319444830529392,0.01337546762079,0.002794));
#9516=CARTESIAN_POINT('',(0.00319444830529392,0.01337546762079,0.002794));
#9517=CARTESIAN_POINT('',(0.,0.,0.002794));
#9518=CARTESIAN_POINT('',(-0.0108874375000596,0.,0.002794));
#9519=CARTESIAN_POINT('',(0.0104119479656219,-0.0141563210636377,0.002794));
#9520=CARTESIAN_POINT('',(0.0104119479656219,-0.0155630549415946,0.002794));
#9521=CARTESIAN_POINT('',(0.0104119479656219,-0.0155630549415946,0.002794));
#9522=CARTESIAN_POINT('',(0.0104119479656219,-0.0141563210636377,0.002794));
#9523=CARTESIAN_POINT('',(0.0104119479656219,-0.0127495871856809,0.002794));
#9524=CARTESIAN_POINT('',(0.0104119479656219,-0.0127495871856809,0.002794));
#9525=CARTESIAN_POINT('',(0.0116177210584283,-0.0155630549415946,0.002794));
#9526=CARTESIAN_POINT('',(0.0128234941512346,-0.0155630549415946,0.002794));
#9527=CARTESIAN_POINT('',(0.0128234941512346,-0.0155630549415946,0.002794));
#9528=CARTESIAN_POINT('',(0.0116177210584283,-0.0155630549415946,0.002794));
#9529=CARTESIAN_POINT('',(0.0128234941512346,-0.0141563210636377,0.002794));
#9530=CARTESIAN_POINT('',(0.0128234941512346,-0.0127495871856809,0.002794));
#9531=CARTESIAN_POINT('',(0.0128234941512346,-0.0127495871856809,0.002794));
#9532=CARTESIAN_POINT('',(0.0128234941512346,-0.0141563210636377,0.002794));
#9533=CARTESIAN_POINT('',(0.0116177210584283,-0.0127495871856809,0.002794));
#9534=CARTESIAN_POINT('',(0.0116177210584283,-0.0127495871856809,0.002794));
#9535=CARTESIAN_POINT('',(0.,0.,0.002794));
#9536=CARTESIAN_POINT('',(0.0101105058565736,0.0152846062555909,0.002794));
#9537=CARTESIAN_POINT('',(0.0101105058565736,0.01337546762079,0.002794));
#9538=CARTESIAN_POINT('',(0.0101105058565736,0.01337546762079,0.002794));
#9539=CARTESIAN_POINT('',(0.0101105058565736,0.0152846062555909,0.002794));
#9540=CARTESIAN_POINT('',(0.0101105058565736,0.0171937448903919,0.002794));
#9541=CARTESIAN_POINT('',(0.0101105058565736,0.0171937448903919,0.002794));
#9542=CARTESIAN_POINT('',(0.0114167584106326,0.01337546762079,0.002794));
#9543=CARTESIAN_POINT('',(0.0127230109646916,0.01337546762079,0.002794));
#9544=CARTESIAN_POINT('',(0.0127230109646916,0.01337546762079,0.002794));
#9545=CARTESIAN_POINT('',(0.0114167584106326,0.01337546762079,0.002794));
#9546=CARTESIAN_POINT('',(0.0127230109646916,0.0152846062555909,0.002794));
#9547=CARTESIAN_POINT('',(0.0127230109646916,0.0171937448903919,0.002794));
#9548=CARTESIAN_POINT('',(0.0127230109646916,0.0171937448903919,0.002794));
#9549=CARTESIAN_POINT('',(0.0127230109646916,0.0152846062555909,0.002794));
#9550=CARTESIAN_POINT('',(0.0114167584106326,0.0171937448903919,0.002794));
#9551=CARTESIAN_POINT('',(0.0114167584106326,0.0171937448903919,0.002794));
#9552=CARTESIAN_POINT('',(0.,0.,0.002794));
#9553=CARTESIAN_POINT('',(-0.0105885760858655,0.0158874914050102,0.002794));
#9554=CARTESIAN_POINT('',(-0.0105885760858655,0.014179315418005,0.002794));
#9555=CARTESIAN_POINT('',(-0.0105885760858655,0.014179315418005,0.002794));
#9556=CARTESIAN_POINT('',(-0.0105885760858655,0.0158874914050102,0.002794));
#9557=CARTESIAN_POINT('',(-0.0105885760858655,0.0175956673920155,0.002794));
#9558=CARTESIAN_POINT('',(-0.0105885760858655,0.0175956673920155,0.002794));
#9559=CARTESIAN_POINT('',(-0.00918184220790863,0.014179315418005,0.002794));
#9560=CARTESIAN_POINT('',(-0.00777510832995176,0.014179315418005,0.002794));
#9561=CARTESIAN_POINT('',(-0.00777510832995176,0.014179315418005,0.002794));
#9562=CARTESIAN_POINT('',(-0.00918184220790863,0.014179315418005,0.002794));
#9563=CARTESIAN_POINT('',(-0.00777510832995176,0.0158874914050102,0.002794));
#9564=CARTESIAN_POINT('',(-0.00777510832995176,0.0175956673920155,0.002794));
#9565=CARTESIAN_POINT('',(-0.00777510832995176,0.0175956673920155,0.002794));
#9566=CARTESIAN_POINT('',(-0.00777510832995176,0.0158874914050102,0.002794));
#9567=CARTESIAN_POINT('',(-0.00918184220790863,0.0175956673920155,0.002794));
#9568=CARTESIAN_POINT('',(-0.00918184220790863,0.0175956673920155,0.002794));
#9569=CARTESIAN_POINT('',(0.,0.,0.002794));
#9570=CARTESIAN_POINT('',(-0.0114929052069783,-0.0132519919425249,0.002794));
#9571=CARTESIAN_POINT('',(-0.0114929052069783,-0.0149601688608527,0.002794));
#9572=CARTESIAN_POINT('',(-0.0114929052069783,-0.0149601688608527,0.002794));
#9573=CARTESIAN_POINT('',(-0.0114929052069783,-0.0132519919425249,0.002794));
#9574=CARTESIAN_POINT('',(-0.0114929052069783,-0.0115438150241971,0.002794));
#9575=CARTESIAN_POINT('',(-0.0114929052069783,-0.0115438150241971,0.002794));
#9576=CARTESIAN_POINT('',(-0.00998569000512362,-0.0149601688608527,0.002794));
#9577=CARTESIAN_POINT('',(-0.00847847480326891,-0.0149601688608527,0.002794));
#9578=CARTESIAN_POINT('',(-0.00847847480326891,-0.0149601688608527,0.002794));
#9579=CARTESIAN_POINT('',(-0.00998569000512362,-0.0149601688608527,0.002794));
#9580=CARTESIAN_POINT('',(-0.00847847480326891,-0.0132519919425249,0.002794));
#9581=CARTESIAN_POINT('',(-0.00847847480326891,-0.0115438150241971,0.002794));
#9582=CARTESIAN_POINT('',(-0.00847847480326891,-0.0115438150241971,0.002794));
#9583=CARTESIAN_POINT('',(-0.00847847480326891,-0.0132519919425249,0.002794));
#9584=CARTESIAN_POINT('',(-0.00998569000512362,-0.0115438150241971,0.002794));
#9585=CARTESIAN_POINT('',(-0.00998569000512362,-0.0115438150241971,0.002794));
#9586=CARTESIAN_POINT('',(0.,0.,0.002794));
#9587=CARTESIAN_POINT('',(0.,-0.00865153130143881,-0.001016));
#9588=CARTESIAN_POINT('',(-0.00349589157849551,-0.00865153130143881,-0.001016));
#9589=CARTESIAN_POINT('',(-0.00349589157849551,-0.00865153130143881,-0.001016));
#9590=CARTESIAN_POINT('',(0.00349589157849551,-0.00865153130143881,-0.001016));
#9591=CARTESIAN_POINT('',(0.00349589157849551,-0.00865153130143881,-0.001016));
#9592=CARTESIAN_POINT('',(0.,-0.00865153130143881,-0.001016));
#9593=CARTESIAN_POINT('',(-0.00349589157849551,-0.0096563408151269,-0.001016));
#9594=CARTESIAN_POINT('',(-0.00349589157849551,-0.0096563408151269,-0.001016));
#9595=CARTESIAN_POINT('',(-0.00349589157849551,-0.010661150328815,-0.001016));
#9596=CARTESIAN_POINT('',(-0.00349589157849551,-0.010661150328815,-0.001016));
#9597=CARTESIAN_POINT('',(0.,-0.010661150328815,-0.001016));
#9598=CARTESIAN_POINT('',(0.,-0.010661150328815,-0.001016));
#9599=CARTESIAN_POINT('',(0.00349589157849551,-0.010661150328815,-0.001016));
#9600=CARTESIAN_POINT('',(0.00349589157849551,-0.010661150328815,-0.001016));
#9601=CARTESIAN_POINT('',(0.00349589157849551,-0.0096563408151269,-0.001016));
#9602=CARTESIAN_POINT('',(0.00349589157849551,-0.0096563408151269,-0.001016));
#9603=CARTESIAN_POINT('',(0.,0.,-0.001016));
#9604=CARTESIAN_POINT('',(0.,0.0143586127087474,-0.001016));
#9605=CARTESIAN_POINT('',(-0.00319444830529392,0.0143586127087474,-0.001016));
#9606=CARTESIAN_POINT('',(-0.00319444830529392,0.0143586127087474,-0.001016));
#9607=CARTESIAN_POINT('',(0.00319444830529392,0.0143586127087474,-0.001016));
#9608=CARTESIAN_POINT('',(0.00319444830529392,0.0143586127087474,-0.001016));
#9609=CARTESIAN_POINT('',(0.,0.0143586127087474,-0.001016));
#9610=CARTESIAN_POINT('',(-0.00319444830529392,0.01337546762079,-0.001016));
#9611=CARTESIAN_POINT('',(-0.00319444830529392,0.01337546762079,-0.001016));
#9612=CARTESIAN_POINT('',(-0.00319444830529392,0.0123923225328326,-0.001016));
#9613=CARTESIAN_POINT('',(-0.00319444830529392,0.0123923225328326,-0.001016));
#9614=CARTESIAN_POINT('',(0.,0.0123923225328326,-0.001016));
#9615=CARTESIAN_POINT('',(0.,0.0123923225328326,-0.001016));
#9616=CARTESIAN_POINT('',(0.00319444830529392,0.0123923225328326,-0.001016));
#9617=CARTESIAN_POINT('',(0.00319444830529392,0.0123923225328326,-0.001016));
#9618=CARTESIAN_POINT('',(0.00319444830529392,0.01337546762079,-0.001016));
#9619=CARTESIAN_POINT('',(0.00319444830529392,0.01337546762079,-0.001016));
#9620=CARTESIAN_POINT('',(0.,0.,-0.001016));
#9621=CARTESIAN_POINT('',(-0.0632969267834134,0.0333391244914573,-0.0262333353177943));
#9622=CARTESIAN_POINT('',(0.,1.88758841319338E-19,0.0105156));
#9623=CARTESIAN_POINT('',(0.,1.88758841319338E-19,0.0105156));
#9624=CARTESIAN_POINT('',(0.00308266581761793,1.88758841319338E-19,0.0105156));
#9625=CARTESIAN_POINT('',(0.,1.88758841319338E-19,-0.0105156));
#9626=CARTESIAN_POINT('',(0.00308266581761793,1.88758841319338E-19,-0.0105156));
#9627=CARTESIAN_POINT('',(0.,0.,0.0105156));
#9628=CARTESIAN_POINT('',(0.,0.,-0.0105156));
#9629=CARTESIAN_POINT('',(-0.0726117159685414,-0.00159418091061526,0.00228046706748411));
#9630=CARTESIAN_POINT('',(-0.00803615143724567,-0.0232681408425698,0.0126785291758528));
#9631=CARTESIAN_POINT('',(-0.00803615143724567,-0.0232681408425698,0.00254));
#9632=CARTESIAN_POINT('',(-0.00803615143724567,-0.0040622591574302,0.00254));
#9633=CARTESIAN_POINT('',(-0.00803615143724567,0.0040622591574302,0.00254));
#9634=CARTESIAN_POINT('',(-0.00803615143724567,-0.0040622591574302,0.0139485291758528));
#9635=CARTESIAN_POINT('',(-0.00803615143724567,-0.0040622591574302,0.0253570583517057));
#9636=CARTESIAN_POINT('',(-0.00803615143724567,-0.0232681408425698,0.0253570583517057));
#9637=CARTESIAN_POINT('',(-0.00803615143724567,0.0040622591574302,0.0253570583517057));
#9638=CARTESIAN_POINT('',(-0.00803615143724567,0.0040622591574302,0.0126785291758528));
#9639=CARTESIAN_POINT('',(3.46944695195361E-18,-0.0232681408425698,0.0253570583517057));
#9640=CARTESIAN_POINT('',(0.0173638485627543,-0.0040622591574302,0.0253570583517057));
#9641=CARTESIAN_POINT('',(0.00803615143724568,-0.0040622591574302,0.0253570583517057));
#9642=CARTESIAN_POINT('',(0.00803615143724568,-0.0232681408425698,0.0253570583517057));
#9643=CARTESIAN_POINT('',(0.00803615143724568,0.0040622591574302,0.0253570583517057));
#9644=CARTESIAN_POINT('',(3.46944695195361E-18,0.0040622591574302,0.0253570583517057));
#9645=CARTESIAN_POINT('',(0.00803615143724568,-0.0232681408425698,0.0126785291758528));
#9646=CARTESIAN_POINT('',(0.00803615143724568,-0.0040622591574302,0.0126785291758528));
#9647=CARTESIAN_POINT('',(0.00803615143724567,-0.0040622591574302,0.00254));
#9648=CARTESIAN_POINT('',(0.00803615143724567,-0.0232681408425698,0.00254));
#9649=CARTESIAN_POINT('',(0.00803615143724567,0.0040622591574302,0.00254));
#9650=CARTESIAN_POINT('',(0.00803615143724568,0.0040622591574302,0.0126785291758528));
#9651=CARTESIAN_POINT('',(0.,-0.0232681408425698,0.00254));
#9652=CARTESIAN_POINT('',(0.,0.,0.00254));
#9653=CARTESIAN_POINT('',(0.003302,0.,0.00254));
#9654=CARTESIAN_POINT('',(0.0173638485627543,-0.0040622591574302,0.00254));
#9655=CARTESIAN_POINT('',(0.,0.0040622591574302,0.00254));
#9656=CARTESIAN_POINT('',(3.46944695195361E-18,0.0040622591574302,0.0126785291758528));
#9657=CARTESIAN_POINT('',(0.0173638485627543,-0.0040622591574302,0.0139485291758528));
#9658=CARTESIAN_POINT('',(0.,0.,0.));
#9659=CARTESIAN_POINT('',(0.,0.,0.00635));
#9660=CARTESIAN_POINT('',(0.003302,0.,0.00635));
#9661=CARTESIAN_POINT('',(0.,0.,0.0127));
#9662=CARTESIAN_POINT('',(0.,0.,0.0146077324654125));
#9663=CARTESIAN_POINT('',(0.,0.,0.0127));
#9664=CARTESIAN_POINT('',(0.003175,0.,0.0127));
#9665=CARTESIAN_POINT('',(0.,0.,0.));
#9666=CARTESIAN_POINT('',(0.,0.,0.00635));
#9667=CARTESIAN_POINT('',(0.003175,0.,0.00635));
#9668=CARTESIAN_POINT('',(0.003302,0.,0.00635));
#9669=CARTESIAN_POINT('',(-0.0317441661163753,0.0663084378263211,0.00494277798690038));
#9670=CARTESIAN_POINT('',(-0.0529834801310967,-0.00183841993566602,0.00260679844678556));
#9671=CARTESIAN_POINT('',(-0.0121159313722381,0.0399547383685066,-0.0207406112710358));
#9672=CARTESIAN_POINT('',(-0.0121159306107253,0.0546613383685066,-0.0207406114193289));
#9673=CARTESIAN_POINT('',(-0.0529834801310967,0.0095644392217642,-0.0205658599049202));
#9674=CARTESIAN_POINT('',(0.,0.00470848966798337,0.0006858));
#9675=CARTESIAN_POINT('',(0.,0.00470848966798337,0.));
#9676=CARTESIAN_POINT('',(-0.00777611828392313,0.00470848966798337,0.));
#9677=CARTESIAN_POINT('',(0.00777611828392313,0.00470848966798337,0.));
#9678=CARTESIAN_POINT('',(-0.00777611828392313,0.00470848966798337,0.0006858));
#9679=CARTESIAN_POINT('',(-0.00777611828392313,0.00470848966798337,0.0006858));
#9680=CARTESIAN_POINT('',(0.,0.00470848966798337,0.0006858));
#9681=CARTESIAN_POINT('',(0.00777611828392313,0.00470848966798337,0.0006858));
#9682=CARTESIAN_POINT('',(0.00777611828392313,0.00470848966798337,0.0006858));
#9683=CARTESIAN_POINT('',(-0.00777611828392313,0.,0.0006858));
#9684=CARTESIAN_POINT('',(-0.00777611828392313,0.,0.));
#9685=CARTESIAN_POINT('',(-0.00777611828392313,-0.00470848966798337,0.));
#9686=CARTESIAN_POINT('',(-0.00777611828392313,-0.00470848966798337,0.0006858));
#9687=CARTESIAN_POINT('',(-0.00777611828392313,-0.00470848966798337,0.0006858));
#9688=CARTESIAN_POINT('',(-0.00777611828392313,0.,0.0006858));
#9689=CARTESIAN_POINT('',(0.,-0.00470848966798337,0.0006858));
#9690=CARTESIAN_POINT('',(0.,-0.00470848966798337,0.));
#9691=CARTESIAN_POINT('',(0.00777611828392313,-0.00470848966798337,0.));
#9692=CARTESIAN_POINT('',(0.00777611828392313,-0.00470848966798337,0.0006858));
#9693=CARTESIAN_POINT('',(0.00777611828392313,-0.00470848966798337,0.0006858));
#9694=CARTESIAN_POINT('',(0.,-0.00470848966798337,0.0006858));
#9695=CARTESIAN_POINT('',(0.00777611828392313,0.,0.0006858));
#9696=CARTESIAN_POINT('',(0.00777611828392313,0.,0.));
#9697=CARTESIAN_POINT('',(0.00777611828392313,0.,0.0006858));
#9698=CARTESIAN_POINT('',(0.,0.,0.0006858));
#9699=CARTESIAN_POINT('',(0.,0.,0.));
#9700=CARTESIAN_POINT('',(-0.0632969267834133,0.0312309244914573,-0.0480994221882262));
#9701=CARTESIAN_POINT('',(-0.0317441672004832,0.0401989784132047,-0.0204142801015321));
#9702=CARTESIAN_POINT('',(0.,0.0040622591574302,0.00254));
#9703=CARTESIAN_POINT('',(0.,0.0040622591574302,0.));
#9704=CARTESIAN_POINT('',(-0.00803615143724567,0.0040622591574302,0.));
#9705=CARTESIAN_POINT('',(0.00803615143724567,0.0040622591574302,0.));
#9706=CARTESIAN_POINT('',(-0.00803615143724567,0.0040622591574302,0.00254));
#9707=CARTESIAN_POINT('',(-0.00803615143724567,0.0040622591574302,0.00254));
#9708=CARTESIAN_POINT('',(0.,0.0040622591574302,0.00254));
#9709=CARTESIAN_POINT('',(0.00803615143724567,0.0040622591574302,0.00254));
#9710=CARTESIAN_POINT('',(0.00803615143724567,0.0040622591574302,0.00254));
#9711=CARTESIAN_POINT('',(-0.00803615143724567,-1.7347234759768E-18,0.00254));
#9712=CARTESIAN_POINT('',(-0.00803615143724567,-1.7347234759768E-18,0.));
#9713=CARTESIAN_POINT('',(-0.00803615143724567,-0.0040622591574302,0.));
#9714=CARTESIAN_POINT('',(-0.00803615143724567,-0.0040622591574302,0.00254));
#9715=CARTESIAN_POINT('',(-0.00803615143724567,-0.0040622591574302,0.00254));
#9716=CARTESIAN_POINT('',(-0.00803615143724567,-1.7347234759768E-18,0.00254));
#9717=CARTESIAN_POINT('',(0.,-0.0040622591574302,0.00254));
#9718=CARTESIAN_POINT('',(0.,-0.0040622591574302,0.));
#9719=CARTESIAN_POINT('',(0.00803615143724567,-0.0040622591574302,0.));
#9720=CARTESIAN_POINT('',(0.00803615143724567,-0.0040622591574302,0.00254));
#9721=CARTESIAN_POINT('',(0.00803615143724567,-0.0040622591574302,0.00254));
#9722=CARTESIAN_POINT('',(0.,-0.0040622591574302,0.00254));
#9723=CARTESIAN_POINT('',(0.00803615143724567,-1.7347234759768E-18,0.00254));
#9724=CARTESIAN_POINT('',(0.00803615143724567,-1.7347234759768E-18,0.));
#9725=CARTESIAN_POINT('',(0.00803615143724567,-1.7347234759768E-18,0.00254));
#9726=CARTESIAN_POINT('',(0.,-1.7347234759768E-18,0.00254));
#9727=CARTESIAN_POINT('',(0.,0.,0.00254));
#9728=CARTESIAN_POINT('',(0.003302,0.,0.00254));
#9729=CARTESIAN_POINT('',(0.,-1.7347234759768E-18,0.));
#9730=CARTESIAN_POINT('',(0.,0.,0.));
#9731=CARTESIAN_POINT('',(0.003302,0.,0.));
#9732=CARTESIAN_POINT('',(0.,0.,0.));
#9733=CARTESIAN_POINT('',(-0.0726117159685414,-0.00159418091061526,0.00446486706748411));
#9734=CARTESIAN_POINT('',(-0.0529834801310967,0.0242710392217643,-0.0205658599049201));
#9735=CARTESIAN_POINT('',(-0.0631954118315782,0.00956443922176423,-0.0426591581443063));
#9736=CARTESIAN_POINT('',(-0.0121159302881301,0.0660641977816227,0.00461644681739659));
#9737=CARTESIAN_POINT('',(-0.0121159302650561,0.0660641977595967,0.00243204681739659));
#9738=CARTESIAN_POINT('',(-0.0218030143252466,0.0663084369737511,-0.0285590493233293));
#9739=CARTESIAN_POINT('',(-0.0726117159685414,-0.00159418091061526,0.00446486706748414));
#9740=CARTESIAN_POINT('',(-0.0632969267834134,0.0312309244914573,-0.00406280096036578));
#9741=CARTESIAN_POINT('',(-0.0632969267834133,0.0312309244914573,-0.0262333353177943));
#9742=CARTESIAN_POINT('',(-0.0317441661163753,0.0663084378263211,0.00494277798690038));
#9743=CARTESIAN_POINT('',(-0.0858553440280915,0.0320966582205337,-0.00381907384258892));
#9744=CARTESIAN_POINT('',(-0.0317441660933012,0.0663084378042949,0.00275837798690038));
#9745=CARTESIAN_POINT('',(-0.0529834801310967,-0.00183841993566602,0.00479119844678555));
#9746=CARTESIAN_POINT('',(-0.0660643718185198,-0.00183841993566602,0.00155877623675268));
#9747=CARTESIAN_POINT('',(-0.0629246315683424,-0.00183841993566602,-0.0287106289684535));
#9748=CARTESIAN_POINT('',(-0.0629246315683424,-0.00183841993566602,-0.0287106289684535));
#9749=CARTESIAN_POINT('',(-0.0631954118315782,0.0242710392217643,-0.0426591581443063));
#9750=CARTESIAN_POINT('',(0.,-0.00254,0.0178503338247538));
#9751=CARTESIAN_POINT('',(0.,0.,0.0178503338247538));
#9752=CARTESIAN_POINT('',(-0.0241802372038364,0.,0.0178503338247538));
#9753=CARTESIAN_POINT('',(0.0241802372038364,0.,0.0178503338247538));
#9754=CARTESIAN_POINT('',(-0.0241802372038364,-0.00254,0.0178503338247538));
#9755=CARTESIAN_POINT('',(-0.0241802372038364,-0.00254,0.0178503338247538));
#9756=CARTESIAN_POINT('',(0.,-0.00254,0.0178503338247538));
#9757=CARTESIAN_POINT('',(0.0241802372038364,-0.00254,0.0178503338247538));
#9758=CARTESIAN_POINT('',(0.0241802372038364,-0.00254,0.0178503338247538));
#9759=CARTESIAN_POINT('',(-0.0241802372038364,-0.00254,0.));
#9760=CARTESIAN_POINT('',(-0.0241802372038364,0.,0.));
#9761=CARTESIAN_POINT('',(-0.0241802372038364,0.,-0.0178503338247538));
#9762=CARTESIAN_POINT('',(-0.0241802372038364,-0.00254,-0.0178503338247538));
#9763=CARTESIAN_POINT('',(-0.0241802372038364,-0.00254,-0.0178503338247538));
#9764=CARTESIAN_POINT('',(-0.0241802372038364,-0.00254,0.));
#9765=CARTESIAN_POINT('',(0.,-0.00254,-0.0178503338247538));
#9766=CARTESIAN_POINT('',(0.,0.,-0.0178503338247538));
#9767=CARTESIAN_POINT('',(0.0241802372038364,0.,-0.0178503338247538));
#9768=CARTESIAN_POINT('',(0.0241802372038364,-0.00254,-0.0178503338247538));
#9769=CARTESIAN_POINT('',(0.0241802372038364,-0.00254,-0.0178503338247538));
#9770=CARTESIAN_POINT('',(0.,-0.00254,-0.0178503338247538));
#9771=CARTESIAN_POINT('',(0.0241802372038364,-0.00254,0.));
#9772=CARTESIAN_POINT('',(0.0241802372038364,0.,0.));
#9773=CARTESIAN_POINT('',(0.0241802372038364,-0.00254,0.));
#9774=CARTESIAN_POINT('',(0.,-0.00254,0.));
#9775=CARTESIAN_POINT('',(0.,0.,0.));
#9776=CARTESIAN_POINT('',(-0.0839664895520662,-0.0275923061783386,0.00430253903291627));
#9777=CARTESIAN_POINT('',(-0.000761155356698812,0.0920623224597554,0.00445411864061969));
#9778=CARTESIAN_POINT('',(-0.0214307197026286,0.033239095982252,-0.0260817541516538));
#9779=CARTESIAN_POINT('',(-0.0121159302881302,0.0660641977816232,0.00461644681739661));
#9780=CARTESIAN_POINT('',(-0.0215322345051152,0.0549055776616506,-0.0425075783813418));
#9781=CARTESIAN_POINT('',(-0.0214307197026286,0.031130895982252,-0.0260817541516538));
#9782=CARTESIAN_POINT('',(-0.021532235266628,0.0401989776616506,-0.0425075782330485));
#9783=CARTESIAN_POINT('',(-0.0529834801310967,-0.00183841993566603,0.00479119844678555));
#9784=CARTESIAN_POINT('',(-0.0214307197026286,0.033239095982252,-0.00391121979422517));
#9785=CARTESIAN_POINT('',(-0.0317441664389703,0.0549055784132044,-0.0204142802498252));
#9786=CARTESIAN_POINT('',(-0.00419832766056061,0.000141980732107163,0.00496649974957109));
#9787=CARTESIAN_POINT('',(-0.0041384482756257,0.00437629036605358,0.00496670145422872));
#9788=CARTESIAN_POINT('',(-0.00525936944246193,0.00437629036605358,0.0049629256135043));
#9789=CARTESIAN_POINT('',(-0.0041384482756257,0.00437629036605358,0.00496670145422872));
#9790=CARTESIAN_POINT('',(-0.000589521790911312,0.00437629036605358,0.00497865606936616));
#9791=CARTESIAN_POINT('',(-0.0041384482756257,0.,0.00254));
#9792=CARTESIAN_POINT('',(-0.0041384482756257,0.,0.));
#9793=CARTESIAN_POINT('',(0.,0.,0.));
#9794=CARTESIAN_POINT('',(-0.00827689655125141,0.,0.));
#9795=CARTESIAN_POINT('',(0.,0.,0.00254));
#9796=CARTESIAN_POINT('',(0.,0.,0.00254));
#9797=CARTESIAN_POINT('',(-0.0041384482756257,0.,0.00254));
#9798=CARTESIAN_POINT('',(-0.00827689655125141,0.,0.00254));
#9799=CARTESIAN_POINT('',(-0.00827689655125141,0.,0.00254));
#9800=CARTESIAN_POINT('',(0.,0.00437629036605358,0.00254));
#9801=CARTESIAN_POINT('',(0.,0.00437629036605358,0.));
#9802=CARTESIAN_POINT('',(0.,0.00875258073210716,0.));
#9803=CARTESIAN_POINT('',(0.,0.00875258073210716,0.00254));
#9804=CARTESIAN_POINT('',(0.,0.00875258073210716,0.00254));
#9805=CARTESIAN_POINT('',(0.,0.00437629036605358,0.00254));
#9806=CARTESIAN_POINT('',(-0.0041384482756257,0.00875258073210716,0.00254));
#9807=CARTESIAN_POINT('',(-0.0041384482756257,0.00875258073210716,0.));
#9808=CARTESIAN_POINT('',(-0.00827689655125141,0.00875258073210716,0.));
#9809=CARTESIAN_POINT('',(-0.00827689655125141,0.00875258073210716,0.00254));
#9810=CARTESIAN_POINT('',(-0.00827689655125141,0.00875258073210716,0.00254));
#9811=CARTESIAN_POINT('',(-0.0041384482756257,0.00875258073210716,0.00254));
#9812=CARTESIAN_POINT('',(-0.00827689655125141,0.00437629036605358,0.00254));
#9813=CARTESIAN_POINT('',(-0.00827689655125141,0.00437629036605358,0.));
#9814=CARTESIAN_POINT('',(-0.00827689655125141,0.00437629036605358,0.00254));
#9815=CARTESIAN_POINT('',(-0.0041384482756257,0.00437629036605358,0.00254));
#9816=CARTESIAN_POINT('',(-0.0041384482756257,0.00437629036605358,0.00254));
#9817=CARTESIAN_POINT('',(-0.00301752710878948,0.00437629036605358,0.00254));
#9818=CARTESIAN_POINT('',(-0.0041384482756257,0.00437629036605358,0.));
#9819=CARTESIAN_POINT('',(-0.0041384482756257,0.00437629036605358,0.00508));
#9820=CARTESIAN_POINT('',(-0.0041384482756257,0.00437629036605358,0.004191));
#9821=CARTESIAN_POINT('',(-0.00747235953648346,0.00291802895982816,0.00654229785089982));
#9822=CARTESIAN_POINT('',(-0.00779443101507203,0.00437799111501851,0.00611078557650273));
#9823=CARTESIAN_POINT('',(-0.00747416496526903,0.00582774877641928,0.00654015571016419));
#9824=CARTESIAN_POINT('',(-0.00672808801103222,0.00691781224161241,0.00721731032759129));
#9825=CARTESIAN_POINT('',(-0.00559826225760507,0.00771766216076974,0.00780016715792232));
#9826=CARTESIAN_POINT('',(-0.00411942651004698,0.00803173698582101,0.00803774312417878));
#9827=CARTESIAN_POINT('',(-0.00265761991114937,0.00770646960168777,0.00775463666771149));
#9828=CARTESIAN_POINT('',(-0.00153909029614694,0.006905385792215,0.00713414555630591));
#9829=CARTESIAN_POINT('',(-0.000804592329766396,0.00582963448717765,0.00642135058765503));
#9830=CARTESIAN_POINT('',(-0.000483001287031214,0.00437879229862343,0.00595312849726741));
#9831=CARTESIAN_POINT('',(-0.000800542224814367,0.00293246958882167,0.00641665022041249));
#9832=CARTESIAN_POINT('',(-0.00153398537233123,0.00185429117063272,0.00712898531200031));
#9833=CARTESIAN_POINT('',(-0.00263390577746442,0.00105755608533249,0.00774534373810895));
#9834=CARTESIAN_POINT('',(-0.00410062371940541,0.000720408695697416,0.00803786761768476));
#9835=CARTESIAN_POINT('',(-0.00557905356455461,0.001026080248295,0.00780680927341445));
#9836=CARTESIAN_POINT('',(-0.00672185213068378,0.00182707515602421,0.00722277961961837));
#9837=CARTESIAN_POINT('',(-0.00747235953648346,0.00291802895982816,0.00654229785089982));
#9838=CARTESIAN_POINT('',(-0.00779443101507203,0.00437799111501851,0.00611078557650273));
#9839=CARTESIAN_POINT('',(-0.00747416496526903,0.00582774877641928,0.00654015571016419));
#9840=CARTESIAN_POINT('',(-0.0076873747603401,0.00437629036605358,0.00625426597784582));
#9841=CARTESIAN_POINT('',(-0.00419340992843737,0.000141980732107163,0.00350658911453634));
#9842=CARTESIAN_POINT('',(0.00846829754204957,0.0311033622531756,-0.052305655810904));
#9843=CARTESIAN_POINT('',(-0.0218030142782937,0.0663084369289302,-0.0330040493233292));
#9844=CARTESIAN_POINT('',(-0.0044942325912416,-0.00381,0.));
#9845=CARTESIAN_POINT('',(-0.0044942325912416,0.,0.));
#9846=CARTESIAN_POINT('',(0.,0.,0.));
#9847=CARTESIAN_POINT('',(-0.0089884651824832,0.,0.));
#9848=CARTESIAN_POINT('',(0.,-0.00381,0.));
#9849=CARTESIAN_POINT('',(0.,-0.00381,0.));
#9850=CARTESIAN_POINT('',(-0.0044942325912416,-0.00381,0.));
#9851=CARTESIAN_POINT('',(-0.0089884651824832,-0.00381,0.));
#9852=CARTESIAN_POINT('',(-0.0089884651824832,-0.00381,0.));
#9853=CARTESIAN_POINT('',(0.,-0.00381,0.0134826982393861));
#9854=CARTESIAN_POINT('',(0.,0.,0.0134826982393861));
#9855=CARTESIAN_POINT('',(0.,0.,0.0269653964787721));
#9856=CARTESIAN_POINT('',(0.,-0.00381,0.0269653964787721));
#9857=CARTESIAN_POINT('',(0.,-0.00381,0.0269653964787721));
#9858=CARTESIAN_POINT('',(0.,-0.00381,0.0134826982393861));
#9859=CARTESIAN_POINT('',(-0.0044942325912416,-0.00381,0.0269653964787721));
#9860=CARTESIAN_POINT('',(-0.0044942325912416,0.,0.0269653964787721));
#9861=CARTESIAN_POINT('',(-0.0089884651824832,0.,0.0269653964787721));
#9862=CARTESIAN_POINT('',(-0.0089884651824832,-0.00381,0.0269653964787721));
#9863=CARTESIAN_POINT('',(-0.0089884651824832,-0.00381,0.0269653964787721));
#9864=CARTESIAN_POINT('',(-0.0044942325912416,-0.00381,0.0269653964787721));
#9865=CARTESIAN_POINT('',(-0.0089884651824832,-0.00381,0.0134826982393861));
#9866=CARTESIAN_POINT('',(-0.0089884651824832,0.,0.0134826982393861));
#9867=CARTESIAN_POINT('',(-0.0089884651824832,-0.00381,0.0134826982393861));
#9868=CARTESIAN_POINT('',(-0.0044942325912416,-0.00381,0.0134826982393861));
#9869=CARTESIAN_POINT('',(-0.0044942325912416,0.,0.0134826982393861));
#9870=CARTESIAN_POINT('',(-0.0648296315683424,0.00265581265557558,-0.0226400289684534));
#9871=CARTESIAN_POINT('',(0.00110229754204957,0.0323733622531756,-0.0479293654448504));
#9872=CARTESIAN_POINT('',(-0.0198980146220839,0.0618142043450805,-0.0224884492578892));
#9873=CARTESIAN_POINT('',(-0.0931959440280915,0.0333666582205337,-0.0524572369770446));
#9874=CARTESIAN_POINT('',(-0.0629246315683424,-0.00183841993566602,-0.0331556289684534));
#9875=CARTESIAN_POINT('',(-0.0726117159685414,0.024515278246815,-0.0208921912842215));
#9876=CARTESIAN_POINT('',(0.,0.00544224606208856,0.00508));
#9877=CARTESIAN_POINT('',(0.,0.00544224606208856,0.));
#9878=CARTESIAN_POINT('',(-0.00938795241205474,0.00544224606208856,0.));
#9879=CARTESIAN_POINT('',(0.00938795241205474,0.00544224606208856,0.));
#9880=CARTESIAN_POINT('',(-0.00938795241205474,0.00544224606208856,0.00508));
#9881=CARTESIAN_POINT('',(-0.00938795241205474,0.00544224606208856,0.00508));
#9882=CARTESIAN_POINT('',(0.,0.00544224606208856,0.00508));
#9883=CARTESIAN_POINT('',(0.00938795241205474,0.00544224606208856,0.00508));
#9884=CARTESIAN_POINT('',(0.00938795241205474,0.00544224606208856,0.00508));
#9885=CARTESIAN_POINT('',(-0.00938795241205474,0.,0.00508));
#9886=CARTESIAN_POINT('',(-0.00938795241205474,0.,0.));
#9887=CARTESIAN_POINT('',(-0.00938795241205474,-0.00544224606208856,0.));
#9888=CARTESIAN_POINT('',(-0.00938795241205474,-0.00544224606208856,0.00508));
#9889=CARTESIAN_POINT('',(-0.00938795241205474,-0.00544224606208856,0.00508));
#9890=CARTESIAN_POINT('',(-0.00938795241205474,0.,0.00508));
#9891=CARTESIAN_POINT('',(0.,-0.00544224606208856,0.00508));
#9892=CARTESIAN_POINT('',(0.,-0.00544224606208856,0.));
#9893=CARTESIAN_POINT('',(0.00938795241205474,-0.00544224606208856,0.));
#9894=CARTESIAN_POINT('',(0.00938795241205474,-0.00544224606208856,0.00508));
#9895=CARTESIAN_POINT('',(0.00938795241205474,-0.00544224606208856,0.00508));
#9896=CARTESIAN_POINT('',(0.,-0.00544224606208856,0.00508));
#9897=CARTESIAN_POINT('',(0.00938795241205474,0.,0.00508));
#9898=CARTESIAN_POINT('',(0.00938795241205474,0.,0.));
#9899=CARTESIAN_POINT('',(0.00938795241205474,0.,0.00508));
#9900=CARTESIAN_POINT('',(0.,0.,0.00508));
#9901=CARTESIAN_POINT('',(-0.00437829876318574,1.82413071458494E-19,0.00508));
#9902=CARTESIAN_POINT('',(-0.00139926723204553,1.82413071458494E-19,0.00508));
#9903=CARTESIAN_POINT('',(0.00510043790563941,1.82413071458494E-19,0.00508));
#9904=CARTESIAN_POINT('',(0.00807946943677962,1.82413071458494E-19,0.00508));
#9905=CARTESIAN_POINT('',(0.,0.,0.));
#9906=CARTESIAN_POINT('',(0.00510043790563941,1.82413071458494E-19,0.0127));
#9907=CARTESIAN_POINT('',(0.00510043790563941,1.82413071458494E-19,0.0127));
#9908=CARTESIAN_POINT('',(0.00807946943677962,1.82413071458494E-19,0.0127));
#9909=CARTESIAN_POINT('',(0.,0.,0.0127));
#9910=CARTESIAN_POINT('',(-0.00437829876318574,1.82413071458494E-19,0.0127));
#9911=CARTESIAN_POINT('',(-0.00437829876318574,1.82413071458494E-19,0.0127));
#9912=CARTESIAN_POINT('',(-0.00139926723204553,1.82413071458494E-19,0.0127));
#9913=CARTESIAN_POINT('',(0.,0.,0.0127));
#9914=CARTESIAN_POINT('',(-0.0931959440280915,0.0320966582205337,-0.00381907384258892));
#9915=CARTESIAN_POINT('',(-0.0214307197026286,0.033239095982252,-0.0479478410220856));
#9916=CARTESIAN_POINT('',(0.00846829754204957,0.0323733622531756,-0.0036674926764483));
#9917=CARTESIAN_POINT('',(0.00112769754204955,0.0323733622531756,-0.0036674926764483));
#9918=CARTESIAN_POINT('',(-0.0858299440280915,0.0320966582205337,-0.048080946610991));
#9919=CARTESIAN_POINT('',(-0.0218030143252466,0.0663084369737511,-0.0285590493233293));
#9920=MECHANICAL_DESIGN_GEOMETRIC_PRESENTATION_REPRESENTATION('',(#6112,
#6113,#6114,#6115,#6116,#6117,#6118,#6119,#6120,#6121,#6122),#9921);
#9921=(
GEOMETRIC_REPRESENTATION_CONTEXT(3)
GLOBAL_UNCERTAINTY_ASSIGNED_CONTEXT((#9933))
GLOBAL_UNIT_ASSIGNED_CONTEXT((#9947,#9946,#9945))
REPRESENTATION_CONTEXT('Hand Assembly','TOP_LEVEL_ASSEMBLY_PART')
);
#9922=(
GEOMETRIC_REPRESENTATION_CONTEXT(3)
GLOBAL_UNCERTAINTY_ASSIGNED_CONTEXT((#9934))
GLOBAL_UNIT_ASSIGNED_CONTEXT((#9947,#9946,#9945))
REPRESENTATION_CONTEXT('Part 1','COMPONENT_PART')
);
#9923=(
GEOMETRIC_REPRESENTATION_CONTEXT(3)
GLOBAL_UNCERTAINTY_ASSIGNED_CONTEXT((#9935))
GLOBAL_UNIT_ASSIGNED_CONTEXT((#9947,#9946,#9945))
REPRESENTATION_CONTEXT('Part 1','COMPONENT_PART')
);
#9924=(
GEOMETRIC_REPRESENTATION_CONTEXT(3)
GLOBAL_UNCERTAINTY_ASSIGNED_CONTEXT((#9936))
GLOBAL_UNIT_ASSIGNED_CONTEXT((#9947,#9946,#9945))
REPRESENTATION_CONTEXT('Part 1','COMPONENT_PART')
);
#9925=(
GEOMETRIC_REPRESENTATION_CONTEXT(3)
GLOBAL_UNCERTAINTY_ASSIGNED_CONTEXT((#9937))
GLOBAL_UNIT_ASSIGNED_CONTEXT((#9947,#9946,#9945))
REPRESENTATION_CONTEXT('Part 1','COMPONENT_PART')
);
#9926=(
GEOMETRIC_REPRESENTATION_CONTEXT(3)
GLOBAL_UNCERTAINTY_ASSIGNED_CONTEXT((#9938))
GLOBAL_UNIT_ASSIGNED_CONTEXT((#9947,#9946,#9945))
REPRESENTATION_CONTEXT('Part 2','COMPONENT_PART')
);
#9927=(
GEOMETRIC_REPRESENTATION_CONTEXT(3)
GLOBAL_UNCERTAINTY_ASSIGNED_CONTEXT((#9939))
GLOBAL_UNIT_ASSIGNED_CONTEXT((#9947,#9946,#9945))
REPRESENTATION_CONTEXT('Part 1','COMPONENT_PART')
);
#9928=(
GEOMETRIC_REPRESENTATION_CONTEXT(3)
GLOBAL_UNCERTAINTY_ASSIGNED_CONTEXT((#9940))
GLOBAL_UNIT_ASSIGNED_CONTEXT((#9947,#9946,#9945))
REPRESENTATION_CONTEXT('Part 1','COMPONENT_PART')
);
#9929=(
GEOMETRIC_REPRESENTATION_CONTEXT(3)
GLOBAL_UNCERTAINTY_ASSIGNED_CONTEXT((#9941))
GLOBAL_UNIT_ASSIGNED_CONTEXT((#9947,#9946,#9945))
REPRESENTATION_CONTEXT('Part 1','COMPONENT_PART')
);
#9930=(
GEOMETRIC_REPRESENTATION_CONTEXT(3)
GLOBAL_UNCERTAINTY_ASSIGNED_CONTEXT((#9942))
GLOBAL_UNIT_ASSIGNED_CONTEXT((#9947,#9946,#9945))
REPRESENTATION_CONTEXT('Part 1','COMPONENT_PART')
);
#9931=(
GEOMETRIC_REPRESENTATION_CONTEXT(3)
GLOBAL_UNCERTAINTY_ASSIGNED_CONTEXT((#9943))
GLOBAL_UNIT_ASSIGNED_CONTEXT((#9947,#9946,#9945))
REPRESENTATION_CONTEXT('Part 1','COMPONENT_PART')
);
#9932=(
GEOMETRIC_REPRESENTATION_CONTEXT(3)
GLOBAL_UNCERTAINTY_ASSIGNED_CONTEXT((#9944))
GLOBAL_UNIT_ASSIGNED_CONTEXT((#9947,#9946,#9945))
REPRESENTATION_CONTEXT('Part 1','COMPONENT_PART')
);
#9933=UNCERTAINTY_MEASURE_WITH_UNIT(LENGTH_MEASURE(1.E-8),#9947,
'DISTANCE_ACCURACY_VALUE','Maximum Tolerance applied to model');
#9934=UNCERTAINTY_MEASURE_WITH_UNIT(LENGTH_MEASURE(2.5144806377229E-5),
#9947,'DISTANCE_ACCURACY_VALUE','Maximum Tolerance applied to model');
#9935=UNCERTAINTY_MEASURE_WITH_UNIT(LENGTH_MEASURE(5.20494437305658E-5),
#9947,'DISTANCE_ACCURACY_VALUE','Maximum Tolerance applied to model');
#9936=UNCERTAINTY_MEASURE_WITH_UNIT(LENGTH_MEASURE(1.E-8),#9947,
'DISTANCE_ACCURACY_VALUE','Maximum Tolerance applied to model');
#9937=UNCERTAINTY_MEASURE_WITH_UNIT(LENGTH_MEASURE(1.E-8),#9947,
'DISTANCE_ACCURACY_VALUE','Maximum Tolerance applied to model');
#9938=UNCERTAINTY_MEASURE_WITH_UNIT(LENGTH_MEASURE(1.E-8),#9947,
'DISTANCE_ACCURACY_VALUE','Maximum Tolerance applied to model');
#9939=UNCERTAINTY_MEASURE_WITH_UNIT(LENGTH_MEASURE(1.E-8),#9947,
'DISTANCE_ACCURACY_VALUE','Maximum Tolerance applied to model');
#9940=UNCERTAINTY_MEASURE_WITH_UNIT(LENGTH_MEASURE(1.E-8),#9947,
'DISTANCE_ACCURACY_VALUE','Maximum Tolerance applied to model');
#9941=UNCERTAINTY_MEASURE_WITH_UNIT(LENGTH_MEASURE(1.E-8),#9947,
'DISTANCE_ACCURACY_VALUE','Maximum Tolerance applied to model');
#9942=UNCERTAINTY_MEASURE_WITH_UNIT(LENGTH_MEASURE(2.E-5),#9947,
'DISTANCE_ACCURACY_VALUE','Maximum Tolerance applied to model');
#9943=UNCERTAINTY_MEASURE_WITH_UNIT(LENGTH_MEASURE(1.E-8),#9947,
'DISTANCE_ACCURACY_VALUE','Maximum Tolerance applied to model');
#9944=UNCERTAINTY_MEASURE_WITH_UNIT(LENGTH_MEASURE(1.E-8),#9947,
'DISTANCE_ACCURACY_VALUE','Maximum Tolerance applied to model');
#9945=(
NAMED_UNIT(*)
SI_UNIT($,.STERADIAN.)
SOLID_ANGLE_UNIT()
);
#9946=(
NAMED_UNIT(*)
PLANE_ANGLE_UNIT()
SI_UNIT($,.RADIAN.)
);
#9947=(
LENGTH_UNIT()
NAMED_UNIT(*)
SI_UNIT($,.METRE.)
);
#9948=PRODUCT_DEFINITION_SHAPE('','',#10012);
#9949=PRODUCT_DEFINITION_SHAPE('','',#10013);
#9950=PRODUCT_DEFINITION_SHAPE(' ','NAUO PRDDFN',#68);
#9951=PRODUCT_DEFINITION_SHAPE('','',#10014);
#9952=PRODUCT_DEFINITION_SHAPE(' ','NAUO PRDDFN',#69);
#9953=PRODUCT_DEFINITION_SHAPE('','',#10015);
#9954=PRODUCT_DEFINITION_SHAPE(' ','NAUO PRDDFN',#70);
#9955=PRODUCT_DEFINITION_SHAPE('','',#10016);
#9956=PRODUCT_DEFINITION_SHAPE(' ','NAUO PRDDFN',#71);
#9957=PRODUCT_DEFINITION_SHAPE('','',#10017);
#9958=PRODUCT_DEFINITION_SHAPE(' ','NAUO PRDDFN',#72);
#9959=PRODUCT_DEFINITION_SHAPE(' ','NAUO PRDDFN',#73);
#9960=PRODUCT_DEFINITION_SHAPE(' ','NAUO PRDDFN',#74);
#9961=PRODUCT_DEFINITION_SHAPE(' ','NAUO PRDDFN',#75);
#9962=PRODUCT_DEFINITION_SHAPE(' ','NAUO PRDDFN',#76);
#9963=PRODUCT_DEFINITION_SHAPE('','',#10018);
#9964=PRODUCT_DEFINITION_SHAPE(' ','NAUO PRDDFN',#77);
#9965=PRODUCT_DEFINITION_SHAPE(' ','NAUO PRDDFN',#78);
#9966=PRODUCT_DEFINITION_SHAPE('','',#10019);
#9967=PRODUCT_DEFINITION_SHAPE(' ','NAUO PRDDFN',#79);
#9968=PRODUCT_DEFINITION_SHAPE(' ','NAUO PRDDFN',#80);
#9969=PRODUCT_DEFINITION_SHAPE(' ','NAUO PRDDFN',#81);
#9970=PRODUCT_DEFINITION_SHAPE(' ','NAUO PRDDFN',#82);
#9971=PRODUCT_DEFINITION_SHAPE(' ','NAUO PRDDFN',#83);
#9972=PRODUCT_DEFINITION_SHAPE(' ','NAUO PRDDFN',#84);
#9973=PRODUCT_DEFINITION_SHAPE(' ','NAUO PRDDFN',#85);
#9974=PRODUCT_DEFINITION_SHAPE(' ','NAUO PRDDFN',#86);
#9975=PRODUCT_DEFINITION_SHAPE(' ','NAUO PRDDFN',#87);
#9976=PRODUCT_DEFINITION_SHAPE(' ','NAUO PRDDFN',#88);
#9977=PRODUCT_DEFINITION_SHAPE(' ','NAUO PRDDFN',#89);
#9978=PRODUCT_DEFINITION_SHAPE(' ','NAUO PRDDFN',#90);
#9979=PRODUCT_DEFINITION_SHAPE(' ','NAUO PRDDFN',#91);
#9980=PRODUCT_DEFINITION_SHAPE(' ','NAUO PRDDFN',#92);
#9981=PRODUCT_DEFINITION_SHAPE(' ','NAUO PRDDFN',#93);
#9982=PRODUCT_DEFINITION_SHAPE(' ','NAUO PRDDFN',#94);
#9983=PRODUCT_DEFINITION_SHAPE(' ','NAUO PRDDFN',#95);
#9984=PRODUCT_DEFINITION_SHAPE('','',#10020);
#9985=PRODUCT_DEFINITION_SHAPE(' ','NAUO PRDDFN',#96);
#9986=PRODUCT_DEFINITION_SHAPE(' ','NAUO PRDDFN',#97);
#9987=PRODUCT_DEFINITION_SHAPE(' ','NAUO PRDDFN',#98);
#9988=PRODUCT_DEFINITION_SHAPE(' ','NAUO PRDDFN',#99);
#9989=PRODUCT_DEFINITION_SHAPE(' ','NAUO PRDDFN',#100);
#9990=PRODUCT_DEFINITION_SHAPE(' ','NAUO PRDDFN',#101);
#9991=PRODUCT_DEFINITION_SHAPE(' ','NAUO PRDDFN',#102);
#9992=PRODUCT_DEFINITION_SHAPE(' ','NAUO PRDDFN',#103);
#9993=PRODUCT_DEFINITION_SHAPE(' ','NAUO PRDDFN',#104);
#9994=PRODUCT_DEFINITION_SHAPE(' ','NAUO PRDDFN',#105);
#9995=PRODUCT_DEFINITION_SHAPE('','',#10021);
#9996=PRODUCT_DEFINITION_SHAPE(' ','NAUO PRDDFN',#106);
#9997=PRODUCT_DEFINITION_SHAPE(' ','NAUO PRDDFN',#107);
#9998=PRODUCT_DEFINITION_SHAPE('','',#10022);
#9999=PRODUCT_DEFINITION_SHAPE(' ','NAUO PRDDFN',#108);
#10000=PRODUCT_DEFINITION_SHAPE(' ','NAUO PRDDFN',#109);
#10001=PRODUCT_DEFINITION_SHAPE(' ','NAUO PRDDFN',#110);
#10002=PRODUCT_DEFINITION_SHAPE(' ','NAUO PRDDFN',#111);
#10003=PRODUCT_DEFINITION_SHAPE(' ','NAUO PRDDFN',#112);
#10004=PRODUCT_DEFINITION_SHAPE(' ','NAUO PRDDFN',#113);
#10005=PRODUCT_DEFINITION_SHAPE('','',#10023);
#10006=PRODUCT_DEFINITION_SHAPE(' ','NAUO PRDDFN',#114);
#10007=PRODUCT_DEFINITION_SHAPE(' ','NAUO PRDDFN',#115);
#10008=PRODUCT_DEFINITION_SHAPE(' ','NAUO PRDDFN',#116);
#10009=PRODUCT_DEFINITION_SHAPE(' ','NAUO PRDDFN',#117);
#10010=PRODUCT_DEFINITION_SHAPE(' ','NAUO PRDDFN',#118);
#10011=PRODUCT_DEFINITION_SHAPE(' ','NAUO PRDDFN',#119);
#10012=PRODUCT_DEFINITION('','',#10036,#10024);
#10013=PRODUCT_DEFINITION('','',#10037,#10025);
#10014=PRODUCT_DEFINITION('','',#10038,#10026);
#10015=PRODUCT_DEFINITION('','',#10039,#10027);
#10016=PRODUCT_DEFINITION('','',#10040,#10028);
#10017=PRODUCT_DEFINITION('','',#10041,#10029);
#10018=PRODUCT_DEFINITION('','',#10042,#10030);
#10019=PRODUCT_DEFINITION('','',#10043,#10031);
#10020=PRODUCT_DEFINITION('','',#10044,#10032);
#10021=PRODUCT_DEFINITION('','',#10045,#10033);
#10022=PRODUCT_DEFINITION('','',#10046,#10034);
#10023=PRODUCT_DEFINITION('','',#10047,#10035);
#10024=PRODUCT_DEFINITION_CONTEXT('',#10097,'design');
#10025=PRODUCT_DEFINITION_CONTEXT('',#10097,'design');
#10026=PRODUCT_DEFINITION_CONTEXT('',#10097,'design');
#10027=PRODUCT_DEFINITION_CONTEXT('',#10097,'design');
#10028=PRODUCT_DEFINITION_CONTEXT('',#10097,'design');
#10029=PRODUCT_DEFINITION_CONTEXT('',#10097,'design');
#10030=PRODUCT_DEFINITION_CONTEXT('',#10097,'design');
#10031=PRODUCT_DEFINITION_CONTEXT('',#10097,'design');
#10032=PRODUCT_DEFINITION_CONTEXT('',#10097,'design');
#10033=PRODUCT_DEFINITION_CONTEXT('',#10097,'design');
#10034=PRODUCT_DEFINITION_CONTEXT('',#10097,'design');
#10035=PRODUCT_DEFINITION_CONTEXT('',#10097,'design');
#10036=PRODUCT_DEFINITION_FORMATION_WITH_SPECIFIED_SOURCE('','',#10060,
 .NOT_KNOWN.);
#10037=PRODUCT_DEFINITION_FORMATION_WITH_SPECIFIED_SOURCE('','',#10061,
 .NOT_KNOWN.);
#10038=PRODUCT_DEFINITION_FORMATION_WITH_SPECIFIED_SOURCE('','',#10062,
 .NOT_KNOWN.);
#10039=PRODUCT_DEFINITION_FORMATION_WITH_SPECIFIED_SOURCE('','',#10063,
 .NOT_KNOWN.);
#10040=PRODUCT_DEFINITION_FORMATION_WITH_SPECIFIED_SOURCE('','',#10064,
 .NOT_KNOWN.);
#10041=PRODUCT_DEFINITION_FORMATION_WITH_SPECIFIED_SOURCE('','',#10065,
 .NOT_KNOWN.);
#10042=PRODUCT_DEFINITION_FORMATION_WITH_SPECIFIED_SOURCE('','',#10066,
 .NOT_KNOWN.);
#10043=PRODUCT_DEFINITION_FORMATION_WITH_SPECIFIED_SOURCE('','',#10067,
 .NOT_KNOWN.);
#10044=PRODUCT_DEFINITION_FORMATION_WITH_SPECIFIED_SOURCE('','',#10068,
 .NOT_KNOWN.);
#10045=PRODUCT_DEFINITION_FORMATION_WITH_SPECIFIED_SOURCE('','',#10069,
 .NOT_KNOWN.);
#10046=PRODUCT_DEFINITION_FORMATION_WITH_SPECIFIED_SOURCE('','',#10070,
 .NOT_KNOWN.);
#10047=PRODUCT_DEFINITION_FORMATION_WITH_SPECIFIED_SOURCE('','',#10071,
 .NOT_KNOWN.);
#10048=PRODUCT_RELATED_PRODUCT_CATEGORY('','',(#10060));
#10049=PRODUCT_RELATED_PRODUCT_CATEGORY('','',(#10061));
#10050=PRODUCT_RELATED_PRODUCT_CATEGORY('','',(#10062));
#10051=PRODUCT_RELATED_PRODUCT_CATEGORY('','',(#10063));
#10052=PRODUCT_RELATED_PRODUCT_CATEGORY('','',(#10064));
#10053=PRODUCT_RELATED_PRODUCT_CATEGORY('','',(#10065));
#10054=PRODUCT_RELATED_PRODUCT_CATEGORY('','',(#10066));
#10055=PRODUCT_RELATED_PRODUCT_CATEGORY('','',(#10067));
#10056=PRODUCT_RELATED_PRODUCT_CATEGORY('','',(#10068));
#10057=PRODUCT_RELATED_PRODUCT_CATEGORY('','',(#10069));
#10058=PRODUCT_RELATED_PRODUCT_CATEGORY('','',(#10070));
#10059=PRODUCT_RELATED_PRODUCT_CATEGORY('','',(#10071));
#10060=PRODUCT('Hand Assembly','Hand Assembly','Hand Assembly',(#10084));
#10061=PRODUCT('Part 1','Part 1','Part 1',(#10085));
#10062=PRODUCT('Part 1','Part 1','Part 1',(#10086));
#10063=PRODUCT('Part 1','Part 1','Part 1',(#10087));
#10064=PRODUCT('Part 1','Part 1','Part 1',(#10088));
#10065=PRODUCT('Part 2','Part 2','Part 2',(#10089));
#10066=PRODUCT('Part 1','Part 1','Part 1',(#10090));
#10067=PRODUCT('Part 1','Part 1','Part 1',(#10091));
#10068=PRODUCT('Part 1','Part 1','Part 1',(#10092));
#10069=PRODUCT('Part 1','Part 1','Part 1',(#10093));
#10070=PRODUCT('Part 1','Part 1','Part 1',(#10094));
#10071=PRODUCT('Part 1','Part 1','Part 1',(#10095));
#10072=PRODUCT_CATEGORY('','');
#10073=PRODUCT_CATEGORY('','');
#10074=PRODUCT_CATEGORY('','');
#10075=PRODUCT_CATEGORY('','');
#10076=PRODUCT_CATEGORY('','');
#10077=PRODUCT_CATEGORY('','');
#10078=PRODUCT_CATEGORY('','');
#10079=PRODUCT_CATEGORY('','');
#10080=PRODUCT_CATEGORY('','');
#10081=PRODUCT_CATEGORY('','');
#10082=PRODUCT_CATEGORY('','');
#10083=PRODUCT_CATEGORY('','');
#10084=PRODUCT_CONTEXT('',#10097,'mechanical');
#10085=PRODUCT_CONTEXT('',#10097,'mechanical');
#10086=PRODUCT_CONTEXT('',#10097,'mechanical');
#10087=PRODUCT_CONTEXT('',#10097,'mechanical');
#10088=PRODUCT_CONTEXT('',#10097,'mechanical');
#10089=PRODUCT_CONTEXT('',#10097,'mechanical');
#10090=PRODUCT_CONTEXT('',#10097,'mechanical');
#10091=PRODUCT_CONTEXT('',#10097,'mechanical');
#10092=PRODUCT_CONTEXT('',#10097,'mechanical');
#10093=PRODUCT_CONTEXT('',#10097,'mechanical');
#10094=PRODUCT_CONTEXT('',#10097,'mechanical');
#10095=PRODUCT_CONTEXT('',#10097,'mechanical');
#10096=APPLICATION_PROTOCOL_DEFINITION('international standard',
'ap242_managed_model_based_3d_engineering',2020,#10097);
#10097=APPLICATION_CONTEXT('managed model based 3d engineering');
ENDSEC;
END-ISO-10303-21;
